model_name,backbone_id,risk_probability,confidence_tier,label_geo_spread,knownness_score,n_new_countries_future,explanation,alarm_score,meta
BioSpread,UNSEEN::AA811,0.18802829086780548,medium,0,0.639485627412796,0,LOW_RISK,0.0,
BioSpread,UNSEEN::AA270,0.18124358355998993,medium,0,0.6498918533325195,0,LOW_RISK,0.0,
BioSpread,AG392,0.6460066437721252,review,0,0.4725647568702698,0,MODERATE_RISK,0.0,
BioSpread,UNSEEN::AG120,0.18128515779972076,medium,0,0.6497942805290222,0,LOW_RISK,0.0,
BioSpread,UNSEEN::AA418,0.181255042552948,medium,0,0.649880051612854,0,LOW_RISK,0.0,
BioSpread,AG991,0.27160653471946716,review,0,0.5387929081916809,0,LOW_RISK,0.0,
BioSpread,UNSEEN::AB840,0.1815364807844162,medium,0,0.649287074804306,0,LOW_RISK,0.0,
BioSpread,UNSEEN::AF144,0.18132200837135315,medium,0,0.6497385799884796,0,LOW_RISK,0.0,
BioSpread,UNSEEN::AE029,0.18139047920703888,medium,0,0.6496065557003021,0,LOW_RISK,0.0,
BioSpread,UNSEEN::AH273,0.1812416911125183,medium,0,0.6498836874961853,0,LOW_RISK,0.0,
BioSpread,UNSEEN::AD392,0.18124271929264069,medium,0,0.6498819291591644,0,LOW_RISK,0.0,
BioSpread,UNSEEN::AA826,0.18131819367408752,medium,0,0.6497652530670166,0,LOW_RISK,0.0,
BioSpread,AA859,0.7816448211669922,review,1,0.5900618135929108,0,MODERATE_RISK,0.0,
BioSpread,UNSEEN::AC394,0.18124271929264069,medium,0,0.6498819291591644,0,LOW_RISK,0.0,
BioSpread,AG428,0.2332034856081009,review,0,0.5802407562732697,0,LOW_RISK,0.0,
BioSpread,UNSEEN::AA898,0.18124271929264069,medium,0,0.6498819291591644,0,LOW_RISK,0.0,
BioSpread,AC558,0.7456047534942627,review,0,0.5450906753540039,0,MODERATE_RISK,0.0,
BioSpread,AB220,0.6823108792304993,review,0,0.48766547441482544,0,MODERATE_RISK,0.0,
BioSpread,AD688,0.7733178734779358,review,0,0.5774486362934113,0,MODERATE_RISK,0.0,
BioSpread,AB931,0.7028535604476929,review,0,0.49880045652389526,0,MODERATE_RISK,0.0,
BioSpread,UNSEEN::AF494,0.18124237656593323,medium,0,0.6498824954032898,0,LOW_RISK,0.0,
BioSpread,UNSEEN::AG201,0.18138359487056732,medium,0,0.6496188938617706,0,LOW_RISK,0.0,
BioSpread,UNSEEN::AG041,0.18119671940803528,medium,0,0.6499751210212708,0,LOW_RISK,0.0,
BioSpread,AF297,0.19171811640262604,medium,0,0.638568639755249,0,LOW_RISK,0.0,
BioSpread,AC125,0.7786779403686523,review,1,0.5850143432617188,0,MODERATE_RISK,0.0,
BioSpread,UNSEEN::AA105,0.1813935935497284,medium,0,0.6496172249317169,0,LOW_RISK,0.0,
BioSpread,AD768,0.7760570645332336,review,0,0.5809037387371063,0,MODERATE_RISK,0.0,
BioSpread,AD769,0.5205605626106262,review,0,0.43023520708084106,0,MODERATE_RISK,0.0,
BioSpread,UNSEEN::AC514,0.18149399757385254,medium,0,0.6493894755840302,0,LOW_RISK,0.0,
BioSpread,AA950,0.7363411784172058,review,0,0.5325821936130524,0,MODERATE_RISK,0.0,
BioSpread,AA940,0.2821729779243469,review,0,0.5385091304779053,0,LOW_RISK,0.0,
BioSpread,UNSEEN::AB752,0.18123884499073029,medium,0,0.6498933434486389,0,LOW_RISK,0.0,
BioSpread,UNSEEN::AG416,0.18124262988567352,medium,0,0.6498820781707764,0,LOW_RISK,0.0,
BioSpread,UNSEEN::AE670,0.1812453716993332,medium,0,0.6498925685882568,0,LOW_RISK,0.0,
BioSpread,AD581,0.7131556272506714,review,0,0.5134862661361694,0,MODERATE_RISK,0.0,
BioSpread,AE471,0.2674953043460846,review,0,0.5421605706214905,0,LOW_RISK,0.0,
BioSpread,UNSEEN::AF541,0.18190744519233704,medium,0,0.6487533152103424,0,LOW_RISK,0.0,
BioSpread,UNSEEN::AD011,0.18135064840316772,medium,0,0.6497459709644318,0,LOW_RISK,0.0,
BioSpread,AA200,0.7470328211784363,review,0,0.544939249753952,0,MODERATE_RISK,0.0,
BioSpread,AF268,0.743432879447937,review,0,0.5445376038551331,0,MODERATE_RISK,0.0,
BioSpread,AC496,0.16169998049736023,medium,0,0.6838697791099548,0,LOW_RISK,0.0,
BioSpread,AB272,0.7806283235549927,review,1,0.5880310535430908,0,MODERATE_RISK,0.0,
BioSpread,AA378,0.7772858738899231,review,1,0.5840710699558258,0,MODERATE_RISK,0.0,
BioSpread,AC096,0.7334772348403931,review,0,0.5289440751075745,0,MODERATE_RISK,0.0,
BioSpread,UNSEEN::AG522,0.18125441670417786,medium,0,0.649877279996872,0,LOW_RISK,0.0,
BioSpread,AB186,0.7614452242851257,review,1,0.5640663802623749,0,MODERATE_RISK,0.0,
BioSpread,UNSEEN::AB184,0.18138475716114044,medium,0,0.6496042013168335,0,LOW_RISK,0.0,
BioSpread,AC212,0.7795987725257874,review,1,0.5868695974349976,0,MODERATE_RISK,0.0,
BioSpread,AF008,0.20118118822574615,medium,0,0.6213082075119019,0,LOW_RISK,0.0,
BioSpread,AG471,0.7354209423065186,review,0,0.529720813035965,0,MODERATE_RISK,0.0,
BioSpread,UNSEEN::AD464,0.18181462585926056,medium,0,0.648899257183075,0,LOW_RISK,0.0,
BioSpread,AC185,0.710239052772522,review,0,0.5081368982791901,0,MODERATE_RISK,0.0,
BioSpread,UNSEEN::AF624,0.18124312162399292,medium,0,0.6498850286006927,0,LOW_RISK,0.0,
BioSpread,UNSEEN::AC600,0.18124420940876007,medium,0,0.6498869359493256,0,LOW_RISK,0.0,
BioSpread,UNSEEN::AG327,0.18128904700279236,medium,0,0.6497918963432312,0,LOW_RISK,0.0,
BioSpread,UNSEEN::AF880,0.1812015324831009,medium,0,0.6499710381031036,0,LOW_RISK,0.0,
BioSpread,AB981,0.7067927122116089,review,0,0.5104490518569946,0,MODERATE_RISK,0.0,
BioSpread,AG317,0.6853084564208984,review,0,0.48492157459259033,0,MODERATE_RISK,0.0,
BioSpread,AD365,0.730451762676239,review,0,0.5260873138904572,0,MODERATE_RISK,0.0,
BioSpread,AG744,0.5925661325454712,review,0,0.4413437247276306,0,MODERATE_RISK,0.0,
BioSpread,UNSEEN::AB185,0.18128414452075958,medium,0,0.6497961282730103,0,LOW_RISK,0.0,
BioSpread,AD206,0.5889341831207275,review,0,0.4572327136993408,0,MODERATE_RISK,0.0,
BioSpread,UNSEEN::AC233,0.1812416911125183,medium,0,0.6498836874961853,0,LOW_RISK,0.0,
BioSpread,AC060,0.6952440738677979,review,0,0.49254727363586426,0,MODERATE_RISK,0.0,
BioSpread,UNSEEN::AG250,0.18124131858348846,medium,0,0.6498843431472778,0,LOW_RISK,0.0,
BioSpread,UNSEEN::AE628,0.18128490447998047,medium,0,0.649798572063446,0,LOW_RISK,0.0,
BioSpread,UNSEEN::AC923,0.18124271929264069,medium,0,0.6498819291591644,0,LOW_RISK,0.0,
BioSpread,UNSEEN::AF593,0.18139351904392242,medium,0,0.6495946943759918,0,LOW_RISK,0.0,
BioSpread,UNSEEN::AC391,0.18124212324619293,medium,0,0.6498830020427704,0,LOW_RISK,0.0,
BioSpread,UNSEEN::AG758,0.18124271929264069,medium,0,0.6498819291591644,0,LOW_RISK,0.0,
BioSpread,AF744,0.20776192843914032,medium,0,0.6164140999317169,0,LOW_RISK,0.0,
BioSpread,AG331,0.17185938358306885,medium,0,0.6665934324264526,0,LOW_RISK,0.0,
BioSpread,AC913,0.6495963335037231,review,0,0.46828049421310425,0,MODERATE_RISK,0.0,
BioSpread,AG782,0.593598484992981,review,0,0.4417846202850342,0,MODERATE_RISK,0.0,
BioSpread,AF253,0.6596855521202087,review,0,0.48380619287490845,0,MODERATE_RISK,0.0,
BioSpread,UNSEEN::AD856,0.18124271929264069,medium,0,0.6498819291591644,0,LOW_RISK,0.0,
BioSpread,UNSEEN::AB638,0.1814029961824417,medium,0,0.6496440470218658,0,LOW_RISK,0.0,
BioSpread,AA094,0.7754616737365723,review,0,0.5800235867500305,0,MODERATE_RISK,0.0,
BioSpread,AC550,0.690440833568573,review,0,0.493949830532074,0,MODERATE_RISK,0.0,
BioSpread,UNSEEN::AG374,0.18138661980628967,medium,0,0.649604856967926,0,LOW_RISK,0.0,
BioSpread,UNSEEN::AG808,0.1814015954732895,medium,0,0.6495916247367859,0,LOW_RISK,0.0,
BioSpread,UNSEEN::AA023,0.18128493428230286,medium,0,0.6497986018657684,0,LOW_RISK,0.0,
BioSpread,UNSEEN::AB961,0.18145185708999634,medium,0,0.6495186984539032,0,LOW_RISK,0.0,
BioSpread,AH290,0.42679959535598755,review,0,0.45369476079940796,0,LOW_RISK,0.0,
BioSpread,UNSEEN::AE591,0.1812029331922531,medium,0,0.6499724090099335,0,LOW_RISK,0.0,
BioSpread,UNSEEN::AH414,0.18124131858348846,medium,0,0.6498843431472778,0,LOW_RISK,0.0,
BioSpread,UNSEEN::AD656,0.18124312162399292,medium,0,0.6498850286006927,0,LOW_RISK,0.0,
BioSpread,UNSEEN::AE497,0.1813325732946396,medium,0,0.6497096121311188,0,LOW_RISK,0.0,
BioSpread,UNSEEN::AH279,0.18138113617897034,medium,0,0.6496112644672394,0,LOW_RISK,0.0,
BioSpread,UNSEEN::AH449,0.18125006556510925,medium,0,0.6498835980892181,0,LOW_RISK,0.0,
BioSpread,UNSEEN::AA198,0.18120291829109192,medium,0,0.6499686241149902,0,LOW_RISK,0.0,
BioSpread,AA879,0.17790138721466064,medium,0,0.6592538058757782,0,LOW_RISK,0.0,
BioSpread,AE935,0.7748978137969971,review,0,0.5809169709682465,0,MODERATE_RISK,0.0,
BioSpread,UNSEEN::AD192,0.18128453195095062,medium,0,0.649795413017273,0,LOW_RISK,0.0,
BioSpread,AE095,0.7476085424423218,review,0,0.5435996055603027,0,MODERATE_RISK,0.0,
BioSpread,UNSEEN::AB986,0.18129374086856842,medium,0,0.6497888267040253,0,LOW_RISK,0.0,
BioSpread,AE192,0.2125149369239807,medium,0,0.6166082620620728,0,LOW_RISK,0.0,
BioSpread,AA405,0.7820740342140198,review,0,0.5903419852256775,0,MODERATE_RISK,0.0,
BioSpread,UNSEEN::AH005,0.18124131858348846,medium,0,0.6498843431472778,0,LOW_RISK,0.0,
BioSpread,UNSEEN::AB204,0.1812276840209961,medium,0,0.6499690413475037,0,LOW_RISK,0.0,
BioSpread,AA947,0.7719505429267883,review,0,0.5747421681880951,0,MODERATE_RISK,0.0,
BioSpread,UNSEEN::AH489,0.18124236166477203,medium,0,0.6498973965644836,0,LOW_RISK,0.0,
BioSpread,AG276,0.20108474791049957,medium,0,0.6214499473571777,0,LOW_RISK,0.0,
BioSpread,AG458,0.6568317413330078,review,0,0.482710599899292,0,MODERATE_RISK,0.0,
BioSpread,AB152,0.7412714958190918,review,1,0.5421956479549408,0,MODERATE_RISK,0.0,
BioSpread,AA013,0.7758178114891052,review,0,0.5813694298267365,0,MODERATE_RISK,0.0,
BioSpread,AB766,0.7101365923881531,review,0,0.5173589289188385,0,MODERATE_RISK,0.0,
BioSpread,UNSEEN::AG039,0.18124237656593323,medium,0,0.6498824954032898,0,LOW_RISK,0.0,
BioSpread,UNSEEN::AD337,0.18149814009666443,medium,0,0.6494167149066925,0,LOW_RISK,0.0,
BioSpread,UNSEEN::AA691,0.1812376230955124,medium,0,0.6498940587043762,0,LOW_RISK,0.0,
BioSpread,AE340,0.2000371813774109,medium,0,0.6251343786716461,0,LOW_RISK,0.0,
BioSpread,AB680,0.7066039443016052,review,0,0.5020199716091156,0,MODERATE_RISK,0.0,
BioSpread,UNSEEN::AA600,0.18124264478683472,medium,0,0.6498931050300598,0,LOW_RISK,0.0,
BioSpread,AB278,0.775359570980072,review,0,0.579704761505127,0,MODERATE_RISK,0.0,
BioSpread,AE282,0.5205420255661011,review,0,0.43023616075515747,0,MODERATE_RISK,0.0,
BioSpread,UNSEEN::AH239,0.18124237656593323,medium,0,0.6498824954032898,0,LOW_RISK,0.0,
BioSpread,UNSEEN::AC459,0.18124203383922577,medium,0,0.6498830914497375,0,LOW_RISK,0.0,
BioSpread,UNSEEN::AB962,0.18148240447044373,medium,0,0.6494753062725067,0,LOW_RISK,0.0,
BioSpread,UNSEEN::AH434,0.18128445744514465,medium,0,0.6497955322265625,0,LOW_RISK,0.0,
BioSpread,UNSEEN::AH256,0.18120360374450684,medium,0,0.649971216917038,0,LOW_RISK,0.0,
BioSpread,UNSEEN::AH232,0.18124271929264069,medium,0,0.6498819291591644,0,LOW_RISK,0.0,
BioSpread,UNSEEN::AF663,0.18124118447303772,medium,0,0.6498885750770569,0,LOW_RISK,0.0,
BioSpread,UNSEEN::AA108,0.1814478486776352,medium,0,0.649502158164978,0,LOW_RISK,0.0,
BioSpread,UNSEEN::AG455,0.1812424212694168,medium,0,0.6498862504959106,0,LOW_RISK,0.0,
BioSpread,AC257,0.7046871185302734,review,0,0.5002619922161102,0,MODERATE_RISK,0.0,
BioSpread,AC451,0.7046202421188354,review,0,0.5002196133136749,0,MODERATE_RISK,0.0,
BioSpread,UNSEEN::AE659,0.18123981356620789,medium,0,0.6498979032039642,0,LOW_RISK,0.0,
BioSpread,UNSEEN::AG301,0.18124271929264069,medium,0,0.6498819291591644,0,LOW_RISK,0.0,
BioSpread,UNSEEN::AH275,0.18120257556438446,medium,0,0.649969220161438,0,LOW_RISK,0.0,
BioSpread,UNSEEN::AA861,0.18553468585014343,medium,0,0.642793595790863,0,LOW_RISK,0.0,
BioSpread,UNSEEN::AH247,0.18124203383922577,medium,0,0.6498830914497375,0,LOW_RISK,0.0,
BioSpread,UNSEEN::AH189,0.18124237656593323,medium,0,0.6498824954032898,0,LOW_RISK,0.0,
BioSpread,UNSEEN::AG797,0.18124203383922577,medium,0,0.6498830914497375,0,LOW_RISK,0.0,
BioSpread,UNSEEN::AB922,0.18145592510700226,medium,0,0.6495375633239746,0,LOW_RISK,0.0,
BioSpread,UNSEEN::AA813,0.181281179189682,medium,0,0.6498138606548309,0,LOW_RISK,0.0,
BioSpread,UNSEEN::AD310,0.18126821517944336,medium,0,0.6498517096042633,0,LOW_RISK,0.0,
BioSpread,AF152,0.7409445643424988,review,0,0.5410671234130859,0,MODERATE_RISK,0.0,
BioSpread,AA230,0.666750967502594,review,0,0.4725268483161926,0,MODERATE_RISK,0.0,
BioSpread,UNSEEN::AG006,0.18124237656593323,medium,0,0.6498824954032898,0,LOW_RISK,0.0,
BioSpread,AD158,0.7652435302734375,review,1,0.5667096376419067,0,MODERATE_RISK,0.0,
BioSpread,AF546,0.1640760451555252,medium,0,0.678964227437973,0,LOW_RISK,0.0,
BioSpread,AB804,0.7760367393493652,review,0,0.5827339291572571,0,MODERATE_RISK,0.0,
BioSpread,UNSEEN::AF235,0.18148314952850342,medium,0,0.6494019627571106,0,LOW_RISK,0.0,
BioSpread,AH311,0.17792059481143951,medium,0,0.6592236757278442,0,LOW_RISK,0.0,
BioSpread,UNSEEN::AF962,0.1812913566827774,medium,0,0.6497904062271118,0,LOW_RISK,0.0,
BioSpread,UNSEEN::AC652,0.18124206364154816,medium,0,0.6498868465423584,0,LOW_RISK,0.0,
BioSpread,UNSEEN::AB712,0.18155501782894135,medium,0,0.6493284702301025,0,LOW_RISK,0.0,
BioSpread,UNSEEN::AF820,0.18124203383922577,medium,0,0.6498830914497375,0,LOW_RISK,0.0,
BioSpread,UNSEEN::AC862,0.18129326403141022,medium,0,0.6497969627380371,0,LOW_RISK,0.0,
BioSpread,UNSEEN::AA804,0.18123917281627655,medium,0,0.6498927772045135,0,LOW_RISK,0.0,
BioSpread,UNSEEN::AF945,0.18124225735664368,medium,0,0.6498827338218689,0,LOW_RISK,0.0,
BioSpread,AC035,0.5400744676589966,review,0,0.44601404666900635,0,MODERATE_RISK,0.0,
BioSpread,AA752,0.7712448239326477,review,1,0.5759526193141937,0,MODERATE_RISK,0.0,
BioSpread,UNSEEN::AE308,0.18124203383922577,medium,0,0.6498830914497375,0,LOW_RISK,0.0,
BioSpread,AA021,0.7788774371147156,review,0,0.5856251120567322,0,MODERATE_RISK,0.0,
BioSpread,AG826,0.20111367106437683,medium,0,0.6214074194431305,0,LOW_RISK,0.0,
BioSpread,UNSEEN::AE327,0.18128834664821625,medium,0,0.6497930884361267,0,LOW_RISK,0.0,
BioSpread,UNSEEN::AF886,0.1812416911125183,medium,0,0.6498836874961853,0,LOW_RISK,0.0,
BioSpread,AG490,0.20120051503181458,medium,0,0.6212798357009888,0,LOW_RISK,0.0,
BioSpread,AB891,0.7545902132987976,review,0,0.5542136430740356,0,MODERATE_RISK,0.0,
BioSpread,AC187,0.724786102771759,review,0,0.5228489339351654,0,MODERATE_RISK,0.0,
BioSpread,UNSEEN::AE435,0.18124212324619293,medium,0,0.6498869359493256,0,LOW_RISK,0.0,
BioSpread,UNSEEN::AD996,0.1815400868654251,medium,0,0.6493176817893982,0,LOW_RISK,0.0,
BioSpread,AH021,0.2011522501707077,medium,0,0.6213507354259491,0,LOW_RISK,0.0,
BioSpread,UNSEEN::AE758,0.18124277889728546,medium,0,0.6498856246471405,0,LOW_RISK,0.0,
BioSpread,AD359,0.647396981716156,review,0,0.46013742685317993,0,MODERATE_RISK,0.0,
BioSpread,AA346,0.776587963104248,review,1,0.5816067457199097,0,MODERATE_RISK,0.0,
BioSpread,UNSEEN::AD855,0.18120187520980835,medium,0,0.6499704420566559,0,LOW_RISK,0.0,
BioSpread,UNSEEN::AB876,0.18134446442127228,medium,0,0.6497063934803009,0,LOW_RISK,0.0,
BioSpread,UNSEEN::AB935,0.1812862902879715,medium,0,0.649796187877655,0,LOW_RISK,0.0,
BioSpread,AD572,0.745172381401062,review,1,0.5463880896568298,0,MODERATE_RISK,0.0,
BioSpread,UNSEEN::AH144,0.1812416911125183,medium,0,0.6498836874961853,0,LOW_RISK,0.0,
BioSpread,UNSEEN::AA858,0.1813693344593048,medium,0,0.6496576964855194,0,LOW_RISK,0.0,
BioSpread,AE813,0.777248203754425,review,0,0.5840118527412415,0,MODERATE_RISK,0.0,
BioSpread,UNSEEN::AD077,0.1813301146030426,medium,0,0.6497211456298828,0,LOW_RISK,0.0,
BioSpread,AE519,0.23931746184825897,review,0,0.5728398859500885,0,LOW_RISK,0.0,
BioSpread,AB564,0.5895739793777466,review,0,0.43296539783477783,0,MODERATE_RISK,0.0,
BioSpread,UNSEEN::AC754,0.18133221566677094,medium,0,0.6497101783752441,0,LOW_RISK,0.0,
BioSpread,AD702,0.7766085863113403,review,0,0.5822374820709229,0,MODERATE_RISK,0.0,
BioSpread,AE381,0.6316659450531006,review,1,0.47107189893722534,0,MODERATE_RISK,0.0,
BioSpread,UNSEEN::AG307,0.18128515779972076,medium,0,0.6497942805290222,0,LOW_RISK,0.0,
BioSpread,UNSEEN::AF116,0.1812424212694168,medium,0,0.6498862504959106,0,LOW_RISK,0.0,
BioSpread,UNSEEN::AB488,0.18128550052642822,medium,0,0.6497937142848969,0,LOW_RISK,0.0,
BioSpread,UNSEEN::AB310,0.18144209682941437,medium,0,0.6495167016983032,0,LOW_RISK,0.0,
BioSpread,AH121,0.7155678868293762,review,0,0.5186803042888641,0,MODERATE_RISK,0.0,
BioSpread,AF255,0.5734071135520935,review,0,0.4494584798812866,0,MODERATE_RISK,0.0,
BioSpread,AH072,0.6554005146026611,review,0,0.4734855890274048,0,MODERATE_RISK,0.0,
BioSpread,UNSEEN::AE724,0.18132996559143066,medium,0,0.6497024893760681,0,LOW_RISK,0.0,
BioSpread,AD453,0.7733488082885742,review,0,0.5770456790924072,0,MODERATE_RISK,0.0,
BioSpread,UNSEEN::AC093,0.18172156810760498,medium,0,0.6491406857967377,0,LOW_RISK,0.0,
BioSpread,UNSEEN::AH250,0.1812416911125183,medium,0,0.6498836874961853,0,LOW_RISK,0.0,
BioSpread,AE536,0.7705373764038086,review,0,0.5734677612781525,0,MODERATE_RISK,0.0,
BioSpread,UNSEEN::AF613,0.18120929598808289,medium,0,0.6499722301959991,0,LOW_RISK,0.0,
BioSpread,UNSEEN::AC161,0.18128086626529694,medium,0,0.6498144268989563,0,LOW_RISK,0.0,
BioSpread,AB559,0.7775528430938721,review,1,0.5837960839271545,0,MODERATE_RISK,0.0,
BioSpread,AF956,0.5187658071517944,review,0,0.4239614009857178,0,MODERATE_RISK,0.0,
BioSpread,UNSEEN::AE809,0.18174563348293304,medium,0,0.6489531993865967,0,LOW_RISK,0.0,
BioSpread,UNSEEN::AH508,0.18124237656593323,medium,0,0.6498824954032898,0,LOW_RISK,0.0,
BioSpread,UNSEEN::AC526,0.1812416911125183,medium,0,0.6498836874961853,0,LOW_RISK,0.0,
BioSpread,UNSEEN::AD753,0.1812416911125183,medium,0,0.6498836874961853,0,LOW_RISK,0.0,
BioSpread,AB820,0.7726515531539917,review,0,0.5753989815711975,0,MODERATE_RISK,0.0,
BioSpread,UNSEEN::AG030,0.18124312162399292,medium,0,0.6498850286006927,0,LOW_RISK,0.0,
BioSpread,UNSEEN::AC995,0.1813007891178131,medium,0,0.6497893631458282,0,LOW_RISK,0.0,
BioSpread,AE827,0.2482742965221405,review,0,0.5619770586490631,0,LOW_RISK,0.0,
BioSpread,AG454,0.6995095610618591,review,0,0.4959718585014343,0,MODERATE_RISK,0.0,
BioSpread,UNSEEN::AF113,0.18134017288684845,medium,0,0.6497094333171844,0,LOW_RISK,0.0,
BioSpread,UNSEEN::AC135,0.18124262988567352,medium,0,0.6498820781707764,0,LOW_RISK,0.0,
BioSpread,AC537,0.7410629987716675,review,0,0.5383277833461761,0,MODERATE_RISK,0.0,
BioSpread,AA942,0.7543311715126038,review,0,0.5547080636024475,0,MODERATE_RISK,0.0,
BioSpread,AD223,0.713208019733429,review,0,0.5206805467605591,0,MODERATE_RISK,0.0,
BioSpread,UNSEEN::AA916,0.18129515647888184,medium,0,0.6498588919639587,0,LOW_RISK,0.0,
BioSpread,UNSEEN::AE608,0.18154312670230865,medium,0,0.6493129134178162,0,LOW_RISK,0.0,
BioSpread,UNSEEN::AF159,0.18134595453739166,medium,0,0.649706244468689,0,LOW_RISK,0.0,
BioSpread,UNSEEN::AF689,0.181224063038826,medium,0,0.6499072313308716,0,LOW_RISK,0.0,
BioSpread,UNSEEN::AA986,0.18124225735664368,medium,0,0.6498827338218689,0,LOW_RISK,0.0,
BioSpread,UNSEEN::AF343,0.1812860518693924,medium,0,0.6498004198074341,0,LOW_RISK,0.0,
BioSpread,UNSEEN::AB394,0.18128162622451782,medium,0,0.6498051881790161,0,LOW_RISK,0.0,
BioSpread,AA324,0.7804895639419556,review,1,0.5878772437572479,0,MODERATE_RISK,0.0,
BioSpread,AD183,0.23995155096054077,review,0,0.5718053877353668,0,LOW_RISK,0.0,
BioSpread,UNSEEN::AF860,0.18129374086856842,medium,0,0.6497888267040253,0,LOW_RISK,0.0,
BioSpread,AB858,0.6175106167793274,review,0,0.4500861167907715,0,MODERATE_RISK,0.0,
BioSpread,AD040,0.6692248582839966,review,0,0.47367823123931885,0,MODERATE_RISK,0.0,
BioSpread,UNSEEN::AF724,0.18124228715896606,medium,0,0.6498903334140778,0,LOW_RISK,0.0,
BioSpread,UNSEEN::AC466,0.18124312162399292,medium,0,0.6498850286006927,0,LOW_RISK,0.0,
BioSpread,AE707,0.6770230531692505,review,0,0.4840465784072876,0,MODERATE_RISK,0.0,
BioSpread,AE144,0.17789499461650848,medium,0,0.6592638492584229,0,LOW_RISK,0.0,
BioSpread,AA323,0.7827616333961487,review,1,0.5917023718357086,0,MODERATE_RISK,0.0,
BioSpread,UNSEEN::AD770,0.18133312463760376,medium,0,0.6497125327587128,0,LOW_RISK,0.0,
BioSpread,AD071,0.2012391835451126,medium,0,0.621222972869873,0,LOW_RISK,0.0,
BioSpread,UNSEEN::AB831,0.18133030831813812,medium,0,0.6497058272361755,0,LOW_RISK,0.0,
BioSpread,AE922,0.7654674649238586,review,0,0.5643528997898102,0,MODERATE_RISK,0.0,
BioSpread,UNSEEN::AC206,0.18154573440551758,medium,0,0.6493280231952667,0,LOW_RISK,0.0,
BioSpread,UNSEEN::AG979,0.18124237656593323,medium,0,0.6498824954032898,0,LOW_RISK,0.0,
BioSpread,UNSEEN::AA354,0.1812431961297989,medium,0,0.6499561965465546,0,LOW_RISK,0.0,
BioSpread,UNSEEN::AC552,0.18120257556438446,medium,0,0.649969220161438,0,LOW_RISK,0.0,
BioSpread,UNSEEN::AF119,0.18124271929264069,medium,0,0.6498819291591644,0,LOW_RISK,0.0,
BioSpread,UNSEEN::AA468,0.18124160170555115,medium,0,0.6498949229717255,0,LOW_RISK,0.0,
BioSpread,UNSEEN::AB340,0.18162183463573456,medium,0,0.6492011845111847,0,LOW_RISK,0.0,
BioSpread,AC717,0.5198551416397095,review,0,0.42294859886169434,0,MODERATE_RISK,0.0,
BioSpread,AD204,0.7356330752372742,review,0,0.5309655368328094,0,MODERATE_RISK,0.0,
BioSpread,UNSEEN::AA391,0.1813308298587799,medium,0,0.6497048735618591,0,LOW_RISK,0.0,
BioSpread,UNSEEN::AH507,0.18124237656593323,medium,0,0.6498824954032898,0,LOW_RISK,0.0,
BioSpread,UNSEEN::AD176,0.18124271929264069,medium,0,0.6498819291591644,0,LOW_RISK,0.0,
BioSpread,UNSEEN::AF338,0.18124237656593323,medium,0,0.6498824954032898,0,LOW_RISK,0.0,
BioSpread,UNSEEN::AE255,0.18124502897262573,medium,0,0.6498931646347046,0,LOW_RISK,0.0,
BioSpread,AB364,0.5808406472206116,review,0,0.43825918436050415,0,MODERATE_RISK,0.0,
BioSpread,AD067,0.7737443447113037,review,0,0.5785230398178101,0,MODERATE_RISK,0.0,
BioSpread,UNSEEN::AB627,0.1812022179365158,medium,0,0.649973601102829,0,LOW_RISK,0.0,
BioSpread,UNSEEN::AB166,0.18128526210784912,medium,0,0.6497979462146759,0,LOW_RISK,0.0,
BioSpread,UNSEEN::AG129,0.18128637969493866,medium,0,0.6497998237609863,0,LOW_RISK,0.0,
BioSpread,UNSEEN::AB301,0.18124271929264069,medium,0,0.6498819291591644,0,LOW_RISK,0.0,
BioSpread,UNSEEN::AE662,0.18124650418758392,medium,0,0.6498944163322449,0,LOW_RISK,0.0,
BioSpread,UNSEEN::AC764,0.18124237656593323,medium,0,0.6498824954032898,0,LOW_RISK,0.0,
BioSpread,AB877,0.17790138721466064,medium,0,0.6592538058757782,0,LOW_RISK,0.0,
BioSpread,UNSEEN::AE089,0.18128791451454163,medium,0,0.6498010158538818,0,LOW_RISK,0.0,
BioSpread,AD829,0.6605187058448792,review,0,0.4670093059539795,0,MODERATE_RISK,0.0,
BioSpread,AB709,0.7470563054084778,review,1,0.5459875166416168,0,MODERATE_RISK,0.0,
BioSpread,AD013,0.6871538162231445,review,0,0.48623716831207275,0,MODERATE_RISK,0.0,
BioSpread,AC797,0.5757777094841003,review,0,0.437819242477417,0,MODERATE_RISK,0.0,
BioSpread,AG528,0.18669654428958893,medium,0,0.6459342241287231,0,LOW_RISK,0.0,
BioSpread,AB011,0.2585127651691437,review,0,0.5512652099132538,0,LOW_RISK,0.0,
BioSpread,UNSEEN::AB345,0.18124203383922577,medium,0,0.6498830914497375,0,LOW_RISK,0.0,
BioSpread,UNSEEN::AD220,0.18119938671588898,medium,0,0.649979442358017,0,LOW_RISK,0.0,
BioSpread,UNSEEN::AC026,0.18227271735668182,medium,0,0.6481859982013702,0,LOW_RISK,0.0,
BioSpread,UNSEEN::AE510,0.18125401437282562,medium,0,0.6498852372169495,0,LOW_RISK,0.0,
BioSpread,UNSEEN::AH444,0.18132978677749634,medium,0,0.6497028768062592,0,LOW_RISK,0.0,
BioSpread,UNSEEN::AG489,0.18124131858348846,medium,0,0.6498843431472778,0,LOW_RISK,0.0,
BioSpread,UNSEEN::AA978,0.18128210306167603,medium,0,0.6498506367206573,0,LOW_RISK,0.0,
BioSpread,UNSEEN::AC505,0.1813308298587799,medium,0,0.6497048735618591,0,LOW_RISK,0.0,
BioSpread,AB869,0.7213266491889954,review,0,0.5193957388401031,0,MODERATE_RISK,0.0,
BioSpread,UNSEEN::AB191,0.1861240416765213,medium,0,0.6414335370063782,0,LOW_RISK,0.0,
BioSpread,AA577,0.755859375,review,0,0.5555715262889862,0,MODERATE_RISK,0.0,
BioSpread,UNSEEN::AD784,0.18124203383922577,medium,0,0.6498830914497375,0,LOW_RISK,0.0,
BioSpread,UNSEEN::AD552,0.18123723566532135,medium,0,0.6498909592628479,0,LOW_RISK,0.0,
BioSpread,UNSEEN::AG154,0.18133187294006348,medium,0,0.6497107744216919,0,LOW_RISK,0.0,
BioSpread,AF537,0.7758470177650452,review,0,0.5815784931182861,0,MODERATE_RISK,0.0,
BioSpread,AE605,0.6101963520050049,review,0,0.456110417842865,0,MODERATE_RISK,0.0,
BioSpread,AD760,0.5901103615760803,review,0,0.43436044454574585,0,MODERATE_RISK,0.0,
BioSpread,UNSEEN::AF926,0.18124502897262573,medium,0,0.6498931646347046,0,LOW_RISK,0.0,
BioSpread,UNSEEN::AD813,0.18128500878810883,medium,0,0.6497945785522461,0,LOW_RISK,0.0,
BioSpread,AB481,0.7174908518791199,review,0,0.5145827531814575,0,MODERATE_RISK,0.0,
BioSpread,AA329,0.7747711539268494,review,0,0.5783067047595978,0,MODERATE_RISK,0.0,
BioSpread,AC607,0.5808951258659363,review,0,0.4382719397544861,0,MODERATE_RISK,0.0,
BioSpread,AC693,0.7589356303215027,review,0,0.562082976102829,0,MODERATE_RISK,0.0,
BioSpread,AC397,0.7096993327140808,review,0,0.503652811050415,0,MODERATE_RISK,0.0,
BioSpread,AC099,0.735187828540802,review,0,0.532709926366806,0,MODERATE_RISK,0.0,
BioSpread,UNSEEN::AD208,0.18137983977794647,medium,0,0.6496096253395081,0,LOW_RISK,0.0,
BioSpread,AB663,0.5526265501976013,review,0,0.4452512860298157,0,MODERATE_RISK,0.0,
BioSpread,UNSEEN::AD274,0.1812424212694168,medium,0,0.6498862504959106,0,LOW_RISK,0.0,
BioSpread,AA678,0.23445022106170654,review,0,0.5785923004150391,0,LOW_RISK,0.0,
BioSpread,UNSEEN::AF531,0.18124385178089142,medium,0,0.6498875617980957,0,LOW_RISK,0.0,
BioSpread,UNSEEN::AA347,0.18128356337547302,medium,0,0.6498083770275116,0,LOW_RISK,0.0,
BioSpread,UNSEEN::AA273,0.18128490447998047,medium,0,0.649798572063446,0,LOW_RISK,0.0,
BioSpread,UNSEEN::AD121,0.18149016797542572,medium,0,0.6494128406047821,0,LOW_RISK,0.0,
BioSpread,UNSEEN::AC722,0.1812964528799057,medium,0,0.6497866809368134,0,LOW_RISK,0.0,
BioSpread,UNSEEN::AB182,0.18161797523498535,medium,0,0.649225503206253,0,LOW_RISK,0.0,
BioSpread,AC374,0.7073527574539185,review,0,0.5027349293231964,0,MODERATE_RISK,0.0,
BioSpread,UNSEEN::AE279,0.18124237656593323,medium,0,0.6498824954032898,0,LOW_RISK,0.0,
BioSpread,UNSEEN::AA561,0.18124203383922577,medium,0,0.6498830914497375,0,LOW_RISK,0.0,
BioSpread,AC647,0.7234542965888977,review,0,0.5257690846920013,0,MODERATE_RISK,0.0,
BioSpread,UNSEEN::AG603,0.18120187520980835,medium,0,0.6499704420566559,0,LOW_RISK,0.0,
BioSpread,UNSEEN::AF243,0.18123649060726166,medium,0,0.649888426065445,0,LOW_RISK,0.0,
BioSpread,UNSEEN::AB044,0.18190884590148926,medium,0,0.6487336456775665,0,LOW_RISK,0.0,
BioSpread,AA282,0.7776409983634949,review,1,0.5825521051883698,0,MODERATE_RISK,0.0,
BioSpread,UNSEEN::AB298,0.18124312162399292,medium,0,0.6498850286006927,0,LOW_RISK,0.0,
BioSpread,AF634,0.5808006525039673,review,0,0.43825286626815796,0,MODERATE_RISK,0.0,
BioSpread,UNSEEN::AC842,0.18124470114707947,medium,0,0.64989373087883,0,LOW_RISK,0.0,
BioSpread,UNSEEN::AD423,0.1812865138053894,medium,0,0.6498034596443176,0,LOW_RISK,0.0,
BioSpread,AE951,0.5204493403434753,review,0,0.43024104833602905,0,MODERATE_RISK,0.0,
BioSpread,UNSEEN::AG843,0.18124203383922577,medium,0,0.6498830914497375,0,LOW_RISK,0.0,
BioSpread,UNSEEN::AA081,0.18138721585273743,medium,0,0.6496065557003021,0,LOW_RISK,0.0,
BioSpread,UNSEEN::AG074,0.1812015324831009,medium,0,0.6499710381031036,0,LOW_RISK,0.0,
BioSpread,UNSEEN::AB615,0.1818072497844696,medium,0,0.6489705741405487,0,LOW_RISK,0.0,
BioSpread,AD962,0.7398105263710022,review,0,0.536672055721283,0,MODERATE_RISK,0.0,
BioSpread,AC756,0.746345043182373,review,0,0.5407588481903076,0,MODERATE_RISK,0.0,
BioSpread,AB438,0.7759879231452942,review,0,0.5812346041202545,0,MODERATE_RISK,0.0,
BioSpread,AE068,0.7261223793029785,review,0,0.528725802898407,0,MODERATE_RISK,0.0,
BioSpread,UNSEEN::AA066,0.18128477036952972,medium,0,0.6497949361801147,0,LOW_RISK,0.0,
BioSpread,AB741,0.7635909914970398,review,1,0.563582569360733,0,MODERATE_RISK,0.0,
BioSpread,AB721,0.7548587918281555,review,1,0.555116206407547,0,MODERATE_RISK,0.0,
BioSpread,UNSEEN::AF942,0.18124344944953918,medium,0,0.6498844623565674,0,LOW_RISK,0.0,
BioSpread,UNSEEN::AB380,0.18134194612503052,medium,0,0.6496937870979309,0,LOW_RISK,0.0,
BioSpread,AC940,0.7720412611961365,review,0,0.5749953985214233,0,MODERATE_RISK,0.0,
BioSpread,AA967,0.723479688167572,review,0,0.5267269313335419,0,MODERATE_RISK,0.0,
BioSpread,UNSEEN::AA540,0.18124131858348846,medium,0,0.6498843431472778,0,LOW_RISK,0.0,
BioSpread,UNSEEN::AG506,0.18124271929264069,medium,0,0.6498819291591644,0,LOW_RISK,0.0,
BioSpread,AB664,0.5068581104278564,review,0,0.4449636936187744,0,MODERATE_RISK,0.0,
BioSpread,UNSEEN::AB782,0.18128196895122528,medium,0,0.6498322486877441,0,LOW_RISK,0.0,
BioSpread,AF848,0.6875805258750916,review,0,0.4965495467185974,0,MODERATE_RISK,0.0,
BioSpread,AA531,0.7763360142707825,review,1,0.5819419622421265,0,MODERATE_RISK,0.0,
BioSpread,UNSEEN::AD262,0.18128177523612976,medium,0,0.6498087644577026,0,LOW_RISK,0.0,
BioSpread,UNSEEN::AF178,0.18130142986774445,medium,0,0.6497921347618103,0,LOW_RISK,0.0,
BioSpread,AF121,0.5895739793777466,review,0,0.43296539783477783,0,MODERATE_RISK,0.0,
BioSpread,AC844,0.7512835264205933,review,0,0.5518633127212524,0,MODERATE_RISK,0.0,
BioSpread,UNSEEN::AE074,0.1812416911125183,medium,0,0.6498836874961853,0,LOW_RISK,0.0,
BioSpread,UNSEEN::AD174,0.18124131858348846,medium,0,0.6498843431472778,0,LOW_RISK,0.0,
BioSpread,AC350,0.7364557981491089,review,0,0.534203827381134,0,MODERATE_RISK,0.0,
BioSpread,AG810,0.27166375517845154,review,0,0.538735032081604,0,LOW_RISK,0.0,
BioSpread,UNSEEN::AF221,0.18124237656593323,medium,0,0.6498824954032898,0,LOW_RISK,0.0,
BioSpread,AC907,0.7662897706031799,review,0,0.5665471255779266,0,MODERATE_RISK,0.0,
BioSpread,AB432,0.24830767512321472,review,0,0.5619385838508606,0,LOW_RISK,0.0,
BioSpread,UNSEEN::AG156,0.18128550052642822,medium,0,0.6497937142848969,0,LOW_RISK,0.0,
BioSpread,UNSEEN::AC234,0.1812416911125183,medium,0,0.6498836874961853,0,LOW_RISK,0.0,
BioSpread,AD105,0.4540216326713562,review,0,0.43958085775375366,0,LOW_RISK,0.0,
BioSpread,UNSEEN::AG294,0.18124271929264069,medium,0,0.6498857736587524,0,LOW_RISK,0.0,
BioSpread,UNSEEN::AE506,0.18125401437282562,medium,0,0.6498852372169495,0,LOW_RISK,0.0,
BioSpread,UNSEEN::AG597,0.18120187520980835,medium,0,0.6499704420566559,0,LOW_RISK,0.0,
BioSpread,UNSEEN::AD606,0.1812416911125183,medium,0,0.6498836874961853,0,LOW_RISK,0.0,
BioSpread,AC775,0.7750223278999329,review,0,0.5793440639972687,0,MODERATE_RISK,0.0,
BioSpread,AF005,0.6746813058853149,review,0,0.47801029682159424,0,MODERATE_RISK,0.0,
BioSpread,UNSEEN::AF446,0.1812022477388382,medium,0,0.6499698162078857,0,LOW_RISK,0.0,
BioSpread,UNSEEN::AF774,0.18124212324619293,medium,0,0.6498830020427704,0,LOW_RISK,0.0,
BioSpread,UNSEEN::AG971,0.1812416911125183,medium,0,0.6498836874961853,0,LOW_RISK,0.0,
BioSpread,UNSEEN::AG038,0.18123917281627655,medium,0,0.6498927772045135,0,LOW_RISK,0.0,
BioSpread,AB992,0.6476874947547913,review,0,0.4603425860404968,0,MODERATE_RISK,0.0,
BioSpread,AB850,0.644763171672821,review,0,0.47328072786331177,0,MODERATE_RISK,0.0,
BioSpread,AA089,0.7711179852485657,review,0,0.5739252269268036,0,MODERATE_RISK,0.0,
BioSpread,AC694,0.6755409836769104,review,1,0.491665244102478,0,MODERATE_RISK,0.0,
BioSpread,AC664,0.7076618671417236,review,0,0.5075273215770721,0,MODERATE_RISK,0.0,
BioSpread,UNSEEN::AE799,0.1813799887895584,medium,0,0.6496132612228394,0,LOW_RISK,0.0,
BioSpread,AE025,0.7163251638412476,review,0,0.5149416923522949,0,MODERATE_RISK,0.0,
BioSpread,AE159,0.6269509196281433,review,0,0.4479846954345703,0,MODERATE_RISK,0.0,
BioSpread,AC014,0.725462794303894,review,0,0.5212299823760986,0,MODERATE_RISK,0.0,
BioSpread,AE640,0.7100305557250977,review,0,0.5049382150173187,0,MODERATE_RISK,0.0,
BioSpread,UNSEEN::AC225,0.1812361627817154,medium,0,0.6498889923095703,0,LOW_RISK,0.0,
BioSpread,AA703,0.6831988096237183,review,0,0.48399221897125244,0,MODERATE_RISK,0.0,
BioSpread,AG272,0.7506584525108337,review,0,0.548443466424942,0,MODERATE_RISK,0.0,
BioSpread,UNSEEN::AC194,0.18129052221775055,medium,0,0.6497931778430939,0,LOW_RISK,0.0,
BioSpread,UNSEEN::AE964,0.18124206364154816,medium,0,0.6498868465423584,0,LOW_RISK,0.0,
BioSpread,UNSEEN::AB848,0.18124271929264069,medium,0,0.6498819291591644,0,LOW_RISK,0.0,
BioSpread,AH401,0.20119087398052216,medium,0,0.6212939918041229,0,LOW_RISK,0.0,
BioSpread,UNSEEN::AC288,0.18136872351169586,medium,0,0.6496498584747314,0,LOW_RISK,0.0,
BioSpread,AH458,0.5937645435333252,review,0,0.45180660486221313,0,MODERATE_RISK,0.0,
BioSpread,AG862,0.5206531882286072,review,0,0.43023037910461426,0,MODERATE_RISK,0.0,
BioSpread,UNSEEN::AF112,0.18128637969493866,medium,0,0.6497998237609863,0,LOW_RISK,0.0,
BioSpread,AF332,0.5205605626106262,review,0,0.43023520708084106,0,MODERATE_RISK,0.0,
BioSpread,AC375,0.5502394437789917,review,0,0.4440160393714905,0,MODERATE_RISK,0.0,
BioSpread,UNSEEN::AF627,0.18124271929264069,medium,0,0.6498819291591644,0,LOW_RISK,0.0,
BioSpread,AB696,0.28877654671669006,review,0,0.5209500193595886,0,LOW_RISK,0.0,
BioSpread,AE989,0.687244176864624,review,0,0.48581957817077637,0,MODERATE_RISK,0.0,
BioSpread,UNSEEN::AC561,0.1813822239637375,medium,0,0.6496020555496216,0,LOW_RISK,0.0,
BioSpread,AC888,0.7726466059684753,review,1,0.5759203433990479,0,MODERATE_RISK,0.0,
BioSpread,UNSEEN::AG984,0.18124203383922577,medium,0,0.6498830914497375,0,LOW_RISK,0.0,
BioSpread,UNSEEN::AF071,0.1812416911125183,medium,0,0.6498836874961853,0,LOW_RISK,0.0,
BioSpread,UNSEEN::AD327,0.1812416911125183,medium,0,0.6498836874961853,0,LOW_RISK,0.0,
BioSpread,UNSEEN::AE634,0.18128477036952972,medium,0,0.6497949361801147,0,LOW_RISK,0.0,
BioSpread,UNSEEN::AD146,0.1812368482351303,medium,0,0.6498878300189972,0,LOW_RISK,0.0,
BioSpread,AD957,0.7012417316436768,review,0,0.505488395690918,0,MODERATE_RISK,0.0,
BioSpread,UNSEEN::AF788,0.18144826591014862,medium,0,0.6495732367038727,0,LOW_RISK,0.0,
BioSpread,UNSEEN::AD961,0.18138571083545685,medium,0,0.6496064066886902,0,LOW_RISK,0.0,
BioSpread,UNSEEN::AC419,0.18129724264144897,medium,0,0.6497891247272491,0,LOW_RISK,0.0,
BioSpread,UNSEEN::AA120,0.1815357357263565,medium,0,0.6493905186653137,0,LOW_RISK,0.0,
BioSpread,AF360,0.20121018588542938,medium,0,0.6212655901908875,0,LOW_RISK,0.0,
BioSpread,UNSEEN::AA692,0.1812964528799057,medium,0,0.6497866809368134,0,LOW_RISK,0.0,
BioSpread,UNSEEN::AC400,0.18120929598808289,medium,0,0.6499722301959991,0,LOW_RISK,0.0,
BioSpread,UNSEEN::AD112,0.1813284158706665,medium,0,0.6497177481651306,0,LOW_RISK,0.0,
BioSpread,UNSEEN::AA444,0.18128785490989685,medium,0,0.6498012542724609,0,LOW_RISK,0.0,
BioSpread,AA964,0.7774820923805237,review,1,0.5830660462379456,0,MODERATE_RISK,0.0,
BioSpread,UNSEEN::AF707,0.18129999935626984,medium,0,0.6497869193553925,0,LOW_RISK,0.0,
BioSpread,AA099,0.6255285143852234,review,0,0.44712358713150024,0,MODERATE_RISK,0.0,
BioSpread,AH440,0.5895631313323975,review,0,0.4329630136489868,0,MODERATE_RISK,0.0,
BioSpread,UNSEEN::AB408,0.18150034546852112,medium,0,0.6494206488132477,0,LOW_RISK,0.0,
BioSpread,UNSEEN::AH328,0.18124237656593323,medium,0,0.6498824954032898,0,LOW_RISK,0.0,
BioSpread,AF390,0.7022841572761536,review,0,0.5011199712753296,0,MODERATE_RISK,0.0,
BioSpread,UNSEEN::AB622,0.18190571665763855,medium,0,0.6487527191638947,0,LOW_RISK,0.0,
BioSpread,AD759,0.5121981501579285,review,0,0.4227346181869507,0,MODERATE_RISK,0.0,
BioSpread,UNSEEN::AB716,0.18539468944072723,medium,0,0.6431562602519989,0,LOW_RISK,0.0,
BioSpread,AH316,0.20126818120479584,medium,0,0.6211804151535034,0,LOW_RISK,0.0,
BioSpread,UNSEEN::AD231,0.1812416911125183,medium,0,0.6498836874961853,0,LOW_RISK,0.0,
BioSpread,AC735,0.2582463324069977,review,0,0.5508667230606079,0,LOW_RISK,0.0,
BioSpread,AD945,0.7391767501831055,review,0,0.533865749835968,0,MODERATE_RISK,0.0,
BioSpread,UNSEEN::AC881,0.18143698573112488,medium,0,0.649502158164978,0,LOW_RISK,0.0,
BioSpread,UNSEEN::AB569,0.18124908208847046,medium,0,0.6498856544494629,0,LOW_RISK,0.0,
BioSpread,UNSEEN::AG799,0.18123723566532135,medium,0,0.6498909592628479,0,LOW_RISK,0.0,
BioSpread,UNSEEN::AH156,0.18156082928180695,medium,0,0.6493088006973267,0,LOW_RISK,0.0,
BioSpread,AA552,0.7817668914794922,review,0,0.5898424386978149,0,MODERATE_RISK,0.0,
BioSpread,UNSEEN::AG834,0.18128731846809387,medium,0,0.6498059034347534,0,LOW_RISK,0.0,
BioSpread,UNSEEN::AD947,0.18129263818264008,medium,0,0.6498351395130157,0,LOW_RISK,0.0,
BioSpread,UNSEEN::AF406,0.18129098415374756,medium,0,0.649811178445816,0,LOW_RISK,0.0,
BioSpread,UNSEEN::AE811,0.1812022179365158,medium,0,0.649973601102829,0,LOW_RISK,0.0,
BioSpread,UNSEEN::AG956,0.18124230206012726,medium,0,0.6498864889144897,0,LOW_RISK,0.0,
BioSpread,UNSEEN::AB695,0.18198414146900177,medium,0,0.6485392451286316,0,LOW_RISK,0.0,
BioSpread,AC545,0.7199735045433044,review,0,0.5178243815898895,0,MODERATE_RISK,0.0,
BioSpread,UNSEEN::AA485,0.18137748539447784,medium,0,0.6496226489543915,0,LOW_RISK,0.0,
BioSpread,AG000,0.6848723292350769,review,0,0.4871543049812317,0,MODERATE_RISK,0.0,
BioSpread,UNSEEN::AA897,0.18124271929264069,medium,0,0.6498819291591644,0,LOW_RISK,0.0,
BioSpread,UNSEEN::AG286,0.18120291829109192,medium,0,0.6499686241149902,0,LOW_RISK,0.0,
BioSpread,UNSEEN::AE135,0.18124344944953918,medium,0,0.6498844623565674,0,LOW_RISK,0.0,
BioSpread,UNSEEN::AA098,0.18120291829109192,medium,0,0.6499686241149902,0,LOW_RISK,0.0,
BioSpread,UNSEEN::AF186,0.18120257556438446,medium,0,0.649969220161438,0,LOW_RISK,0.0,
BioSpread,UNSEEN::AB800,0.18124203383922577,medium,0,0.6498830914497375,0,LOW_RISK,0.0,
BioSpread,UNSEEN::AF662,0.18129923939704895,medium,0,0.6498481631278992,0,LOW_RISK,0.0,
BioSpread,UNSEEN::AC379,0.18124385178089142,medium,0,0.6498875617980957,0,LOW_RISK,0.0,
BioSpread,UNSEEN::AE979,0.18120257556438446,medium,0,0.649969220161438,0,LOW_RISK,0.0,
BioSpread,UNSEEN::AH113,0.18137726187705994,medium,0,0.6496062874794006,0,LOW_RISK,0.0,
BioSpread,AG682,0.4323982894420624,review,0,0.4674394130706787,0,LOW_RISK,0.0,
BioSpread,UNSEEN::AB063,0.1813945770263672,medium,0,0.6496226787567139,0,LOW_RISK,0.0,
BioSpread,UNSEEN::AB474,0.18124203383922577,medium,0,0.6498830914497375,0,LOW_RISK,0.0,
BioSpread,UNSEEN::AG451,0.18123815953731537,medium,0,0.6498945355415344,0,LOW_RISK,0.0,
BioSpread,UNSEEN::AC218,0.1812881976366043,medium,0,0.649808257818222,0,LOW_RISK,0.0,
BioSpread,AB887,0.7299057245254517,review,0,0.5283112525939941,0,MODERATE_RISK,0.0,
BioSpread,AC686,0.7321662902832031,review,1,0.5327980220317841,0,MODERATE_RISK,0.0,
BioSpread,UNSEEN::AE227,0.18129919469356537,medium,0,0.6497987508773804,0,LOW_RISK,0.0,
BioSpread,AA605,0.5895289778709412,review,0,0.44005078077316284,0,MODERATE_RISK,0.0,
BioSpread,UNSEEN::AB383,0.18133693933486938,medium,0,0.6497176885604858,0,LOW_RISK,0.0,
BioSpread,UNSEEN::AG537,0.18128550052642822,medium,0,0.6497937142848969,0,LOW_RISK,0.0,
BioSpread,AA638,0.5178347826004028,review,0,0.4232316017150879,0,MODERATE_RISK,0.0,
BioSpread,UNSEEN::AF404,0.18124237656593323,medium,0,0.6498824954032898,0,LOW_RISK,0.0,
BioSpread,UNSEEN::AE962,0.1812015324831009,medium,0,0.6499710381031036,0,LOW_RISK,0.0,
BioSpread,AC366,0.17789499461650848,medium,0,0.6592638492584229,0,LOW_RISK,0.0,
BioSpread,AC690,0.7596227526664734,review,1,0.5620852708816528,0,MODERATE_RISK,0.0,
BioSpread,UNSEEN::AH251,0.1812022477388382,medium,0,0.6499698162078857,0,LOW_RISK,0.0,
BioSpread,AB362,0.7418851256370544,review,0,0.5372665524482727,0,MODERATE_RISK,0.0,
BioSpread,UNSEEN::AC471,0.1812416911125183,medium,0,0.6498836874961853,0,LOW_RISK,0.0,
BioSpread,UNSEEN::AA956,0.1813979148864746,medium,0,0.649591475725174,0,LOW_RISK,0.0,
BioSpread,AE560,0.5093975067138672,review,0,0.45575135946273804,0,MODERATE_RISK,0.0,
BioSpread,AH479,0.5359786748886108,review,0,0.45580601692199707,0,MODERATE_RISK,0.0,
BioSpread,AC396,0.5121253728866577,review,0,0.42273491621017456,0,MODERATE_RISK,0.0,
BioSpread,AH428,0.577186644077301,review,0,0.46057236194610596,0,MODERATE_RISK,0.0,
BioSpread,UNSEEN::AC284,0.18127703666687012,medium,0,0.6498094797134399,0,LOW_RISK,0.0,
BioSpread,AA519,0.7683764696121216,review,1,0.5710572898387909,0,MODERATE_RISK,0.0,
BioSpread,AG967,0.20126818120479584,medium,0,0.6211804151535034,0,LOW_RISK,0.0,
BioSpread,UNSEEN::AG662,0.18124203383922577,medium,0,0.6498830914497375,0,LOW_RISK,0.0,
BioSpread,UNSEEN::AB758,0.18142609298229218,medium,0,0.649591326713562,0,LOW_RISK,0.0,
BioSpread,AC180,0.7314503192901611,review,0,0.5276632010936737,0,MODERATE_RISK,0.0,
BioSpread,UNSEEN::AC266,0.1814424842596054,medium,0,0.6495030224323273,0,LOW_RISK,0.0,
BioSpread,UNSEEN::AB988,0.18124206364154816,medium,0,0.6498868465423584,0,LOW_RISK,0.0,
BioSpread,AA705,0.7480335235595703,review,0,0.5477993488311768,0,MODERATE_RISK,0.0,
BioSpread,AF995,0.5206161141395569,review,0,0.43023228645324707,0,MODERATE_RISK,0.0,
BioSpread,UNSEEN::AH372,0.18124237656593323,medium,0,0.6498824954032898,0,LOW_RISK,0.0,
BioSpread,UNSEEN::AA817,0.18142695724964142,medium,0,0.6495558619499207,0,LOW_RISK,0.0,
BioSpread,AE643,0.6509886980056763,review,0,0.46622705459594727,0,MODERATE_RISK,0.0,
BioSpread,UNSEEN::AF139,0.18124271929264069,medium,0,0.6498819291591644,0,LOW_RISK,0.0,
BioSpread,UNSEEN::AD211,0.18120929598808289,medium,0,0.6499722301959991,0,LOW_RISK,0.0,
BioSpread,UNSEEN::AG183,0.18120257556438446,medium,0,0.649969220161438,0,LOW_RISK,0.0,
BioSpread,AD254,0.41574037075042725,review,0,0.4757043123245239,0,LOW_RISK,0.0,
BioSpread,UNSEEN::AE540,0.18144720792770386,medium,0,0.6495193839073181,0,LOW_RISK,0.0,
BioSpread,UNSEEN::AA965,0.18511924147605896,medium,0,0.6433894336223602,0,LOW_RISK,0.0,
BioSpread,UNSEEN::AG846,0.18128558993339539,medium,0,0.6497973799705505,0,LOW_RISK,0.0,
BioSpread,UNSEEN::AB390,0.18139664828777313,medium,0,0.6496292352676392,0,LOW_RISK,0.0,
BioSpread,UNSEEN::AA935,0.18119706213474274,medium,0,0.6499783098697662,0,LOW_RISK,0.0,
BioSpread,AC293,0.7765396237373352,review,0,0.5823266804218292,0,MODERATE_RISK,0.0,
BioSpread,AB808,0.7775983214378357,review,0,0.5847393274307251,0,MODERATE_RISK,0.0,
BioSpread,UNSEEN::AF136,0.18124061822891235,medium,0,0.6498856842517853,0,LOW_RISK,0.0,
BioSpread,UNSEEN::AD658,0.1812841296195984,medium,0,0.6497960984706879,0,LOW_RISK,0.0,
BioSpread,UNSEEN::AG429,0.1813618242740631,medium,0,0.6497379541397095,0,LOW_RISK,0.0,
BioSpread,AC005,0.7460989356040955,review,0,0.5456602573394775,0,MODERATE_RISK,0.0,
BioSpread,UNSEEN::AB827,0.18133339285850525,medium,0,0.6497083008289337,0,LOW_RISK,0.0,
BioSpread,UNSEEN::AG282,0.18134242296218872,medium,0,0.6496968567371368,0,LOW_RISK,0.0,
BioSpread,UNSEEN::AH501,0.18120291829109192,medium,0,0.6499686241149902,0,LOW_RISK,0.0,
BioSpread,AG883,0.5843970775604248,review,0,0.43472522497177124,0,MODERATE_RISK,0.0,
BioSpread,UNSEEN::AB055,0.18132829666137695,medium,0,0.649720162153244,0,LOW_RISK,0.0,
BioSpread,AF580,0.5205605626106262,review,0,0.43023520708084106,0,MODERATE_RISK,0.0,
BioSpread,AB068,0.7408665418624878,review,0,0.5379700064659119,0,MODERATE_RISK,0.0,
BioSpread,AD571,0.7076523303985596,review,0,0.5075211524963379,0,MODERATE_RISK,0.0,
BioSpread,UNSEEN::AA506,0.1813422441482544,medium,0,0.6497002840042114,0,LOW_RISK,0.0,
BioSpread,AC030,0.7716706395149231,review,1,0.5746540129184723,0,MODERATE_RISK,0.0,
BioSpread,UNSEEN::AF973,0.1812416911125183,medium,0,0.6498836874961853,0,LOW_RISK,0.0,
BioSpread,UNSEEN::AF651,0.1812361627817154,medium,0,0.6498889923095703,0,LOW_RISK,0.0,
BioSpread,UNSEEN::AA335,0.18124140799045563,medium,0,0.6498880684375763,0,LOW_RISK,0.0,
BioSpread,UNSEEN::AC016,0.18129564821720123,medium,0,0.6497932374477386,0,LOW_RISK,0.0,
BioSpread,UNSEEN::AB669,0.1813296228647232,medium,0,0.6497030854225159,0,LOW_RISK,0.0,
BioSpread,AA103,0.7614061236381531,review,1,0.5636811852455139,0,MODERATE_RISK,0.0,
BioSpread,UNSEEN::AH514,0.18124203383922577,medium,0,0.6498830914497375,0,LOW_RISK,0.0,
BioSpread,UNSEEN::AB317,0.18129214644432068,medium,0,0.6498040556907654,0,LOW_RISK,0.0,
BioSpread,AC733,0.7492429614067078,review,1,0.5478937923908234,0,MODERATE_RISK,0.0,
BioSpread,AC470,0.7033353447914124,review,0,0.4990628957748413,0,MODERATE_RISK,0.0,
BioSpread,UNSEEN::AH151,0.18128976225852966,medium,0,0.6498094201087952,0,LOW_RISK,0.0,
BioSpread,UNSEEN::AE562,0.18124237656593323,medium,0,0.6498824954032898,0,LOW_RISK,0.0,
BioSpread,AF609,0.778029203414917,review,1,0.5849993526935577,0,MODERATE_RISK,0.0,
BioSpread,AE149,0.20120051503181458,medium,0,0.6212798357009888,0,LOW_RISK,0.0,
BioSpread,UNSEEN::AC321,0.18202638626098633,medium,0,0.6487471759319305,0,LOW_RISK,0.0,
BioSpread,UNSEEN::AF529,0.1812445968389511,medium,0,0.6498900949954987,0,LOW_RISK,0.0,
BioSpread,UNSEEN::AG280,0.18124237656593323,medium,0,0.6498824954032898,0,LOW_RISK,0.0,
BioSpread,AG075,0.20175297558307648,medium,0,0.6205463111400604,0,LOW_RISK,0.0,
BioSpread,UNSEEN::AF776,0.18124203383922577,medium,0,0.6498830914497375,0,LOW_RISK,0.0,
BioSpread,UNSEEN::AB321,0.18120257556438446,medium,0,0.649969220161438,0,LOW_RISK,0.0,
BioSpread,UNSEEN::AD090,0.18133437633514404,medium,0,0.6497030854225159,0,LOW_RISK,0.0,
BioSpread,UNSEEN::AB491,0.18133248388767242,medium,0,0.6497097611427307,0,LOW_RISK,0.0,
BioSpread,UNSEEN::AG155,0.18124203383922577,medium,0,0.6498830914497375,0,LOW_RISK,0.0,
BioSpread,AC154,0.7192675471305847,review,1,0.5194382071495056,0,MODERATE_RISK,0.0,
BioSpread,AC156,0.5784255266189575,review,0,0.43808889389038086,0,MODERATE_RISK,0.0,
BioSpread,UNSEEN::AF096,0.1812416911125183,medium,0,0.6498836874961853,0,LOW_RISK,0.0,
BioSpread,UNSEEN::AA454,0.18215593695640564,medium,0,0.6485085487365723,0,LOW_RISK,0.0,
BioSpread,AD207,0.7433953881263733,review,0,0.5406070649623871,0,MODERATE_RISK,0.0,
BioSpread,AG723,0.5954489707946777,review,0,0.4434664249420166,0,MODERATE_RISK,0.0,
BioSpread,AF365,0.5205420255661011,review,0,0.43023616075515747,0,MODERATE_RISK,0.0,
BioSpread,UNSEEN::AF710,0.18129099905490875,medium,0,0.649791032075882,0,LOW_RISK,0.0,
BioSpread,AB865,0.6932685375213623,review,0,0.4946262240409851,0,MODERATE_RISK,0.0,
BioSpread,AF787,0.6872572302818298,review,0,0.4858279824256897,0,MODERATE_RISK,0.0,
BioSpread,UNSEEN::AE714,0.18128947913646698,medium,0,0.6497949659824371,0,LOW_RISK,0.0,
BioSpread,UNSEEN::AD782,0.18124203383922577,medium,0,0.6498830914497375,0,LOW_RISK,0.0,
BioSpread,AA314,0.776475191116333,review,0,0.5818938612937927,0,MODERATE_RISK,0.0,
BioSpread,UNSEEN::AB847,0.1812388151884079,medium,0,0.6498896181583405,0,LOW_RISK,0.0,
BioSpread,AC666,0.1719466745853424,medium,0,0.6664553880691528,0,LOW_RISK,0.0,
BioSpread,UNSEEN::AD421,0.18124160170555115,medium,0,0.6498949229717255,0,LOW_RISK,0.0,
BioSpread,UNSEEN::AD511,0.18133597075939178,medium,0,0.6497041881084442,0,LOW_RISK,0.0,
BioSpread,AB736,0.6840561032295227,review,0,0.4835045337677002,0,MODERATE_RISK,0.0,
BioSpread,UNSEEN::AH364,0.18124237656593323,medium,0,0.6498824954032898,0,LOW_RISK,0.0,
BioSpread,AC370,0.6723126173019409,review,0,0.47548097372055054,0,MODERATE_RISK,0.0,
BioSpread,UNSEEN::AD783,0.18124203383922577,medium,0,0.6498830914497375,0,LOW_RISK,0.0,
BioSpread,UNSEEN::AF114,0.18139030039310455,medium,0,0.6496088802814484,0,LOW_RISK,0.0,
BioSpread,AH238,0.512170672416687,review,0,0.4227341413497925,0,MODERATE_RISK,0.0,
BioSpread,AC525,0.6585843563079834,review,0,0.4736936688423157,0,MODERATE_RISK,0.0,
BioSpread,AB896,0.34524592757225037,review,0,0.4834555387496948,0,LOW_RISK,0.0,
BioSpread,UNSEEN::AD037,0.18120376765727997,medium,0,0.6499768197536469,0,LOW_RISK,0.0,
BioSpread,AB525,0.5512561202049255,review,0,0.4440721869468689,0,MODERATE_RISK,0.0,
BioSpread,UNSEEN::AF570,0.18124602735042572,medium,0,0.6498952805995941,0,LOW_RISK,0.0,
BioSpread,UNSEEN::AA121,0.18170832097530365,medium,0,0.6491038799285889,0,LOW_RISK,0.0,
BioSpread,AE867,0.7252007126808167,review,0,0.5190071761608124,0,MODERATE_RISK,0.0,
BioSpread,UNSEEN::AG879,0.1812416911125183,medium,0,0.6498836874961853,0,LOW_RISK,0.0,
BioSpread,UNSEEN::AF690,0.18124191462993622,medium,0,0.6498833298683167,0,LOW_RISK,0.0,
BioSpread,AB842,0.6721136569976807,review,0,0.47530853748321533,0,MODERATE_RISK,0.0,
BioSpread,UNSEEN::AA534,0.18124237656593323,medium,0,0.6498824954032898,0,LOW_RISK,0.0,
BioSpread,UNSEEN::AC081,0.18128232657909393,medium,0,0.649817019701004,0,LOW_RISK,0.0,
BioSpread,UNSEEN::AD383,0.18124203383922577,medium,0,0.6498830914497375,0,LOW_RISK,0.0,
BioSpread,UNSEEN::AB075,0.18158575892448425,medium,0,0.6493111252784729,0,LOW_RISK,0.0,
BioSpread,UNSEEN::AF799,0.18124914169311523,medium,0,0.6498814523220062,0,LOW_RISK,0.0,
BioSpread,AA158,0.7396453619003296,review,0,0.5354554951190948,0,MODERATE_RISK,0.0,
BioSpread,UNSEEN::AD086,0.1812855303287506,medium,0,0.6497975289821625,0,LOW_RISK,0.0,
BioSpread,UNSEEN::AB963,0.18124589323997498,medium,0,0.6498845815658569,0,LOW_RISK,0.0,
BioSpread,UNSEEN::AG042,0.18124203383922577,medium,0,0.6498830914497375,0,LOW_RISK,0.0,
BioSpread,UNSEEN::AG661,0.1812361627817154,medium,0,0.6498889923095703,0,LOW_RISK,0.0,
BioSpread,UNSEEN::AA632,0.1812686324119568,medium,0,0.6498532593250275,0,LOW_RISK,0.0,
BioSpread,UNSEEN::AB053,0.181330144405365,medium,0,0.6497060656547546,0,LOW_RISK,0.0,
BioSpread,UNSEEN::AC063,0.18124131858348846,medium,0,0.6498843431472778,0,LOW_RISK,0.0,
BioSpread,UNSEEN::AA408,0.18124189972877502,medium,0,0.6498911380767822,0,LOW_RISK,0.0,
BioSpread,AC863,0.7684178352355957,review,0,0.5712548494338989,0,MODERATE_RISK,0.0,
BioSpread,AA742,0.7474287152290344,review,1,0.549851268529892,0,MODERATE_RISK,0.0,
BioSpread,UNSEEN::AE459,0.18124206364154816,medium,0,0.6498868465423584,0,LOW_RISK,0.0,
BioSpread,UNSEEN::AA292,0.18128445744514465,medium,0,0.6497955322265625,0,LOW_RISK,0.0,
BioSpread,AB494,0.7114039063453674,review,0,0.5062154829502106,0,MODERATE_RISK,0.0,
BioSpread,UNSEEN::AA787,0.1812015324831009,medium,0,0.6499710381031036,0,LOW_RISK,0.0,
BioSpread,UNSEEN::AD875,0.1812361627817154,medium,0,0.6498889923095703,0,LOW_RISK,0.0,
BioSpread,AB433,0.7286380529403687,review,0,0.5256854295730591,0,MODERATE_RISK,0.0,
BioSpread,AB843,0.26345589756965637,review,0,0.5511573851108551,0,LOW_RISK,0.0,
BioSpread,UNSEEN::AF372,0.18120187520980835,medium,0,0.6499704420566559,0,LOW_RISK,0.0,
BioSpread,UNSEEN::AB898,0.18133820593357086,medium,0,0.64972323179245,0,LOW_RISK,0.0,
BioSpread,UNSEEN::AE174,0.18129178881645203,medium,0,0.6497934758663177,0,LOW_RISK,0.0,
BioSpread,AC113,0.7105951905250549,review,1,0.5126731693744659,0,MODERATE_RISK,0.0,
BioSpread,UNSEEN::AG281,0.18125031888484955,medium,0,0.6498869955539703,0,LOW_RISK,0.0,
BioSpread,UNSEEN::AD083,0.18134835362434387,medium,0,0.6496987342834473,0,LOW_RISK,0.0,
BioSpread,AA165,0.7017766833305359,review,0,0.4977110028266907,0,MODERATE_RISK,0.0,
BioSpread,UNSEEN::AH075,0.18764562904834747,medium,0,0.6387628316879272,0,LOW_RISK,0.0,
BioSpread,AH336,0.738543689250946,review,0,0.5407661497592926,0,MODERATE_RISK,0.0,
BioSpread,AC536,0.7569676637649536,review,1,0.5579396486282349,0,MODERATE_RISK,0.0,
BioSpread,UNSEEN::AF836,0.18133169412612915,medium,0,0.6497071981430054,0,LOW_RISK,0.0,
BioSpread,AA359,0.7756118774414062,review,0,0.5813779532909393,0,MODERATE_RISK,0.0,
BioSpread,UNSEEN::AC103,0.18124237656593323,medium,0,0.6498824954032898,0,LOW_RISK,0.0,
BioSpread,UNSEEN::AA825,0.18136709928512573,medium,0,0.6496295630931854,0,LOW_RISK,0.0,
BioSpread,AD621,0.4843619167804718,review,0,0.45842188596725464,0,LOW_RISK,0.0,
BioSpread,UNSEEN::AB863,0.1813306361436844,medium,0,0.649701327085495,0,LOW_RISK,0.0,
BioSpread,AA349,0.7742727398872375,review,1,0.5786756575107574,0,MODERATE_RISK,0.0,
BioSpread,AE546,0.5813323855400085,review,0,0.43845921754837036,0,MODERATE_RISK,0.0,
BioSpread,UNSEEN::AF653,0.18124131858348846,medium,0,0.6498843431472778,0,LOW_RISK,0.0,
BioSpread,UNSEEN::AH291,0.1812416911125183,medium,0,0.6498836874961853,0,LOW_RISK,0.0,
BioSpread,AC856,0.6614142060279846,review,0,0.4754992723464966,0,MODERATE_RISK,0.0,
BioSpread,AE136,0.5807618498802185,review,0,0.4382507801055908,0,MODERATE_RISK,0.0,
BioSpread,AA923,0.7743198871612549,review,0,0.5785102844238281,0,MODERATE_RISK,0.0,
BioSpread,AA607,0.7083674073219299,review,0,0.5121763944625854,0,MODERATE_RISK,0.0,
BioSpread,AE801,0.24823161959648132,review,0,0.562024861574173,0,LOW_RISK,0.0,
BioSpread,UNSEEN::AC977,0.18183386325836182,medium,0,0.6488172113895416,0,LOW_RISK,0.0,
BioSpread,AG192,0.770621657371521,review,0,0.5744103789329529,0,MODERATE_RISK,0.0,
BioSpread,AH438,0.20121018588542938,medium,0,0.6212655901908875,0,LOW_RISK,0.0,
BioSpread,UNSEEN::AA489,0.1812416911125183,medium,0,0.6498836874961853,0,LOW_RISK,0.0,
BioSpread,UNSEEN::AC132,0.1812913566827774,medium,0,0.6497904062271118,0,LOW_RISK,0.0,
BioSpread,AA622,0.7812042832374573,review,1,0.5894245207309723,0,MODERATE_RISK,0.0,
BioSpread,AG057,0.6043806076049805,review,0,0.46271008253097534,0,MODERATE_RISK,0.0,
BioSpread,AG172,0.31477516889572144,review,0,0.4986860156059265,0,LOW_RISK,0.0,
BioSpread,AC295,0.7774335145950317,review,0,0.584329754114151,0,MODERATE_RISK,0.0,
BioSpread,UNSEEN::AF478,0.1812860518693924,medium,0,0.6498004198074341,0,LOW_RISK,0.0,
BioSpread,UNSEEN::AG840,0.181281179189682,medium,0,0.649804562330246,0,LOW_RISK,0.0,
BioSpread,UNSEEN::AA191,0.1814832091331482,medium,0,0.6494101285934448,0,LOW_RISK,0.0,
BioSpread,UNSEEN::AB792,0.18123853206634521,medium,0,0.6498939394950867,0,LOW_RISK,0.0,
BioSpread,UNSEEN::AE114,0.18128594756126404,medium,0,0.6497967541217804,0,LOW_RISK,0.0,
BioSpread,UNSEEN::AG396,0.18124203383922577,medium,0,0.6498830914497375,0,LOW_RISK,0.0,
BioSpread,AC309,0.7768017053604126,review,1,0.582403302192688,0,MODERATE_RISK,0.0,
BioSpread,UNSEEN::AB065,0.18149569630622864,medium,0,0.6493966281414032,0,LOW_RISK,0.0,
BioSpread,UNSEEN::AG502,0.18124277889728546,medium,0,0.6498856246471405,0,LOW_RISK,0.0,
BioSpread,UNSEEN::AG499,0.18124237656593323,medium,0,0.6498824954032898,0,LOW_RISK,0.0,
BioSpread,UNSEEN::AG939,0.18128558993339539,medium,0,0.6498207151889801,0,LOW_RISK,0.0,
BioSpread,UNSEEN::AC929,0.1812872290611267,medium,0,0.6498022377490997,0,LOW_RISK,0.0,
BioSpread,UNSEEN::AB973,0.1814207285642624,medium,0,0.6495887041091919,0,LOW_RISK,0.0,
BioSpread,UNSEEN::AE205,0.1812429279088974,medium,0,0.6498964428901672,0,LOW_RISK,0.0,
BioSpread,UNSEEN::AC928,0.18128594756126404,medium,0,0.6497967541217804,0,LOW_RISK,0.0,
BioSpread,UNSEEN::AE342,0.18128594756126404,medium,0,0.6497967541217804,0,LOW_RISK,0.0,
BioSpread,UNSEEN::AC101,0.18128544092178345,medium,0,0.649804949760437,0,LOW_RISK,0.0,
BioSpread,UNSEEN::AG220,0.18125702440738678,medium,0,0.649875283241272,0,LOW_RISK,0.0,
BioSpread,AB413,0.75586998462677,review,1,0.5569790005683899,0,MODERATE_RISK,0.0,
BioSpread,UNSEEN::AC991,0.1812416911125183,medium,0,0.6498836874961853,0,LOW_RISK,0.0,
BioSpread,UNSEEN::AA971,0.18153133988380432,medium,0,0.6493668258190155,0,LOW_RISK,0.0,
BioSpread,UNSEEN::AE803,0.18133866786956787,medium,0,0.6497232615947723,0,LOW_RISK,0.0,
BioSpread,AD809,0.16334998607635498,medium,0,0.6812971234321594,0,LOW_RISK,0.0,
BioSpread,UNSEEN::AD095,0.1812416911125183,medium,0,0.6498836874961853,0,LOW_RISK,0.0,
BioSpread,UNSEEN::AE479,0.18148589134216309,medium,0,0.6494168937206268,0,LOW_RISK,0.0,
BioSpread,AA330,0.7726763486862183,review,0,0.5757352411746979,0,MODERATE_RISK,0.0,
BioSpread,AC982,0.49641504883766174,review,0,0.4242199659347534,0,LOW_RISK,0.0,
BioSpread,UNSEEN::AE276,0.18129125237464905,medium,0,0.6497979164123535,0,LOW_RISK,0.0,
BioSpread,UNSEEN::AG925,0.18124203383922577,medium,0,0.6498830914497375,0,LOW_RISK,0.0,
BioSpread,UNSEEN::AF259,0.18120291829109192,medium,0,0.6499686241149902,0,LOW_RISK,0.0,
BioSpread,AD594,0.7147716879844666,review,0,0.5156495273113251,0,MODERATE_RISK,0.0,
BioSpread,AF303,0.20120051503181458,medium,0,0.6212798357009888,0,LOW_RISK,0.0,
BioSpread,AE458,0.657069742679596,review,0,0.480007529258728,0,MODERATE_RISK,0.0,
BioSpread,AC007,0.7322521209716797,review,0,0.5295048952102661,0,MODERATE_RISK,0.0,
BioSpread,UNSEEN::AC207,0.18133628368377686,medium,0,0.6497187316417694,0,LOW_RISK,0.0,
BioSpread,UNSEEN::AD831,0.18124282360076904,medium,0,0.649889349937439,0,LOW_RISK,0.0,
BioSpread,UNSEEN::AC039,0.18120044469833374,medium,0,0.649973064661026,0,LOW_RISK,0.0,
BioSpread,UNSEEN::AD995,0.18129761517047882,medium,0,0.649799644947052,0,LOW_RISK,0.0,
BioSpread,UNSEEN::AA542,0.18124628067016602,medium,0,0.6498986482620239,0,LOW_RISK,0.0,
BioSpread,UNSEEN::AD156,0.18133310973644257,medium,0,0.6497014462947845,0,LOW_RISK,0.0,
BioSpread,UNSEEN::AB174,0.18128702044487,medium,0,0.6498306095600128,0,LOW_RISK,0.0,
BioSpread,AE730,0.7708606719970703,review,0,0.5731034278869629,0,MODERATE_RISK,0.0,
BioSpread,UNSEEN::AB678,0.1812416911125183,medium,0,0.6498836874961853,0,LOW_RISK,0.0,
BioSpread,UNSEEN::AE200,0.1812945157289505,medium,0,0.6497913300991058,0,LOW_RISK,0.0,
BioSpread,AH402,0.48705095052719116,review,0,0.45842039585113525,0,LOW_RISK,0.0,
BioSpread,UNSEEN::AB471,0.18134276568889618,medium,0,0.6496962308883667,0,LOW_RISK,0.0,
BioSpread,UNSEEN::AC557,0.18124237656593323,medium,0,0.6498824954032898,0,LOW_RISK,0.0,
BioSpread,AG432,0.6692488193511963,review,0,0.47369349002838135,0,MODERATE_RISK,0.0,
BioSpread,UNSEEN::AD113,0.1813795268535614,medium,0,0.6496101319789886,0,LOW_RISK,0.0,
BioSpread,UNSEEN::AD368,0.18124271929264069,medium,0,0.6498819291591644,0,LOW_RISK,0.0,
BioSpread,AD033,0.6744104623794556,review,0,0.4905715584754944,0,MODERATE_RISK,0.0,
BioSpread,AC874,0.6818659901618958,review,0,0.4809309244155884,0,MODERATE_RISK,0.0,
BioSpread,UNSEEN::AA169,0.18133381009101868,medium,0,0.6497168242931366,0,LOW_RISK,0.0,
BioSpread,UNSEEN::AE746,0.18128515779972076,medium,0,0.6497942805290222,0,LOW_RISK,0.0,
BioSpread,AD924,0.20126818120479584,medium,0,0.6211804151535034,0,LOW_RISK,0.0,
BioSpread,AD601,0.6962333917617798,review,0,0.49394941329956055,0,MODERATE_RISK,0.0,
BioSpread,UNSEEN::AF416,0.1812959760427475,medium,0,0.6497964859008789,0,LOW_RISK,0.0,
BioSpread,AB015,0.5063297748565674,review,0,0.46574097871780396,0,MODERATE_RISK,0.0,
BioSpread,UNSEEN::AB372,0.18129843473434448,medium,0,0.6498021185398102,0,LOW_RISK,0.0,
BioSpread,AD278,0.7360692620277405,review,0,0.5370575487613678,0,MODERATE_RISK,0.0,
BioSpread,AD468,0.5504091382026672,review,0,0.4643278121948242,0,MODERATE_RISK,0.0,
BioSpread,AA830,0.772458016872406,review,0,0.5755980610847473,0,MODERATE_RISK,0.0,
BioSpread,UNSEEN::AD983,0.18138767778873444,medium,0,0.649631530046463,0,LOW_RISK,0.0,
BioSpread,AD461,0.7497497200965881,review,0,0.5479619801044464,0,MODERATE_RISK,0.0,
BioSpread,AA218,0.7169334888458252,review,0,0.5128632485866547,0,MODERATE_RISK,0.0,
BioSpread,AC846,0.595532238483429,review,0,0.44348371028900146,0,MODERATE_RISK,0.0,
BioSpread,UNSEEN::AA925,0.18124277889728546,medium,0,0.6498856246471405,0,LOW_RISK,0.0,
BioSpread,AE702,0.2011522501707077,medium,0,0.6213507354259491,0,LOW_RISK,0.0,
BioSpread,UNSEEN::AG442,0.18128445744514465,medium,0,0.6497955322265625,0,LOW_RISK,0.0,
BioSpread,AD343,0.23889213800430298,review,0,0.5733638107776642,0,LOW_RISK,0.0,
BioSpread,AC654,0.7320767641067505,review,1,0.5314790606498718,0,MODERATE_RISK,0.0,
BioSpread,UNSEEN::AH262,0.18120257556438446,medium,0,0.649969220161438,0,LOW_RISK,0.0,
BioSpread,UNSEEN::AH333,0.1812416911125183,medium,0,0.6498836874961853,0,LOW_RISK,0.0,
BioSpread,UNSEEN::AA493,0.18145084381103516,medium,0,0.6495050191879272,0,LOW_RISK,0.0,
BioSpread,AC726,0.7765104174613953,review,0,0.5819526314735413,0,MODERATE_RISK,0.0,
BioSpread,UNSEEN::AE092,0.18124282360076904,medium,0,0.649889349937439,0,LOW_RISK,0.0,
BioSpread,AA018,0.7789121866226196,review,1,0.5853663384914398,0,MODERATE_RISK,0.0,
BioSpread,UNSEEN::AE514,0.18124237656593323,medium,0,0.6498824954032898,0,LOW_RISK,0.0,
BioSpread,AD139,0.34524592757225037,review,0,0.4834555387496948,0,LOW_RISK,0.0,
BioSpread,AA593,0.7727341055870056,review,0,0.5762230753898621,0,MODERATE_RISK,0.0,
BioSpread,UNSEEN::AC747,0.18138475716114044,medium,0,0.6496042013168335,0,LOW_RISK,0.0,
BioSpread,UNSEEN::AC986,0.18130315840244293,medium,0,0.6497909426689148,0,LOW_RISK,0.0,
BioSpread,AC429,0.17789499461650848,medium,0,0.6592638492584229,0,LOW_RISK,0.0,
BioSpread,AA976,0.7474405169487,review,0,0.544687807559967,0,MODERATE_RISK,0.0,
BioSpread,UNSEEN::AF600,0.18124271929264069,medium,0,0.6498819291591644,0,LOW_RISK,0.0,
BioSpread,UNSEEN::AA388,0.1812000870704651,medium,0,0.6499820351600647,0,LOW_RISK,0.0,
BioSpread,UNSEEN::AF601,0.1812853217124939,medium,0,0.6497940421104431,0,LOW_RISK,0.0,
BioSpread,AD221,0.269687294960022,review,0,0.538877546787262,0,LOW_RISK,0.0,
BioSpread,AC992,0.24405325949192047,review,0,0.5670659840106964,0,LOW_RISK,0.0,
BioSpread,UNSEEN::AC727,0.18147483468055725,medium,0,0.6495302021503448,0,LOW_RISK,0.0,
BioSpread,UNSEEN::AA665,0.18139223754405975,medium,0,0.6496031284332275,0,LOW_RISK,0.0,
BioSpread,UNSEEN::AH517,0.1812416911125183,medium,0,0.6498836874961853,0,LOW_RISK,0.0,
BioSpread,UNSEEN::AF631,0.18136343359947205,medium,0,0.6497431397438049,0,LOW_RISK,0.0,
BioSpread,UNSEEN::AA469,0.18144570291042328,medium,0,0.6495202779769897,0,LOW_RISK,0.0,
BioSpread,UNSEEN::AE899,0.18128973245620728,medium,0,0.6497907042503357,0,LOW_RISK,0.0,
BioSpread,UNSEEN::AD072,0.18124812841415405,medium,0,0.6498924493789673,0,LOW_RISK,0.0,
BioSpread,AF554,0.599634051322937,review,0,0.4429064393043518,0,MODERATE_RISK,0.0,
BioSpread,AD539,0.6584203839302063,review,0,0.48762232065200806,0,MODERATE_RISK,0.0,
BioSpread,AE260,0.6872344613075256,review,0,0.4858132600784302,0,MODERATE_RISK,0.0,
BioSpread,AF784,0.5205605626106262,review,0,0.43023520708084106,0,MODERATE_RISK,0.0,
BioSpread,UNSEEN::AD351,0.1812843233346939,medium,0,0.6497957706451416,0,LOW_RISK,0.0,
BioSpread,UNSEEN::AE211,0.18124857544898987,medium,0,0.6499023735523224,0,LOW_RISK,0.0,
BioSpread,UNSEEN::AD626,0.18138301372528076,medium,0,0.649627298116684,0,LOW_RISK,0.0,
BioSpread,AE237,0.7079889178276062,review,0,0.5032182931900024,0,MODERATE_RISK,0.0,
BioSpread,AB660,0.5205049514770508,review,0,0.43023812770843506,0,MODERATE_RISK,0.0,
BioSpread,UNSEEN::AC614,0.18133266270160675,medium,0,0.6497094631195068,0,LOW_RISK,0.0,
BioSpread,UNSEEN::AF811,0.18132655322551727,medium,0,0.6497244834899902,0,LOW_RISK,0.0,
BioSpread,UNSEEN::AB198,0.18128445744514465,medium,0,0.6497955322265625,0,LOW_RISK,0.0,
BioSpread,AH339,0.20126818120479584,medium,0,0.6211804151535034,0,LOW_RISK,0.0,
BioSpread,UNSEEN::AE418,0.18124578893184662,medium,0,0.6498956382274628,0,LOW_RISK,0.0,
BioSpread,AA739,0.7836571335792542,review,1,0.5926714539527893,0,MODERATE_RISK,0.0,
BioSpread,AD785,0.7378807663917542,review,0,0.54073366522789,0,MODERATE_RISK,0.0,
BioSpread,UNSEEN::AB316,0.18129999935626984,medium,0,0.6497869193553925,0,LOW_RISK,0.0,
BioSpread,AD332,0.6996269226074219,review,0,0.49574995040893555,0,MODERATE_RISK,0.0,
BioSpread,UNSEEN::AF015,0.18129263818264008,medium,0,0.6497958898544312,0,LOW_RISK,0.0,
BioSpread,UNSEEN::AG922,0.18129099905490875,medium,0,0.649791032075882,0,LOW_RISK,0.0,
BioSpread,UNSEEN::AA949,0.18128594756126404,medium,0,0.6497967541217804,0,LOW_RISK,0.0,
BioSpread,UNSEEN::AC681,0.18143092095851898,medium,0,0.649565190076828,0,LOW_RISK,0.0,
BioSpread,UNSEEN::AC494,0.18124237656593323,medium,0,0.6498824954032898,0,LOW_RISK,0.0,
BioSpread,UNSEEN::AC765,0.18120291829109192,medium,0,0.6499686241149902,0,LOW_RISK,0.0,
BioSpread,UNSEEN::AF986,0.1812918335199356,medium,0,0.6498066782951355,0,LOW_RISK,0.0,
BioSpread,UNSEEN::AE040,0.18120257556438446,medium,0,0.6499730050563812,0,LOW_RISK,0.0,
BioSpread,UNSEEN::AA288,0.18139351904392242,medium,0,0.6495946943759918,0,LOW_RISK,0.0,
BioSpread,UNSEEN::AG293,0.18124012649059296,medium,0,0.6498906016349792,0,LOW_RISK,0.0,
BioSpread,UNSEEN::AD387,0.18128558993339539,medium,0,0.6497973799705505,0,LOW_RISK,0.0,
BioSpread,AB150,0.7286266684532166,review,0,0.5231931507587433,0,MODERATE_RISK,0.0,
BioSpread,UNSEEN::AH148,0.18124206364154816,medium,0,0.6498868465423584,0,LOW_RISK,0.0,
BioSpread,UNSEEN::AG116,0.18128550052642822,medium,0,0.6497937142848969,0,LOW_RISK,0.0,
BioSpread,UNSEEN::AA556,0.18148484826087952,medium,0,0.6496352553367615,0,LOW_RISK,0.0,
BioSpread,UNSEEN::AF020,0.18124271929264069,medium,0,0.6498819291591644,0,LOW_RISK,0.0,
BioSpread,AF213,0.2891923189163208,review,0,0.5304365158081055,0,LOW_RISK,0.0,
BioSpread,UNSEEN::AF781,0.18120257556438446,medium,0,0.6499730050563812,0,LOW_RISK,0.0,
BioSpread,UNSEEN::AD689,0.1812416911125183,medium,0,0.6498836874961853,0,LOW_RISK,0.0,
BioSpread,AA398,0.7678858637809753,review,0,0.5687114000320435,0,MODERATE_RISK,0.0,
BioSpread,UNSEEN::AE153,0.1812015324831009,medium,0,0.6499710381031036,0,LOW_RISK,0.0,
BioSpread,AA266,0.6568675637245178,review,0,0.4784132242202759,0,MODERATE_RISK,0.0,
BioSpread,AC486,0.6774904727935791,review,0,0.4794773459434509,0,MODERATE_RISK,0.0,
BioSpread,UNSEEN::AF400,0.18124769628047943,medium,0,0.6499057114124298,0,LOW_RISK,0.0,
BioSpread,UNSEEN::AA674,0.18174803256988525,medium,0,0.6489741504192352,0,LOW_RISK,0.0,
BioSpread,AC163,0.7793567776679993,review,0,0.5875306725502014,0,MODERATE_RISK,0.0,
BioSpread,UNSEEN::AF674,0.18124203383922577,medium,0,0.6498830914497375,0,LOW_RISK,0.0,
BioSpread,UNSEEN::AF095,0.18124344944953918,medium,0,0.6498844623565674,0,LOW_RISK,0.0,
BioSpread,AE261,0.7038503289222717,review,0,0.4994496703147888,0,MODERATE_RISK,0.0,
BioSpread,UNSEEN::AH459,0.18120257556438446,medium,0,0.649969220161438,0,LOW_RISK,0.0,
BioSpread,UNSEEN::AD134,0.18124237656593323,medium,0,0.6498824954032898,0,LOW_RISK,0.0,
BioSpread,UNSEEN::AB196,0.18128548562526703,medium,0,0.6498053967952728,0,LOW_RISK,0.0,
BioSpread,UNSEEN::AD903,0.18123723566532135,medium,0,0.6498909592628479,0,LOW_RISK,0.0,
BioSpread,AA283,0.771041989326477,review,0,0.5729003548622131,0,MODERATE_RISK,0.0,
BioSpread,UNSEEN::AC574,0.18132682144641876,medium,0,0.6497127711772919,0,LOW_RISK,0.0,
BioSpread,AE233,0.7677406668663025,review,1,0.5711374878883362,0,MODERATE_RISK,0.0,
BioSpread,UNSEEN::AD550,0.18129205703735352,medium,0,0.6497892141342163,0,LOW_RISK,0.0,
BioSpread,AB460,0.7787309885025024,review,1,0.5849311351776123,0,MODERATE_RISK,0.0,
BioSpread,AA562,0.7487865090370178,review,0,0.5467434227466583,0,MODERATE_RISK,0.0,
BioSpread,UNSEEN::AB699,0.18124385178089142,medium,0,0.6498875617980957,0,LOW_RISK,0.0,
BioSpread,AB161,0.77705317735672,review,1,0.5824326276779175,0,MODERATE_RISK,0.0,
BioSpread,AF496,0.6727542281150818,review,0,0.4758526682853699,0,MODERATE_RISK,0.0,
BioSpread,AB774,0.6900829076766968,review,0,0.49328941106796265,0,MODERATE_RISK,0.0,
BioSpread,AC688,0.7426185011863708,review,0,0.5421599447727203,0,MODERATE_RISK,0.0,
BioSpread,UNSEEN::AD987,0.18124237656593323,medium,0,0.6498824954032898,0,LOW_RISK,0.0,
BioSpread,UNSEEN::AC521,0.18124271929264069,medium,0,0.6498819291591644,0,LOW_RISK,0.0,
BioSpread,AD328,0.7750435471534729,review,0,0.5790725350379944,0,MODERATE_RISK,0.0,
BioSpread,UNSEEN::AG894,0.18124271929264069,medium,0,0.6498819291591644,0,LOW_RISK,0.0,
BioSpread,AB012,0.5982462763786316,review,0,0.44225043058395386,0,MODERATE_RISK,0.0,
BioSpread,AB902,0.7040358781814575,review,0,0.5039567649364471,0,MODERATE_RISK,0.0,
BioSpread,UNSEEN::AA172,0.18427196145057678,medium,0,0.6449331939220428,0,LOW_RISK,0.0,
BioSpread,AE484,0.6999526023864746,review,0,0.49629640579223633,0,MODERATE_RISK,0.0,
BioSpread,UNSEEN::AG698,0.18128445744514465,medium,0,0.6497955322265625,0,LOW_RISK,0.0,
BioSpread,UNSEEN::AH341,0.18124203383922577,medium,0,0.6498830914497375,0,LOW_RISK,0.0,
BioSpread,AA623,0.7821904420852661,review,0,0.5905152857303619,0,MODERATE_RISK,0.0,
BioSpread,AA865,0.7432910799980164,review,0,0.5473521649837494,0,MODERATE_RISK,0.0,
BioSpread,AH412,0.520634651184082,review,0,0.43023133277893066,0,MODERATE_RISK,0.0,
BioSpread,UNSEEN::AD443,0.1818612664937973,medium,0,0.6488993465900421,0,LOW_RISK,0.0,
BioSpread,UNSEEN::AF742,0.18138280510902405,medium,0,0.6496163308620453,0,LOW_RISK,0.0,
BioSpread,UNSEEN::AA748,0.18124662339687347,medium,0,0.6498980522155762,0,LOW_RISK,0.0,
BioSpread,UNSEEN::AF963,0.18120332062244415,medium,0,0.6499717235565186,0,LOW_RISK,0.0,
BioSpread,UNSEEN::AA789,0.18124134838581085,medium,0,0.6498882174491882,0,LOW_RISK,0.0,
BioSpread,UNSEEN::AB651,0.1812416911125183,medium,0,0.6498836874961853,0,LOW_RISK,0.0,
BioSpread,AD747,0.6925959587097168,review,0,0.4905167818069458,0,MODERATE_RISK,0.0,
BioSpread,UNSEEN::AG612,0.18124237656593323,medium,0,0.6498824954032898,0,LOW_RISK,0.0,
BioSpread,AE064,0.20121018588542938,medium,0,0.6212655901908875,0,LOW_RISK,0.0,
BioSpread,UNSEEN::AF440,0.18128593266010284,medium,0,0.6498006582260132,0,LOW_RISK,0.0,
BioSpread,UNSEEN::AE756,0.18124277889728546,medium,0,0.6498856246471405,0,LOW_RISK,0.0,
BioSpread,AH187,0.20116189122200012,medium,0,0.6213365495204926,0,LOW_RISK,0.0,
BioSpread,UNSEEN::AD344,0.18123993277549744,medium,0,0.6498952805995941,0,LOW_RISK,0.0,
BioSpread,UNSEEN::AE816,0.1812429130077362,medium,0,0.6498892605304718,0,LOW_RISK,0.0,
BioSpread,UNSEEN::AC603,0.18128453195095062,medium,0,0.649795413017273,0,LOW_RISK,0.0,
BioSpread,UNSEEN::AC962,0.1814468801021576,medium,0,0.649516373872757,0,LOW_RISK,0.0,
BioSpread,UNSEEN::AA946,0.1813313066959381,medium,0,0.6497243940830231,0,LOW_RISK,0.0,
BioSpread,UNSEEN::AD132,0.18129406869411469,medium,0,0.6497994363307953,0,LOW_RISK,0.0,
BioSpread,AC711,0.5871687531471252,review,1,0.4515383839607239,0,MODERATE_RISK,0.0,
BioSpread,UNSEEN::AD032,0.1813460737466812,medium,0,0.6497152149677277,0,LOW_RISK,0.0,
BioSpread,AA005,0.7338563799858093,review,0,0.5313615798950195,0,MODERATE_RISK,0.0,
BioSpread,AC495,0.7257310748100281,review,0,0.5231419801712036,0,MODERATE_RISK,0.0,
BioSpread,UNSEEN::AC019,0.18191106617450714,medium,0,0.6487580835819244,0,LOW_RISK,0.0,
BioSpread,UNSEEN::AF364,0.18190744519233704,medium,0,0.6487533152103424,0,LOW_RISK,0.0,
BioSpread,UNSEEN::AG160,0.1812015324831009,medium,0,0.6499710381031036,0,LOW_RISK,0.0,
BioSpread,UNSEEN::AE145,0.18124271929264069,medium,0,0.6498819291591644,0,LOW_RISK,0.0,
BioSpread,UNSEEN::AE718,0.1812416911125183,medium,0,0.6498836874961853,0,LOW_RISK,0.0,
BioSpread,AG126,0.22998644411563873,review,0,0.590327262878418,0,LOW_RISK,0.0,
BioSpread,UNSEEN::AD956,0.18124109506607056,medium,0,0.6498848497867584,0,LOW_RISK,0.0,
BioSpread,AD774,0.6754975318908691,review,0,0.4774503707885742,0,MODERATE_RISK,0.0,
BioSpread,UNSEEN::AH135,0.18124344944953918,medium,0,0.6498844623565674,0,LOW_RISK,0.0,
BioSpread,UNSEEN::AB908,0.18124237656593323,medium,0,0.6498824954032898,0,LOW_RISK,0.0,
BioSpread,UNSEEN::AA637,0.18128490447998047,medium,0,0.649798572063446,0,LOW_RISK,0.0,
BioSpread,AH138,0.6587421894073486,review,0,0.48849552869796753,0,MODERATE_RISK,0.0,
BioSpread,AD358,0.7713032960891724,review,0,0.5762326419353485,0,MODERATE_RISK,0.0,
BioSpread,AB675,0.7338911294937134,review,0,0.5290355980396271,0,MODERATE_RISK,0.0,
BioSpread,AA067,0.7756842970848083,review,0,0.5818862020969391,0,MODERATE_RISK,0.0,
BioSpread,AD306,0.7505003809928894,review,0,0.5485356748104095,0,MODERATE_RISK,0.0,
BioSpread,UNSEEN::AE062,0.18129490315914154,medium,0,0.6498018503189087,0,LOW_RISK,0.0,
BioSpread,AA225,0.520412266254425,review,0,0.43024295568466187,0,MODERATE_RISK,0.0,
BioSpread,UNSEEN::AF007,0.18120929598808289,medium,0,0.6499722301959991,0,LOW_RISK,0.0,
BioSpread,UNSEEN::AG060,0.18124237656593323,medium,0,0.6498824954032898,0,LOW_RISK,0.0,
BioSpread,AF228,0.6473207473754883,review,0,0.46010303497314453,0,MODERATE_RISK,0.0,
BioSpread,UNSEEN::AB073,0.18138860166072845,medium,0,0.6496131718158722,0,LOW_RISK,0.0,
BioSpread,AC827,0.15883727371692657,medium,0,0.6893253922462463,0,LOW_RISK,0.0,
BioSpread,AD485,0.7671396732330322,review,1,0.5694603323936462,0,MODERATE_RISK,0.0,
BioSpread,UNSEEN::AB273,0.18125100433826447,medium,0,0.6498807668685913,0,LOW_RISK,0.0,
BioSpread,AH019,0.5907089710235596,review,0,0.4499856233596802,0,MODERATE_RISK,0.0,
BioSpread,AA036,0.7436212301254272,review,0,0.5397212505340576,0,MODERATE_RISK,0.0,
BioSpread,UNSEEN::AE570,0.1812894344329834,medium,0,0.6497950851917267,0,LOW_RISK,0.0,
BioSpread,UNSEEN::AB049,0.1815474033355713,medium,0,0.6493420898914337,0,LOW_RISK,0.0,
BioSpread,UNSEEN::AD148,0.1812402755022049,medium,0,0.6498896479606628,0,LOW_RISK,0.0,
BioSpread,AE548,0.7715083956718445,review,1,0.5752480626106262,0,MODERATE_RISK,0.0,
BioSpread,AA979,0.7661765813827515,review,0,0.5683727264404297,0,MODERATE_RISK,0.0,
BioSpread,UNSEEN::AG434,0.18130069971084595,medium,0,0.6498394310474396,0,LOW_RISK,0.0,
BioSpread,UNSEEN::AE412,0.1813966929912567,medium,0,0.6496009528636932,0,LOW_RISK,0.0,
BioSpread,UNSEEN::AF451,0.181292325258255,medium,0,0.6497964262962341,0,LOW_RISK,0.0,
BioSpread,UNSEEN::AB287,0.18132595717906952,medium,0,0.649714469909668,0,LOW_RISK,0.0,
BioSpread,UNSEEN::AE274,0.18124203383922577,medium,0,0.6498830914497375,0,LOW_RISK,0.0,
BioSpread,UNSEEN::AF048,0.18124203383922577,medium,0,0.6498830914497375,0,LOW_RISK,0.0,
BioSpread,UNSEEN::AD007,0.18133318424224854,medium,0,0.6497138440608978,0,LOW_RISK,0.0,
BioSpread,UNSEEN::AB215,0.1812416911125183,medium,0,0.6498836874961853,0,LOW_RISK,0.0,
BioSpread,UNSEEN::AG957,0.18124203383922577,medium,0,0.6498830914497375,0,LOW_RISK,0.0,
BioSpread,AD516,0.5206161141395569,review,0,0.43023228645324707,0,MODERATE_RISK,0.0,
BioSpread,UNSEEN::AF778,0.18133045732975006,medium,0,0.6497054696083069,0,LOW_RISK,0.0,
BioSpread,UNSEEN::AB144,0.18128445744514465,medium,0,0.6497955322265625,0,LOW_RISK,0.0,
BioSpread,AB258,0.7166070938110352,review,1,0.5150954127311707,0,MODERATE_RISK,0.0,
BioSpread,AC439,0.7269380688667297,review,0,0.5229808390140533,0,MODERATE_RISK,0.0,
BioSpread,UNSEEN::AB023,0.18127387762069702,medium,0,0.6498571932315826,0,LOW_RISK,0.0,
BioSpread,AA074,0.6815968751907349,review,0,0.495835542678833,0,MODERATE_RISK,0.0,
BioSpread,AG874,0.7025302052497864,review,0,0.506200522184372,0,MODERATE_RISK,0.0,
BioSpread,AA765,0.6596937775611877,review,1,0.47675734758377075,0,MODERATE_RISK,0.0,
BioSpread,UNSEEN::AB697,0.1813383549451828,medium,0,0.6497139036655426,0,LOW_RISK,0.0,
BioSpread,UNSEEN::AE503,0.18128232657909393,medium,0,0.6498039960861206,0,LOW_RISK,0.0,
BioSpread,UNSEEN::AC700,0.18129919469356537,medium,0,0.6497844755649567,0,LOW_RISK,0.0,
BioSpread,AF348,0.5861139893531799,review,0,0.43488240242004395,0,MODERATE_RISK,0.0,
BioSpread,AE578,0.687244176864624,review,0,0.48581957817077637,0,MODERATE_RISK,0.0,
BioSpread,AB944,0.7712743878364563,review,0,0.5748105049133301,0,MODERATE_RISK,0.0,
BioSpread,UNSEEN::AD342,0.18138258159160614,medium,0,0.6496302485466003,0,LOW_RISK,0.0,
BioSpread,AA316,0.7778863906860352,review,1,0.5835668742656708,0,MODERATE_RISK,0.0,
BioSpread,AB171,0.7773510217666626,review,1,0.583632081747055,0,MODERATE_RISK,0.0,
BioSpread,UNSEEN::AA712,0.18135271966457367,medium,0,0.6496955454349518,0,LOW_RISK,0.0,
BioSpread,UNSEEN::AE499,0.18124277889728546,medium,0,0.6498856246471405,0,LOW_RISK,0.0,
BioSpread,AA356,0.7768160700798035,review,1,0.5816958546638489,0,MODERATE_RISK,0.0,
BioSpread,UNSEEN::AE328,0.18124131858348846,medium,0,0.6498843431472778,0,LOW_RISK,0.0,
BioSpread,AE142,0.740063488483429,review,0,0.5366923213005066,0,MODERATE_RISK,0.0,
BioSpread,UNSEEN::AB279,0.18134309351444244,medium,0,0.6497049629688263,0,LOW_RISK,0.0,
BioSpread,AG265,0.5205605626106262,review,0,0.43023520708084106,0,MODERATE_RISK,0.0,
BioSpread,AC942,0.7363349795341492,review,0,0.5337726473808289,0,MODERATE_RISK,0.0,
BioSpread,AD458,0.5910732746124268,review,0,0.4427567720413208,0,MODERATE_RISK,0.0,
BioSpread,UNSEEN::AG094,0.1812416911125183,medium,0,0.6498836874961853,0,LOW_RISK,0.0,
BioSpread,UNSEEN::AE532,0.18124344944953918,medium,0,0.6498844623565674,0,LOW_RISK,0.0,
BioSpread,UNSEEN::AG325,0.18128515779972076,medium,0,0.6497942805290222,0,LOW_RISK,0.0,
BioSpread,UNSEEN::AC010,0.1812015324831009,medium,0,0.6499710381031036,0,LOW_RISK,0.0,
BioSpread,UNSEEN::AB376,0.18139559030532837,medium,0,0.6496081054210663,0,LOW_RISK,0.0,
BioSpread,AE109,0.7760676741600037,review,1,0.580443412065506,0,MODERATE_RISK,0.0,
BioSpread,UNSEEN::AA727,0.18128465116024017,medium,0,0.6497951745986938,0,LOW_RISK,0.0,
BioSpread,UNSEEN::AA220,0.18129518628120422,medium,0,0.6497901380062103,0,LOW_RISK,0.0,
BioSpread,AE604,0.7590296268463135,review,1,0.5601135492324829,0,MODERATE_RISK,0.0,
BioSpread,AA308,0.7542160153388977,review,0,0.5544061958789825,0,MODERATE_RISK,0.0,
BioSpread,UNSEEN::AB211,0.18132996559143066,medium,0,0.6497024893760681,0,LOW_RISK,0.0,
BioSpread,UNSEEN::AD003,0.18128594756126404,medium,0,0.6497967541217804,0,LOW_RISK,0.0,
BioSpread,AB056,0.7619785666465759,review,1,0.5625101029872894,0,MODERATE_RISK,0.0,
BioSpread,UNSEEN::AD887,0.18124152719974518,medium,0,0.6498841345310211,0,LOW_RISK,0.0,
BioSpread,UNSEEN::AH124,0.1812015324831009,medium,0,0.6499710381031036,0,LOW_RISK,0.0,
BioSpread,UNSEEN::AG163,0.181281179189682,medium,0,0.6498059630393982,0,LOW_RISK,0.0,
BioSpread,AC804,0.5204493403434753,review,0,0.43024104833602905,0,MODERATE_RISK,0.0,
BioSpread,UNSEEN::AF130,0.1812829077243805,medium,0,0.6498106420040131,0,LOW_RISK,0.0,
BioSpread,UNSEEN::AF149,0.18132923543453217,medium,0,0.649703711271286,0,LOW_RISK,0.0,
BioSpread,AA178,0.773880124092102,review,0,0.5773494243621826,0,MODERATE_RISK,0.0,
BioSpread,AA064,0.5212047100067139,review,0,0.4303414225578308,0,MODERATE_RISK,0.0,
BioSpread,UNSEEN::AE346,0.18124237656593323,medium,0,0.6498824954032898,0,LOW_RISK,0.0,
BioSpread,UNSEEN::AE850,0.18124237656593323,medium,0,0.6498824954032898,0,LOW_RISK,0.0,
BioSpread,UNSEEN::AA544,0.1812416911125183,medium,0,0.6498836874961853,0,LOW_RISK,0.0,
BioSpread,UNSEEN::AA948,0.18120291829109192,medium,0,0.6499686241149902,0,LOW_RISK,0.0,
BioSpread,UNSEEN::AA591,0.18124520778656006,medium,0,0.6498897671699524,0,LOW_RISK,0.0,
BioSpread,AF441,0.21193912625312805,medium,0,0.6120471954345703,0,LOW_RISK,0.0,
BioSpread,AB275,0.770175039768219,review,0,0.572304368019104,0,MODERATE_RISK,0.0,
BioSpread,UNSEEN::AF039,0.18124203383922577,medium,0,0.6498830914497375,0,LOW_RISK,0.0,
BioSpread,AC629,0.7768948674201965,review,0,0.5830443203449249,0,MODERATE_RISK,0.0,
BioSpread,AE415,0.7539390921592712,review,1,0.5537285506725311,0,MODERATE_RISK,0.0,
BioSpread,AG298,0.7745342254638672,review,0,0.5790111124515533,0,MODERATE_RISK,0.0,
BioSpread,UNSEEN::AA843,0.18124203383922577,medium,0,0.6498830914497375,0,LOW_RISK,0.0,
BioSpread,AD402,0.7732167840003967,review,0,0.5772665441036224,0,MODERATE_RISK,0.0,
BioSpread,UNSEEN::AG725,0.18130052089691162,medium,0,0.6497898995876312,0,LOW_RISK,0.0,
BioSpread,UNSEEN::AA127,0.18181979656219482,medium,0,0.6488387882709503,0,LOW_RISK,0.0,
BioSpread,UNSEEN::AE073,0.18124502897262573,medium,0,0.6498931646347046,0,LOW_RISK,0.0,
BioSpread,AF719,0.5204493403434753,review,0,0.43024104833602905,0,MODERATE_RISK,0.0,
BioSpread,AC773,0.7465450167655945,review,0,0.5431994795799255,0,MODERATE_RISK,0.0,
BioSpread,AF432,0.6912667751312256,review,0,0.5028770267963409,0,MODERATE_RISK,0.0,
BioSpread,UNSEEN::AE528,0.18124191462993622,medium,0,0.6498833298683167,0,LOW_RISK,0.0,
BioSpread,UNSEEN::AG212,0.1813015341758728,medium,0,0.6497860252857208,0,LOW_RISK,0.0,
BioSpread,UNSEEN::AE085,0.18124262988567352,medium,0,0.6498820781707764,0,LOW_RISK,0.0,
BioSpread,AG312,0.7600198984146118,review,0,0.5609090030193329,0,MODERATE_RISK,0.0,
BioSpread,AG114,0.6010395884513855,review,0,0.4553401470184326,0,MODERATE_RISK,0.0,
BioSpread,AE160,0.6200650334358215,review,0,0.4450138807296753,0,MODERATE_RISK,0.0,
BioSpread,UNSEEN::AA918,0.18124203383922577,medium,0,0.6498830914497375,0,LOW_RISK,0.0,
BioSpread,AF386,0.6580708026885986,review,0,0.47946542501449585,0,MODERATE_RISK,0.0,
BioSpread,AF910,0.7306469082832336,review,0,0.5279900431632996,0,MODERATE_RISK,0.0,
BioSpread,UNSEEN::AE012,0.1812416911125183,medium,0,0.6498836874961853,0,LOW_RISK,0.0,
BioSpread,UNSEEN::AA487,0.18128126859664917,medium,0,0.6498169600963593,0,LOW_RISK,0.0,
BioSpread,AC890,0.6377245187759399,review,0,0.46922188997268677,0,MODERATE_RISK,0.0,
BioSpread,UNSEEN::AC373,0.18149982392787933,medium,0,0.6494482457637787,0,LOW_RISK,0.0,
BioSpread,AG315,0.7209970951080322,review,0,0.5155974626541138,0,MODERATE_RISK,0.0,
BioSpread,UNSEEN::AH108,0.18120187520980835,medium,0,0.6499704420566559,0,LOW_RISK,0.0,
BioSpread,AD481,0.7405532598495483,review,0,0.536639004945755,0,MODERATE_RISK,0.0,
BioSpread,AB642,0.7771351337432861,review,0,0.5835729837417603,0,MODERATE_RISK,0.0,
BioSpread,UNSEEN::AA687,0.18123888969421387,medium,0,0.6498970985412598,0,LOW_RISK,0.0,
BioSpread,UNSEEN::AE473,0.1812945157289505,medium,0,0.6497913300991058,0,LOW_RISK,0.0,
BioSpread,AG424,0.5204864144325256,review,0,0.43023908138275146,0,MODERATE_RISK,0.0,
BioSpread,AF033,0.6746469140052795,review,0,0.47736799716949463,0,MODERATE_RISK,0.0,
BioSpread,UNSEEN::AC388,0.18128477036952972,medium,0,0.6497949361801147,0,LOW_RISK,0.0,
BioSpread,UNSEEN::AF198,0.1812431812286377,medium,0,0.6498887240886688,0,LOW_RISK,0.0,
BioSpread,UNSEEN::AH426,0.18124203383922577,medium,0,0.6498830914497375,0,LOW_RISK,0.0,
BioSpread,UNSEEN::AA299,0.1813768446445465,medium,0,0.6496277153491974,0,LOW_RISK,0.0,
BioSpread,UNSEEN::AC446,0.18129602074623108,medium,0,0.6497947573661804,0,LOW_RISK,0.0,
BioSpread,UNSEEN::AH471,0.18124237656593323,medium,0,0.6498824954032898,0,LOW_RISK,0.0,
BioSpread,UNSEEN::AC149,0.18132920563220978,medium,0,0.6497039198875427,0,LOW_RISK,0.0,
BioSpread,AH390,0.6494751572608948,review,1,0.4700455665588379,0,MODERATE_RISK,0.0,
BioSpread,UNSEEN::AA402,0.18242314457893372,medium,0,0.6484181880950928,0,LOW_RISK,0.0,
BioSpread,AC948,0.740298330783844,review,1,0.5438975095748901,0,MODERATE_RISK,0.0,
BioSpread,AD818,0.7344759702682495,review,1,0.535019040107727,0,MODERATE_RISK,0.0,
BioSpread,UNSEEN::AG852,0.18124271929264069,medium,0,0.6498819291591644,0,LOW_RISK,0.0,
BioSpread,UNSEEN::AC434,0.18134117126464844,medium,0,0.6497025489807129,0,LOW_RISK,0.0,
BioSpread,AE256,0.2012198269367218,medium,0,0.6212514042854309,0,LOW_RISK,0.0,
BioSpread,AF686,0.7770025134086609,review,1,0.5847427248954773,0,MODERATE_RISK,0.0,
BioSpread,UNSEEN::AA533,0.18134503066539764,medium,0,0.6497039496898651,0,LOW_RISK,0.0,
BioSpread,UNSEEN::AD805,0.18124203383922577,medium,0,0.6498830914497375,0,LOW_RISK,0.0,
BioSpread,AC100,0.744182288646698,review,0,0.5400638580322266,0,MODERATE_RISK,0.0,
BioSpread,AF154,0.6690043807029724,review,0,0.4740956425666809,0,MODERATE_RISK,0.0,
BioSpread,UNSEEN::AF210,0.18124420940876007,medium,0,0.6498869359493256,0,LOW_RISK,0.0,
BioSpread,AD533,0.7275601029396057,review,0,0.5218330025672913,0,MODERATE_RISK,0.0,
BioSpread,AF453,0.711659848690033,review,0,0.5049986243247986,0,MODERATE_RISK,0.0,
BioSpread,AA888,0.7046309113502502,review,0,0.5072580277919769,0,MODERATE_RISK,0.0,
BioSpread,AE772,0.7034494876861572,review,0,0.5073710381984711,0,MODERATE_RISK,0.0,
BioSpread,UNSEEN::AE168,0.18129578232765198,medium,0,0.6498191654682159,0,LOW_RISK,0.0,
BioSpread,AF383,0.7453557848930359,review,0,0.5476040840148926,0,MODERATE_RISK,0.0,
BioSpread,UNSEEN::AB237,0.1821923702955246,medium,0,0.6481617093086243,0,LOW_RISK,0.0,
BioSpread,UNSEEN::AE769,0.1812841296195984,medium,0,0.6497960984706879,0,LOW_RISK,0.0,
BioSpread,UNSEEN::AE869,0.18128390610218048,medium,0,0.6497965455055237,0,LOW_RISK,0.0,
BioSpread,UNSEEN::AB924,0.18142390251159668,medium,0,0.6495802104473114,0,LOW_RISK,0.0,
BioSpread,UNSEEN::AC639,0.1812867820262909,medium,0,0.6498103439807892,0,LOW_RISK,0.0,
BioSpread,UNSEEN::AG788,0.18124271929264069,medium,0,0.6498819291591644,0,LOW_RISK,0.0,
BioSpread,UNSEEN::AF539,0.18128490447998047,medium,0,0.6498025357723236,0,LOW_RISK,0.0,
BioSpread,UNSEEN::AA075,0.18128706514835358,medium,0,0.6497986614704132,0,LOW_RISK,0.0,
BioSpread,UNSEEN::AE072,0.18124203383922577,medium,0,0.6498830914497375,0,LOW_RISK,0.0,
BioSpread,UNSEEN::AE196,0.18124203383922577,medium,0,0.6498830914497375,0,LOW_RISK,0.0,
BioSpread,UNSEEN::AF791,0.181500643491745,medium,0,0.6493987441062927,0,LOW_RISK,0.0,
BioSpread,UNSEEN::AF076,0.18124271929264069,medium,0,0.6498819291591644,0,LOW_RISK,0.0,
BioSpread,AG202,0.698768675327301,review,0,0.49520158767700195,0,MODERATE_RISK,0.0,
BioSpread,UNSEEN::AF173,0.18124271929264069,medium,0,0.6498819291591644,0,LOW_RISK,0.0,
BioSpread,AF247,0.17790138721466064,medium,0,0.6592538058757782,0,LOW_RISK,0.0,
BioSpread,UNSEEN::AH478,0.18120291829109192,medium,0,0.6499686241149902,0,LOW_RISK,0.0,
BioSpread,UNSEEN::AF773,0.18124203383922577,medium,0,0.6498830914497375,0,LOW_RISK,0.0,
BioSpread,UNSEEN::AA743,0.18128325045108795,medium,0,0.6498100757598877,0,LOW_RISK,0.0,
BioSpread,AE147,0.6568317413330078,review,0,0.482710599899292,0,MODERATE_RISK,0.0,
BioSpread,AE555,0.5121172070503235,review,0,0.4227377772331238,0,MODERATE_RISK,0.0,
BioSpread,UNSEEN::AH104,0.18124237656593323,medium,0,0.6498824954032898,0,LOW_RISK,0.0,
BioSpread,UNSEEN::AG891,0.1812416911125183,medium,0,0.6498836874961853,0,LOW_RISK,0.0,
BioSpread,UNSEEN::AF829,0.18125085532665253,medium,0,0.6498954892158508,0,LOW_RISK,0.0,
BioSpread,UNSEEN::AG136,0.18128515779972076,medium,0,0.6497942805290222,0,LOW_RISK,0.0,
BioSpread,UNSEEN::AD012,0.1812445968389511,medium,0,0.6498900949954987,0,LOW_RISK,0.0,
BioSpread,UNSEEN::AA821,0.18625620007514954,medium,0,0.6417807340621948,0,LOW_RISK,0.0,
BioSpread,AD194,0.7778284549713135,review,1,0.5837281942367554,0,MODERATE_RISK,0.0,
BioSpread,UNSEEN::AH027,0.181330144405365,medium,0,0.6497060656547546,0,LOW_RISK,0.0,
BioSpread,AF636,0.6790955662727356,review,0,0.491166353225708,0,MODERATE_RISK,0.0,
BioSpread,AB361,0.7504858374595642,review,0,0.5485178828239441,0,MODERATE_RISK,0.0,
BioSpread,AC826,0.20121018588542938,medium,0,0.6212655901908875,0,LOW_RISK,0.0,
BioSpread,UNSEEN::AH070,0.18128500878810883,medium,0,0.6497945785522461,0,LOW_RISK,0.0,
BioSpread,UNSEEN::AF094,0.18124262988567352,medium,0,0.6498820781707764,0,LOW_RISK,0.0,
BioSpread,AB803,0.7035300135612488,review,0,0.5068278312683105,0,MODERATE_RISK,0.0,
BioSpread,UNSEEN::AA882,0.18154682219028473,medium,0,0.6493375897407532,0,LOW_RISK,0.0,
BioSpread,AD726,0.748816967010498,review,0,0.547928124666214,0,MODERATE_RISK,0.0,
BioSpread,UNSEEN::AD008,0.18124385178089142,medium,0,0.6498875617980957,0,LOW_RISK,0.0,
BioSpread,AG710,0.6044344902038574,review,0,0.44178682565689087,0,MODERATE_RISK,0.0,
BioSpread,UNSEEN::AC277,0.18129962682724,medium,0,0.6497906446456909,0,LOW_RISK,0.0,
BioSpread,AF184,0.43706896901130676,review,0,0.4325796961784363,0,LOW_RISK,0.0,
BioSpread,AD087,0.7433035969734192,review,0,0.5411948561668396,0,MODERATE_RISK,0.0,
BioSpread,AE685,0.6768256425857544,review,0,0.48951399326324463,0,MODERATE_RISK,0.0,
BioSpread,UNSEEN::AC221,0.1812361627817154,medium,0,0.6498889923095703,0,LOW_RISK,0.0,
BioSpread,UNSEEN::AD427,0.181333526968956,medium,0,0.6497006714344025,0,LOW_RISK,0.0,
BioSpread,AA514,0.765598714351654,review,1,0.5676775574684143,0,MODERATE_RISK,0.0,
BioSpread,UNSEEN::AE127,0.18124131858348846,medium,0,0.6498843431472778,0,LOW_RISK,0.0,
BioSpread,UNSEEN::AE322,0.18190601468086243,medium,0,0.6486647129058838,0,LOW_RISK,0.0,
BioSpread,UNSEEN::AC003,0.18128278851509094,medium,0,0.6498070359230042,0,LOW_RISK,0.0,
BioSpread,UNSEEN::AB691,0.18128526210784912,medium,0,0.6497979462146759,0,LOW_RISK,0.0,
BioSpread,UNSEEN::AG258,0.18128345906734467,medium,0,0.6498160362243652,0,LOW_RISK,0.0,
BioSpread,UNSEEN::AF695,0.18128548562526703,medium,0,0.6498053967952728,0,LOW_RISK,0.0,
BioSpread,UNSEEN::AD604,0.1812945157289505,medium,0,0.6497913300991058,0,LOW_RISK,0.0,
BioSpread,AD590,0.7349988222122192,review,1,0.5345968306064606,0,MODERATE_RISK,0.0,
BioSpread,UNSEEN::AB439,0.18120251595973969,medium,0,0.6499731540679932,0,LOW_RISK,0.0,
BioSpread,AA154,0.7317246198654175,review,0,0.5256132781505585,0,MODERATE_RISK,0.0,
BioSpread,UNSEEN::AD430,0.18124282360076904,medium,0,0.649889349937439,0,LOW_RISK,0.0,
BioSpread,AA212,0.7487480640411377,review,0,0.5457852482795715,0,MODERATE_RISK,0.0,
BioSpread,UNSEEN::AF656,0.18120291829109192,medium,0,0.6499686241149902,0,LOW_RISK,0.0,
BioSpread,UNSEEN::AG594,0.18124271929264069,medium,0,0.6498819291591644,0,LOW_RISK,0.0,
BioSpread,AB740,0.7741331458091736,review,1,0.5785107910633087,0,MODERATE_RISK,0.0,
BioSpread,AD534,0.5206161141395569,review,0,0.43023228645324707,0,MODERATE_RISK,0.0,
BioSpread,UNSEEN::AB959,0.1812424212694168,medium,0,0.6498862504959106,0,LOW_RISK,0.0,
BioSpread,UNSEEN::AG619,0.18124271929264069,medium,0,0.6498819291591644,0,LOW_RISK,0.0,
BioSpread,UNSEEN::AB845,0.18124614655971527,medium,0,0.649895042181015,0,LOW_RISK,0.0,
BioSpread,UNSEEN::AA721,0.18124237656593323,medium,0,0.6498824954032898,0,LOW_RISK,0.0,
BioSpread,AG158,0.5929725766181946,review,0,0.4415414333343506,0,MODERATE_RISK,0.0,
BioSpread,AF472,0.7689304947853088,review,0,0.5720915496349335,0,MODERATE_RISK,0.0,
BioSpread,AC570,0.7760831713676453,review,0,0.5818968415260315,0,MODERATE_RISK,0.0,
BioSpread,AG720,0.4370253086090088,review,0,0.432594358921051,0,LOW_RISK,0.0,
BioSpread,UNSEEN::AC859,0.18124203383922577,medium,0,0.6498830914497375,0,LOW_RISK,0.0,
BioSpread,AA831,0.7774857878684998,review,1,0.583431750535965,0,MODERATE_RISK,0.0,
BioSpread,UNSEEN::AA527,0.18148790299892426,medium,0,0.6494207084178925,0,LOW_RISK,0.0,
BioSpread,AG592,0.17792059481143951,medium,0,0.6592236757278442,0,LOW_RISK,0.0,
BioSpread,AF387,0.5941541790962219,review,0,0.4418048858642578,0,MODERATE_RISK,0.0,
BioSpread,UNSEEN::AA025,0.18123506009578705,medium,0,0.6499549746513367,0,LOW_RISK,0.0,
BioSpread,UNSEEN::AB708,0.18124203383922577,medium,0,0.6498830914497375,0,LOW_RISK,0.0,
BioSpread,UNSEEN::AG747,0.1812361627817154,medium,0,0.6498889923095703,0,LOW_RISK,0.0,
BioSpread,UNSEEN::AE345,0.18124203383922577,medium,0,0.6498830914497375,0,LOW_RISK,0.0,
BioSpread,AC242,0.7806099653244019,review,0,0.5891001224517822,0,MODERATE_RISK,0.0,
BioSpread,UNSEEN::AF254,0.18128515779972076,medium,0,0.6497942805290222,0,LOW_RISK,0.0,
BioSpread,AC279,0.7053969502449036,review,0,0.5075007379055023,0,MODERATE_RISK,0.0,
BioSpread,UNSEEN::AA629,0.18128278851509094,medium,0,0.649798572063446,0,LOW_RISK,0.0,
BioSpread,UNSEEN::AC382,0.18124344944953918,medium,0,0.6498844623565674,0,LOW_RISK,0.0,
BioSpread,UNSEEN::AB540,0.18129250407218933,medium,0,0.6497944593429565,0,LOW_RISK,0.0,
BioSpread,UNSEEN::AE468,0.18144962191581726,medium,0,0.6495009362697601,0,LOW_RISK,0.0,
BioSpread,UNSEEN::AE146,0.18124271929264069,medium,0,0.6498819291591644,0,LOW_RISK,0.0,
BioSpread,UNSEEN::AD761,0.18143901228904724,medium,0,0.6495078802108765,0,LOW_RISK,0.0,
BioSpread,AA159,0.7470288872718811,review,0,0.5436595380306244,0,MODERATE_RISK,0.0,
BioSpread,UNSEEN::AF102,0.18124131858348846,medium,0,0.6498843431472778,0,LOW_RISK,0.0,
BioSpread,UNSEEN::AE480,0.18153488636016846,medium,0,0.6493346691131592,0,LOW_RISK,0.0,
BioSpread,AD976,0.7619073390960693,review,0,0.5618464648723602,0,MODERATE_RISK,0.0,
BioSpread,UNSEEN::AC080,0.1812838464975357,medium,0,0.6498005390167236,0,LOW_RISK,0.0,
BioSpread,UNSEEN::AG870,0.1813785433769226,medium,0,0.6496079564094543,0,LOW_RISK,0.0,
BioSpread,UNSEEN::AD503,0.18128398060798645,medium,0,0.649796336889267,0,LOW_RISK,0.0,
BioSpread,UNSEEN::AE715,0.18134264647960663,medium,0,0.6497108638286591,0,LOW_RISK,0.0,
BioSpread,UNSEEN::AH385,0.18124385178089142,medium,0,0.6498875617980957,0,LOW_RISK,0.0,
BioSpread,UNSEEN::AB990,0.1812022477388382,medium,0,0.6499698162078857,0,LOW_RISK,0.0,
BioSpread,AG675,0.6473842859268188,review,0,0.4601316452026367,0,MODERATE_RISK,0.0,
BioSpread,AB292,0.7252855896949768,review,0,0.5252399146556854,0,MODERATE_RISK,0.0,
BioSpread,UNSEEN::AF068,0.18123917281627655,medium,0,0.6498927772045135,0,LOW_RISK,0.0,
BioSpread,UNSEEN::AB493,0.18124334514141083,medium,0,0.6498846709728241,0,LOW_RISK,0.0,
BioSpread,AC155,0.6083770990371704,review,0,0.4462442398071289,0,MODERATE_RISK,0.0,
BioSpread,UNSEEN::AH221,0.18128706514835358,medium,0,0.6497986614704132,0,LOW_RISK,0.0,
BioSpread,AF081,0.5432236194610596,review,0,0.4248720407485962,0,MODERATE_RISK,0.0,
BioSpread,UNSEEN::AE022,0.18123957514762878,medium,0,0.6498958766460419,0,LOW_RISK,0.0,
BioSpread,UNSEEN::AA853,0.18142718076705933,medium,0,0.6496897339820862,0,LOW_RISK,0.0,
BioSpread,AD315,0.7278785109519958,review,0,0.5235389173030853,0,MODERATE_RISK,0.0,
BioSpread,UNSEEN::AD673,0.18124204874038696,medium,0,0.6498909294605255,0,LOW_RISK,0.0,
BioSpread,UNSEEN::AF199,0.18128500878810883,medium,0,0.6497945785522461,0,LOW_RISK,0.0,
BioSpread,UNSEEN::AD260,0.1812964528799057,medium,0,0.6497866809368134,0,LOW_RISK,0.0,
BioSpread,AG048,0.24556021392345428,review,0,0.5652645528316498,0,LOW_RISK,0.0,
BioSpread,UNSEEN::AE559,0.18128982186317444,medium,0,0.6498024761676788,0,LOW_RISK,0.0,
BioSpread,AA837,0.7773396968841553,review,1,0.5830899178981781,0,MODERATE_RISK,0.0,
BioSpread,UNSEEN::AG085,0.18128558993339539,medium,0,0.6497973799705505,0,LOW_RISK,0.0,
BioSpread,AF053,0.23721444606781006,review,0,0.5776216387748718,0,LOW_RISK,0.0,
BioSpread,UNSEEN::AA047,0.18133200705051422,medium,0,0.6497108340263367,0,LOW_RISK,0.0,
BioSpread,UNSEEN::AA785,0.18124344944953918,medium,0,0.6498844623565674,0,LOW_RISK,0.0,
BioSpread,AD480,0.7258261442184448,review,0,0.5205991268157959,0,MODERATE_RISK,0.0,
BioSpread,AE485,0.7079688310623169,review,0,0.5037197172641754,0,MODERATE_RISK,0.0,
BioSpread,AF614,0.6987819671630859,review,0,0.495212197303772,0,MODERATE_RISK,0.0,
BioSpread,UNSEEN::AB970,0.1812913566827774,medium,0,0.6498015820980072,0,LOW_RISK,0.0,
BioSpread,UNSEEN::AG246,0.18128889799118042,medium,0,0.6498106420040131,0,LOW_RISK,0.0,
BioSpread,AG399,0.5206161141395569,review,0,0.43023228645324707,0,MODERATE_RISK,0.0,
BioSpread,AD059,0.7748643159866333,review,0,0.5793589651584625,0,MODERATE_RISK,0.0,
BioSpread,UNSEEN::AE181,0.18123723566532135,medium,0,0.6498909592628479,0,LOW_RISK,0.0,
BioSpread,AB945,0.7713146805763245,review,0,0.5739992260932922,0,MODERATE_RISK,0.0,
BioSpread,AB303,0.712922215461731,review,0,0.5111157596111298,0,MODERATE_RISK,0.0,
BioSpread,UNSEEN::AG790,0.1812022477388382,medium,0,0.6499698162078857,0,LOW_RISK,0.0,
BioSpread,AB428,0.6416727304458618,review,0,0.46686941385269165,0,MODERATE_RISK,0.0,
BioSpread,UNSEEN::AC428,0.18119938671588898,medium,0,0.649979442358017,0,LOW_RISK,0.0,
BioSpread,AF961,0.20126818120479584,medium,0,0.6211804151535034,0,LOW_RISK,0.0,
BioSpread,UNSEEN::AA365,0.18127915263175964,medium,0,0.6498042643070221,0,LOW_RISK,0.0,
BioSpread,UNSEEN::AA987,0.18124961853027344,medium,0,0.6498895287513733,0,LOW_RISK,0.0,
BioSpread,AF665,0.750886857509613,review,0,0.5505199730396271,0,MODERATE_RISK,0.0,
BioSpread,AE362,0.520634651184082,review,0,0.43023133277893066,0,MODERATE_RISK,0.0,
BioSpread,AA570,0.5103311538696289,review,0,0.45505332946777344,0,MODERATE_RISK,0.0,
BioSpread,AC056,0.7463735938072205,review,0,0.546946793794632,0,MODERATE_RISK,0.0,
BioSpread,AG686,0.19171811640262604,medium,0,0.638568639755249,0,LOW_RISK,0.0,
BioSpread,AF408,0.4937562048435211,review,0,0.4372028708457947,0,LOW_RISK,0.0,
BioSpread,UNSEEN::AG742,0.18138737976551056,medium,0,0.6496022641658783,0,LOW_RISK,0.0,
BioSpread,AE980,0.23611289262771606,review,0,0.5765043497085571,0,LOW_RISK,0.0,
BioSpread,AG683,0.7692556381225586,review,0,0.5728979110717773,0,MODERATE_RISK,0.0,
BioSpread,UNSEEN::AD641,0.1813202202320099,medium,0,0.6497826874256134,0,LOW_RISK,0.0,
BioSpread,UNSEEN::AD681,0.18124370276927948,medium,0,0.6499139070510864,0,LOW_RISK,0.0,
BioSpread,AE133,0.6612318158149719,review,0,0.47746843099594116,0,MODERATE_RISK,0.0,
BioSpread,UNSEEN::AD307,0.18542687594890594,medium,0,0.643061637878418,0,LOW_RISK,0.0,
BioSpread,UNSEEN::AF131,0.18124312162399292,medium,0,0.6498850286006927,0,LOW_RISK,0.0,
BioSpread,UNSEEN::AD099,0.18124273419380188,medium,0,0.6498947739601135,0,LOW_RISK,0.0,
BioSpread,UNSEEN::AF732,0.18128594756126404,medium,0,0.6497967541217804,0,LOW_RISK,0.0,
BioSpread,UNSEEN::AE305,0.18124428391456604,medium,0,0.6498906314373016,0,LOW_RISK,0.0,
BioSpread,AD837,0.7273369431495667,review,0,0.5202955007553101,0,MODERATE_RISK,0.0,
BioSpread,AE492,0.6088076233863831,review,0,0.4473652243614197,0,MODERATE_RISK,0.0,
BioSpread,AF676,0.34989163279533386,review,0,0.5240897536277771,0,LOW_RISK,0.0,
BioSpread,AB822,0.7632438540458679,review,0,0.5662939846515656,0,MODERATE_RISK,0.0,
BioSpread,UNSEEN::AA044,0.18120360374450684,medium,0,0.649971216917038,0,LOW_RISK,0.0,
BioSpread,AA252,0.4838525950908661,review,0,0.4447247385978699,0,LOW_RISK,0.0,
BioSpread,UNSEEN::AA340,0.18128617107868195,medium,0,0.6497963964939117,0,LOW_RISK,0.0,
BioSpread,AC803,0.6732892990112305,review,0,0.4776192903518677,0,MODERATE_RISK,0.0,
BioSpread,AE457,0.7718111872673035,review,0,0.5777939260005951,0,MODERATE_RISK,0.0,
BioSpread,UNSEEN::AG817,0.18125441670417786,medium,0,0.649877279996872,0,LOW_RISK,0.0,
BioSpread,UNSEEN::AB255,0.1813923418521881,medium,0,0.6496353149414062,0,LOW_RISK,0.0,
BioSpread,UNSEEN::AF016,0.1812867373228073,medium,0,0.6497992277145386,0,LOW_RISK,0.0,
BioSpread,AA345,0.779953122138977,review,1,0.5876549780368805,0,MODERATE_RISK,0.0,
BioSpread,UNSEEN::AG494,0.1813400685787201,medium,0,0.6496983468532562,0,LOW_RISK,0.0,
BioSpread,UNSEEN::AE116,0.18134675920009613,medium,0,0.649711936712265,0,LOW_RISK,0.0,
BioSpread,AE672,0.7454314231872559,review,0,0.5439607799053192,0,MODERATE_RISK,0.0,
BioSpread,AE427,0.7183176279067993,review,1,0.521275132894516,0,MODERATE_RISK,0.0,
BioSpread,AE157,0.625935971736908,review,0,0.4473605155944824,0,MODERATE_RISK,0.0,
BioSpread,AA595,0.7789160013198853,review,0,0.5858675241470337,0,MODERATE_RISK,0.0,
BioSpread,AA295,0.7736551761627197,review,1,0.5775150656700134,0,MODERATE_RISK,0.0,
BioSpread,AF248,0.49707531929016113,review,0,0.4460541009902954,0,LOW_RISK,0.0,
BioSpread,AA634,0.7168792486190796,review,0,0.5106731653213501,0,MODERATE_RISK,0.0,
BioSpread,AF098,0.7722949981689453,review,0,0.5766465067863464,0,MODERATE_RISK,0.0,
BioSpread,UNSEEN::AE296,0.18162664771080017,medium,0,0.6491973698139191,0,LOW_RISK,0.0,
BioSpread,AB570,0.5205790996551514,review,0,0.4302341938018799,0,MODERATE_RISK,0.0,
BioSpread,UNSEEN::AC197,0.1812416911125183,medium,0,0.6498836874961853,0,LOW_RISK,0.0,
BioSpread,UNSEEN::AE405,0.1814417839050293,medium,0,0.6495218575000763,0,LOW_RISK,0.0,
BioSpread,AF954,0.7543051242828369,review,0,0.5570620894432068,0,MODERATE_RISK,0.0,
BioSpread,AG131,0.7478712797164917,review,0,0.5453729033470154,0,MODERATE_RISK,0.0,
BioSpread,UNSEEN::AC059,0.18123754858970642,medium,0,0.6498903632164001,0,LOW_RISK,0.0,
BioSpread,UNSEEN::AD561,0.18124131858348846,medium,0,0.6498843431472778,0,LOW_RISK,0.0,
BioSpread,UNSEEN::AC899,0.18133530020713806,medium,0,0.649717390537262,0,LOW_RISK,0.0,
BioSpread,UNSEEN::AA491,0.18124085664749146,medium,0,0.6498924195766449,0,LOW_RISK,0.0,
BioSpread,UNSEEN::AC626,0.1812450885772705,medium,0,0.649896889925003,0,LOW_RISK,0.0,
BioSpread,UNSEEN::AH477,0.1812416911125183,medium,0,0.6498836874961853,0,LOW_RISK,0.0,
BioSpread,UNSEEN::AC871,0.18128594756126404,medium,0,0.6497967541217804,0,LOW_RISK,0.0,
BioSpread,UNSEEN::AC673,0.18124203383922577,medium,0,0.6498830914497375,0,LOW_RISK,0.0,
BioSpread,UNSEEN::AA309,0.181296706199646,medium,0,0.6497974395751953,0,LOW_RISK,0.0,
BioSpread,UNSEEN::AG961,0.18124191462993622,medium,0,0.6498833298683167,0,LOW_RISK,0.0,
BioSpread,UNSEEN::AF904,0.18128477036952972,medium,0,0.6497949361801147,0,LOW_RISK,0.0,
BioSpread,AE043,0.6851273775100708,review,0,0.4847579002380371,0,MODERATE_RISK,0.0,
BioSpread,AA442,0.7779998779296875,review,1,0.5841453969478607,0,MODERATE_RISK,0.0,
BioSpread,UNSEEN::AE552,0.18190623819828033,medium,0,0.6487517356872559,0,LOW_RISK,0.0,
BioSpread,UNSEEN::AG684,0.18124277889728546,medium,0,0.6498856246471405,0,LOW_RISK,0.0,
BioSpread,UNSEEN::AB937,0.18128490447998047,medium,0,0.649798572063446,0,LOW_RISK,0.0,
BioSpread,AD074,0.6688230037689209,review,0,0.48149538040161133,0,MODERATE_RISK,0.0,
BioSpread,AC408,0.7763081192970276,review,0,0.5814445912837982,0,MODERATE_RISK,0.0,
BioSpread,UNSEEN::AE464,0.18124203383922577,medium,0,0.6498830914497375,0,LOW_RISK,0.0,
BioSpread,UNSEEN::AC198,0.18124237656593323,medium,0,0.6498824954032898,0,LOW_RISK,0.0,
BioSpread,UNSEEN::AA333,0.18134143948554993,medium,0,0.6496978104114532,0,LOW_RISK,0.0,
BioSpread,AB503,0.6473715305328369,review,0,0.4601259231567383,0,MODERATE_RISK,0.0,
BioSpread,UNSEEN::AB231,0.18138647079467773,medium,0,0.6495998799800873,0,LOW_RISK,0.0,
BioSpread,UNSEEN::AF620,0.18124809861183167,medium,0,0.6498845219612122,0,LOW_RISK,0.0,
BioSpread,UNSEEN::AA090,0.1812361627817154,medium,0,0.6498889923095703,0,LOW_RISK,0.0,
BioSpread,UNSEEN::AE712,0.18133202195167542,medium,0,0.6497066617012024,0,LOW_RISK,0.0,
BioSpread,UNSEEN::AG561,0.18124039471149445,medium,0,0.6499004364013672,0,LOW_RISK,0.0,
BioSpread,UNSEEN::AF616,0.1812848448753357,medium,0,0.649798721075058,0,LOW_RISK,0.0,
BioSpread,AC222,0.7721395492553711,review,1,0.5793072283267975,0,MODERATE_RISK,0.0,
BioSpread,AC216,0.7774423360824585,review,1,0.5836959183216095,0,MODERATE_RISK,0.0,
BioSpread,UNSEEN::AA055,0.18124067783355713,medium,0,0.6498855352401733,0,LOW_RISK,0.0,
BioSpread,UNSEEN::AC651,0.1811983734369278,medium,0,0.6499812006950378,0,LOW_RISK,0.0,
BioSpread,UNSEEN::AC461,0.18128526210784912,medium,0,0.6497979462146759,0,LOW_RISK,0.0,
BioSpread,UNSEEN::AE770,0.18124385178089142,medium,0,0.6498875617980957,0,LOW_RISK,0.0,
BioSpread,UNSEEN::AG210,0.18134453892707825,medium,0,0.6497048735618591,0,LOW_RISK,0.0,
BioSpread,UNSEEN::AB297,0.18120291829109192,medium,0,0.6499686241149902,0,LOW_RISK,0.0,
BioSpread,UNSEEN::AF127,0.18124271929264069,medium,0,0.6498819291591644,0,LOW_RISK,0.0,
BioSpread,UNSEEN::AB610,0.18124131858348846,medium,0,0.6498843431472778,0,LOW_RISK,0.0,
BioSpread,UNSEEN::AD041,0.181246817111969,medium,0,0.6499102413654327,0,LOW_RISK,0.0,
BioSpread,AC919,0.7113720178604126,review,0,0.5194851458072662,0,MODERATE_RISK,0.0,
BioSpread,UNSEEN::AG380,0.18127845227718353,medium,0,0.6498017311096191,0,LOW_RISK,0.0,
BioSpread,UNSEEN::AE437,0.18154528737068176,medium,0,0.6493631601333618,0,LOW_RISK,0.0,
BioSpread,AC040,0.743430495262146,review,0,0.5412229895591736,0,MODERATE_RISK,0.0,
BioSpread,AA932,0.6005892157554626,review,0,0.4704539179801941,0,MODERATE_RISK,0.0,
BioSpread,UNSEEN::AF870,0.18128526210784912,medium,0,0.6497979462146759,0,LOW_RISK,0.0,
BioSpread,AB867,0.7359139323234558,review,0,0.5305948555469513,0,MODERATE_RISK,0.0,
BioSpread,UNSEEN::AD149,0.18123884499073029,medium,0,0.6498933434486389,0,LOW_RISK,0.0,
BioSpread,AH347,0.20125851035118103,medium,0,0.6211946308612823,0,LOW_RISK,0.0,
BioSpread,UNSEEN::AE290,0.18124271929264069,medium,0,0.6498819291591644,0,LOW_RISK,0.0,
BioSpread,UNSEEN::AE595,0.1812416911125183,medium,0,0.6498836874961853,0,LOW_RISK,0.0,
BioSpread,UNSEEN::AC349,0.18128757178783417,medium,0,0.649801641702652,0,LOW_RISK,0.0,
BioSpread,AD124,0.5205420255661011,review,0,0.43023616075515747,0,MODERATE_RISK,0.0,
BioSpread,UNSEEN::AD109,0.18128834664821625,medium,0,0.6498094201087952,0,LOW_RISK,0.0,
BioSpread,AD116,0.7102174162864685,review,0,0.506331205368042,0,MODERATE_RISK,0.0,
BioSpread,AE162,0.7713326811790466,review,0,0.5745884478092194,0,MODERATE_RISK,0.0,
BioSpread,UNSEEN::AF574,0.181253120303154,medium,0,0.6498807966709137,0,LOW_RISK,0.0,
BioSpread,AF138,0.2716827988624573,review,0,0.5387157201766968,0,LOW_RISK,0.0,
BioSpread,UNSEEN::AD446,0.18129441142082214,medium,0,0.6497955620288849,0,LOW_RISK,0.0,
BioSpread,UNSEEN::AB613,0.1814432442188263,medium,0,0.6495409607887268,0,LOW_RISK,0.0,
BioSpread,UNSEEN::AA726,0.18128465116024017,medium,0,0.6497951745986938,0,LOW_RISK,0.0,
BioSpread,UNSEEN::AC215,0.18124203383922577,medium,0,0.6498830914497375,0,LOW_RISK,0.0,
BioSpread,UNSEEN::AH375,0.18120291829109192,medium,0,0.6499686241149902,0,LOW_RISK,0.0,
BioSpread,UNSEEN::AC895,0.1812416911125183,medium,0,0.6498836874961853,0,LOW_RISK,0.0,
BioSpread,AG177,0.6107546091079712,review,0,0.44716352224349976,0,MODERATE_RISK,0.0,
BioSpread,AF323,0.2011522501707077,medium,0,0.6213507354259491,0,LOW_RISK,0.0,
BioSpread,AC800,0.2454768419265747,review,0,0.5653591156005859,0,LOW_RISK,0.0,
BioSpread,AA343,0.7674431204795837,review,0,0.5675359666347504,0,MODERATE_RISK,0.0,
BioSpread,AA327,0.7770623564720154,review,0,0.5819069147109985,0,MODERATE_RISK,0.0,
BioSpread,UNSEEN::AD674,0.1812412440776825,medium,0,0.6498923003673553,0,LOW_RISK,0.0,
BioSpread,AG510,0.2012198269367218,medium,0,0.6212514042854309,0,LOW_RISK,0.0,
BioSpread,UNSEEN::AC698,0.18123853206634521,medium,0,0.6498939394950867,0,LOW_RISK,0.0,
BioSpread,UNSEEN::AG694,0.18124230206012726,medium,0,0.6498864889144897,0,LOW_RISK,0.0,
BioSpread,UNSEEN::AC729,0.18138283491134644,medium,0,0.649677962064743,0,LOW_RISK,0.0,
BioSpread,UNSEEN::AH317,0.1812416911125183,medium,0,0.6498836874961853,0,LOW_RISK,0.0,
BioSpread,AC671,0.7761796712875366,review,0,0.5806665420532227,0,MODERATE_RISK,0.0,
BioSpread,AE488,0.24879731237888336,review,0,0.5614492297172546,0,LOW_RISK,0.0,
BioSpread,AC660,0.20612020790576935,medium,0,0.6198244094848633,0,LOW_RISK,0.0,
BioSpread,UNSEEN::AE713,0.18124385178089142,medium,0,0.6498875617980957,0,LOW_RISK,0.0,
BioSpread,AC534,0.7570194005966187,review,0,0.5569625198841095,0,MODERATE_RISK,0.0,
BioSpread,AB679,0.7661558985710144,review,0,0.566378116607666,0,MODERATE_RISK,0.0,
BioSpread,UNSEEN::AE218,0.18120276927947998,medium,0,0.6499689221382141,0,LOW_RISK,0.0,
BioSpread,UNSEEN::AA048,0.19076742231845856,medium,0,0.6356076300144196,0,LOW_RISK,0.0,
BioSpread,AC090,0.7655648589134216,review,0,0.567434698343277,0,MODERATE_RISK,0.0,
BioSpread,UNSEEN::AD750,0.18124206364154816,medium,0,0.6498868465423584,0,LOW_RISK,0.0,
BioSpread,UNSEEN::AC878,0.18128515779972076,medium,0,0.6497942805290222,0,LOW_RISK,0.0,
BioSpread,AA608,0.6994783282279968,review,0,0.49618810415267944,0,MODERATE_RISK,0.0,
BioSpread,AE432,0.5205234885215759,review,0,0.4302371144294739,0,MODERATE_RISK,0.0,
BioSpread,UNSEEN::AB126,0.18128733336925507,medium,0,0.6498022377490997,0,LOW_RISK,0.0,
BioSpread,AF482,0.5818747878074646,review,0,0.4386640191078186,0,MODERATE_RISK,0.0,
BioSpread,UNSEEN::AG688,0.18124203383922577,medium,0,0.6498830914497375,0,LOW_RISK,0.0,
BioSpread,UNSEEN::AG525,0.18124237656593323,medium,0,0.6498824954032898,0,LOW_RISK,0.0,
BioSpread,AB568,0.687662661075592,review,0,0.494600772857666,0,MODERATE_RISK,0.0,
BioSpread,AF226,0.2012391835451126,medium,0,0.621222972869873,0,LOW_RISK,0.0,
BioSpread,UNSEEN::AG139,0.1812419444322586,medium,0,0.6498942971229553,0,LOW_RISK,0.0,
BioSpread,UNSEEN::AA207,0.18128710985183716,medium,0,0.6498024761676788,0,LOW_RISK,0.0,
BioSpread,UNSEEN::AC444,0.18128706514835358,medium,0,0.6497986614704132,0,LOW_RISK,0.0,
BioSpread,UNSEEN::AF970,0.18120291829109192,medium,0,0.6499686241149902,0,LOW_RISK,0.0,
BioSpread,UNSEEN::AD811,0.18123993277549744,medium,0,0.6498952805995941,0,LOW_RISK,0.0,
BioSpread,UNSEEN::AB358,0.18138667941093445,medium,0,0.6496086716651917,0,LOW_RISK,0.0,
BioSpread,AD578,0.7620916366577148,review,1,0.5640861690044403,0,MODERATE_RISK,0.0,
BioSpread,UNSEEN::AC130,0.18124157190322876,medium,0,0.6498839259147644,0,LOW_RISK,0.0,
BioSpread,UNSEEN::AA954,0.18124277889728546,medium,0,0.6498856246471405,0,LOW_RISK,0.0,
BioSpread,UNSEEN::AB389,0.18123909831047058,medium,0,0.6499150991439819,0,LOW_RISK,0.0,
BioSpread,UNSEEN::AC285,0.1812341809272766,medium,0,0.6499280333518982,0,LOW_RISK,0.0,
BioSpread,AH435,0.20108474791049957,medium,0,0.6214499473571777,0,LOW_RISK,0.0,
BioSpread,UNSEEN::AC041,0.18137866258621216,medium,0,0.6496418714523315,0,LOW_RISK,0.0,
BioSpread,AB601,0.7724025845527649,review,0,0.57612344622612,0,MODERATE_RISK,0.0,
BioSpread,AF812,0.7695091366767883,review,0,0.5717574954032898,0,MODERATE_RISK,0.0,
BioSpread,UNSEEN::AF711,0.18124920129776,medium,0,0.6498813331127167,0,LOW_RISK,0.0,
BioSpread,UNSEEN::AF291,0.18120653927326202,medium,0,0.649974524974823,0,LOW_RISK,0.0,
BioSpread,AD926,0.43704715371131897,review,0,0.43258702754974365,0,LOW_RISK,0.0,
BioSpread,UNSEEN::AF355,0.1812416911125183,medium,0,0.6498836874961853,0,LOW_RISK,0.0,
BioSpread,UNSEEN::AD240,0.1812022477388382,medium,0,0.6499698162078857,0,LOW_RISK,0.0,
BioSpread,UNSEEN::AE470,0.18137915432453156,medium,0,0.6496107876300812,0,LOW_RISK,0.0,
BioSpread,AD584,0.7759880423545837,review,0,0.5816654562950134,0,MODERATE_RISK,0.0,
BioSpread,UNSEEN::AF055,0.18128477036952972,medium,0,0.6497949361801147,0,LOW_RISK,0.0,
BioSpread,UNSEEN::AF522,0.18138167262077332,medium,0,0.6496142745018005,0,LOW_RISK,0.0,
BioSpread,AA338,0.7800440788269043,review,1,0.5868403017520905,0,MODERATE_RISK,0.0,
BioSpread,UNSEEN::AD532,0.18134143948554993,medium,0,0.649703711271286,0,LOW_RISK,0.0,
BioSpread,AC115,0.514011025428772,review,0,0.4229983687400818,0,MODERATE_RISK,0.0,
BioSpread,UNSEEN::AD695,0.18124237656593323,medium,0,0.6498824954032898,0,LOW_RISK,0.0,
BioSpread,UNSEEN::AB916,0.18124108016490936,medium,0,0.649884819984436,0,LOW_RISK,0.0,
BioSpread,AA926,0.2012391835451126,medium,0,0.621222972869873,0,LOW_RISK,0.0,
BioSpread,UNSEEN::AE420,0.18124312162399292,medium,0,0.6498850286006927,0,LOW_RISK,0.0,
BioSpread,UNSEEN::AA189,0.18124271929264069,medium,0,0.6498819291591644,0,LOW_RISK,0.0,
BioSpread,UNSEEN::AE918,0.18139177560806274,medium,0,0.649599015712738,0,LOW_RISK,0.0,
BioSpread,UNSEEN::AF429,0.18134181201457977,medium,0,0.6497062742710114,0,LOW_RISK,0.0,
BioSpread,AB324,0.6411418914794922,review,0,0.46859484910964966,0,MODERATE_RISK,0.0,
BioSpread,UNSEEN::AB934,0.18124237656593323,medium,0,0.6498824954032898,0,LOW_RISK,0.0,
BioSpread,UNSEEN::AE150,0.18124271929264069,medium,0,0.6498819291591644,0,LOW_RISK,0.0,
BioSpread,AA401,0.7651137709617615,review,1,0.5681968033313751,0,MODERATE_RISK,0.0,
BioSpread,UNSEEN::AA755,0.18120139837265015,medium,0,0.6499784588813782,0,LOW_RISK,0.0,
BioSpread,UNSEEN::AE118,0.18139825761318207,medium,0,0.6496060788631439,0,LOW_RISK,0.0,
BioSpread,AA170,0.7800993919372559,review,0,0.5870745480060577,0,MODERATE_RISK,0.0,
BioSpread,UNSEEN::AE030,0.1815508008003235,medium,0,0.649306982755661,0,LOW_RISK,0.0,
BioSpread,UNSEEN::AC367,0.18119873106479645,medium,0,0.6499768197536469,0,LOW_RISK,0.0,
BioSpread,UNSEEN::AB450,0.18124312162399292,medium,0,0.6498850286006927,0,LOW_RISK,0.0,
BioSpread,UNSEEN::AE565,0.18127651512622833,medium,0,0.6498219072818756,0,LOW_RISK,0.0,
BioSpread,AB229,0.776130735874176,review,1,0.5812884569168091,0,MODERATE_RISK,0.0,
BioSpread,UNSEEN::AB021,0.1812015324831009,medium,0,0.6499710381031036,0,LOW_RISK,0.0,
BioSpread,UNSEEN::AB343,0.18133199214935303,medium,0,0.6497440934181213,0,LOW_RISK,0.0,
BioSpread,AE404,0.6413634419441223,review,0,0.46225327253341675,0,MODERATE_RISK,0.0,
BioSpread,UNSEEN::AE343,0.1812361627817154,medium,0,0.6498889923095703,0,LOW_RISK,0.0,
BioSpread,UNSEEN::AB604,0.18134205043315887,medium,0,0.6497305631637573,0,LOW_RISK,0.0,
BioSpread,UNSEEN::AF057,0.18124237656593323,medium,0,0.6498824954032898,0,LOW_RISK,0.0,
BioSpread,UNSEEN::AB834,0.18142756819725037,medium,0,0.6495047211647034,0,LOW_RISK,0.0,
BioSpread,UNSEEN::AE728,0.1812416911125183,medium,0,0.6498836874961853,0,LOW_RISK,0.0,
BioSpread,AA436,0.7784278392791748,review,1,0.5847293138504028,0,MODERATE_RISK,0.0,
BioSpread,UNSEEN::AG324,0.18124312162399292,medium,0,0.6498850286006927,0,LOW_RISK,0.0,
BioSpread,UNSEEN::AG124,0.18120929598808289,medium,0,0.6499722301959991,0,LOW_RISK,0.0,
BioSpread,AG670,0.2881457209587097,review,0,0.528711348772049,0,LOW_RISK,0.0,
BioSpread,UNSEEN::AB713,0.18132640421390533,medium,0,0.6497739851474762,0,LOW_RISK,0.0,
BioSpread,AB557,0.7488707900047302,review,1,0.548075407743454,0,MODERATE_RISK,0.0,
BioSpread,UNSEEN::AE436,0.1812416911125183,medium,0,0.6498836874961853,0,LOW_RISK,0.0,
BioSpread,AA781,0.7325649857521057,review,1,0.536546528339386,0,MODERATE_RISK,0.0,
BioSpread,AB957,0.7752183079719543,review,0,0.5805914998054504,0,MODERATE_RISK,0.0,
BioSpread,UNSEEN::AG582,0.18119636178016663,medium,0,0.6499757468700409,0,LOW_RISK,0.0,
BioSpread,AB442,0.7296215295791626,review,1,0.5283790826797485,0,MODERATE_RISK,0.0,
BioSpread,UNSEEN::AD036,0.18148642778396606,medium,0,0.6494702994823456,0,LOW_RISK,0.0,
BioSpread,UNSEEN::AC848,0.18124420940876007,medium,0,0.6498869359493256,0,LOW_RISK,0.0,
BioSpread,AC058,0.6946907639503479,review,0,0.4922083020210266,0,MODERATE_RISK,0.0,
BioSpread,UNSEEN::AD824,0.18140722811222076,medium,0,0.6496106386184692,0,LOW_RISK,0.0,
BioSpread,AE551,0.7100812792778015,review,0,0.5104466080665588,0,MODERATE_RISK,0.0,
BioSpread,UNSEEN::AG568,0.18128083646297455,medium,0,0.6498051285743713,0,LOW_RISK,0.0,
BioSpread,UNSEEN::AA320,0.18154752254486084,medium,0,0.6493072211742401,0,LOW_RISK,0.0,
BioSpread,UNSEEN::AF645,0.18124237656593323,medium,0,0.6498824954032898,0,LOW_RISK,0.0,
BioSpread,UNSEEN::AH371,0.18123815953731537,medium,0,0.6498945355415344,0,LOW_RISK,0.0,
BioSpread,UNSEEN::AG663,0.18124203383922577,medium,0,0.6498830914497375,0,LOW_RISK,0.0,
BioSpread,AD506,0.7008869647979736,review,0,0.5031484663486481,0,MODERATE_RISK,0.0,
BioSpread,UNSEEN::AC422,0.1813308298587799,medium,0,0.6497048735618591,0,LOW_RISK,0.0,
BioSpread,UNSEEN::AD117,0.1813296228647232,medium,0,0.6497030854225159,0,LOW_RISK,0.0,
BioSpread,UNSEEN::AD700,0.18124277889728546,medium,0,0.6498856246471405,0,LOW_RISK,0.0,
BioSpread,AG746,0.6343634724617004,review,0,0.45833808183670044,0,MODERATE_RISK,0.0,
BioSpread,UNSEEN::AG495,0.18139567971229553,medium,0,0.6496047675609589,0,LOW_RISK,0.0,
BioSpread,AC524,0.7090021967887878,review,0,0.5030351281166077,0,MODERATE_RISK,0.0,
BioSpread,AG024,0.5126838088035583,review,0,0.4228261113166809,0,MODERATE_RISK,0.0,
BioSpread,AD691,0.20119087398052216,medium,0,0.6212939918041229,0,LOW_RISK,0.0,
BioSpread,AE006,0.1617232710123062,medium,0,0.6839546263217926,0,LOW_RISK,0.0,
BioSpread,AC542,0.7756234407424927,review,0,0.5803221464157104,0,MODERATE_RISK,0.0,
BioSpread,AF582,0.7713058590888977,review,0,0.5736905038356781,0,MODERATE_RISK,0.0,
BioSpread,AC798,0.6599405407905579,review,0,0.48357003927230835,0,MODERATE_RISK,0.0,
BioSpread,UNSEEN::AB234,0.1812022477388382,medium,0,0.6499698162078857,0,LOW_RISK,0.0,
BioSpread,UNSEEN::AB617,0.18124237656593323,medium,0,0.6498824954032898,0,LOW_RISK,0.0,
BioSpread,UNSEEN::AB942,0.18120257556438446,medium,0,0.649969220161438,0,LOW_RISK,0.0,
BioSpread,AC134,0.7708590626716614,review,0,0.5728806853294373,0,MODERATE_RISK,0.0,
BioSpread,AD524,0.5205790996551514,review,0,0.4302341938018799,0,MODERATE_RISK,0.0,
BioSpread,AF315,0.6318066716194153,review,0,0.44993066787719727,0,MODERATE_RISK,0.0,
BioSpread,AD434,0.5828216671943665,review,0,0.43964481353759766,0,MODERATE_RISK,0.0,
BioSpread,UNSEEN::AB088,0.1813458949327469,medium,0,0.6496972739696503,0,LOW_RISK,0.0,
BioSpread,UNSEEN::AE695,0.18124349415302277,medium,0,0.6498881876468658,0,LOW_RISK,0.0,
BioSpread,AB072,0.7660179734230042,review,1,0.5689126551151276,0,MODERATE_RISK,0.0,
BioSpread,UNSEEN::AH253,0.18124237656593323,medium,0,0.6498824954032898,0,LOW_RISK,0.0,
BioSpread,AD665,0.6834326386451721,review,0,0.49012184143066406,0,MODERATE_RISK,0.0,
BioSpread,AF185,0.6670994162559509,review,0,0.4726581573486328,0,MODERATE_RISK,0.0,
BioSpread,UNSEEN::AB163,0.1813431680202484,medium,0,0.6497212648391724,0,LOW_RISK,0.0,
BioSpread,UNSEEN::AB216,0.1812416911125183,medium,0,0.6498836874961853,0,LOW_RISK,0.0,
BioSpread,AC710,0.3282867670059204,review,0,0.489952027797699,0,LOW_RISK,0.0,
BioSpread,UNSEEN::AE819,0.18123331665992737,medium,0,0.6499287188053131,0,LOW_RISK,0.0,
BioSpread,UNSEEN::AF920,0.1813296228647232,medium,0,0.6497030854225159,0,LOW_RISK,0.0,
BioSpread,UNSEEN::AA471,0.18128477036952972,medium,0,0.6497949361801147,0,LOW_RISK,0.0,
BioSpread,AG199,0.7169824838638306,review,0,0.5206419825553894,0,MODERATE_RISK,0.0,
BioSpread,AB872,0.777100682258606,review,0,0.5832493901252747,0,MODERATE_RISK,0.0,
BioSpread,UNSEEN::AF334,0.18128128349781036,medium,0,0.6498057842254639,0,LOW_RISK,0.0,
BioSpread,AF644,0.6836689710617065,review,0,0.48834288120269775,0,MODERATE_RISK,0.0,
BioSpread,UNSEEN::AA394,0.18128439784049988,medium,0,0.6498067677021027,0,LOW_RISK,0.0,
BioSpread,UNSEEN::AC569,0.18133169412612915,medium,0,0.6497071981430054,0,LOW_RISK,0.0,
BioSpread,UNSEEN::AA569,0.18128445744514465,medium,0,0.6497955322265625,0,LOW_RISK,0.0,
BioSpread,AC661,0.6907077431678772,review,0,0.4929139018058777,0,MODERATE_RISK,0.0,
BioSpread,UNSEEN::AD089,0.1812792420387268,medium,0,0.6498002409934998,0,LOW_RISK,0.0,
BioSpread,UNSEEN::AE884,0.18138790130615234,medium,0,0.6496179401874542,0,LOW_RISK,0.0,
BioSpread,UNSEEN::AA511,0.18128550052642822,medium,0,0.6497937142848969,0,LOW_RISK,0.0,
BioSpread,AD600,0.7191995978355408,review,1,0.5212994813919067,0,MODERATE_RISK,0.0,
BioSpread,AD163,0.7348772287368774,review,0,0.5326782763004303,0,MODERATE_RISK,0.0,
BioSpread,AE509,0.6644706726074219,review,0,0.4710919260978699,0,MODERATE_RISK,0.0,
BioSpread,UNSEEN::AG604,0.18120187520980835,medium,0,0.6499704420566559,0,LOW_RISK,0.0,
BioSpread,UNSEEN::AE198,0.18124203383922577,medium,0,0.6498830914497375,0,LOW_RISK,0.0,
BioSpread,AC151,0.1609489470720291,medium,0,0.6849888861179352,0,LOW_RISK,0.0,
BioSpread,UNSEEN::AH376,0.1812416911125183,medium,0,0.6498836874961853,0,LOW_RISK,0.0,
BioSpread,AA751,0.7666323184967041,review,0,0.5715826153755188,0,MODERATE_RISK,0.0,
BioSpread,AC549,0.5205790996551514,review,0,0.4302341938018799,0,MODERATE_RISK,0.0,
BioSpread,UNSEEN::AA210,0.1812416911125183,medium,0,0.6498836874961853,0,LOW_RISK,0.0,
BioSpread,UNSEEN::AC250,0.1812416911125183,medium,0,0.6498836874961853,0,LOW_RISK,0.0,
BioSpread,UNSEEN::AB247,0.18128477036952972,medium,0,0.6497949361801147,0,LOW_RISK,0.0,
BioSpread,AB914,0.5927749872207642,review,0,0.4406450390815735,0,MODERATE_RISK,0.0,
BioSpread,UNSEEN::AG999,0.18124237656593323,medium,0,0.6498824954032898,0,LOW_RISK,0.0,
BioSpread,UNSEEN::AG516,0.18133361637592316,medium,0,0.6497229635715485,0,LOW_RISK,0.0,
BioSpread,UNSEEN::AG652,0.18128558993339539,medium,0,0.6497973799705505,0,LOW_RISK,0.0,
BioSpread,AA199,0.6943289637565613,review,0,0.49011504650115967,0,MODERATE_RISK,0.0,
BioSpread,UNSEEN::AE680,0.18124271929264069,medium,0,0.6498819291591644,0,LOW_RISK,0.0,
BioSpread,UNSEEN::AG391,0.1812504082918167,medium,0,0.6498868763446808,0,LOW_RISK,0.0,
BioSpread,UNSEEN::AD469,0.1812022477388382,medium,0,0.6499698162078857,0,LOW_RISK,0.0,
BioSpread,UNSEEN::AD920,0.18124131858348846,medium,0,0.6498843431472778,0,LOW_RISK,0.0,
BioSpread,AF088,0.6642397046089172,review,0,0.4708925485610962,0,MODERATE_RISK,0.0,
BioSpread,UNSEEN::AD039,0.18120187520980835,medium,0,0.6499704420566559,0,LOW_RISK,0.0,
BioSpread,UNSEEN::AE547,0.18124203383922577,medium,0,0.6498830914497375,0,LOW_RISK,0.0,
BioSpread,AE186,0.6375130414962769,review,0,0.4601518511772156,0,MODERATE_RISK,0.0,
BioSpread,AB541,0.7764617800712585,review,0,0.5815660953521729,0,MODERATE_RISK,0.0,
BioSpread,UNSEEN::AD715,0.1812802404165268,medium,0,0.6498023569583893,0,LOW_RISK,0.0,
BioSpread,UNSEEN::AB960,0.18124128878116608,medium,0,0.649884432554245,0,LOW_RISK,0.0,
BioSpread,UNSEEN::AA032,0.18643057346343994,medium,0,0.6448309123516083,0,LOW_RISK,0.0,
BioSpread,AC774,0.7770314812660217,review,0,0.5827585458755493,0,MODERATE_RISK,0.0,
BioSpread,AE944,0.707673966884613,review,0,0.5059253573417664,0,MODERATE_RISK,0.0,
BioSpread,UNSEEN::AG575,0.18124344944953918,medium,0,0.6498844623565674,0,LOW_RISK,0.0,
BioSpread,AD241,0.7257713079452515,review,0,0.524104505777359,0,MODERATE_RISK,0.0,
BioSpread,UNSEEN::AG881,0.18124203383922577,medium,0,0.6498830914497375,0,LOW_RISK,0.0,
BioSpread,UNSEEN::AD069,0.1812853217124939,medium,0,0.6498070359230042,0,LOW_RISK,0.0,
BioSpread,UNSEEN::AH149,0.18128570914268494,medium,0,0.6498009860515594,0,LOW_RISK,0.0,
BioSpread,AA202,0.6862199902534485,review,0,0.48391813039779663,0,MODERATE_RISK,0.0,
BioSpread,UNSEEN::AA438,0.1813904494047165,medium,0,0.6496089100837708,0,LOW_RISK,0.0,
BioSpread,AA114,0.7604593634605408,review,1,0.5627186298370361,0,MODERATE_RISK,0.0,
BioSpread,AE318,0.7469803690910339,review,0,0.5469803810119629,0,MODERATE_RISK,0.0,
BioSpread,UNSEEN::AF306,0.18124237656593323,medium,0,0.6498824954032898,0,LOW_RISK,0.0,
BioSpread,AD374,0.5205234885215759,review,0,0.4302371144294739,0,MODERATE_RISK,0.0,
BioSpread,UNSEEN::AH069,0.18123884499073029,medium,0,0.6498933434486389,0,LOW_RISK,0.0,
BioSpread,AF269,0.739054799079895,review,0,0.5402695834636688,0,MODERATE_RISK,0.0,
BioSpread,UNSEEN::AC359,0.1814313381910324,medium,0,0.6495100259780884,0,LOW_RISK,0.0,
BioSpread,UNSEEN::AH055,0.18124420940876007,medium,0,0.6498869359493256,0,LOW_RISK,0.0,
BioSpread,UNSEEN::AA495,0.18124203383922577,medium,0,0.6498830914497375,0,LOW_RISK,0.0,
BioSpread,UNSEEN::AG858,0.18123917281627655,medium,0,0.6498927772045135,0,LOW_RISK,0.0,
BioSpread,UNSEEN::AA481,0.18124191462993622,medium,0,0.6498833298683167,0,LOW_RISK,0.0,
BioSpread,UNSEEN::AH060,0.18124277889728546,medium,0,0.6498856246471405,0,LOW_RISK,0.0,
BioSpread,UNSEEN::AE453,0.18128477036952972,medium,0,0.6497949361801147,0,LOW_RISK,0.0,
BioSpread,UNSEEN::AE325,0.18124203383922577,medium,0,0.6498830914497375,0,LOW_RISK,0.0,
BioSpread,AC577,0.7778632044792175,review,0,0.5844176411628723,0,MODERATE_RISK,0.0,
BioSpread,UNSEEN::AG132,0.18130360543727875,medium,0,0.6498163938522339,0,LOW_RISK,0.0,
BioSpread,UNSEEN::AD568,0.1812489628791809,medium,0,0.6499094367027283,0,LOW_RISK,0.0,
BioSpread,UNSEEN::AD428,0.18124131858348846,medium,0,0.6498843431472778,0,LOW_RISK,0.0,
BioSpread,UNSEEN::AA321,0.18143869936466217,medium,0,0.6495163440704346,0,LOW_RISK,0.0,
BioSpread,UNSEEN::AF278,0.18128477036952972,medium,0,0.6497949361801147,0,LOW_RISK,0.0,
BioSpread,AF043,0.7788353562355042,review,0,0.5864523649215698,0,MODERATE_RISK,0.0,
BioSpread,AF333,0.581311821937561,review,0,0.43845391273498535,0,MODERATE_RISK,0.0,
BioSpread,AB238,0.7558973431587219,review,1,0.5568303167819977,0,MODERATE_RISK,0.0,
BioSpread,UNSEEN::AH022,0.1812860518693924,medium,0,0.6498004198074341,0,LOW_RISK,0.0,
BioSpread,UNSEEN::AD819,0.18124906718730927,medium,0,0.6499053537845612,0,LOW_RISK,0.0,
BioSpread,UNSEEN::AE967,0.18124206364154816,medium,0,0.6498868465423584,0,LOW_RISK,0.0,
BioSpread,UNSEEN::AA118,0.18183575570583344,medium,0,0.648819088935852,0,LOW_RISK,0.0,
BioSpread,AB768,0.6610919833183289,review,0,0.4739108085632324,0,MODERATE_RISK,0.0,
BioSpread,AC105,0.7548516988754272,review,1,0.5547448098659515,0,MODERATE_RISK,0.0,
BioSpread,AD989,0.647396981716156,review,0,0.46013742685317993,0,MODERATE_RISK,0.0,
BioSpread,UNSEEN::AD873,0.18128757178783417,medium,0,0.649801641702652,0,LOW_RISK,0.0,
BioSpread,UNSEEN::AB597,0.18133100867271423,medium,0,0.64970463514328,0,LOW_RISK,0.0,
BioSpread,UNSEEN::AE018,0.18138831853866577,medium,0,0.6496303379535675,0,LOW_RISK,0.0,
BioSpread,AD927,0.43704715371131897,review,0,0.43258702754974365,0,LOW_RISK,0.0,
BioSpread,UNSEEN::AA484,0.18138864636421204,medium,0,0.6496061980724335,0,LOW_RISK,0.0,
BioSpread,UNSEEN::AG962,0.1812416911125183,medium,0,0.6498836874961853,0,LOW_RISK,0.0,
BioSpread,UNSEEN::AB261,0.18124517798423767,medium,0,0.6499130427837372,0,LOW_RISK,0.0,
BioSpread,UNSEEN::AC868,0.18128837645053864,medium,0,0.6498040854930878,0,LOW_RISK,0.0,
BioSpread,AA597,0.6923143267631531,review,0,0.49456459283828735,0,MODERATE_RISK,0.0,
BioSpread,AA698,0.7641955614089966,review,1,0.5663099884986877,0,MODERATE_RISK,0.0,
BioSpread,AC057,0.6940065026283264,review,0,0.49192118644714355,0,MODERATE_RISK,0.0,
BioSpread,UNSEEN::AA392,0.181243896484375,medium,0,0.6498896181583405,0,LOW_RISK,0.0,
BioSpread,UNSEEN::AH485,0.18128445744514465,medium,0,0.6497955322265625,0,LOW_RISK,0.0,
BioSpread,UNSEEN::AE928,0.18205979466438293,medium,0,0.6484692990779877,0,LOW_RISK,0.0,
BioSpread,UNSEEN::AC435,0.18120324611663818,medium,0,0.6499718129634857,0,LOW_RISK,0.0,
BioSpread,AB379,0.4917488694190979,review,0,0.4230632781982422,0,LOW_RISK,0.0,
BioSpread,AD038,0.667055070400238,review,0,0.47772467136383057,0,MODERATE_RISK,0.0,
BioSpread,UNSEEN::AC303,0.18141818046569824,medium,0,0.6495670974254608,0,LOW_RISK,0.0,
BioSpread,UNSEEN::AH510,0.1812416911125183,medium,0,0.6498836874961853,0,LOW_RISK,0.0,
BioSpread,AG108,0.7683205604553223,review,0,0.5707170963287354,0,MODERATE_RISK,0.0,
BioSpread,AC360,0.2703034281730652,review,0,0.5476268231868744,0,LOW_RISK,0.0,
BioSpread,UNSEEN::AB739,0.18129080533981323,medium,0,0.6497966051101685,0,LOW_RISK,0.0,
BioSpread,UNSEEN::AA711,0.18132765591144562,medium,0,0.6497107446193695,0,LOW_RISK,0.0,
BioSpread,UNSEEN::AD500,0.1812015324831009,medium,0,0.6499710381031036,0,LOW_RISK,0.0,
BioSpread,UNSEEN::AH015,0.1812022477388382,medium,0,0.6499698162078857,0,LOW_RISK,0.0,
BioSpread,AA240,0.1776919811964035,medium,0,0.6573771238327026,0,LOW_RISK,0.0,
BioSpread,UNSEEN::AE067,0.18133006989955902,medium,0,0.6497266888618469,0,LOW_RISK,0.0,
BioSpread,AC230,0.5503798127174377,review,0,0.44401848316192627,0,MODERATE_RISK,0.0,
BioSpread,AA434,0.7791111469268799,review,1,0.5859012603759766,0,MODERATE_RISK,0.0,
BioSpread,AG614,0.6077123284339905,review,0,0.4463329315185547,0,MODERATE_RISK,0.0,
BioSpread,UNSEEN::AG355,0.18125168979167938,medium,0,0.6498794853687286,0,LOW_RISK,0.0,
BioSpread,UNSEEN::AC404,0.18124131858348846,medium,0,0.6498843431472778,0,LOW_RISK,0.0,
BioSpread,UNSEEN::AE033,0.18124237656593323,medium,0,0.6498824954032898,0,LOW_RISK,0.0,
BioSpread,UNSEEN::AD381,0.1812416911125183,medium,0,0.6498836874961853,0,LOW_RISK,0.0,
BioSpread,UNSEEN::AA550,0.18124271929264069,medium,0,0.6498819291591644,0,LOW_RISK,0.0,
BioSpread,UNSEEN::AG320,0.18133652210235596,medium,0,0.6496980488300323,0,LOW_RISK,0.0,
BioSpread,AE298,0.6872278451919556,review,0,0.4858090877532959,0,MODERATE_RISK,0.0,
BioSpread,AA045,0.7770228981971741,review,1,0.582545667886734,0,MODERATE_RISK,0.0,
BioSpread,UNSEEN::AF953,0.1812416911125183,medium,0,0.6498836874961853,0,LOW_RISK,0.0,
BioSpread,UNSEEN::AE583,0.18144626915454865,medium,0,0.6495484113693237,0,LOW_RISK,0.0,
BioSpread,UNSEEN::AG448,0.18124203383922577,medium,0,0.6498830914497375,0,LOW_RISK,0.0,
BioSpread,UNSEEN::AD518,0.18207411468029022,medium,0,0.6483437418937683,0,LOW_RISK,0.0,
BioSpread,UNSEEN::AG401,0.1812368482351303,medium,0,0.6498878300189972,0,LOW_RISK,0.0,
BioSpread,UNSEEN::AF438,0.18124420940876007,medium,0,0.6498869359493256,0,LOW_RISK,0.0,
BioSpread,AF563,0.7737249135971069,review,1,0.5778340399265289,0,MODERATE_RISK,0.0,
BioSpread,UNSEEN::AE477,0.18124237656593323,medium,0,0.6498824954032898,0,LOW_RISK,0.0,
BioSpread,UNSEEN::AA115,0.1812416911125183,medium,0,0.6498836874961853,0,LOW_RISK,0.0,
BioSpread,UNSEEN::AF067,0.18133635818958282,medium,0,0.6497186422348022,0,LOW_RISK,0.0,
BioSpread,UNSEEN::AC354,0.18124203383922577,medium,0,0.6498830914497375,0,LOW_RISK,0.0,
BioSpread,UNSEEN::AB770,0.18128490447998047,medium,0,0.649798572063446,0,LOW_RISK,0.0,
BioSpread,AF521,0.6212132573127747,review,0,0.45069199800491333,0,MODERATE_RISK,0.0,
BioSpread,AH220,0.19010330736637115,medium,0,0.6409264504909515,0,LOW_RISK,0.0,
BioSpread,AD454,0.6872475147247314,review,0,0.4858216643333435,0,MODERATE_RISK,0.0,
BioSpread,AA525,0.7757531404495239,review,1,0.5799452662467957,0,MODERATE_RISK,0.0,
BioSpread,UNSEEN::AE267,0.1812361627817154,medium,0,0.6498889923095703,0,LOW_RISK,0.0,
BioSpread,AE556,0.6599802374839783,review,0,0.4840080142021179,0,MODERATE_RISK,0.0,
BioSpread,UNSEEN::AB694,0.18173378705978394,medium,0,0.6489132046699524,0,LOW_RISK,0.0,
BioSpread,AA452,0.7794100642204285,review,1,0.5862087607383728,0,MODERATE_RISK,0.0,
BioSpread,UNSEEN::AA362,0.1812678873538971,medium,0,0.6498965620994568,0,LOW_RISK,0.0,
BioSpread,UNSEEN::AF887,0.1812867373228073,medium,0,0.6497992277145386,0,LOW_RISK,0.0,
BioSpread,UNSEEN::AC348,0.18128445744514465,medium,0,0.6497955322265625,0,LOW_RISK,0.0,
BioSpread,AE939,0.5068145990371704,review,0,0.4449689984321594,0,MODERATE_RISK,0.0,
BioSpread,UNSEEN::AA385,0.1812390834093094,medium,0,0.6498953700065613,0,LOW_RISK,0.0,
BioSpread,UNSEEN::AG848,0.1812424212694168,medium,0,0.6498862504959106,0,LOW_RISK,0.0,
BioSpread,UNSEEN::AC275,0.1812572181224823,medium,0,0.6498749554157257,0,LOW_RISK,0.0,
BioSpread,UNSEEN::AG047,0.1812489777803421,medium,0,0.6498816907405853,0,LOW_RISK,0.0,
BioSpread,AF749,0.5984302759170532,review,0,0.45057815313339233,0,MODERATE_RISK,0.0,
BioSpread,UNSEEN::AH503,0.1812015324831009,medium,0,0.6499710381031036,0,LOW_RISK,0.0,
BioSpread,UNSEEN::AG135,0.1812998503446579,medium,0,0.649787187576294,0,LOW_RISK,0.0,
BioSpread,AG274,0.6473715305328369,review,0,0.4601259231567383,0,MODERATE_RISK,0.0,
BioSpread,AD253,0.6031532287597656,review,0,0.44486409425735474,0,MODERATE_RISK,0.0,
BioSpread,UNSEEN::AA037,0.18132531642913818,medium,0,0.6497562825679779,0,LOW_RISK,0.0,
BioSpread,UNSEEN::AE656,0.18129047751426697,medium,0,0.6498081684112549,0,LOW_RISK,0.0,
BioSpread,AB508,0.5893964767456055,review,0,0.4400233030319214,0,MODERATE_RISK,0.0,
BioSpread,AG146,0.6752322912216187,review,0,0.47764766216278076,0,MODERATE_RISK,0.0,
BioSpread,AC546,0.2450963407754898,review,0,0.5658201575279236,0,LOW_RISK,0.0,
BioSpread,AD153,0.3517143130302429,review,0,0.4847482442855835,0,LOW_RISK,0.0,
BioSpread,AC476,0.7143853902816772,review,0,0.5120752155780792,0,MODERATE_RISK,0.0,
BioSpread,UNSEEN::AH039,0.1812416911125183,medium,0,0.6498836874961853,0,LOW_RISK,0.0,
BioSpread,UNSEEN::AA933,0.18119938671588898,medium,0,0.649979442358017,0,LOW_RISK,0.0,
BioSpread,AF318,0.6258176565170288,review,0,0.453050434589386,0,MODERATE_RISK,0.0,
BioSpread,UNSEEN::AG944,0.1812416911125183,medium,0,0.6498836874961853,0,LOW_RISK,0.0,
BioSpread,UNSEEN::AC810,0.1814391314983368,medium,0,0.649690181016922,0,LOW_RISK,0.0,
BioSpread,AF106,0.7076855301856995,review,0,0.5075427293777466,0,MODERATE_RISK,0.0,
BioSpread,UNSEEN::AB551,0.1812416911125183,medium,0,0.6498836874961853,0,LOW_RISK,0.0,
BioSpread,UNSEEN::AC131,0.18124203383922577,medium,0,0.6498830914497375,0,LOW_RISK,0.0,
BioSpread,UNSEEN::AE371,0.18137794733047485,medium,0,0.6496050655841827,0,LOW_RISK,0.0,
BioSpread,UNSEEN::AC932,0.18133577704429626,medium,0,0.6497006416320801,0,LOW_RISK,0.0,
BioSpread,UNSEEN::AG760,0.18123917281627655,medium,0,0.6498927772045135,0,LOW_RISK,0.0,
BioSpread,UNSEEN::AA126,0.181577667593956,medium,0,0.6493291556835175,0,LOW_RISK,0.0,
BioSpread,AG942,0.6036784648895264,review,0,0.4627893567085266,0,MODERATE_RISK,0.0,
BioSpread,UNSEEN::AB919,0.18128615617752075,medium,0,0.6497972011566162,0,LOW_RISK,0.0,
BioSpread,AC802,0.2910698354244232,review,0,0.5368182957172394,0,LOW_RISK,0.0,
BioSpread,UNSEEN::AC073,0.18143770098686218,medium,0,0.6495155394077301,0,LOW_RISK,0.0,
BioSpread,AB972,0.7688174843788147,review,0,0.571577250957489,0,MODERATE_RISK,0.0,
BioSpread,UNSEEN::AH497,0.18120257556438446,medium,0,0.6499730050563812,0,LOW_RISK,0.0,
BioSpread,UNSEEN::AG768,0.18124262988567352,medium,0,0.6498820781707764,0,LOW_RISK,0.0,
BioSpread,UNSEEN::AF382,0.1812416911125183,medium,0,0.6498836874961853,0,LOW_RISK,0.0,
BioSpread,UNSEEN::AA737,0.18120291829109192,medium,0,0.6499686241149902,0,LOW_RISK,0.0,
BioSpread,UNSEEN::AG916,0.18124203383922577,medium,0,0.6498830914497375,0,LOW_RISK,0.0,
BioSpread,AB583,0.2821729779243469,review,0,0.5385091304779053,0,LOW_RISK,0.0,
BioSpread,UNSEEN::AC175,0.18128558993339539,medium,0,0.6497973799705505,0,LOW_RISK,0.0,
BioSpread,AB081,0.7693138122558594,review,0,0.571892648935318,0,MODERATE_RISK,0.0,
BioSpread,UNSEEN::AD389,0.1813308298587799,medium,0,0.6497048735618591,0,LOW_RISK,0.0,
BioSpread,UNSEEN::AD411,0.18124301731586456,medium,0,0.6498962640762329,0,LOW_RISK,0.0,
BioSpread,UNSEEN::AH236,0.18124312162399292,medium,0,0.6498850286006927,0,LOW_RISK,0.0,
BioSpread,UNSEEN::AE461,0.18124203383922577,medium,0,0.6498830914497375,0,LOW_RISK,0.0,
BioSpread,UNSEEN::AE651,0.18129131197929382,medium,0,0.6497956216335297,0,LOW_RISK,0.0,
BioSpread,UNSEEN::AA458,0.18150582909584045,medium,0,0.6495363116264343,0,LOW_RISK,0.0,
BioSpread,AG595,0.7684932351112366,review,0,0.5709279775619507,0,MODERATE_RISK,0.0,
BioSpread,UNSEEN::AG251,0.18124131858348846,medium,0,0.6498843431472778,0,LOW_RISK,0.0,
BioSpread,AC457,0.7296533584594727,review,0,0.5248534381389618,0,MODERATE_RISK,0.0,
BioSpread,UNSEEN::AF877,0.18124203383922577,medium,0,0.6498869359493256,0,LOW_RISK,0.0,
BioSpread,UNSEEN::AG963,0.1812416911125183,medium,0,0.6498836874961853,0,LOW_RISK,0.0,
BioSpread,UNSEEN::AF704,0.18128515779972076,medium,0,0.6497942805290222,0,LOW_RISK,0.0,
BioSpread,AD181,0.6443178057670593,review,0,0.492254376411438,0,MODERATE_RISK,0.0,
BioSpread,AE400,0.6603147983551025,review,0,0.4676700830459595,0,MODERATE_RISK,0.0,
BioSpread,UNSEEN::AB547,0.1893036663532257,medium,0,0.6359646916389465,0,LOW_RISK,0.0,
BioSpread,UNSEEN::AB714,0.18125614523887634,medium,0,0.649947851896286,0,LOW_RISK,0.0,
BioSpread,UNSEEN::AG095,0.18124203383922577,medium,0,0.6498830914497375,0,LOW_RISK,0.0,
BioSpread,UNSEEN::AF731,0.18124237656593323,medium,0,0.6498824954032898,0,LOW_RISK,0.0,
BioSpread,AF011,0.7711272239685059,review,0,0.5742361545562744,0,MODERATE_RISK,0.0,
BioSpread,UNSEEN::AG704,0.18127737939357758,medium,0,0.6498173773288727,0,LOW_RISK,0.0,
BioSpread,UNSEEN::AA886,0.1812906563282013,medium,0,0.6498553156852722,0,LOW_RISK,0.0,
BioSpread,AC677,0.7761287689208984,review,0,0.5817166268825531,0,MODERATE_RISK,0.0,
BioSpread,AD209,0.22587820887565613,review,0,0.5874046683311462,0,LOW_RISK,0.0,
BioSpread,UNSEEN::AH354,0.18128515779972076,medium,0,0.6497942805290222,0,LOW_RISK,0.0,
BioSpread,UNSEEN::AA416,0.1812416911125183,medium,0,0.6498836874961853,0,LOW_RISK,0.0,
BioSpread,UNSEEN::AH468,0.18124203383922577,medium,0,0.6498830914497375,0,LOW_RISK,0.0,
BioSpread,UNSEEN::AF001,0.18128526210784912,medium,0,0.6497979462146759,0,LOW_RISK,0.0,
BioSpread,UNSEEN::AE051,0.18124191462993622,medium,0,0.6498833298683167,0,LOW_RISK,0.0,
BioSpread,AF274,0.6872507333755493,review,0,0.4858238101005554,0,MODERATE_RISK,0.0,
BioSpread,AA768,0.7749390006065369,review,0,0.5793097615242004,0,MODERATE_RISK,0.0,
BioSpread,UNSEEN::AC750,0.18129640817642212,medium,0,0.6498056948184967,0,LOW_RISK,0.0,
BioSpread,AF545,0.16835764050483704,medium,0,0.6747791171073914,0,LOW_RISK,0.0,
BioSpread,AH270,0.6476938128471375,review,0,0.46034544706344604,0,MODERATE_RISK,0.0,
BioSpread,UNSEEN::AD413,0.18133118748664856,medium,0,0.649704247713089,0,LOW_RISK,0.0,
BioSpread,UNSEEN::AE946,0.18124191462993622,medium,0,0.6498833298683167,0,LOW_RISK,0.0,
BioSpread,UNSEEN::AH301,0.1812416911125183,medium,0,0.6498836874961853,0,LOW_RISK,0.0,
BioSpread,AA411,0.7800543904304504,review,1,0.5873968303203583,0,MODERATE_RISK,0.0,
BioSpread,AC326,0.6872409582138062,review,0,0.48581749200820923,0,MODERATE_RISK,0.0,
BioSpread,UNSEEN::AG915,0.18124349415302277,medium,0,0.6498881876468658,0,LOW_RISK,0.0,
BioSpread,UNSEEN::AH017,0.1812416911125183,medium,0,0.6498836874961853,0,LOW_RISK,0.0,
BioSpread,UNSEEN::AE486,0.1812022477388382,medium,0,0.6499698162078857,0,LOW_RISK,0.0,
BioSpread,AC999,0.5850507020950317,review,0,0.43990767002105713,0,MODERATE_RISK,0.0,
BioSpread,UNSEEN::AB544,0.18126773834228516,medium,0,0.6499492824077606,0,LOW_RISK,0.0,
BioSpread,AD880,0.20400452613830566,medium,0,0.6219480037689209,0,LOW_RISK,0.0,
BioSpread,UNSEEN::AA439,0.18176332116127014,medium,0,0.6489221155643463,0,LOW_RISK,0.0,
BioSpread,AA164,0.697711169719696,review,0,0.4946020245552063,0,MODERATE_RISK,0.0,
BioSpread,AA973,0.762566328048706,review,0,0.5639865398406982,0,MODERATE_RISK,0.0,
BioSpread,AE161,0.6252454519271851,review,0,0.44694000482559204,0,MODERATE_RISK,0.0,
BioSpread,UNSEEN::AG497,0.18120257556438446,medium,0,0.649969220161438,0,LOW_RISK,0.0,
BioSpread,AB114,0.7764301300048828,review,1,0.5822831690311432,0,MODERATE_RISK,0.0,
BioSpread,AE164,0.6200336217880249,review,0,0.4450000524520874,0,MODERATE_RISK,0.0,
BioSpread,UNSEEN::AF831,0.18138884007930756,medium,0,0.6496015191078186,0,LOW_RISK,0.0,
BioSpread,AD735,0.7152180671691895,review,0,0.510321319103241,0,MODERATE_RISK,0.0,
BioSpread,UNSEEN::AA186,0.18120457231998444,medium,0,0.6499771773815155,0,LOW_RISK,0.0,
BioSpread,UNSEEN::AE807,0.18161478638648987,medium,0,0.6492801904678345,0,LOW_RISK,0.0,
BioSpread,AB554,0.16385389864444733,medium,0,0.6793042421340942,0,LOW_RISK,0.0,
BioSpread,AB649,0.7282657623291016,review,0,0.5268028974533081,0,MODERATE_RISK,0.0,
BioSpread,UNSEEN::AG012,0.18161821365356445,medium,0,0.6492353677749634,0,LOW_RISK,0.0,
BioSpread,UNSEEN::AD450,0.19347135722637177,medium,0,0.6290371716022491,0,LOW_RISK,0.0,
BioSpread,UNSEEN::AG368,0.18133942782878876,medium,0,0.649712860584259,0,LOW_RISK,0.0,
BioSpread,UNSEEN::AE247,0.1812969446182251,medium,0,0.6497986614704132,0,LOW_RISK,0.0,
BioSpread,AA515,0.7690848708152771,review,1,0.5719794034957886,0,MODERATE_RISK,0.0,
BioSpread,UNSEEN::AB059,0.1816183626651764,medium,0,0.6491980850696564,0,LOW_RISK,0.0,
BioSpread,UNSEEN::AC941,0.18133702874183655,medium,0,0.6497010290622711,0,LOW_RISK,0.0,
BioSpread,UNSEEN::AD582,0.18215706944465637,medium,0,0.6488409340381622,0,LOW_RISK,0.0,
BioSpread,AB350,0.6905237436294556,review,0,0.48882925510406494,0,MODERATE_RISK,0.0,
BioSpread,UNSEEN::AH067,0.18124203383922577,medium,0,0.6498830914497375,0,LOW_RISK,0.0,
BioSpread,UNSEEN::AB170,0.1812424212694168,medium,0,0.6498900949954987,0,LOW_RISK,0.0,
BioSpread,UNSEEN::AA815,0.18149836361408234,medium,0,0.6494290828704834,0,LOW_RISK,0.0,
BioSpread,AH214,0.2012391835451126,medium,0,0.621222972869873,0,LOW_RISK,0.0,
BioSpread,UNSEEN::AC974,0.18128550052642822,medium,0,0.6497937142848969,0,LOW_RISK,0.0,
BioSpread,UNSEEN::AB399,0.1812416911125183,medium,0,0.6498836874961853,0,LOW_RISK,0.0,
BioSpread,AF027,0.516038179397583,review,0,0.4234672784805298,0,MODERATE_RISK,0.0,
BioSpread,AF687,0.774244487285614,review,0,0.5797637403011322,0,MODERATE_RISK,0.0,
BioSpread,UNSEEN::AF464,0.18133240938186646,medium,0,0.6497060060501099,0,LOW_RISK,0.0,
BioSpread,AE275,0.5482171177864075,review,0,0.4451046586036682,0,MODERATE_RISK,0.0,
BioSpread,AG737,0.6657508015632629,review,0,0.4716574549674988,0,MODERATE_RISK,0.0,
BioSpread,AA795,0.7733179330825806,review,0,0.5768321752548218,0,MODERATE_RISK,0.0,
BioSpread,UNSEEN::AH455,0.1812445968389511,medium,0,0.6498900949954987,0,LOW_RISK,0.0,
BioSpread,UNSEEN::AC343,0.18133389949798584,medium,0,0.6497113108634949,0,LOW_RISK,0.0,
BioSpread,UNSEEN::AD010,0.18132945895195007,medium,0,0.6497033834457397,0,LOW_RISK,0.0,
BioSpread,UNSEEN::AE673,0.1813289225101471,medium,0,0.6497388184070587,0,LOW_RISK,0.0,
BioSpread,AF888,0.7750595211982727,review,0,0.5814089477062225,0,MODERATE_RISK,0.0,
BioSpread,AC493,0.7527226805686951,review,0,0.5484704673290253,0,MODERATE_RISK,0.0,
BioSpread,UNSEEN::AG261,0.18124237656593323,medium,0,0.6498824954032898,0,LOW_RISK,0.0,
BioSpread,UNSEEN::AC906,0.18124203383922577,medium,0,0.6498830914497375,0,LOW_RISK,0.0,
BioSpread,AB644,0.776950478553772,review,1,0.5826286971569061,0,MODERATE_RISK,0.0,
BioSpread,AA855,0.7785515189170837,review,0,0.5850021243095398,0,MODERATE_RISK,0.0,
BioSpread,AC769,0.7038167715072632,review,0,0.4983551502227783,0,MODERATE_RISK,0.0,
BioSpread,AC876,0.6735087633132935,review,0,0.47698861360549927,0,MODERATE_RISK,0.0,
BioSpread,UNSEEN::AH106,0.18120187520980835,medium,0,0.6499704420566559,0,LOW_RISK,0.0,
BioSpread,UNSEEN::AG144,0.18124312162399292,medium,0,0.6498850286006927,0,LOW_RISK,0.0,
BioSpread,AC855,0.6694749593734741,review,0,0.48266178369522095,0,MODERATE_RISK,0.0,
BioSpread,AC998,0.6698765754699707,review,0,0.47422367334365845,0,MODERATE_RISK,0.0,
BioSpread,AH242,0.7418200373649597,review,0,0.5415962040424347,0,MODERATE_RISK,0.0,
BioSpread,AC818,0.6755622029304504,review,0,0.4779943823814392,0,MODERATE_RISK,0.0,
BioSpread,AB927,0.7586107850074768,review,0,0.5602345764636993,0,MODERATE_RISK,0.0,
BioSpread,AF399,0.7077758312225342,review,0,0.5088536441326141,0,MODERATE_RISK,0.0,
BioSpread,AG215,0.22915007174015045,review,0,0.5812392830848694,0,LOW_RISK,0.0,
BioSpread,UNSEEN::AE394,0.181243896484375,medium,0,0.6498896181583405,0,LOW_RISK,0.0,
BioSpread,UNSEEN::AA643,0.18124203383922577,medium,0,0.6498830914497375,0,LOW_RISK,0.0,
BioSpread,AF584,0.16409334540367126,medium,0,0.678930401802063,0,LOW_RISK,0.0,
BioSpread,AD915,0.6278652548789978,review,0,0.44837504625320435,0,MODERATE_RISK,0.0,
BioSpread,AG775,0.43711262941360474,review,0,0.4325650930404663,0,LOW_RISK,0.0,
BioSpread,AG130,0.7080128788948059,review,0,0.5091109275817871,0,MODERATE_RISK,0.0,
BioSpread,AH206,0.5206531882286072,review,0,0.43023037910461426,0,MODERATE_RISK,0.0,
BioSpread,AD580,0.37229230999946594,review,0,0.46159833669662476,0,LOW_RISK,0.0,
BioSpread,AF525,0.20120051503181458,medium,0,0.6212798357009888,0,LOW_RISK,0.0,
BioSpread,UNSEEN::AF155,0.1812841296195984,medium,0,0.6497960984706879,0,LOW_RISK,0.0,
BioSpread,UNSEEN::AG920,0.1812841296195984,medium,0,0.6497960984706879,0,LOW_RISK,0.0,
BioSpread,UNSEEN::AH461,0.18124271929264069,medium,0,0.6498819291591644,0,LOW_RISK,0.0,
BioSpread,UNSEEN::AH029,0.18124131858348846,medium,0,0.6498843431472778,0,LOW_RISK,0.0,
BioSpread,AC903,0.5205234885215759,review,0,0.4302371144294739,0,MODERATE_RISK,0.0,
BioSpread,UNSEEN::AD377,0.1812416911125183,medium,0,0.6498836874961853,0,LOW_RISK,0.0,
BioSpread,UNSEEN::AE805,0.181346133351326,medium,0,0.6497410833835602,0,LOW_RISK,0.0,
BioSpread,UNSEEN::AE424,0.1812470406293869,medium,0,0.6498905122280121,0,LOW_RISK,0.0,
BioSpread,UNSEEN::AC739,0.18132472038269043,medium,0,0.6497431695461273,0,LOW_RISK,0.0,
BioSpread,UNSEEN::AC028,0.1812913715839386,medium,0,0.6498204469680786,0,LOW_RISK,0.0,
BioSpread,AH302,0.1810108870267868,medium,0,0.6544774770736694,0,LOW_RISK,0.0,
BioSpread,UNSEEN::AA224,0.1812022477388382,medium,0,0.6499698162078857,0,LOW_RISK,0.0,
BioSpread,UNSEEN::AE812,0.18124131858348846,medium,0,0.6498843431472778,0,LOW_RISK,0.0,
BioSpread,UNSEEN::AG809,0.18120291829109192,medium,0,0.6499686241149902,0,LOW_RISK,0.0,
BioSpread,UNSEEN::AE626,0.18124271929264069,medium,0,0.6498819291591644,0,LOW_RISK,0.0,
BioSpread,UNSEEN::AC083,0.1812409609556198,medium,0,0.6498977541923523,0,LOW_RISK,0.0,
BioSpread,AF568,0.7509432435035706,review,0,0.5517475008964539,0,MODERATE_RISK,0.0,
BioSpread,AE901,0.4135077893733978,review,0,0.4557070732116699,0,LOW_RISK,0.0,
BioSpread,AB133,0.7755239605903625,review,0,0.5796855986118317,0,MODERATE_RISK,0.0,
BioSpread,UNSEEN::AG664,0.18124249577522278,medium,0,0.6498861312866211,0,LOW_RISK,0.0,
BioSpread,UNSEEN::AD742,0.1812416911125183,medium,0,0.6498836874961853,0,LOW_RISK,0.0,
BioSpread,UNSEEN::AB218,0.18124203383922577,medium,0,0.6498830914497375,0,LOW_RISK,0.0,
BioSpread,AF669,0.5800780653953552,review,0,0.44346439838409424,0,MODERATE_RISK,0.0,
BioSpread,UNSEEN::AE796,0.18120291829109192,medium,0,0.6499686241149902,0,LOW_RISK,0.0,
BioSpread,UNSEEN::AD203,0.18124312162399292,medium,0,0.6498850286006927,0,LOW_RISK,0.0,
BioSpread,AG100,0.16420358419418335,medium,0,0.6787471175193787,0,LOW_RISK,0.0,
BioSpread,UNSEEN::AA344,0.18144287168979645,medium,0,0.6495364308357239,0,LOW_RISK,0.0,
BioSpread,UNSEEN::AF427,0.18124312162399292,medium,0,0.6498850286006927,0,LOW_RISK,0.0,
BioSpread,UNSEEN::AB402,0.18128526210784912,medium,0,0.6497979462146759,0,LOW_RISK,0.0,
BioSpread,UNSEEN::AD528,0.181241974234581,medium,0,0.6498832702636719,0,LOW_RISK,0.0,
BioSpread,UNSEEN::AH243,0.18124203383922577,medium,0,0.6498830914497375,0,LOW_RISK,0.0,
BioSpread,AE773,0.7771421670913696,review,0,0.5831717252731323,0,MODERATE_RISK,0.0,
BioSpread,AE317,0.7051778435707092,review,0,0.5007706880569458,0,MODERATE_RISK,0.0,
BioSpread,UNSEEN::AE825,0.18120257556438446,medium,0,0.649969220161438,0,LOW_RISK,0.0,
BioSpread,UNSEEN::AC576,0.18124203383922577,medium,0,0.6498830914497375,0,LOW_RISK,0.0,
BioSpread,AD850,0.6953354477882385,review,0,0.49594831466674805,0,MODERATE_RISK,0.0,
BioSpread,UNSEEN::AF955,0.18128558993339539,medium,0,0.6497973799705505,0,LOW_RISK,0.0,
BioSpread,AD648,0.6937152743339539,review,0,0.49098342657089233,0,MODERATE_RISK,0.0,
BioSpread,UNSEEN::AA393,0.181243896484375,medium,0,0.6498896181583405,0,LOW_RISK,0.0,
BioSpread,UNSEEN::AG260,0.18124271929264069,medium,0,0.6498819291591644,0,LOW_RISK,0.0,
BioSpread,UNSEEN::AC123,0.1812843382358551,medium,0,0.6498129069805145,0,LOW_RISK,0.0,
BioSpread,UNSEEN::AB349,0.1812925934791565,medium,0,0.6498002111911774,0,LOW_RISK,0.0,
BioSpread,UNSEEN::AA173,0.18261092901229858,medium,0,0.6474761962890625,0,LOW_RISK,0.0,
BioSpread,AG203,0.5206161141395569,review,0,0.43023228645324707,0,MODERATE_RISK,0.0,
BioSpread,UNSEEN::AE087,0.18124262988567352,medium,0,0.6498820781707764,0,LOW_RISK,0.0,
BioSpread,AG389,0.773831844329834,review,0,0.5783528387546539,0,MODERATE_RISK,0.0,
BioSpread,UNSEEN::AG002,0.1812843233346939,medium,0,0.6497957706451416,0,LOW_RISK,0.0,
BioSpread,AG554,0.6552937626838684,review,0,0.46562427282333374,0,MODERATE_RISK,0.0,
BioSpread,AE313,0.7308736443519592,review,0,0.5273775458335876,0,MODERATE_RISK,0.0,
BioSpread,UNSEEN::AE141,0.18124203383922577,medium,0,0.6498830914497375,0,LOW_RISK,0.0,
BioSpread,UNSEEN::AG721,0.18132555484771729,medium,0,0.6497297286987305,0,LOW_RISK,0.0,
BioSpread,AG660,0.4369816780090332,review,0,0.4326089024543762,0,LOW_RISK,0.0,
BioSpread,UNSEEN::AH387,0.1812416911125183,medium,0,0.6498836874961853,0,LOW_RISK,0.0,
BioSpread,UNSEEN::AH012,0.1813858598470688,medium,0,0.6496267020702362,0,LOW_RISK,0.0,
BioSpread,AC594,0.6666209697723389,review,0,0.4850909113883972,0,MODERATE_RISK,0.0,
BioSpread,UNSEEN::AE206,0.18120257556438446,medium,0,0.649969220161438,0,LOW_RISK,0.0,
BioSpread,AF147,0.7776215672492981,review,0,0.5843435525894165,0,MODERATE_RISK,0.0,
BioSpread,AA161,0.7513241171836853,review,0,0.5488501489162445,0,MODERATE_RISK,0.0,
BioSpread,AE516,0.2012295126914978,medium,0,0.6212372183799744,0,LOW_RISK,0.0,
BioSpread,UNSEEN::AD840,0.18124271929264069,medium,0,0.6498819291591644,0,LOW_RISK,0.0,
BioSpread,AB057,0.7547047734260559,review,0,0.5569766461849213,0,MODERATE_RISK,0.0,
BioSpread,UNSEEN::AA697,0.1813463568687439,medium,0,0.6497239172458649,0,LOW_RISK,0.0,
BioSpread,AB857,0.6872507333755493,review,0,0.4858238101005554,0,MODERATE_RISK,0.0,
BioSpread,AA424,0.7787849307060242,review,1,0.5847602784633636,0,MODERATE_RISK,0.0,
BioSpread,UNSEEN::AC695,0.1813792586326599,medium,0,0.649694412946701,0,LOW_RISK,0.0,
BioSpread,UNSEEN::AC062,0.18129178881645203,medium,0,0.6497934758663177,0,LOW_RISK,0.0,
BioSpread,UNSEEN::AC399,0.18120291829109192,medium,0,0.6499686241149902,0,LOW_RISK,0.0,
BioSpread,AC472,0.7716392874717712,review,0,0.5748132467269897,0,MODERATE_RISK,0.0,
BioSpread,AF909,0.7017676830291748,review,0,0.5030152201652527,0,MODERATE_RISK,0.0,
BioSpread,UNSEEN::AG895,0.18190623819828033,medium,0,0.6487517356872559,0,LOW_RISK,0.0,
BioSpread,AC162,0.643155038356781,review,0,0.4626361131668091,0,MODERATE_RISK,0.0,
BioSpread,AD972,0.7643848657608032,review,0,0.5670951008796692,0,MODERATE_RISK,0.0,
BioSpread,UNSEEN::AB571,0.18124203383922577,medium,0,0.6498830914497375,0,LOW_RISK,0.0,
BioSpread,UNSEEN::AF037,0.18133118748664856,medium,0,0.649704247713089,0,LOW_RISK,0.0,
BioSpread,UNSEEN::AG543,0.1812424212694168,medium,0,0.6498862504959106,0,LOW_RISK,0.0,
BioSpread,AD585,0.16776202619075775,medium,0,0.6744953989982605,0,LOW_RISK,0.0,
BioSpread,UNSEEN::AF682,0.18124237656593323,medium,0,0.6498824954032898,0,LOW_RISK,0.0,
BioSpread,UNSEEN::AD065,0.18124203383922577,medium,0,0.6498830914497375,0,LOW_RISK,0.0,
BioSpread,UNSEEN::AF958,0.18128445744514465,medium,0,0.6497955322265625,0,LOW_RISK,0.0,
BioSpread,AD780,0.43779513239860535,review,0,0.43247270584106445,0,LOW_RISK,0.0,
BioSpread,UNSEEN::AD188,0.18143390119075775,medium,0,0.6495347321033478,0,LOW_RISK,0.0,
BioSpread,AA729,0.40658265352249146,review,0,0.4763988256454468,0,LOW_RISK,0.0,
BioSpread,AE299,0.7437875270843506,review,0,0.5453648865222931,0,MODERATE_RISK,0.0,
BioSpread,UNSEEN::AE284,0.18139030039310455,medium,0,0.6496088802814484,0,LOW_RISK,0.0,
BioSpread,UNSEEN::AE843,0.18134264647960663,medium,0,0.6497108638286591,0,LOW_RISK,0.0,
BioSpread,UNSEEN::AC708,0.18124420940876007,medium,0,0.6498869359493256,0,LOW_RISK,0.0,
BioSpread,AC420,0.572224497795105,review,0,0.43689095973968506,0,MODERATE_RISK,0.0,
BioSpread,AF271,0.6028959155082703,review,0,0.45329636335372925,0,MODERATE_RISK,0.0,
BioSpread,AA563,0.7721447348594666,review,1,0.5767602622509003,0,MODERATE_RISK,0.0,
BioSpread,AB780,0.6727267503738403,review,0,0.4883936643600464,0,MODERATE_RISK,0.0,
BioSpread,AE341,0.7778592109680176,review,0,0.5840675532817841,0,MODERATE_RISK,0.0,
BioSpread,AG072,0.4370034635066986,review,0,0.4326016306877136,0,LOW_RISK,0.0,
BioSpread,UNSEEN::AE209,0.18128445744514465,medium,0,0.6497955322265625,0,LOW_RISK,0.0,
BioSpread,UNSEEN::AA655,0.18132996559143066,medium,0,0.6497024893760681,0,LOW_RISK,0.0,
BioSpread,AA352,0.7761580348014832,review,1,0.5813195407390594,0,MODERATE_RISK,0.0,
BioSpread,UNSEEN::AA612,0.18124237656593323,medium,0,0.6498824954032898,0,LOW_RISK,0.0,
BioSpread,AG772,0.2012391835451126,medium,0,0.621222972869873,0,LOW_RISK,0.0,
BioSpread,AB527,0.7401255369186401,review,0,0.5365568101406097,0,MODERATE_RISK,0.0,
BioSpread,UNSEEN::AC918,0.1812416911125183,medium,0,0.6498836874961853,0,LOW_RISK,0.0,
BioSpread,AC795,0.6473461389541626,review,0,0.4601144790649414,0,MODERATE_RISK,0.0,
BioSpread,AA059,0.29525402188301086,review,0,0.5324501097202301,0,LOW_RISK,0.0,
BioSpread,UNSEEN::AC685,0.18128550052642822,medium,0,0.6497937142848969,0,LOW_RISK,0.0,
BioSpread,UNSEEN::AD195,0.18161681294441223,medium,0,0.6491984724998474,0,LOW_RISK,0.0,
BioSpread,UNSEEN::AD512,0.1812424212694168,medium,0,0.6498862504959106,0,LOW_RISK,0.0,
BioSpread,AC742,0.5232526659965515,review,0,0.45545583963394165,0,MODERATE_RISK,0.0,
BioSpread,UNSEEN::AD431,0.18124131858348846,medium,0,0.6498843431472778,0,LOW_RISK,0.0,
BioSpread,AB146,0.7546587586402893,review,0,0.5558173358440399,0,MODERATE_RISK,0.0,
BioSpread,AC914,0.7069480419158936,review,0,0.5070955455303192,0,MODERATE_RISK,0.0,
BioSpread,UNSEEN::AE864,0.1812841296195984,medium,0,0.6497960984706879,0,LOW_RISK,0.0,
BioSpread,AC571,0.7698127627372742,review,0,0.5721721053123474,0,MODERATE_RISK,0.0,
BioSpread,UNSEEN::AD815,0.18129301071166992,medium,0,0.6498193442821503,0,LOW_RISK,0.0,
BioSpread,UNSEEN::AB463,0.18120187520980835,medium,0,0.6499704420566559,0,LOW_RISK,0.0,
BioSpread,AC380,0.2394445687532425,review,0,0.5723496973514557,0,LOW_RISK,0.0,
BioSpread,AF702,0.6907077431678772,review,0,0.4929139018058777,0,MODERATE_RISK,0.0,
BioSpread,UNSEEN::AC029,0.18128477036952972,medium,0,0.6497949361801147,0,LOW_RISK,0.0,
BioSpread,UNSEEN::AF283,0.18120257556438446,medium,0,0.649969220161438,0,LOW_RISK,0.0,
BioSpread,UNSEEN::AD670,0.18124175071716309,medium,0,0.6498835980892181,0,LOW_RISK,0.0,
BioSpread,AB506,0.6013322472572327,review,0,0.4538741111755371,0,MODERATE_RISK,0.0,
BioSpread,UNSEEN::AH413,0.18129616975784302,medium,0,0.649787187576294,0,LOW_RISK,0.0,
BioSpread,AD634,0.7069639563560486,review,0,0.5070633292198181,0,MODERATE_RISK,0.0,
BioSpread,AD046,0.6085268259048462,review,0,0.47741252183914185,0,MODERATE_RISK,0.0,
BioSpread,AC127,0.6877698302268982,review,0,0.496748149394989,0,MODERATE_RISK,0.0,
BioSpread,UNSEEN::AG697,0.18139030039310455,medium,0,0.6496088802814484,0,LOW_RISK,0.0,
BioSpread,AF792,0.6352683901786804,review,0,0.4567025899887085,0,MODERATE_RISK,0.0,
BioSpread,AG521,0.6990510821342468,review,0,0.4954845905303955,0,MODERATE_RISK,0.0,
BioSpread,UNSEEN::AC291,0.18127919733524323,medium,0,0.6498042941093445,0,LOW_RISK,0.0,
BioSpread,UNSEEN::AC033,0.18129301071166992,medium,0,0.6498014032840729,0,LOW_RISK,0.0,
BioSpread,AG064,0.6573898792266846,review,0,0.4802207350730896,0,MODERATE_RISK,0.0,
BioSpread,UNSEEN::AA298,0.18129263818264008,medium,0,0.6497959792613983,0,LOW_RISK,0.0,
BioSpread,AC630,0.7752518057823181,review,0,0.5805001854896545,0,MODERATE_RISK,0.0,
BioSpread,UNSEEN::AH217,0.18124237656593323,medium,0,0.6498824954032898,0,LOW_RISK,0.0,
BioSpread,AD419,0.24942149221897125,review,0,0.5784326791763306,0,LOW_RISK,0.0,
BioSpread,UNSEEN::AB406,0.1814858615398407,medium,0,0.649583488702774,0,LOW_RISK,0.0,
BioSpread,UNSEEN::AC389,0.18128515779972076,medium,0,0.6497942805290222,0,LOW_RISK,0.0,
BioSpread,UNSEEN::AA651,0.18129099905490875,medium,0,0.649791032075882,0,LOW_RISK,0.0,
BioSpread,AC585,0.6907652616500854,review,0,0.49327343702316284,0,MODERATE_RISK,0.0,
BioSpread,UNSEEN::AA272,0.18124282360076904,medium,0,0.649889349937439,0,LOW_RISK,0.0,
BioSpread,UNSEEN::AD654,0.1812889128923416,medium,0,0.6498070359230042,0,LOW_RISK,0.0,
BioSpread,AB790,0.5394009947776794,review,0,0.4514262080192566,0,MODERATE_RISK,0.0,
BioSpread,UNSEEN::AF608,0.18124271929264069,medium,0,0.6498819291591644,0,LOW_RISK,0.0,
BioSpread,AF513,0.631223201751709,review,0,0.4547380208969116,0,MODERATE_RISK,0.0,
BioSpread,UNSEEN::AE558,0.18124181032180786,medium,0,0.649901807308197,0,LOW_RISK,0.0,
BioSpread,UNSEEN::AA907,0.1814495176076889,medium,0,0.6495125591754913,0,LOW_RISK,0.0,
BioSpread,UNSEEN::AA762,0.1812889575958252,medium,0,0.6497959494590759,0,LOW_RISK,0.0,
BioSpread,UNSEEN::AH313,0.18128477036952972,medium,0,0.6497949361801147,0,LOW_RISK,0.0,
BioSpread,AE189,0.5522844195365906,review,0,0.44519317150115967,0,MODERATE_RISK,0.0,
BioSpread,AC228,0.6057320833206177,review,1,0.45610612630844116,0,MODERATE_RISK,0.0,
BioSpread,AH362,0.5206161141395569,review,0,0.43023228645324707,0,MODERATE_RISK,0.0,
BioSpread,UNSEEN::AG560,0.18124237656593323,medium,0,0.6498824954032898,0,LOW_RISK,0.0,
BioSpread,UNSEEN::AF557,0.18128558993339539,medium,0,0.6497973799705505,0,LOW_RISK,0.0,
BioSpread,UNSEEN::AA100,0.1816951483488083,medium,0,0.6491389870643616,0,LOW_RISK,0.0,
BioSpread,UNSEEN::AE170,0.18124131858348846,medium,0,0.6498843431472778,0,LOW_RISK,0.0,
BioSpread,UNSEEN::AE529,0.18124224245548248,medium,0,0.6498866081237793,0,LOW_RISK,0.0,
BioSpread,UNSEEN::AF693,0.18129178881645203,medium,0,0.6497934758663177,0,LOW_RISK,0.0,
BioSpread,AF844,0.667190432548523,review,0,0.48802661895751953,0,MODERATE_RISK,0.0,
BioSpread,UNSEEN::AG145,0.18124237656593323,medium,0,0.6498824954032898,0,LOW_RISK,0.0,
BioSpread,UNSEEN::AC136,0.1813443899154663,medium,0,0.6496991813182831,0,LOW_RISK,0.0,
BioSpread,AB682,0.7714680433273315,review,0,0.5746207237243652,0,MODERATE_RISK,0.0,
BioSpread,AE754,0.6580708026885986,review,0,0.47946542501449585,0,MODERATE_RISK,0.0,
BioSpread,UNSEEN::AF652,0.18190623819828033,medium,0,0.6487517356872559,0,LOW_RISK,0.0,
BioSpread,UNSEEN::AH208,0.18128558993339539,medium,0,0.6497973799705505,0,LOW_RISK,0.0,
BioSpread,UNSEEN::AC178,0.18124237656593323,medium,0,0.6498824954032898,0,LOW_RISK,0.0,
BioSpread,UNSEEN::AD275,0.18124277889728546,medium,0,0.6498856246471405,0,LOW_RISK,0.0,
BioSpread,AG433,0.7762770056724548,review,0,0.5825351178646088,0,MODERATE_RISK,0.0,
BioSpread,UNSEEN::AF407,0.18124312162399292,medium,0,0.6498850286006927,0,LOW_RISK,0.0,
BioSpread,AF823,0.6994773149490356,review,0,0.49591416120529175,0,MODERATE_RISK,0.0,
BioSpread,UNSEEN::AC706,0.18134017288684845,medium,0,0.6497185528278351,0,LOW_RISK,0.0,
BioSpread,UNSEEN::AF436,0.18120098114013672,medium,0,0.6499843001365662,0,LOW_RISK,0.0,
BioSpread,AG520,0.763755738735199,review,0,0.5623313784599304,0,MODERATE_RISK,0.0,
BioSpread,UNSEEN::AG255,0.18124181032180786,medium,0,0.6498835682868958,0,LOW_RISK,0.0,
BioSpread,AG892,0.6299465298652649,review,0,0.45394378900527954,0,MODERATE_RISK,0.0,
BioSpread,UNSEEN::AB515,0.18128550052642822,medium,0,0.6497937142848969,0,LOW_RISK,0.0,
BioSpread,AF515,0.7798911333084106,review,0,0.5873589813709259,0,MODERATE_RISK,0.0,
BioSpread,UNSEEN::AF849,0.1812862902879715,medium,0,0.649796187877655,0,LOW_RISK,0.0,
BioSpread,UNSEEN::AE961,0.1812015324831009,medium,0,0.6499710381031036,0,LOW_RISK,0.0,
BioSpread,UNSEEN::AD371,0.18128558993339539,medium,0,0.6497973799705505,0,LOW_RISK,0.0,
BioSpread,AD309,0.7760061025619507,review,0,0.5805783569812775,0,MODERATE_RISK,0.0,
BioSpread,AD618,0.6713848114013672,review,0,0.4803093671798706,0,MODERATE_RISK,0.0,
BioSpread,UNSEEN::AE014,0.18123649060726166,medium,0,0.649888426065445,0,LOW_RISK,0.0,
BioSpread,AA449,0.7793146371841431,review,1,0.5859948098659515,0,MODERATE_RISK,0.0,
BioSpread,AE055,0.6881551146507263,review,0,0.4914458990097046,0,MODERATE_RISK,0.0,
BioSpread,UNSEEN::AD269,0.18128445744514465,medium,0,0.6497955322265625,0,LOW_RISK,0.0,
BioSpread,UNSEEN::AB315,0.18128515779972076,medium,0,0.6497942805290222,0,LOW_RISK,0.0,
BioSpread,UNSEEN::AC631,0.1812835931777954,medium,0,0.6497970819473267,0,LOW_RISK,0.0,
BioSpread,UNSEEN::AF371,0.1812867373228073,medium,0,0.6497992277145386,0,LOW_RISK,0.0,
BioSpread,AG628,0.46597447991371155,review,0,0.46245628595352173,0,LOW_RISK,0.0,
BioSpread,UNSEEN::AB295,0.1812368482351303,medium,0,0.6498878300189972,0,LOW_RISK,0.0,
BioSpread,AE447,0.7137844562530518,review,0,0.5205948650836945,0,MODERATE_RISK,0.0,
BioSpread,UNSEEN::AF999,0.18124249577522278,medium,0,0.6498861312866211,0,LOW_RISK,0.0,
BioSpread,UNSEEN::AE518,0.18139709532260895,medium,0,0.6495981216430664,0,LOW_RISK,0.0,
BioSpread,AE720,0.6899383068084717,review,0,0.48929041624069214,0,MODERATE_RISK,0.0,
BioSpread,UNSEEN::AD862,0.18134766817092896,medium,0,0.6497019529342651,0,LOW_RISK,0.0,
BioSpread,UNSEEN::AC772,0.19196344912052155,medium,0,0.6316106915473938,0,LOW_RISK,0.0,
BioSpread,UNSEEN::AG884,0.1813361793756485,medium,0,0.6496986448764801,0,LOW_RISK,0.0,
BioSpread,UNSEEN::AH160,0.18128791451454163,medium,0,0.6498010158538818,0,LOW_RISK,0.0,
BioSpread,AA662,0.7577086687088013,review,0,0.5614958107471466,0,MODERATE_RISK,0.0,
BioSpread,UNSEEN::AB447,0.1814480572938919,medium,0,0.6495186686515808,0,LOW_RISK,0.0,
BioSpread,UNSEEN::AG512,0.18124203383922577,medium,0,0.6498830914497375,0,LOW_RISK,0.0,
BioSpread,UNSEEN::AD617,0.18120291829109192,medium,0,0.6499686241149902,0,LOW_RISK,0.0,
BioSpread,UNSEEN::AG867,0.1812416911125183,medium,0,0.6498836874961853,0,LOW_RISK,0.0,
BioSpread,AE738,0.436959832906723,review,0,0.4326162338256836,0,LOW_RISK,0.0,
BioSpread,AC406,0.7549837827682495,review,0,0.5551550686359406,0,MODERATE_RISK,0.0,
BioSpread,UNSEEN::AF589,0.18124203383922577,medium,0,0.6498830914497375,0,LOW_RISK,0.0,
BioSpread,AG309,0.5808479189872742,review,0,0.438262403011322,0,MODERATE_RISK,0.0,
BioSpread,AA237,0.7274700403213501,review,1,0.5222720801830292,0,MODERATE_RISK,0.0,
BioSpread,UNSEEN::AG225,0.1812872290611267,medium,0,0.6498022377490997,0,LOW_RISK,0.0,
BioSpread,AD324,0.20120051503181458,medium,0,0.6212798357009888,0,LOW_RISK,0.0,
BioSpread,UNSEEN::AC024,0.18158327043056488,medium,0,0.6493170261383057,0,LOW_RISK,0.0,
BioSpread,AF279,0.498761385679245,review,0,0.4506596326828003,0,LOW_RISK,0.0,
BioSpread,UNSEEN::AG133,0.18128283321857452,medium,0,0.6498093903064728,0,LOW_RISK,0.0,
BioSpread,UNSEEN::AH303,0.1812416911125183,medium,0,0.6498836874961853,0,LOW_RISK,0.0,
BioSpread,UNSEEN::AG291,0.1812402606010437,medium,0,0.6498947143554688,0,LOW_RISK,0.0,
BioSpread,UNSEEN::AD902,0.18120257556438446,medium,0,0.649969220161438,0,LOW_RISK,0.0,
BioSpread,UNSEEN::AG699,0.1812416911125183,medium,0,0.6498836874961853,0,LOW_RISK,0.0,
BioSpread,UNSEEN::AH361,0.18124237656593323,medium,0,0.6498824954032898,0,LOW_RISK,0.0,
BioSpread,UNSEEN::AH441,0.18120257556438446,medium,0,0.649969220161438,0,LOW_RISK,0.0,
BioSpread,AF204,0.767101526260376,review,0,0.5697317123413086,0,MODERATE_RISK,0.0,
BioSpread,UNSEEN::AD173,0.18139539659023285,medium,0,0.6495992541313171,0,LOW_RISK,0.0,
BioSpread,UNSEEN::AG119,0.18128003180027008,medium,0,0.6498026847839355,0,LOW_RISK,0.0,
BioSpread,UNSEEN::AD693,0.18190623819828033,medium,0,0.6487517356872559,0,LOW_RISK,0.0,
BioSpread,AE974,0.7647826671600342,review,1,0.5675365924835205,0,MODERATE_RISK,0.0,
BioSpread,UNSEEN::AC981,0.1812022477388382,medium,0,0.6499698162078857,0,LOW_RISK,0.0,
BioSpread,AD492,0.6804733872413635,review,0,0.47954583168029785,0,MODERATE_RISK,0.0,
BioSpread,UNSEEN::AH293,0.18124203383922577,medium,0,0.6498830914497375,0,LOW_RISK,0.0,
BioSpread,UNSEEN::AD876,0.18123649060726166,medium,0,0.649888426065445,0,LOW_RISK,0.0,
BioSpread,AA571,0.5254735350608826,review,0,0.4394036531448364,0,MODERATE_RISK,0.0,
BioSpread,AF335,0.7282544374465942,review,0,0.5243332982063293,0,MODERATE_RISK,0.0,
BioSpread,AG722,0.672964870929718,review,0,0.47434961795806885,0,MODERATE_RISK,0.0,
BioSpread,UNSEEN::AH421,0.18124282360076904,medium,0,0.649889349937439,0,LOW_RISK,0.0,
BioSpread,UNSEEN::AC584,0.18128445744514465,medium,0,0.6497955322265625,0,LOW_RISK,0.0,
BioSpread,UNSEEN::AE829,0.18120257556438446,medium,0,0.649969220161438,0,LOW_RISK,0.0,
BioSpread,UNSEEN::AF581,0.181243896484375,medium,0,0.6498896181583405,0,LOW_RISK,0.0,
BioSpread,AA250,0.5481995940208435,review,0,0.44510453939437866,0,MODERATE_RISK,0.0,
BioSpread,UNSEEN::AD901,0.18124237656593323,medium,0,0.6498824954032898,0,LOW_RISK,0.0,
BioSpread,UNSEEN::AB367,0.18119382858276367,medium,0,0.6499862372875214,0,LOW_RISK,0.0,
BioSpread,UNSEEN::AC884,0.18128462135791779,medium,0,0.6497952938079834,0,LOW_RISK,0.0,
BioSpread,AC635,0.7736726999282837,review,0,0.5783512592315674,0,MODERATE_RISK,0.0,
BioSpread,AC167,0.7560596466064453,review,0,0.5571712851524353,0,MODERATE_RISK,0.0,
BioSpread,UNSEEN::AE955,0.18124282360076904,medium,0,0.649889349937439,0,LOW_RISK,0.0,
BioSpread,UNSEEN::AC763,0.18120291829109192,medium,0,0.6499686241149902,0,LOW_RISK,0.0,
BioSpread,AF511,0.2010558545589447,medium,0,0.6214924156665802,0,LOW_RISK,0.0,
BioSpread,AG680,0.5466111898422241,review,0,0.443852961063385,0,MODERATE_RISK,0.0,
BioSpread,UNSEEN::AE511,0.18119661509990692,medium,0,0.6500130891799927,0,LOW_RISK,0.0,
BioSpread,AD382,0.7161548733711243,review,0,0.5107162296772003,0,MODERATE_RISK,0.0,
BioSpread,UNSEEN::AH399,0.1812022477388382,medium,0,0.6499698162078857,0,LOW_RISK,0.0,
BioSpread,UNSEEN::AD290,0.18133902549743652,medium,0,0.6497105658054352,0,LOW_RISK,0.0,
BioSpread,AD294,0.7324417233467102,review,0,0.528430163860321,0,MODERATE_RISK,0.0,
BioSpread,UNSEEN::AB731,0.18138132989406586,medium,0,0.6496296226978302,0,LOW_RISK,0.0,
BioSpread,AE614,0.1641610860824585,medium,0,0.6788145005702972,0,LOW_RISK,0.0,
BioSpread,UNSEEN::AH400,0.18120187520980835,medium,0,0.6499704420566559,0,LOW_RISK,0.0,
BioSpread,AE126,0.6190048456192017,review,0,0.4600328803062439,0,MODERATE_RISK,0.0,
BioSpread,AA849,0.778667151927948,review,0,0.5855011940002441,0,MODERATE_RISK,0.0,
BioSpread,AE926,0.6239480376243591,review,0,0.4467090964317322,0,MODERATE_RISK,0.0,
BioSpread,UNSEEN::AG514,0.18130333721637726,medium,0,0.6498018801212311,0,LOW_RISK,0.0,
BioSpread,AB681,0.7735925316810608,review,0,0.5773881673812866,0,MODERATE_RISK,0.0,
BioSpread,UNSEEN::AF576,0.18500465154647827,medium,0,0.6436675786972046,0,LOW_RISK,0.0,
BioSpread,AF224,0.570727527141571,review,1,0.4543934464454651,0,MODERATE_RISK,0.0,
BioSpread,AC540,0.7795352935791016,review,1,0.5871159732341766,0,MODERATE_RISK,0.0,
BioSpread,AD931,0.7757501006126404,review,1,0.5817201137542725,0,MODERATE_RISK,0.0,
BioSpread,UNSEEN::AG828,0.18132996559143066,medium,0,0.6497024893760681,0,LOW_RISK,0.0,
BioSpread,UNSEEN::AA233,0.18129505217075348,medium,0,0.6497904062271118,0,LOW_RISK,0.0,
BioSpread,UNSEEN::AE241,0.1812913566827774,medium,0,0.6498105227947235,0,LOW_RISK,0.0,
BioSpread,AH310,0.5150953531265259,review,0,0.4238361716270447,0,MODERATE_RISK,0.0,
BioSpread,AA353,0.7785876989364624,review,0,0.5850120484828949,0,MODERATE_RISK,0.0,
BioSpread,UNSEEN::AA110,0.18181313574314117,medium,0,0.6490218043327332,0,LOW_RISK,0.0,
BioSpread,AD066,0.2012295126914978,medium,0,0.6212372183799744,0,LOW_RISK,0.0,
BioSpread,UNSEEN::AG927,0.18124271929264069,medium,0,0.6498819291591644,0,LOW_RISK,0.0,
BioSpread,UNSEEN::AF703,0.18129374086856842,medium,0,0.6497888267040253,0,LOW_RISK,0.0,
BioSpread,UNSEEN::AD399,0.18143236637115479,medium,0,0.6495123505592346,0,LOW_RISK,0.0,
BioSpread,UNSEEN::AD567,0.18124549090862274,medium,0,0.6498962044715881,0,LOW_RISK,0.0,
BioSpread,UNSEEN::AA264,0.18128280341625214,medium,0,0.6498181819915771,0,LOW_RISK,0.0,
BioSpread,AF607,0.7219651937484741,review,1,0.520152360200882,0,MODERATE_RISK,0.0,
BioSpread,UNSEEN::AD073,0.1812860518693924,medium,0,0.6498004198074341,0,LOW_RISK,0.0,
BioSpread,UNSEEN::AE857,0.18130113184452057,medium,0,0.6497868001461029,0,LOW_RISK,0.0,
BioSpread,UNSEEN::AG143,0.18128490447998047,medium,0,0.649798572063446,0,LOW_RISK,0.0,
BioSpread,UNSEEN::AB546,0.18133103847503662,medium,0,0.6497045457363129,0,LOW_RISK,0.0,
BioSpread,AD838,0.7413150072097778,review,0,0.5377349555492401,0,MODERATE_RISK,0.0,
BioSpread,AD242,0.5221365690231323,review,0,0.44388002157211304,0,MODERATE_RISK,0.0,
BioSpread,UNSEEN::AE655,0.18124237656593323,medium,0,0.6498824954032898,0,LOW_RISK,0.0,
BioSpread,UNSEEN::AA412,0.18124203383922577,medium,0,0.6498830914497375,0,LOW_RISK,0.0,
BioSpread,AE059,0.710311770439148,review,0,0.5080698132514954,0,MODERATE_RISK,0.0,
BioSpread,AA694,0.7427584528923035,review,1,0.5451106429100037,0,MODERATE_RISK,0.0,
BioSpread,AD198,0.717911422252655,review,0,0.5153881907463074,0,MODERATE_RISK,0.0,
BioSpread,UNSEEN::AD246,0.18128477036952972,medium,0,0.6497949361801147,0,LOW_RISK,0.0,
BioSpread,UNSEEN::AA477,0.18124271929264069,medium,0,0.6498819291591644,0,LOW_RISK,0.0,
BioSpread,UNSEEN::AD361,0.1812928467988968,medium,0,0.6497916877269745,0,LOW_RISK,0.0,
BioSpread,UNSEEN::AH274,0.18124237656593323,medium,0,0.6498824954032898,0,LOW_RISK,0.0,
BioSpread,UNSEEN::AB013,0.18125168979167938,medium,0,0.6498794853687286,0,LOW_RISK,0.0,
BioSpread,UNSEEN::AG112,0.18124271929264069,medium,0,0.6498819291591644,0,LOW_RISK,0.0,
BioSpread,AG379,0.7759180665016174,review,0,0.5815312266349792,0,MODERATE_RISK,0.0,
BioSpread,AB445,0.7612084150314331,review,0,0.5615783929824829,0,MODERATE_RISK,0.0,
BioSpread,UNSEEN::AC709,0.1812966763973236,medium,0,0.6497991979122162,0,LOW_RISK,0.0,
BioSpread,UNSEEN::AF957,0.18128769099712372,medium,0,0.6498052775859833,0,LOW_RISK,0.0,
BioSpread,AF150,0.6350938081741333,review,0,0.4515901803970337,0,MODERATE_RISK,0.0,
BioSpread,UNSEEN::AC829,0.18124312162399292,medium,0,0.6498850286006927,0,LOW_RISK,0.0,
BioSpread,AF330,0.6343930959701538,review,0,0.45835036039352417,0,MODERATE_RISK,0.0,
BioSpread,UNSEEN::AE450,0.181815043091774,medium,0,0.648838460445404,0,LOW_RISK,0.0,
BioSpread,UNSEEN::AA746,0.18148505687713623,medium,0,0.6494891047477722,0,LOW_RISK,0.0,
BioSpread,AD256,0.17569367587566376,medium,0,0.660477340221405,0,LOW_RISK,0.0,
BioSpread,AD401,0.6746770143508911,review,0,0.4780079126358032,0,MODERATE_RISK,0.0,
BioSpread,AG964,0.6945386528968811,review,0,0.5058702826499939,0,MODERATE_RISK,0.0,
BioSpread,AA564,0.22750549018383026,review,0,0.5835197269916534,0,LOW_RISK,0.0,
BioSpread,AC517,0.7204165458679199,review,1,0.5250195562839508,0,MODERATE_RISK,0.0,
BioSpread,AD027,0.7523325681686401,review,0,0.5527122616767883,0,MODERATE_RISK,0.0,
BioSpread,UNSEEN::AC219,0.18124131858348846,medium,0,0.6498843431472778,0,LOW_RISK,0.0,
BioSpread,AF087,0.2012391835451126,medium,0,0.621222972869873,0,LOW_RISK,0.0,
BioSpread,UNSEEN::AC089,0.1812416911125183,medium,0,0.6498836874961853,0,LOW_RISK,0.0,
BioSpread,AC116,0.6181195974349976,review,0,0.4558801054954529,0,MODERATE_RISK,0.0,
BioSpread,AC294,0.7737672328948975,review,0,0.5772836208343506,0,MODERATE_RISK,0.0,
BioSpread,AD849,0.23912128806114197,review,0,0.5794365108013153,0,LOW_RISK,0.0,
BioSpread,UNSEEN::AF951,0.18124842643737793,medium,0,0.6498827040195465,0,LOW_RISK,0.0,
BioSpread,AF578,0.7759507894515991,review,0,0.5816227793693542,0,MODERATE_RISK,0.0,
BioSpread,AA050,0.7643477320671082,review,1,0.5649751722812653,0,MODERATE_RISK,0.0,
BioSpread,UNSEEN::AF300,0.18128445744514465,medium,0,0.6497955322265625,0,LOW_RISK,0.0,
BioSpread,AB884,0.5466111898422241,review,0,0.443852961063385,0,MODERATE_RISK,0.0,
BioSpread,AB897,0.7420036196708679,review,0,0.5407641232013702,0,MODERATE_RISK,0.0,
BioSpread,UNSEEN::AB475,0.18128526210784912,medium,0,0.6497979462146759,0,LOW_RISK,0.0,
BioSpread,UNSEEN::AH030,0.1812416911125183,medium,0,0.6498836874961853,0,LOW_RISK,0.0,
BioSpread,UNSEEN::AE423,0.18124285340309143,medium,0,0.6498855352401733,0,LOW_RISK,0.0,
BioSpread,AH145,0.5206531882286072,review,0,0.43023037910461426,0,MODERATE_RISK,0.0,
BioSpread,UNSEEN::AG610,0.18124237656593323,medium,0,0.6498824954032898,0,LOW_RISK,0.0,
BioSpread,AC411,0.7760578989982605,review,0,0.5809575617313385,0,MODERATE_RISK,0.0,
BioSpread,AA776,0.20126818120479584,medium,0,0.6211804151535034,0,LOW_RISK,0.0,
BioSpread,UNSEEN::AC186,0.18124271929264069,medium,0,0.6498819291591644,0,LOW_RISK,0.0,
BioSpread,AB672,0.7757622599601746,review,1,0.5821723937988281,0,MODERATE_RISK,0.0,
BioSpread,UNSEEN::AA599,0.18153509497642517,medium,0,0.6493615508079529,0,LOW_RISK,0.0,
BioSpread,AD683,0.62928307056427,review,0,0.4587138295173645,0,MODERATE_RISK,0.0,
BioSpread,UNSEEN::AG503,0.18124131858348846,medium,0,0.6498843431472778,0,LOW_RISK,0.0,
BioSpread,UNSEEN::AE179,0.18124206364154816,medium,0,0.6498868465423584,0,LOW_RISK,0.0,
BioSpread,UNSEEN::AH324,0.18124203383922577,medium,0,0.6498830914497375,0,LOW_RISK,0.0,
BioSpread,UNSEEN::AF302,0.1812395304441452,medium,0,0.6498921811580658,0,LOW_RISK,0.0,
BioSpread,UNSEEN::AG954,0.1812416911125183,medium,0,0.6498836874961853,0,LOW_RISK,0.0,
BioSpread,UNSEEN::AE795,0.181397944688797,medium,0,0.6496771275997162,0,LOW_RISK,0.0,
BioSpread,UNSEEN::AE315,0.1813783347606659,medium,0,0.6498389542102814,0,LOW_RISK,0.0,
BioSpread,AF066,0.6920801997184753,review,0,0.49374955892562866,0,MODERATE_RISK,0.0,
BioSpread,AH267,0.6252233386039734,review,0,0.44692903757095337,0,MODERATE_RISK,0.0,
BioSpread,UNSEEN::AF901,0.18125516176223755,medium,0,0.6498798131942749,0,LOW_RISK,0.0,
BioSpread,AH178,0.18681204319000244,medium,0,0.6457606554031372,0,LOW_RISK,0.0,
BioSpread,AF324,0.5524895787239075,review,0,0.4452483654022217,0,MODERATE_RISK,0.0,
BioSpread,UNSEEN::AB351,0.18124203383922577,medium,0,0.6498830914497375,0,LOW_RISK,0.0,
BioSpread,AB530,0.7755458950996399,review,0,0.5803801715373993,0,MODERATE_RISK,0.0,
BioSpread,UNSEEN::AF671,0.1813460737466812,medium,0,0.6497244238853455,0,LOW_RISK,0.0,
BioSpread,UNSEEN::AH181,0.18124203383922577,medium,0,0.6498830914497375,0,LOW_RISK,0.0,
BioSpread,AC201,0.7539305090904236,review,0,0.5512323081493378,0,MODERATE_RISK,0.0,
BioSpread,UNSEEN::AB562,0.18124277889728546,medium,0,0.6498856246471405,0,LOW_RISK,0.0,
BioSpread,UNSEEN::AD078,0.18123884499073029,medium,0,0.6498933434486389,0,LOW_RISK,0.0,
BioSpread,UNSEEN::AB003,0.1811968982219696,medium,0,0.6499748229980469,0,LOW_RISK,0.0,
BioSpread,UNSEEN::AG696,0.18129144608974457,medium,0,0.649799257516861,0,LOW_RISK,0.0,
BioSpread,AG479,0.5205234885215759,review,0,0.4302371144294739,0,MODERATE_RISK,0.0,
BioSpread,AA065,0.5204493403434753,review,0,0.43024104833602905,0,MODERATE_RISK,0.0,
BioSpread,AF069,0.7386404275894165,review,1,0.5381709337234497,0,MODERATE_RISK,0.0,
BioSpread,AC148,0.7596302628517151,review,0,0.5602059364318848,0,MODERATE_RISK,0.0,
BioSpread,UNSEEN::AF573,0.1812964528799057,medium,0,0.6497866809368134,0,LOW_RISK,0.0,
BioSpread,UNSEEN::AG377,0.18124271929264069,medium,0,0.6498819291591644,0,LOW_RISK,0.0,
BioSpread,AE911,0.20188799500465393,medium,0,0.6203838586807251,0,LOW_RISK,0.0,
BioSpread,AA968,0.7587482333183289,review,0,0.5598402917385101,0,MODERATE_RISK,0.0,
BioSpread,AA920,0.7433816194534302,review,0,0.5382055044174194,0,MODERATE_RISK,0.0,
BioSpread,AF075,0.23492558300495148,review,0,0.5849502384662628,0,LOW_RISK,0.0,
BioSpread,AC095,0.7532939910888672,review,1,0.5534902215003967,0,MODERATE_RISK,0.0,
BioSpread,UNSEEN::AG123,0.18124349415302277,medium,0,0.6498881876468658,0,LOW_RISK,0.0,
BioSpread,AD143,0.7004544138908386,review,0,0.5027349889278412,0,MODERATE_RISK,0.0,
BioSpread,AB563,0.6336387991905212,review,0,0.4585782289505005,0,MODERATE_RISK,0.0,
BioSpread,UNSEEN::AH182,0.18124237656593323,medium,0,0.6498824954032898,0,LOW_RISK,0.0,
BioSpread,AH511,0.2012391835451126,medium,0,0.621222972869873,0,LOW_RISK,0.0,
BioSpread,UNSEEN::AD006,0.18143515288829803,medium,0,0.6495193839073181,0,LOW_RISK,0.0,
BioSpread,AA435,0.778006374835968,review,1,0.5840321481227875,0,MODERATE_RISK,0.0,
BioSpread,UNSEEN::AB162,0.18124237656593323,medium,0,0.6498824954032898,0,LOW_RISK,0.0,
BioSpread,AG134,0.7697547674179077,review,0,0.5720595419406891,0,MODERATE_RISK,0.0,
BioSpread,AG524,0.7707560062408447,review,0,0.5733110308647156,0,MODERATE_RISK,0.0,
BioSpread,AB071,0.7607607841491699,review,1,0.5627764463424683,0,MODERATE_RISK,0.0,
BioSpread,AA483,0.6803879737854004,review,0,0.48124605417251587,0,MODERATE_RISK,0.0,
BioSpread,AA788,0.7061217427253723,review,0,0.510050356388092,0,MODERATE_RISK,0.0,
BioSpread,UNSEEN::AE507,0.18138647079467773,medium,0,0.6496187448501587,0,LOW_RISK,0.0,
BioSpread,AC499,0.5205049514770508,review,0,0.43023812770843506,0,MODERATE_RISK,0.0,
BioSpread,UNSEEN::AE463,0.18124203383922577,medium,0,0.6498830914497375,0,LOW_RISK,0.0,
BioSpread,AF740,0.2923494577407837,review,0,0.51528200507164,0,LOW_RISK,0.0,
BioSpread,AG106,0.2883133292198181,review,0,0.5332619249820709,0,LOW_RISK,0.0,
BioSpread,UNSEEN::AG615,0.18120187520980835,medium,0,0.6499704420566559,0,LOW_RISK,0.0,
BioSpread,UNSEEN::AD900,0.18124237656593323,medium,0,0.6498824954032898,0,LOW_RISK,0.0,
BioSpread,UNSEEN::AG485,0.18134039640426636,medium,0,0.6497068405151367,0,LOW_RISK,0.0,
BioSpread,UNSEEN::AF467,0.18124271929264069,medium,0,0.6498819291591644,0,LOW_RISK,0.0,
BioSpread,AC365,0.25321874022483826,review,0,0.5662478804588318,0,LOW_RISK,0.0,
BioSpread,UNSEEN::AB819,0.18148984014987946,medium,0,0.6494198739528656,0,LOW_RISK,0.0,
BioSpread,UNSEEN::AD975,0.18128550052642822,medium,0,0.6497937142848969,0,LOW_RISK,0.0,
BioSpread,UNSEEN::AE286,0.18124203383922577,medium,0,0.6498830914497375,0,LOW_RISK,0.0,
BioSpread,UNSEEN::AD966,0.18134020268917084,medium,0,0.6497020125389099,0,LOW_RISK,0.0,
BioSpread,AB653,0.7426357269287109,review,0,0.544640451669693,0,MODERATE_RISK,0.0,
BioSpread,AA132,0.6194578409194946,review,0,0.45044171810150146,0,MODERATE_RISK,0.0,
BioSpread,UNSEEN::AG453,0.1812906563282013,medium,0,0.6498020589351654,0,LOW_RISK,0.0,
BioSpread,UNSEEN::AC954,0.1812416911125183,medium,0,0.6498836874961853,0,LOW_RISK,0.0,
BioSpread,UNSEEN::AD953,0.18124203383922577,medium,0,0.6498830914497375,0,LOW_RISK,0.0,
BioSpread,UNSEEN::AF058,0.18124237656593323,medium,0,0.6498824954032898,0,LOW_RISK,0.0,
BioSpread,UNSEEN::AG417,0.18124237656593323,medium,0,0.6498824954032898,0,LOW_RISK,0.0,
BioSpread,UNSEEN::AE498,0.18125315010547638,medium,0,0.6498845815658569,0,LOW_RISK,0.0,
BioSpread,AF717,0.7642585635185242,review,0,0.5673341453075409,0,MODERATE_RISK,0.0,
BioSpread,UNSEEN::AB757,0.1812400221824646,medium,0,0.6498907208442688,0,LOW_RISK,0.0,
BioSpread,UNSEEN::AH353,0.18124164640903473,medium,0,0.6499038338661194,0,LOW_RISK,0.0,
BioSpread,AF377,0.6746683716773987,review,0,0.47800302505493164,0,MODERATE_RISK,0.0,
BioSpread,UNSEEN::AC329,0.1812853217124939,medium,0,0.6497940421104431,0,LOW_RISK,0.0,
BioSpread,UNSEEN::AC454,0.18143880367279053,medium,0,0.6494967937469482,0,LOW_RISK,0.0,
BioSpread,UNSEEN::AD733,0.18124203383922577,medium,0,0.6498830914497375,0,LOW_RISK,0.0,
BioSpread,UNSEEN::AB874,0.18128438293933868,medium,0,0.6498068571090698,0,LOW_RISK,0.0,
BioSpread,AC069,0.7509468197822571,review,0,0.5486538410186768,0,MODERATE_RISK,0.0,
BioSpread,UNSEEN::AB224,0.1814420074224472,medium,0,0.6495383679866791,0,LOW_RISK,0.0,
BioSpread,UNSEEN::AF856,0.18124312162399292,medium,0,0.6498850286006927,0,LOW_RISK,0.0,
BioSpread,UNSEEN::AA446,0.18128526210784912,medium,0,0.6497979462146759,0,LOW_RISK,0.0,
BioSpread,UNSEEN::AA732,0.18115729093551636,medium,0,0.650141179561615,0,LOW_RISK,0.0,
BioSpread,AA474,0.7828498482704163,review,0,0.591480940580368,0,MODERATE_RISK,0.0,
BioSpread,UNSEEN::AB167,0.18149547278881073,medium,0,0.6494500041007996,0,LOW_RISK,0.0,
BioSpread,UNSEEN::AD631,0.18124614655971527,medium,0,0.649895042181015,0,LOW_RISK,0.0,
BioSpread,AB293,0.6605742573738098,review,0,0.4678674340248108,0,MODERATE_RISK,0.0,
BioSpread,UNSEEN::AE262,0.18128757178783417,medium,0,0.649801641702652,0,LOW_RISK,0.0,
BioSpread,AF345,0.6689369678497314,review,0,0.47367221117019653,0,MODERATE_RISK,0.0,
BioSpread,AA702,0.6782932877540588,review,0,0.47983258962631226,0,MODERATE_RISK,0.0,
BioSpread,UNSEEN::AA027,0.1857592612504959,medium,0,0.6421488225460052,0,LOW_RISK,0.0,
BioSpread,UNSEEN::AA364,0.18179503083229065,medium,0,0.6492115557193756,0,LOW_RISK,0.0,
BioSpread,UNSEEN::AG736,0.18133345246315002,medium,0,0.6497194766998291,0,LOW_RISK,0.0,
BioSpread,UNSEEN::AG234,0.18124312162399292,medium,0,0.6498850286006927,0,LOW_RISK,0.0,
BioSpread,UNSEEN::AG751,0.18124271929264069,medium,0,0.6498819291591644,0,LOW_RISK,0.0,
BioSpread,AA152,0.7592577338218689,review,0,0.5595283508300781,0,MODERATE_RISK,0.0,
BioSpread,AD264,0.755391538143158,review,0,0.5565555691719055,0,MODERATE_RISK,0.0,
BioSpread,UNSEEN::AE767,0.1812015324831009,medium,0,0.6499710381031036,0,LOW_RISK,0.0,
BioSpread,AG531,0.6764962673187256,review,0,0.48671984672546387,0,MODERATE_RISK,0.0,
BioSpread,AB784,0.45607301592826843,review,0,0.45814794301986694,0,LOW_RISK,0.0,
BioSpread,AE542,0.29249435663223267,review,0,0.5151470899581909,0,LOW_RISK,0.0,
BioSpread,UNSEEN::AA287,0.1812916249036789,medium,0,0.649832546710968,0,LOW_RISK,0.0,
BioSpread,AG431,0.6852750182151794,review,0,0.48936283588409424,0,MODERATE_RISK,0.0,
BioSpread,UNSEEN::AA909,0.1812416911125183,medium,0,0.6498836874961853,0,LOW_RISK,0.0,
BioSpread,AG357,0.17790138721466064,medium,0,0.6592538058757782,0,LOW_RISK,0.0,
BioSpread,UNSEEN::AE166,0.18124225735664368,medium,0,0.6498827338218689,0,LOW_RISK,0.0,
BioSpread,UNSEEN::AH203,0.1812371164560318,medium,0,0.6498950123786926,0,LOW_RISK,0.0,
BioSpread,UNSEEN::AE810,0.18124131858348846,medium,0,0.6498843431472778,0,LOW_RISK,0.0,
BioSpread,UNSEEN::AE501,0.18124271929264069,medium,0,0.6498819291591644,0,LOW_RISK,0.0,
BioSpread,AC872,0.7163886427879333,review,0,0.515223354101181,0,MODERATE_RISK,0.0,
BioSpread,AB966,0.7736635804176331,review,0,0.5788022875785828,0,MODERATE_RISK,0.0,
BioSpread,AG207,0.7747091054916382,review,0,0.5795725882053375,0,MODERATE_RISK,0.0,
BioSpread,AA337,0.7758666276931763,review,0,0.580470472574234,0,MODERATE_RISK,0.0,
BioSpread,UNSEEN::AA125,0.1813795268535614,medium,0,0.6496101319789886,0,LOW_RISK,0.0,
BioSpread,AC483,0.5974153280258179,review,0,0.44286948442459106,0,MODERATE_RISK,0.0,
BioSpread,AC102,0.7619103193283081,review,0,0.5626125633716583,0,MODERATE_RISK,0.0,
BioSpread,AA142,0.7434234619140625,review,0,0.5380459427833557,0,MODERATE_RISK,0.0,
BioSpread,UNSEEN::AB983,0.181330144405365,medium,0,0.6497060656547546,0,LOW_RISK,0.0,
BioSpread,UNSEEN::AG247,0.18133947253227234,medium,0,0.6497045755386353,0,LOW_RISK,0.0,
BioSpread,UNSEEN::AA024,0.181389719247818,medium,0,0.6495988368988037,0,LOW_RISK,0.0,
BioSpread,UNSEEN::AE978,0.1812416911125183,medium,0,0.6498836874961853,0,LOW_RISK,0.0,
BioSpread,UNSEEN::AF448,0.18128558993339539,medium,0,0.6497973799705505,0,LOW_RISK,0.0,
BioSpread,UNSEEN::AE384,0.18162882328033447,medium,0,0.6492361724376678,0,LOW_RISK,0.0,
BioSpread,UNSEEN::AG715,0.18124237656593323,medium,0,0.6498824954032898,0,LOW_RISK,0.0,
BioSpread,AB127,0.7533388733863831,review,0,0.5546650886535645,0,MODERATE_RISK,0.0,
BioSpread,UNSEEN::AE774,0.1813427358865738,medium,0,0.6497033536434174,0,LOW_RISK,0.0,
BioSpread,UNSEEN::AE383,0.1813908815383911,medium,0,0.6496224999427795,0,LOW_RISK,0.0,
BioSpread,UNSEEN::AH052,0.1812862902879715,medium,0,0.649802178144455,0,LOW_RISK,0.0,
BioSpread,AB594,0.5089391469955444,review,0,0.4232092499732971,0,MODERATE_RISK,0.0,
BioSpread,AB885,0.7720317840576172,review,0,0.5751049518585205,0,MODERATE_RISK,0.0,
BioSpread,UNSEEN::AE840,0.18139705061912537,medium,0,0.6496042907238007,0,LOW_RISK,0.0,
BioSpread,AD367,0.5852597951889038,review,0,0.4396360516548157,0,MODERATE_RISK,0.0,
BioSpread,AF030,0.737151026725769,review,0,0.5427423119544983,0,MODERATE_RISK,0.0,
BioSpread,AA276,0.7812763452529907,review,1,0.5890226662158966,0,MODERATE_RISK,0.0,
BioSpread,AD261,0.6798086166381836,review,0,0.4920917749404907,0,MODERATE_RISK,0.0,
BioSpread,AA839,0.7768262624740601,review,0,0.5818181931972504,0,MODERATE_RISK,0.0,
BioSpread,AG300,0.520634651184082,review,0,0.43023133277893066,0,MODERATE_RISK,0.0,
BioSpread,AB472,0.6858232617378235,review,0,0.4956492781639099,0,MODERATE_RISK,0.0,
BioSpread,UNSEEN::AB308,0.18123917281627655,medium,0,0.6498927772045135,0,LOW_RISK,0.0,
BioSpread,UNSEEN::AG908,0.18120291829109192,medium,0,0.6499686241149902,0,LOW_RISK,0.0,
BioSpread,AE520,0.638851523399353,review,0,0.4654819369316101,0,MODERATE_RISK,0.0,
BioSpread,UNSEEN::AH287,0.1813814342021942,medium,0,0.6496034562587738,0,LOW_RISK,0.0,
BioSpread,AA609,0.7763180732727051,review,1,0.5819596648216248,0,MODERATE_RISK,0.0,
BioSpread,UNSEEN::AG877,0.18124271929264069,medium,0,0.6498819291591644,0,LOW_RISK,0.0,
BioSpread,AB631,0.778033971786499,review,1,0.5850897133350372,0,MODERATE_RISK,0.0,
BioSpread,AA535,0.7388363480567932,review,0,0.5339311063289642,0,MODERATE_RISK,0.0,
BioSpread,UNSEEN::AG914,0.18124237656593323,medium,0,0.6498824954032898,0,LOW_RISK,0.0,
BioSpread,AF802,0.16871364414691925,medium,0,0.6720167994499207,0,LOW_RISK,0.0,
BioSpread,UNSEEN::AA869,0.18124206364154816,medium,0,0.6498868465423584,0,LOW_RISK,0.0,
BioSpread,UNSEEN::AF450,0.18128558993339539,medium,0,0.6497973799705505,0,LOW_RISK,0.0,
BioSpread,UNSEEN::AA688,0.18124203383922577,medium,0,0.6498830914497375,0,LOW_RISK,0.0,
BioSpread,UNSEEN::AF714,0.18123754858970642,medium,0,0.6498903632164001,0,LOW_RISK,0.0,
BioSpread,UNSEEN::AE938,0.18190623819828033,medium,0,0.6487517356872559,0,LOW_RISK,0.0,
BioSpread,UNSEEN::AG601,0.18124304711818695,medium,0,0.6498928368091583,0,LOW_RISK,0.0,
BioSpread,AC641,0.21001632511615753,medium,0,0.6147933006286621,0,LOW_RISK,0.0,
BioSpread,UNSEEN::AG635,0.18124203383922577,medium,0,0.6498830914497375,0,LOW_RISK,0.0,
BioSpread,UNSEEN::AG885,0.18124344944953918,medium,0,0.6498844623565674,0,LOW_RISK,0.0,
BioSpread,UNSEEN::AG943,0.18124203383922577,medium,0,0.6498830914497375,0,LOW_RISK,0.0,
BioSpread,UNSEEN::AH277,0.18124203383922577,medium,0,0.6498830914497375,0,LOW_RISK,0.0,
BioSpread,UNSEEN::AG330,0.1812416911125183,medium,0,0.6498836874961853,0,LOW_RISK,0.0,
BioSpread,UNSEEN::AH006,0.18155042827129364,medium,0,0.6492967009544373,0,LOW_RISK,0.0,
BioSpread,UNSEEN::AD441,0.18129082024097443,medium,0,0.649802565574646,0,LOW_RISK,0.0,
BioSpread,UNSEEN::AB214,0.18124271929264069,medium,0,0.6498819291591644,0,LOW_RISK,0.0,
BioSpread,AB886,0.6805065870285034,review,0,0.4814538359642029,0,MODERATE_RISK,0.0,
BioSpread,AF100,0.7767446041107178,review,0,0.5823828876018524,0,MODERATE_RISK,0.0,
BioSpread,UNSEEN::AC402,0.1812368482351303,medium,0,0.6498878300189972,0,LOW_RISK,0.0,
BioSpread,AD985,0.1870173066854477,medium,0,0.6454876959323883,0,LOW_RISK,0.0,
BioSpread,UNSEEN::AC892,0.18128852546215057,medium,0,0.6498076915740967,0,LOW_RISK,0.0,
BioSpread,AA279,0.7777493000030518,review,1,0.5831846296787262,0,MODERATE_RISK,0.0,
BioSpread,AF108,0.7342292070388794,review,0,0.5377402007579803,0,MODERATE_RISK,0.0,
BioSpread,UNSEEN::AA107,0.18155811727046967,medium,0,0.6493431329727173,0,LOW_RISK,0.0,
BioSpread,AB982,0.7123212814331055,review,0,0.514194130897522,0,MODERATE_RISK,0.0,
BioSpread,AE251,0.5829301476478577,review,0,0.4390751123428345,0,MODERATE_RISK,0.0,
BioSpread,AB978,0.7770801782608032,review,1,0.5830857753753662,0,MODERATE_RISK,0.0,
BioSpread,AF442,0.3171660006046295,review,0,0.5360490381717682,0,LOW_RISK,0.0,
BioSpread,UNSEEN::AD084,0.1812913417816162,medium,0,0.6498075425624847,0,LOW_RISK,0.0,
BioSpread,AA166,0.6989324688911438,review,0,0.4953603148460388,0,MODERATE_RISK,0.0,
BioSpread,UNSEEN::AC256,0.18128278851509094,medium,0,0.6498070359230042,0,LOW_RISK,0.0,
BioSpread,UNSEEN::AH132,0.18124203383922577,medium,0,0.6498830914497375,0,LOW_RISK,0.0,
BioSpread,AC177,0.4887504279613495,review,0,0.437470018863678,0,LOW_RISK,0.0,
BioSpread,AA553,0.7810173034667969,review,1,0.5893619358539581,0,MODERATE_RISK,0.0,
BioSpread,AE717,0.7501620650291443,review,0,0.5488200187683105,0,MODERATE_RISK,0.0,
BioSpread,AC114,0.6240772008895874,review,0,0.4581109881401062,0,MODERATE_RISK,0.0,
BioSpread,UNSEEN::AG248,0.1812416911125183,medium,0,0.6498836874961853,0,LOW_RISK,0.0,
BioSpread,UNSEEN::AB033,0.18127509951591492,medium,0,0.6498340368270874,0,LOW_RISK,0.0,
BioSpread,AF981,0.2482742965221405,review,0,0.5619770586490631,0,LOW_RISK,0.0,
BioSpread,UNSEEN::AA836,0.18138204514980316,medium,0,0.6496102809906006,0,LOW_RISK,0.0,
BioSpread,AB621,0.7759342789649963,review,0,0.5816537141799927,0,MODERATE_RISK,0.0,
BioSpread,UNSEEN::AH177,0.1812022477388382,medium,0,0.6499698162078857,0,LOW_RISK,0.0,
BioSpread,UNSEEN::AD292,0.1813918501138687,medium,0,0.6496384143829346,0,LOW_RISK,0.0,
BioSpread,UNSEEN::AG302,0.18124271929264069,medium,0,0.6498819291591644,0,LOW_RISK,0.0,
BioSpread,UNSEEN::AG087,0.18124070763587952,medium,0,0.6498926281929016,0,LOW_RISK,0.0,
BioSpread,AC150,0.6969308257102966,review,0,0.49386560916900635,0,MODERATE_RISK,0.0,
BioSpread,UNSEEN::AA631,0.18126548826694489,medium,0,0.6498759686946869,0,LOW_RISK,0.0,
BioSpread,AB365,0.5204864144325256,review,0,0.43023908138275146,0,MODERATE_RISK,0.0,
BioSpread,AG190,0.6908780932426453,review,0,0.4930710792541504,0,MODERATE_RISK,0.0,
BioSpread,UNSEEN::AG474,0.1812867373228073,medium,0,0.6497992277145386,0,LOW_RISK,0.0,
BioSpread,UNSEEN::AB505,0.18124887347221375,medium,0,0.6498891413211823,0,LOW_RISK,0.0,
BioSpread,AE550,0.6099904179573059,review,0,0.45689475536346436,0,MODERATE_RISK,0.0,
BioSpread,AD357,0.6247422099113464,review,0,0.46654826402664185,0,MODERATE_RISK,0.0,
BioSpread,UNSEEN::AE557,0.181447833776474,medium,0,0.649519294500351,0,LOW_RISK,0.0,
BioSpread,UNSEEN::AH229,0.18124206364154816,medium,0,0.6498868465423584,0,LOW_RISK,0.0,
BioSpread,UNSEEN::AB048,0.18149162828922272,medium,0,0.6494078040122986,0,LOW_RISK,0.0,
BioSpread,UNSEEN::AG058,0.18124271929264069,medium,0,0.6498819291591644,0,LOW_RISK,0.0,
BioSpread,AA733,0.26933202147483826,review,0,0.5506258308887482,0,LOW_RISK,0.0,
BioSpread,UNSEEN::AB139,0.1812416911125183,medium,0,0.6498836874961853,0,LOW_RISK,0.0,
BioSpread,AE426,0.7719005942344666,review,0,0.5749011933803558,0,MODERATE_RISK,0.0,
BioSpread,UNSEEN::AD339,0.18138684332370758,medium,0,0.6496304571628571,0,LOW_RISK,0.0,
BioSpread,UNSEEN::AA644,0.18123678863048553,medium,0,0.6499054729938507,0,LOW_RISK,0.0,
BioSpread,UNSEEN::AF346,0.18133457005023956,medium,0,0.6496988534927368,0,LOW_RISK,0.0,
BioSpread,UNSEEN::AC701,0.1812416911125183,medium,0,0.6498836874961853,0,LOW_RISK,0.0,
BioSpread,AB984,0.6998640298843384,review,0,0.49308204650878906,0,MODERATE_RISK,0.0,
BioSpread,UNSEEN::AC098,0.18128244578838348,medium,0,0.6498188078403473,0,LOW_RISK,0.0,
BioSpread,UNSEEN::AG333,0.1812361627817154,medium,0,0.6498889923095703,0,LOW_RISK,0.0,
BioSpread,AB296,0.6603303551673889,review,0,0.4676780700683594,0,MODERATE_RISK,0.0,
BioSpread,AG285,0.24801477789878845,review,0,0.5622750520706177,0,LOW_RISK,0.0,
BioSpread,AB500,0.5327281355857849,review,0,0.44352543354034424,0,MODERATE_RISK,0.0,
BioSpread,AG419,0.2276001274585724,review,0,0.5928611159324646,0,LOW_RISK,0.0,
BioSpread,UNSEEN::AE913,0.1812841296195984,medium,0,0.6497960984706879,0,LOW_RISK,0.0,
BioSpread,UNSEEN::AG855,0.18124203383922577,medium,0,0.6498830914497375,0,LOW_RISK,0.0,
BioSpread,AA740,0.4368506073951721,review,0,0.4326528310775757,0,LOW_RISK,0.0,
BioSpread,UNSEEN::AF984,0.18120291829109192,medium,0,0.6499686241149902,0,LOW_RISK,0.0,
BioSpread,AD930,0.7211115956306458,review,0,0.5256413817405701,0,MODERATE_RISK,0.0,
BioSpread,AD283,0.6644867062568665,review,0,0.4679824113845825,0,MODERATE_RISK,0.0,
BioSpread,UNSEEN::AF688,0.18123875558376312,medium,0,0.6498970091342926,0,LOW_RISK,0.0,
BioSpread,AB795,0.6988525390625,review,0,0.4948311448097229,0,MODERATE_RISK,0.0,
BioSpread,AD885,0.7058714032173157,review,0,0.5016279816627502,0,MODERATE_RISK,0.0,
BioSpread,UNSEEN::AE820,0.18119853734970093,medium,0,0.6499847769737244,0,LOW_RISK,0.0,
BioSpread,AD398,0.7080132961273193,review,0,0.5039266645908356,0,MODERATE_RISK,0.0,
BioSpread,UNSEEN::AD235,0.18124203383922577,medium,0,0.6498830914497375,0,LOW_RISK,0.0,
BioSpread,UNSEEN::AE117,0.18120187520980835,medium,0,0.6499704420566559,0,LOW_RISK,0.0,
BioSpread,UNSEEN::AF375,0.1812843680381775,medium,0,0.6498120129108429,0,LOW_RISK,0.0,
BioSpread,UNSEEN::AB548,0.18129099905490875,medium,0,0.649791032075882,0,LOW_RISK,0.0,
BioSpread,UNSEEN::AB866,0.18124237656593323,medium,0,0.6498824954032898,0,LOW_RISK,0.0,
BioSpread,UNSEEN::AF878,0.18124277889728546,medium,0,0.6498856246471405,0,LOW_RISK,0.0,
BioSpread,UNSEEN::AC538,0.1812015324831009,medium,0,0.6499710381031036,0,LOW_RISK,0.0,
BioSpread,AA409,0.7783064246177673,review,1,0.5847919285297394,0,MODERATE_RISK,0.0,
BioSpread,UNSEEN::AB762,0.1812841296195984,medium,0,0.6497960984706879,0,LOW_RISK,0.0,
BioSpread,AB894,0.6255918741226196,review,0,0.4471468925476074,0,MODERATE_RISK,0.0,
BioSpread,UNSEEN::AC465,0.18129099905490875,medium,0,0.649791032075882,0,LOW_RISK,0.0,
BioSpread,UNSEEN::AA961,0.1813620775938034,medium,0,0.6498475074768066,0,LOW_RISK,0.0,
BioSpread,UNSEEN::AD923,0.18190623819828033,medium,0,0.6487517356872559,0,LOW_RISK,0.0,
BioSpread,AA016,0.7022035121917725,review,0,0.4970993399620056,0,MODERATE_RISK,0.0,
BioSpread,AF587,0.644868791103363,review,0,0.4718436598777771,0,MODERATE_RISK,0.0,
BioSpread,AD740,0.5205420255661011,review,0,0.43023616075515747,0,MODERATE_RISK,0.0,
BioSpread,AC325,0.2012391835451126,medium,0,0.621222972869873,0,LOW_RISK,0.0,
BioSpread,UNSEEN::AC307,0.18128715455532074,medium,0,0.6498116850852966,0,LOW_RISK,0.0,
BioSpread,UNSEEN::AC936,0.18120183050632477,medium,0,0.6499705612659454,0,LOW_RISK,0.0,
BioSpread,AC352,0.6931874752044678,review,1,0.49505555629730225,0,MODERATE_RISK,0.0,
BioSpread,UNSEEN::AH043,0.18124271929264069,medium,0,0.6498819291591644,0,LOW_RISK,0.0,
BioSpread,UNSEEN::AF646,0.18128550052642822,medium,0,0.6497937142848969,0,LOW_RISK,0.0,
BioSpread,UNSEEN::AA307,0.18139398097991943,medium,0,0.6496083736419678,0,LOW_RISK,0.0,
BioSpread,UNSEEN::AB852,0.18132655322551727,medium,0,0.6497478187084198,0,LOW_RISK,0.0,
BioSpread,AE854,0.7129635214805603,review,0,0.5132647752761841,0,MODERATE_RISK,0.0,
BioSpread,UNSEEN::AC547,0.18138976395130157,medium,0,0.6496318280696869,0,LOW_RISK,0.0,
BioSpread,UNSEEN::AD886,0.18124115467071533,medium,0,0.649903267621994,0,LOW_RISK,0.0,
BioSpread,UNSEEN::AD538,0.18133202195167542,medium,0,0.6497066617012024,0,LOW_RISK,0.0,
BioSpread,AD687,0.6875951290130615,review,0,0.48614490032196045,0,MODERATE_RISK,0.0,
BioSpread,AA339,0.6744462847709656,review,0,0.4790598154067993,0,MODERATE_RISK,0.0,
BioSpread,AE917,0.7136197686195374,review,0,0.510307103395462,0,MODERATE_RISK,0.0,
BioSpread,UNSEEN::AA834,0.18123863637447357,medium,0,0.6498932540416718,0,LOW_RISK,0.0,
BioSpread,UNSEEN::AE472,0.18128937482833862,medium,0,0.6497913002967834,0,LOW_RISK,0.0,
BioSpread,AF713,0.6228439807891846,review,0,0.4462742209434509,0,MODERATE_RISK,0.0,
BioSpread,UNSEEN::AD410,0.1812518686056137,medium,0,0.649890273809433,0,LOW_RISK,0.0,
BioSpread,AE021,0.16394391655921936,medium,0,0.6816439926624298,0,LOW_RISK,0.0,
BioSpread,UNSEEN::AB995,0.1812022477388382,medium,0,0.6499698162078857,0,LOW_RISK,0.0,
BioSpread,UNSEEN::AF260,0.1812022477388382,medium,0,0.6499698162078857,0,LOW_RISK,0.0,
BioSpread,AA456,0.754008412361145,review,0,0.5522773861885071,0,MODERATE_RISK,0.0,
BioSpread,UNSEEN::AC819,0.18124344944953918,medium,0,0.6498844623565674,0,LOW_RISK,0.0,
BioSpread,AH122,0.6521090269088745,review,0,0.4743783473968506,0,MODERATE_RISK,0.0,
BioSpread,UNSEEN::AF165,0.1812421977519989,medium,0,0.6499045491218567,0,LOW_RISK,0.0,
BioSpread,UNSEEN::AA575,0.18174773454666138,medium,0,0.648953765630722,0,LOW_RISK,0.0,
BioSpread,UNSEEN::AC241,0.181283637881279,medium,0,0.6498010158538818,0,LOW_RISK,0.0,
BioSpread,AB159,0.7755187749862671,review,1,0.5806342959403992,0,MODERATE_RISK,0.0,
BioSpread,AC153,0.6790448427200317,review,0,0.4911395311355591,0,MODERATE_RISK,0.0,
BioSpread,UNSEEN::AF287,0.18128731846809387,medium,0,0.6498059034347534,0,LOW_RISK,0.0,
BioSpread,AE896,0.5808684825897217,review,0,0.43826770782470703,0,MODERATE_RISK,0.0,
BioSpread,AD137,0.6044237017631531,review,0,0.44178396463394165,0,MODERATE_RISK,0.0,
BioSpread,AC036,0.6473652124404907,review,0,0.46012306213378906,0,MODERATE_RISK,0.0,
BioSpread,UNSEEN::AF241,0.18124203383922577,medium,0,0.6498830914497375,0,LOW_RISK,0.0,
BioSpread,UNSEEN::AA500,0.18124271929264069,medium,0,0.6498819291591644,0,LOW_RISK,0.0,
BioSpread,AG671,0.5205976366996765,review,0,0.4302332401275635,0,MODERATE_RISK,0.0,
BioSpread,AE630,0.43706896901130676,review,0,0.4325796961784363,0,LOW_RISK,0.0,
BioSpread,UNSEEN::AB314,0.18124203383922577,medium,0,0.6498830914497375,0,LOW_RISK,0.0,
BioSpread,UNSEEN::AB457,0.18124662339687347,medium,0,0.6498980522155762,0,LOW_RISK,0.0,
BioSpread,AF350,0.271530419588089,review,0,0.5388699173927307,0,LOW_RISK,0.0,
BioSpread,AB468,0.7388201355934143,review,1,0.5384459495544434,0,MODERATE_RISK,0.0,
BioSpread,UNSEEN::AG505,0.18124271929264069,medium,0,0.6498819291591644,0,LOW_RISK,0.0,
BioSpread,UNSEEN::AE786,0.18124203383922577,medium,0,0.6498830914497375,0,LOW_RISK,0.0,
BioSpread,UNSEEN::AD754,0.18124203383922577,medium,0,0.6498830914497375,0,LOW_RISK,0.0,
BioSpread,UNSEEN::AG896,0.1812015324831009,medium,0,0.6499710381031036,0,LOW_RISK,0.0,
BioSpread,UNSEEN::AF239,0.1812881976366043,medium,0,0.6498118340969086,0,LOW_RISK,0.0,
BioSpread,AC886,0.6481780409812927,review,0,0.4718298316001892,0,MODERATE_RISK,0.0,
BioSpread,AC501,0.5865046381950378,review,0,0.4400050640106201,0,MODERATE_RISK,0.0,
BioSpread,UNSEEN::AF758,0.1812015324831009,medium,0,0.6499710381031036,0,LOW_RISK,0.0,
BioSpread,UNSEEN::AA617,0.18157070875167847,medium,0,0.6493038237094879,0,LOW_RISK,0.0,
BioSpread,UNSEEN::AA187,0.18124841153621674,medium,0,0.6498866379261017,0,LOW_RISK,0.0,
BioSpread,AG224,0.7240200042724609,review,0,0.5226680934429169,0,MODERATE_RISK,0.0,
BioSpread,AH053,0.5722795724868774,review,0,0.43689364194869995,0,MODERATE_RISK,0.0,
BioSpread,AB600,0.7777336835861206,review,0,0.5840237736701965,0,MODERATE_RISK,0.0,
BioSpread,AD795,0.2715494632720947,review,0,0.5388506650924683,0,LOW_RISK,0.0,
BioSpread,UNSEEN::AG802,0.18124131858348846,medium,0,0.6498843431472778,0,LOW_RISK,0.0,
BioSpread,UNSEEN::AH422,0.18128445744514465,medium,0,0.6497955322265625,0,LOW_RISK,0.0,
BioSpread,UNSEEN::AD270,0.18130218982696533,medium,0,0.6498037278652191,0,LOW_RISK,0.0,
BioSpread,AD296,0.6938937902450562,review,0,0.4917207956314087,0,MODERATE_RISK,0.0,
BioSpread,AD493,0.6809044480323792,review,0,0.47992372512817383,0,MODERATE_RISK,0.0,
BioSpread,AA576,0.7745941281318665,review,0,0.5784774422645569,0,MODERATE_RISK,0.0,
BioSpread,UNSEEN::AH431,0.18128445744514465,medium,0,0.6497955322265625,0,LOW_RISK,0.0,
BioSpread,AG673,0.5206161141395569,review,0,0.43023228645324707,0,MODERATE_RISK,0.0,
BioSpread,UNSEEN::AG519,0.1812022477388382,medium,0,0.6499698162078857,0,LOW_RISK,0.0,
BioSpread,UNSEEN::AE425,0.18134157359600067,medium,0,0.6497229337692261,0,LOW_RISK,0.0,
BioSpread,UNSEEN::AG526,0.18133074045181274,medium,0,0.6497089266777039,0,LOW_RISK,0.0,
BioSpread,UNSEEN::AB124,0.18124203383922577,medium,0,0.6498830914497375,0,LOW_RISK,0.0,
BioSpread,UNSEEN::AB975,0.18134689331054688,medium,0,0.6496994197368622,0,LOW_RISK,0.0,
BioSpread,AB815,0.7600111961364746,review,0,0.559447854757309,0,MODERATE_RISK,0.0,
BioSpread,AB671,0.7079821825027466,review,0,0.5085103213787079,0,MODERATE_RISK,0.0,
BioSpread,UNSEEN::AA523,0.18210744857788086,medium,0,0.6483694612979889,0,LOW_RISK,0.0,
BioSpread,AC231,0.5811704993247986,review,0,0.43869954347610474,0,MODERATE_RISK,0.0,
BioSpread,UNSEEN::AF969,0.18120291829109192,medium,0,0.6499686241149902,0,LOW_RISK,0.0,
BioSpread,UNSEEN::AF640,0.18124203383922577,medium,0,0.6498830914497375,0,LOW_RISK,0.0,
BioSpread,AD535,0.7327965497970581,review,0,0.5323114991188049,0,MODERATE_RISK,0.0,
BioSpread,UNSEEN::AH450,0.18129393458366394,medium,0,0.6497885286808014,0,LOW_RISK,0.0,
BioSpread,UNSEEN::AE815,0.1812424510717392,medium,0,0.6498823761940002,0,LOW_RISK,0.0,
BioSpread,AG383,0.5204493403434753,review,0,0.43024104833602905,0,MODERATE_RISK,0.0,
BioSpread,UNSEEN::AH213,0.18124203383922577,medium,0,0.6498830914497375,0,LOW_RISK,0.0,
BioSpread,AE407,0.7400581240653992,review,0,0.5375441908836365,0,MODERATE_RISK,0.0,
BioSpread,UNSEEN::AD899,0.18120257556438446,medium,0,0.649969220161438,0,LOW_RISK,0.0,
BioSpread,UNSEEN::AD551,0.18131691217422485,medium,0,0.6497405171394348,0,LOW_RISK,0.0,
BioSpread,AA900,0.2444697767496109,review,0,0.5665620863437653,0,LOW_RISK,0.0,
BioSpread,UNSEEN::AC927,0.181443452835083,medium,0,0.649509459733963,0,LOW_RISK,0.0,
BioSpread,UNSEEN::AE761,0.18148280680179596,medium,0,0.649402529001236,0,LOW_RISK,0.0,
BioSpread,UNSEEN::AA455,0.1812872290611267,medium,0,0.6498022377490997,0,LOW_RISK,0.0,
BioSpread,AB319,0.7405416369438171,review,1,0.5430698990821838,0,MODERATE_RISK,0.0,
BioSpread,AF514,0.76683509349823,review,0,0.5665707886219025,0,MODERATE_RISK,0.0,
BioSpread,UNSEEN::AA106,0.18200664222240448,medium,0,0.6485466659069061,0,LOW_RISK,0.0,
BioSpread,AD499,0.5205420255661011,review,0,0.43023616075515747,0,MODERATE_RISK,0.0,
BioSpread,AC851,0.20120051503181458,medium,0,0.6212798357009888,0,LOW_RISK,0.0,
BioSpread,AF779,0.17790138721466064,medium,0,0.6592538058757782,0,LOW_RISK,0.0,
BioSpread,UNSEEN::AE653,0.18128594756126404,medium,0,0.6497967541217804,0,LOW_RISK,0.0,
BioSpread,AC689,0.776178777217865,review,0,0.5822422206401825,0,MODERATE_RISK,0.0,
BioSpread,UNSEEN::AD107,0.1812824010848999,medium,0,0.6498076617717743,0,LOW_RISK,0.0,
BioSpread,AA572,0.5206717252731323,review,0,0.43022942543029785,0,MODERATE_RISK,0.0,
BioSpread,UNSEEN::AC812,0.18128342926502228,medium,0,0.649811178445816,0,LOW_RISK,0.0,
BioSpread,UNSEEN::AD922,0.18124203383922577,medium,0,0.6498830914497375,0,LOW_RISK,0.0,
BioSpread,UNSEEN::AB577,0.18123690783977509,medium,0,0.6498914957046509,0,LOW_RISK,0.0,
BioSpread,UNSEEN::AC432,0.18124203383922577,medium,0,0.6498830914497375,0,LOW_RISK,0.0,
BioSpread,UNSEEN::AF162,0.18124203383922577,medium,0,0.6498830914497375,0,LOW_RISK,0.0,
BioSpread,AH470,0.20107513666152954,medium,0,0.6214640438556671,0,LOW_RISK,0.0,
BioSpread,UNSEEN::AA459,0.18138669431209564,medium,0,0.6496245861053467,0,LOW_RISK,0.0,
BioSpread,UNSEEN::AC832,0.18128558993339539,medium,0,0.6497973799705505,0,LOW_RISK,0.0,
BioSpread,UNSEEN::AC181,0.18150107562541962,medium,0,0.6494197845458984,0,LOW_RISK,0.0,
BioSpread,UNSEEN::AC885,0.18138349056243896,medium,0,0.6496265530586243,0,LOW_RISK,0.0,
BioSpread,AD311,0.7762038707733154,review,0,0.5812603533267975,0,MODERATE_RISK,0.0,
BioSpread,UNSEEN::AB206,0.18123853206634521,medium,0,0.6498939394950867,0,LOW_RISK,0.0,
BioSpread,AC202,0.7614590525627136,review,1,0.5632756650447845,0,MODERATE_RISK,0.0,
BioSpread,AB320,0.7553248405456543,review,0,0.5547988712787628,0,MODERATE_RISK,0.0,
BioSpread,UNSEEN::AC793,0.18190623819828033,medium,0,0.6487517356872559,0,LOW_RISK,0.0,
BioSpread,UNSEEN::AB892,0.18119758367538452,medium,0,0.6499774158000946,0,LOW_RISK,0.0,
BioSpread,UNSEEN::AG569,0.18128083646297455,medium,0,0.6498051285743713,0,LOW_RISK,0.0,
BioSpread,AA928,0.6980017423629761,review,0,0.4944024682044983,0,MODERATE_RISK,0.0,
BioSpread,UNSEEN::AB830,0.1812429130077362,medium,0,0.6498892605304718,0,LOW_RISK,0.0,
BioSpread,AE057,0.6987881660461426,review,0,0.4952157735824585,0,MODERATE_RISK,0.0,
BioSpread,UNSEEN::AF054,0.18124237656593323,medium,0,0.6498824954032898,0,LOW_RISK,0.0,
BioSpread,UNSEEN::AE358,0.18142959475517273,medium,0,0.6495091021060944,0,LOW_RISK,0.0,
BioSpread,AD893,0.520634651184082,review,0,0.43023133277893066,0,MODERATE_RISK,0.0,
BioSpread,UNSEEN::AG658,0.1813732534646988,medium,0,0.6496258974075317,0,LOW_RISK,0.0,
BioSpread,UNSEEN::AH050,0.18134871125221252,medium,0,0.6497445702552795,0,LOW_RISK,0.0,
BioSpread,UNSEEN::AE613,0.1812015324831009,medium,0,0.6499710381031036,0,LOW_RISK,0.0,
BioSpread,AG544,0.7088394165039062,review,0,0.5104128420352936,0,MODERATE_RISK,0.0,
BioSpread,UNSEEN::AD793,0.18190623819828033,medium,0,0.6487517356872559,0,LOW_RISK,0.0,
BioSpread,UNSEEN::AF223,0.1812416911125183,medium,0,0.6498836874961853,0,LOW_RISK,0.0,
BioSpread,AC338,0.6823946833610535,review,0,0.48284685611724854,0,MODERATE_RISK,0.0,
BioSpread,UNSEEN::AE248,0.18129098415374756,medium,0,0.649811178445816,0,LOW_RISK,0.0,
BioSpread,UNSEEN::AB099,0.18123649060726166,medium,0,0.649888426065445,0,LOW_RISK,0.0,
BioSpread,UNSEEN::AG945,0.18124203383922577,medium,0,0.6498830914497375,0,LOW_RISK,0.0,
BioSpread,UNSEEN::AF575,0.18123993277549744,medium,0,0.6498952805995941,0,LOW_RISK,0.0,
BioSpread,UNSEEN::AE002,0.1812881976366043,medium,0,0.649808257818222,0,LOW_RISK,0.0,
BioSpread,UNSEEN::AH388,0.1812416911125183,medium,0,0.6498836874961853,0,LOW_RISK,0.0,
BioSpread,UNSEEN::AG257,0.18124271929264069,medium,0,0.6498819291591644,0,LOW_RISK,0.0,
BioSpread,AF864,0.5064272880554199,review,0,0.4346740245819092,0,MODERATE_RISK,0.0,
BioSpread,AC245,0.7769511342048645,review,0,0.5826179385185242,0,MODERATE_RISK,0.0,
BioSpread,UNSEEN::AE870,0.1812867373228073,medium,0,0.6497992277145386,0,LOW_RISK,0.0,
BioSpread,UNSEEN::AD234,0.1812416911125183,medium,0,0.6498836874961853,0,LOW_RISK,0.0,
BioSpread,UNSEEN::AE238,0.18124203383922577,medium,0,0.6498830914497375,0,LOW_RISK,0.0,
BioSpread,UNSEEN::AG735,0.18124203383922577,medium,0,0.6498830914497375,0,LOW_RISK,0.0,
BioSpread,AG983,0.43709081411361694,review,0,0.4325724244117737,0,LOW_RISK,0.0,
BioSpread,UNSEEN::AG924,0.1812416911125183,medium,0,0.6498836874961853,0,LOW_RISK,0.0,
BioSpread,UNSEEN::AC813,0.18124344944953918,medium,0,0.6498844623565674,0,LOW_RISK,0.0,
BioSpread,UNSEEN::AD935,0.18120257556438446,medium,0,0.649969220161438,0,LOW_RISK,0.0,
BioSpread,UNSEEN::AA864,0.18124271929264069,medium,0,0.6498819291591644,0,LOW_RISK,0.0,
BioSpread,UNSEEN::AA109,0.18161486089229584,medium,0,0.6491895318031311,0,LOW_RISK,0.0,
BioSpread,UNSEEN::AD259,0.18124277889728546,medium,0,0.6498856246471405,0,LOW_RISK,0.0,
BioSpread,AC407,0.7440897226333618,review,0,0.5402876138687134,0,MODERATE_RISK,0.0,
BioSpread,AD623,0.20110401511192322,medium,0,0.621421605348587,0,LOW_RISK,0.0,
BioSpread,UNSEEN::AH157,0.18190711736679077,medium,0,0.6487539112567902,0,LOW_RISK,0.0,
BioSpread,AG446,0.7774063348770142,review,1,0.58512082695961,0,MODERATE_RISK,0.0,
BioSpread,UNSEEN::AE589,0.1812416911125183,medium,0,0.6498836874961853,0,LOW_RISK,0.0,
BioSpread,UNSEEN::AD408,0.1813378930091858,medium,0,0.6497034430503845,0,LOW_RISK,0.0,
BioSpread,UNSEEN::AB281,0.1812431514263153,medium,0,0.6498849987983704,0,LOW_RISK,0.0,
BioSpread,UNSEEN::AE077,0.18138805031776428,medium,0,0.6496064066886902,0,LOW_RISK,0.0,
BioSpread,UNSEEN::AB490,0.18124203383922577,medium,0,0.6498830914497375,0,LOW_RISK,0.0,
BioSpread,AA255,0.47971445322036743,review,0,0.4398231506347656,0,LOW_RISK,0.0,
BioSpread,UNSEEN::AE571,0.1812419444322586,medium,0,0.6498942971229553,0,LOW_RISK,0.0,
BioSpread,AC157,0.6194390058517456,review,0,0.4602436423301697,0,MODERATE_RISK,0.0,
BioSpread,AE708,0.7640568017959595,review,0,0.5658678412437439,0,MODERATE_RISK,0.0,
BioSpread,UNSEEN::AE968,0.18124271929264069,medium,0,0.6498819291591644,0,LOW_RISK,0.0,
BioSpread,UNSEEN::AF966,0.18128712475299835,medium,0,0.6498045921325684,0,LOW_RISK,0.0,
BioSpread,UNSEEN::AC224,0.18139855563640594,medium,0,0.6496486961841583,0,LOW_RISK,0.0,
BioSpread,AB595,0.7782819271087646,review,1,0.5841810703277588,0,MODERATE_RISK,0.0,
BioSpread,AF123,0.6556890606880188,review,0,0.46418553590774536,0,MODERATE_RISK,0.0,
BioSpread,UNSEEN::AF518,0.18125441670417786,medium,0,0.649877279996872,0,LOW_RISK,0.0,
BioSpread,UNSEEN::AC867,0.18124271929264069,medium,0,0.6498819291591644,0,LOW_RISK,0.0,
BioSpread,AB148,0.7111408710479736,review,1,0.5172434151172638,0,MODERATE_RISK,0.0,
BioSpread,AF720,0.5205605626106262,review,0,0.43023520708084106,0,MODERATE_RISK,0.0,
BioSpread,AD472,0.6523202657699585,review,0,0.4658300280570984,0,MODERATE_RISK,0.0,
BioSpread,AC427,0.3811279237270355,review,0,0.4892304539680481,0,LOW_RISK,0.0,
BioSpread,AG011,0.5206161141395569,review,0,0.43023228645324707,0,MODERATE_RISK,0.0,
BioSpread,UNSEEN::AF666,0.18120291829109192,medium,0,0.6499686241149902,0,LOW_RISK,0.0,
BioSpread,UNSEEN::AF040,0.18120327591896057,medium,0,0.6499755680561066,0,LOW_RISK,0.0,
BioSpread,UNSEEN::AH484,0.18120257556438446,medium,0,0.649969220161438,0,LOW_RISK,0.0,
BioSpread,UNSEEN::AF783,0.18124203383922577,medium,0,0.6498830914497375,0,LOW_RISK,0.0,
BioSpread,UNSEEN::AC183,0.181283637881279,medium,0,0.6498042345046997,0,LOW_RISK,0.0,
BioSpread,AB905,0.7030695676803589,review,0,0.49906909465789795,0,MODERATE_RISK,0.0,
BioSpread,UNSEEN::AF134,0.18129099905490875,medium,0,0.649791032075882,0,LOW_RISK,0.0,
BioSpread,AC176,0.647390604019165,review,0,0.46013450622558594,0,MODERATE_RISK,0.0,
BioSpread,UNSEEN::AC270,0.18124085664749146,medium,0,0.6498924195766449,0,LOW_RISK,0.0,
BioSpread,UNSEEN::AE682,0.33005210757255554,review,0,0.4775509834289551,0,LOW_RISK,0.0,
BioSpread,AG159,0.5499570965766907,review,0,0.4453026056289673,0,MODERATE_RISK,0.0,
BioSpread,AB646,0.774253249168396,review,1,0.5779973268508911,0,MODERATE_RISK,0.0,
BioSpread,AB728,0.7722514271736145,review,0,0.5755479037761688,0,MODERATE_RISK,0.0,
BioSpread,UNSEEN::AB965,0.18148842453956604,medium,0,0.6493989527225494,0,LOW_RISK,0.0,
BioSpread,UNSEEN::AA204,0.181243896484375,medium,0,0.6498912870883942,0,LOW_RISK,0.0,
BioSpread,UNSEEN::AF899,0.1812022477388382,medium,0,0.6499698162078857,0,LOW_RISK,0.0,
BioSpread,UNSEEN::AA719,0.18124502897262573,medium,0,0.6498931646347046,0,LOW_RISK,0.0,
BioSpread,UNSEEN::AB325,0.18128594756126404,medium,0,0.6497967541217804,0,LOW_RISK,0.0,
BioSpread,AF602,0.6603096723556519,review,0,0.46766752004623413,0,MODERATE_RISK,0.0,
BioSpread,UNSEEN::AD439,0.18124203383922577,medium,0,0.6498830914497375,0,LOW_RISK,0.0,
BioSpread,AD655,0.7341083884239197,review,0,0.5325958430767059,0,MODERATE_RISK,0.0,
BioSpread,UNSEEN::AA234,0.18124277889728546,medium,0,0.6498856246471405,0,LOW_RISK,0.0,
BioSpread,AH483,0.6252233386039734,review,0,0.44692903757095337,0,MODERATE_RISK,0.0,
BioSpread,AH299,0.6587421894073486,review,0,0.48849552869796753,0,MODERATE_RISK,0.0,
BioSpread,UNSEEN::AA041,0.18124237656593323,medium,0,0.6498824954032898,0,LOW_RISK,0.0,
BioSpread,AG337,0.7177059054374695,review,0,0.510875016450882,0,MODERATE_RISK,0.0,
BioSpread,AF086,0.7359868288040161,review,0,0.5409672856330872,0,MODERATE_RISK,0.0,
BioSpread,UNSEEN::AB092,0.1812809556722641,medium,0,0.649846613407135,0,LOW_RISK,0.0,
BioSpread,UNSEEN::AG729,0.1812416911125183,medium,0,0.6498836874961853,0,LOW_RISK,0.0,
BioSpread,UNSEEN::AC424,0.18124203383922577,medium,0,0.6498830914497375,0,LOW_RISK,0.0,
BioSpread,AF828,0.5696517825126648,review,0,0.4368829131126404,0,MODERATE_RISK,0.0,
BioSpread,AE703,0.22606514394283295,review,0,0.597011923789978,0,LOW_RISK,0.0,
BioSpread,UNSEEN::AG025,0.18129031360149384,medium,0,0.6498085856437683,0,LOW_RISK,0.0,
BioSpread,UNSEEN::AG326,0.18124312162399292,medium,0,0.6498850286006927,0,LOW_RISK,0.0,
BioSpread,UNSEEN::AA809,0.18124271929264069,medium,0,0.6498819291591644,0,LOW_RISK,0.0,
BioSpread,UNSEEN::AE661,0.18120291829109192,medium,0,0.6499686241149902,0,LOW_RISK,0.0,
BioSpread,UNSEEN::AG147,0.18124505877494812,medium,0,0.6498952507972717,0,LOW_RISK,0.0,
BioSpread,UNSEEN::AG931,0.18124312162399292,medium,0,0.6498850286006927,0,LOW_RISK,0.0,
BioSpread,UNSEEN::AF950,0.18128477036952972,medium,0,0.6497949361801147,0,LOW_RISK,0.0,
BioSpread,UNSEEN::AD543,0.18120291829109192,medium,0,0.6499686241149902,0,LOW_RISK,0.0,
BioSpread,AD603,0.7024917006492615,review,0,0.5037447214126587,0,MODERATE_RISK,0.0,
BioSpread,AE039,0.6690898537635803,review,0,0.4739023447036743,0,MODERATE_RISK,0.0,
BioSpread,UNSEEN::AF207,0.18129441142082214,medium,0,0.6497876644134521,0,LOW_RISK,0.0,
BioSpread,UNSEEN::AG716,0.18124237656593323,medium,0,0.6498824954032898,0,LOW_RISK,0.0,
BioSpread,UNSEEN::AA226,0.1812022477388382,medium,0,0.6499698162078857,0,LOW_RISK,0.0,
BioSpread,UNSEEN::AB208,0.1812416911125183,medium,0,0.6498836874961853,0,LOW_RISK,0.0,
BioSpread,AB400,0.5813323855400085,review,0,0.43845921754837036,0,MODERATE_RISK,0.0,
BioSpread,AG456,0.7709824442863464,review,1,0.5747672021389008,0,MODERATE_RISK,0.0,
BioSpread,AE334,0.7462504506111145,review,1,0.544334888458252,0,MODERATE_RISK,0.0,
BioSpread,UNSEEN::AG270,0.1812363862991333,medium,0,0.6499023735523224,0,LOW_RISK,0.0,
BioSpread,UNSEEN::AD933,0.1812824010848999,medium,0,0.6498076617717743,0,LOW_RISK,0.0,
BioSpread,UNSEEN::AA214,0.18124358355998993,medium,0,0.6498918533325195,0,LOW_RISK,0.0,
BioSpread,UNSEEN::AD284,0.18128515779972076,medium,0,0.6497942805290222,0,LOW_RISK,0.0,
BioSpread,AA358,0.7740448713302612,review,0,0.5778017938137054,0,MODERATE_RISK,0.0,
BioSpread,AB143,0.736342191696167,review,0,0.5337524712085724,0,MODERATE_RISK,0.0,
BioSpread,UNSEEN::AE745,0.1814473569393158,medium,0,0.6495251655578613,0,LOW_RISK,0.0,
BioSpread,UNSEEN::AA663,0.18161316215991974,medium,0,0.6491992175579071,0,LOW_RISK,0.0,
BioSpread,AA872,0.5205605626106262,review,0,0.43023520708084106,0,MODERATE_RISK,0.0,
BioSpread,AG567,0.36449962854385376,review,0,0.48997533321380615,0,LOW_RISK,0.0,
BioSpread,UNSEEN::AA537,0.18218252062797546,medium,0,0.6482250690460205,0,LOW_RISK,0.0,
BioSpread,UNSEEN::AG731,0.181338831782341,medium,0,0.6496966183185577,0,LOW_RISK,0.0,
BioSpread,UNSEEN::AH028,0.18128465116024017,medium,0,0.6497951745986938,0,LOW_RISK,0.0,
BioSpread,UNSEEN::AG115,0.18144108355045319,medium,0,0.649509072303772,0,LOW_RISK,0.0,
BioSpread,UNSEEN::AH045,0.18124271929264069,medium,0,0.6498819291591644,0,LOW_RISK,0.0,
BioSpread,AD520,0.576677680015564,review,0,0.43790924549102783,0,MODERATE_RISK,0.0,
BioSpread,UNSEEN::AA807,0.18133673071861267,medium,0,0.6497141420841217,0,LOW_RISK,0.0,
BioSpread,AB443,0.7647287249565125,review,1,0.5660053789615631,0,MODERATE_RISK,0.0,
BioSpread,AC861,0.7750488519668579,review,0,0.579293429851532,0,MODERATE_RISK,0.0,
BioSpread,AE203,0.6920458674430847,review,0,0.4937285780906677,0,MODERATE_RISK,0.0,
BioSpread,UNSEEN::AE289,0.1812416911125183,medium,0,0.6498836874961853,0,LOW_RISK,0.0,
BioSpread,AF103,0.7200566530227661,review,0,0.5182467699050903,0,MODERATE_RISK,0.0,
BioSpread,UNSEEN::AB801,0.1812416911125183,medium,0,0.6498836874961853,0,LOW_RISK,0.0,
BioSpread,AD088,0.5205790996551514,review,0,0.4302341938018799,0,MODERATE_RISK,0.0,
BioSpread,AC305,0.7780939340591431,review,1,0.5837718844413757,0,MODERATE_RISK,0.0,
BioSpread,AC462,0.7324619293212891,review,0,0.5298298299312592,0,MODERATE_RISK,0.0,
BioSpread,UNSEEN::AF938,0.18139106035232544,medium,0,0.6496055126190186,0,LOW_RISK,0.0,
BioSpread,UNSEEN::AE927,0.1812572181224823,medium,0,0.6498749554157257,0,LOW_RISK,0.0,
BioSpread,AE004,0.5329827070236206,review,0,0.4710223078727722,0,MODERATE_RISK,0.0,
BioSpread,AB611,0.17790138721466064,medium,0,0.6592538058757782,0,LOW_RISK,0.0,
BioSpread,UNSEEN::AE220,0.18127943575382233,medium,0,0.6497998833656311,0,LOW_RISK,0.0,
BioSpread,AB242,0.7347196340560913,review,0,0.5300050973892212,0,MODERATE_RISK,0.0,
BioSpread,UNSEEN::AG637,0.18144555389881134,medium,0,0.6495226323604584,0,LOW_RISK,0.0,
BioSpread,AG066,0.5206161141395569,review,0,0.43023228645324707,0,MODERATE_RISK,0.0,
BioSpread,AF617,0.5206161141395569,review,0,0.43023228645324707,0,MODERATE_RISK,0.0,
BioSpread,AE657,0.6308397650718689,review,0,0.4493085741996765,0,MODERATE_RISK,0.0,
BioSpread,AC497,0.6473715305328369,review,0,0.4601259231567383,0,MODERATE_RISK,0.0,
BioSpread,AB735,0.7550634145736694,review,0,0.5531012713909149,0,MODERATE_RISK,0.0,
BioSpread,UNSEEN::AH038,0.1812416911125183,medium,0,0.6498836874961853,0,LOW_RISK,0.0,
BioSpread,UNSEEN::AE797,0.18133240938186646,medium,0,0.6497060060501099,0,LOW_RISK,0.0,
BioSpread,UNSEEN::AD657,0.18125441670417786,medium,0,0.649877279996872,0,LOW_RISK,0.0,
BioSpread,AB904,0.2055208683013916,medium,0,0.619839072227478,0,LOW_RISK,0.0,
BioSpread,AB524,0.7369577288627625,review,0,0.5378337204456329,0,MODERATE_RISK,0.0,
BioSpread,UNSEEN::AG767,0.1812424212694168,medium,0,0.6498862504959106,0,LOW_RISK,0.0,
BioSpread,UNSEEN::AC276,0.18123754858970642,medium,0,0.6499079763889313,0,LOW_RISK,0.0,
BioSpread,UNSEEN::AB363,0.18128515779972076,medium,0,0.6497942805290222,0,LOW_RISK,0.0,
BioSpread,UNSEEN::AA700,0.18134325742721558,medium,0,0.6497083306312561,0,LOW_RISK,0.0,
BioSpread,AH493,0.5984684228897095,review,0,0.45058542490005493,0,MODERATE_RISK,0.0,
BioSpread,AB329,0.7002902030944824,review,0,0.5022833049297333,0,MODERATE_RISK,0.0,
BioSpread,AA568,0.5814120173454285,review,0,0.43847203254699707,0,MODERATE_RISK,0.0,
BioSpread,AB007,0.7750746607780457,review,0,0.5794885456562042,0,MODERATE_RISK,0.0,
BioSpread,AB514,0.5203566551208496,review,0,0.43024593591690063,0,MODERATE_RISK,0.0,
BioSpread,UNSEEN::AD553,0.18124140799045563,medium,0,0.6499027907848358,0,LOW_RISK,0.0,
BioSpread,AB440,0.7332679629325867,review,0,0.5274505019187927,0,MODERATE_RISK,0.0,
BioSpread,UNSEEN::AD362,0.18129056692123413,medium,0,0.6497991383075714,0,LOW_RISK,0.0,
BioSpread,UNSEEN::AH453,0.18124191462993622,medium,0,0.6498833298683167,0,LOW_RISK,0.0,
BioSpread,UNSEEN::AA300,0.18152965605258942,medium,0,0.6493775248527527,0,LOW_RISK,0.0,
BioSpread,AF739,0.6872278451919556,review,0,0.4858090877532959,0,MODERATE_RISK,0.0,
BioSpread,AA208,0.7374885678291321,review,0,0.5321168303489685,0,MODERATE_RISK,0.0,
BioSpread,UNSEEN::AB818,0.18143601715564728,medium,0,0.6495259404182434,0,LOW_RISK,0.0,
BioSpread,AE681,0.19008545577526093,medium,0,0.640952855348587,0,LOW_RISK,0.0,
BioSpread,AG350,0.5325726270675659,review,0,0.4251365661621094,0,MODERATE_RISK,0.0,
BioSpread,UNSEEN::AC088,0.1813860535621643,medium,0,0.6496224105358124,0,LOW_RISK,0.0,
BioSpread,UNSEEN::AF405,0.18134018778800964,medium,0,0.649716317653656,0,LOW_RISK,0.0,
BioSpread,UNSEEN::AF490,0.1812416911125183,medium,0,0.6498836874961853,0,LOW_RISK,0.0,
BioSpread,AA970,0.7743836641311646,review,0,0.5789181888103485,0,MODERATE_RISK,0.0,
BioSpread,AB878,0.6100518107414246,review,0,0.446288526058197,0,MODERATE_RISK,0.0,
BioSpread,AC518,0.7049598097801208,review,0,0.5004980266094208,0,MODERATE_RISK,0.0,
BioSpread,AE048,0.7126067280769348,review,0,0.507725715637207,0,MODERATE_RISK,0.0,
BioSpread,UNSEEN::AG581,0.18123754858970642,medium,0,0.6498903632164001,0,LOW_RISK,0.0,
BioSpread,UNSEEN::AB344,0.18133331835269928,medium,0,0.6497197151184082,0,LOW_RISK,0.0,
BioSpread,UNSEEN::AG754,0.1813296228647232,medium,0,0.6497030854225159,0,LOW_RISK,0.0,
BioSpread,UNSEEN::AC261,0.18124262988567352,medium,0,0.649885892868042,0,LOW_RISK,0.0,
BioSpread,AA019,0.7772343158721924,review,0,0.5821446776390076,0,MODERATE_RISK,0.0,
BioSpread,UNSEEN::AH365,0.18124203383922577,medium,0,0.6498830914497375,0,LOW_RISK,0.0,
BioSpread,AC504,0.7736048698425293,review,0,0.577102392911911,0,MODERATE_RISK,0.0,
BioSpread,AF431,0.7672358751296997,review,0,0.5687858164310455,0,MODERATE_RISK,0.0,
BioSpread,AG709,0.20117154717445374,medium,0,0.621322363615036,0,LOW_RISK,0.0,
BioSpread,AF312,0.6473652124404907,review,0,0.46012306213378906,0,MODERATE_RISK,0.0,
BioSpread,AC897,0.7614402770996094,review,0,0.5596919655799866,0,MODERATE_RISK,0.0,
BioSpread,UNSEEN::AE402,0.18129342794418335,medium,0,0.6498295664787292,0,LOW_RISK,0.0,
BioSpread,AC296,0.7783348560333252,review,0,0.5851573944091797,0,MODERATE_RISK,0.0,
BioSpread,UNSEEN::AH194,0.18124277889728546,medium,0,0.6498856246471405,0,LOW_RISK,0.0,
BioSpread,UNSEEN::AE903,0.18128818273544312,medium,0,0.6498058438301086,0,LOW_RISK,0.0,
BioSpread,UNSEEN::AE224,0.18135105073451996,medium,0,0.649705708026886,0,LOW_RISK,0.0,
BioSpread,UNSEEN::AG938,0.1812015324831009,medium,0,0.6499710381031036,0,LOW_RISK,0.0,
BioSpread,AB260,0.28550776839256287,review,0,0.5238460600376129,0,LOW_RISK,0.0,
BioSpread,AE490,0.436959832906723,review,0,0.4326162338256836,0,LOW_RISK,0.0,
BioSpread,AE300,0.6987870931625366,review,0,0.4952157735824585,0,MODERATE_RISK,0.0,
BioSpread,UNSEEN::AF035,0.18128558993339539,medium,0,0.6497973799705505,0,LOW_RISK,0.0,
BioSpread,UNSEEN::AA969,0.18124271929264069,medium,0,0.6498819291591644,0,LOW_RISK,0.0,
BioSpread,UNSEEN::AE246,0.1813454031944275,medium,0,0.649703323841095,0,LOW_RISK,0.0,
BioSpread,UNSEEN::AA030,0.18124230206012726,medium,0,0.6498864889144897,0,LOW_RISK,0.0,
BioSpread,AA206,0.7330716252326965,review,0,0.5307152271270752,0,MODERATE_RISK,0.0,
BioSpread,UNSEEN::AF675,0.18120257556438446,medium,0,0.649969220161438,0,LOW_RISK,0.0,
BioSpread,AC724,0.7755887508392334,review,0,0.5804643929004669,0,MODERATE_RISK,0.0,
BioSpread,UNSEEN::AD827,0.18124349415302277,medium,0,0.6498881876468658,0,LOW_RISK,0.0,
BioSpread,UNSEEN::AA494,0.1812416911125183,medium,0,0.6498836874961853,0,LOW_RISK,0.0,
BioSpread,UNSEEN::AG865,0.18124131858348846,medium,0,0.6498843431472778,0,LOW_RISK,0.0,
BioSpread,AE897,0.7619578242301941,review,0,0.5642883777618408,0,MODERATE_RISK,0.0,
BioSpread,UNSEEN::AB930,0.18125168979167938,medium,0,0.6498794853687286,0,LOW_RISK,0.0,
BioSpread,AC208,0.7477052807807922,review,0,0.5454099774360657,0,MODERATE_RISK,0.0,
BioSpread,UNSEEN::AE242,0.18124203383922577,medium,0,0.6498830914497375,0,LOW_RISK,0.0,
BioSpread,AF304,0.6054403185844421,review,0,0.436562180519104,0,MODERATE_RISK,0.0,
BioSpread,UNSEEN::AH192,0.1812015324831009,medium,0,0.6499710381031036,0,LOW_RISK,0.0,
BioSpread,UNSEEN::AE331,0.1812926083803177,medium,0,0.6498200595378876,0,LOW_RISK,0.0,
BioSpread,AA905,0.7296816110610962,review,0,0.5249985158443451,0,MODERATE_RISK,0.0,
BioSpread,UNSEEN::AE372,0.18133017420768738,medium,0,0.6497021019458771,0,LOW_RISK,0.0,
BioSpread,AA130,0.7516921162605286,review,0,0.5495996177196503,0,MODERATE_RISK,0.0,
BioSpread,UNSEEN::AE054,0.1812416911125183,medium,0,0.6498836874961853,0,LOW_RISK,0.0,
BioSpread,UNSEEN::AB668,0.18124131858348846,medium,0,0.6498843431472778,0,LOW_RISK,0.0,
BioSpread,AD978,0.7019467353820801,review,0,0.4979116916656494,0,MODERATE_RISK,0.0,
BioSpread,AC909,0.7724714279174805,review,0,0.5756200551986694,0,MODERATE_RISK,0.0,
BioSpread,UNSEEN::AD498,0.1812416911125183,medium,0,0.6498836874961853,0,LOW_RISK,0.0,
BioSpread,UNSEEN::AA611,0.18142397701740265,medium,0,0.6495158672332764,0,LOW_RISK,0.0,
BioSpread,UNSEEN::AA501,0.18128973245620728,medium,0,0.6497907042503357,0,LOW_RISK,0.0,
BioSpread,UNSEEN::AD807,0.18124203383922577,medium,0,0.6498830914497375,0,LOW_RISK,0.0,
BioSpread,UNSEEN::AC433,0.1812945157289505,medium,0,0.6497913300991058,0,LOW_RISK,0.0,
BioSpread,AA068,0.7742657661437988,review,0,0.5786145329475403,0,MODERATE_RISK,0.0,
BioSpread,UNSEEN::AD857,0.18120244145393372,medium,0,0.6499694883823395,0,LOW_RISK,0.0,
BioSpread,AF101,0.7191336154937744,review,0,0.5174561440944672,0,MODERATE_RISK,0.0,
BioSpread,AC588,0.6084281802177429,review,0,0.44192200899124146,0,MODERATE_RISK,0.0,
BioSpread,AB987,0.5981600880622864,review,0,0.4428338408470154,0,MODERATE_RISK,0.0,
BioSpread,UNSEEN::AD909,0.1814153492450714,medium,0,0.6496348083019257,0,LOW_RISK,0.0,
BioSpread,UNSEEN::AF299,0.1812463104724884,medium,0,0.6498879790306091,0,LOW_RISK,0.0,
BioSpread,UNSEEN::AA852,0.18128766119480133,medium,0,0.6498016715049744,0,LOW_RISK,0.0,
BioSpread,AC568,0.7339714169502258,review,0,0.5299527049064636,0,MODERATE_RISK,0.0,
BioSpread,UNSEEN::AG150,0.18124344944953918,medium,0,0.6498844623565674,0,LOW_RISK,0.0,
BioSpread,AG214,0.4368942975997925,review,0,0.43263816833496094,0,LOW_RISK,0.0,
BioSpread,UNSEEN::AG950,0.18120187520980835,medium,0,0.6499704420566559,0,LOW_RISK,0.0,
BioSpread,AC945,0.6088355183601379,review,0,0.4704253077507019,0,MODERATE_RISK,0.0,
BioSpread,UNSEEN::AE919,0.18124203383922577,medium,0,0.6498830914497375,0,LOW_RISK,0.0,
BioSpread,AG463,0.17162038385868073,medium,0,0.6671180129051208,0,LOW_RISK,0.0,
BioSpread,AB507,0.6466292142868042,review,0,0.4642863869667053,0,MODERATE_RISK,0.0,
BioSpread,AE336,0.6536783576011658,review,0,0.47034376859664917,0,MODERATE_RISK,0.0,
BioSpread,AA231,0.7171670794487,review,0,0.5138318836688995,0,MODERATE_RISK,0.0,
BioSpread,AF326,0.2722141742706299,review,0,0.5469250679016113,0,LOW_RISK,0.0,
BioSpread,UNSEEN::AE020,0.18124237656593323,medium,0,0.6498824954032898,0,LOW_RISK,0.0,
BioSpread,AB352,0.6758354306221008,review,0,0.47806084156036377,0,MODERATE_RISK,0.0,
BioSpread,UNSEEN::AH439,0.18123272061347961,medium,0,0.649913489818573,0,LOW_RISK,0.0,
BioSpread,UNSEEN::AD820,0.18123853206634521,medium,0,0.6498939394950867,0,LOW_RISK,0.0,
BioSpread,UNSEEN::AD803,0.18128547072410583,medium,0,0.6497976183891296,0,LOW_RISK,0.0,
BioSpread,AD579,0.764778733253479,review,0,0.5663727223873138,0,MODERATE_RISK,0.0,
BioSpread,AE792,0.7173370122909546,review,0,0.5177605748176575,0,MODERATE_RISK,0.0,
BioSpread,UNSEEN::AD436,0.1812841296195984,medium,0,0.6497960984706879,0,LOW_RISK,0.0,
BioSpread,UNSEEN::AA796,0.18124225735664368,medium,0,0.6498827338218689,0,LOW_RISK,0.0,
BioSpread,AG174,0.657069742679596,review,0,0.480007529258728,0,MODERATE_RISK,0.0,
BioSpread,AG271,0.20106548070907593,medium,0,0.621478259563446,0,LOW_RISK,0.0,
BioSpread,AE047,0.773632824420929,review,0,0.5779653191566467,0,MODERATE_RISK,0.0,
BioSpread,AD596,0.6706120371818542,review,1,0.4835839867591858,0,MODERATE_RISK,0.0,
BioSpread,UNSEEN::AE078,0.1813514679670334,medium,0,0.6496899127960205,0,LOW_RISK,0.0,
BioSpread,UNSEEN::AD440,0.18124203383922577,medium,0,0.6498830914497375,0,LOW_RISK,0.0,
BioSpread,UNSEEN::AE581,0.1817323863506317,medium,0,0.6490984857082367,0,LOW_RISK,0.0,
BioSpread,AB578,0.7098612189292908,review,0,0.5172961056232452,0,MODERATE_RISK,0.0,
BioSpread,UNSEEN::AC752,0.18123917281627655,medium,0,0.6498927772045135,0,LOW_RISK,0.0,
BioSpread,UNSEEN::AF847,0.1812416911125183,medium,0,0.6498836874961853,0,LOW_RISK,0.0,
BioSpread,AF295,0.6687929630279541,review,0,0.47331851720809937,0,MODERATE_RISK,0.0,
BioSpread,AA798,0.763622522354126,review,0,0.5641758441925049,0,MODERATE_RISK,0.0,
BioSpread,UNSEEN::AC192,0.1812022477388382,medium,0,0.6499698162078857,0,LOW_RISK,0.0,
BioSpread,UNSEEN::AG273,0.18125663697719574,medium,0,0.6498849093914032,0,LOW_RISK,0.0,
BioSpread,AE212,0.7122038006782532,review,0,0.5074977278709412,0,MODERATE_RISK,0.0,
BioSpread,AF289,0.7397347688674927,review,0,0.5354127883911133,0,MODERATE_RISK,0.0,
BioSpread,AC377,0.2583732306957245,review,0,0.5510812997817993,0,LOW_RISK,0.0,
BioSpread,UNSEEN::AH381,0.18124203383922577,medium,0,0.6498830914497375,0,LOW_RISK,0.0,
BioSpread,AG418,0.5856210589408875,review,0,0.45115208625793457,0,MODERATE_RISK,0.0,
BioSpread,AB172,0.778470516204834,review,1,0.5848040282726288,0,MODERATE_RISK,0.0,
BioSpread,UNSEEN::AH155,0.1812022477388382,medium,0,0.6499698162078857,0,LOW_RISK,0.0,
BioSpread,UNSEEN::AB101,0.1812368482351303,medium,0,0.6498878300189972,0,LOW_RISK,0.0,
BioSpread,UNSEEN::AF004,0.18120644986629486,medium,0,0.6499814987182617,0,LOW_RISK,0.0,
BioSpread,AE000,0.5895484089851379,review,0,0.4400565028190613,0,MODERATE_RISK,0.0,
BioSpread,UNSEEN::AC808,0.18134182691574097,medium,0,0.6496939957141876,0,LOW_RISK,0.0,
BioSpread,AB738,0.7646910548210144,review,0,0.5651000440120697,0,MODERATE_RISK,0.0,
BioSpread,AC670,0.7768484354019165,review,1,0.5822808146476746,0,MODERATE_RISK,0.0,
BioSpread,AG470,0.497911274433136,review,0,0.44609397649765015,0,LOW_RISK,0.0,
BioSpread,UNSEEN::AB448,0.18174336850643158,medium,0,0.6489385068416595,0,LOW_RISK,0.0,
BioSpread,UNSEEN::AA488,0.18139716982841492,medium,0,0.6495948433876038,0,LOW_RISK,0.0,
BioSpread,UNSEEN::AH095,0.18129263818264008,medium,0,0.6497958898544312,0,LOW_RISK,0.0,
BioSpread,UNSEEN::AH079,0.18124131858348846,medium,0,0.6498843431472778,0,LOW_RISK,0.0,
BioSpread,UNSEEN::AC244,0.1813361644744873,medium,0,0.6497260630130768,0,LOW_RISK,0.0,
BioSpread,UNSEEN::AG437,0.18139928579330444,medium,0,0.6496082246303558,0,LOW_RISK,0.0,
BioSpread,AB783,0.25180473923683167,review,0,0.5722540616989136,0,LOW_RISK,0.0,
BioSpread,UNSEEN::AF756,0.18124203383922577,medium,0,0.6498830914497375,0,LOW_RISK,0.0,
BioSpread,UNSEEN::AG792,0.18124312162399292,medium,0,0.6498850286006927,0,LOW_RISK,0.0,
BioSpread,UNSEEN::AG643,0.18124203383922577,medium,0,0.6498830914497375,0,LOW_RISK,0.0,
BioSpread,UNSEEN::AH228,0.18124237656593323,medium,0,0.6498824954032898,0,LOW_RISK,0.0,
BioSpread,AF548,0.436959832906723,review,0,0.4326162338256836,0,LOW_RISK,0.0,
BioSpread,AE222,0.6048203706741333,review,0,0.4700067639350891,0,MODERATE_RISK,0.0,
BioSpread,UNSEEN::AE228,0.18150478601455688,medium,0,0.6494015753269196,0,LOW_RISK,0.0,
BioSpread,AB673,0.67357337474823,review,0,0.48771125078201294,0,MODERATE_RISK,0.0,
BioSpread,UNSEEN::AF642,0.18124203383922577,medium,0,0.6498830914497375,0,LOW_RISK,0.0,
BioSpread,UNSEEN::AG734,0.18124277889728546,medium,0,0.6498856246471405,0,LOW_RISK,0.0,
BioSpread,UNSEEN::AC741,0.18169812858104706,medium,0,0.6490907371044159,0,LOW_RISK,0.0,
BioSpread,UNSEEN::AE874,0.1812431812286377,medium,0,0.6498887240886688,0,LOW_RISK,0.0,
BioSpread,UNSEEN::AC453,0.1812416911125183,medium,0,0.6498836874961853,0,LOW_RISK,0.0,
BioSpread,UNSEEN::AE667,0.18128958344459534,medium,0,0.6498058438301086,0,LOW_RISK,0.0,
BioSpread,AD172,0.5509918928146362,review,0,0.44527876377105713,0,MODERATE_RISK,0.0,
BioSpread,AF083,0.35731542110443115,review,0,0.48231083154678345,0,LOW_RISK,0.0,
BioSpread,UNSEEN::AG043,0.18124203383922577,medium,0,0.6498830914497375,0,LOW_RISK,0.0,
BioSpread,AB788,0.7703894376754761,review,0,0.5757272839546204,0,MODERATE_RISK,0.0,
BioSpread,AG812,0.6872409582138062,review,0,0.48581749200820923,0,MODERATE_RISK,0.0,
BioSpread,UNSEEN::AH314,0.18124349415302277,medium,0,0.6498881876468658,0,LOW_RISK,0.0,
BioSpread,AB131,0.7758299708366394,review,1,0.5808652639389038,0,MODERATE_RISK,0.0,
BioSpread,AH033,0.7111073732376099,review,0,0.5064967274665833,0,MODERATE_RISK,0.0,
BioSpread,UNSEEN::AD470,0.18124131858348846,medium,0,0.6498843431472778,0,LOW_RISK,0.0,
BioSpread,UNSEEN::AE291,0.18128445744514465,medium,0,0.6497955322265625,0,LOW_RISK,0.0,
BioSpread,UNSEEN::AG175,0.18124203383922577,medium,0,0.6498830914497375,0,LOW_RISK,0.0,
BioSpread,UNSEEN::AA465,0.18129263818264008,medium,0,0.6497958898544312,0,LOW_RISK,0.0,
BioSpread,UNSEEN::AC416,0.18133644759655,medium,0,0.6497094631195068,0,LOW_RISK,0.0,
BioSpread,UNSEEN::AD348,0.18124271929264069,medium,0,0.6498819291591644,0,LOW_RISK,0.0,
BioSpread,AF233,0.7184180021286011,review,0,0.5206177830696106,0,MODERATE_RISK,0.0,
BioSpread,UNSEEN::AC087,0.18140120804309845,medium,0,0.6496404707431793,0,LOW_RISK,0.0,
BioSpread,AC158,0.16435760259628296,medium,0,0.6784983277320862,0,LOW_RISK,0.0,
BioSpread,UNSEEN::AF670,0.18125253915786743,medium,0,0.6499148309230804,0,LOW_RISK,0.0,
BioSpread,AC840,0.5205234885215759,review,0,0.4302371144294739,0,MODERATE_RISK,0.0,
BioSpread,AC064,0.5205605626106262,review,0,0.43023520708084106,0,MODERATE_RISK,0.0,
BioSpread,AE561,0.24832436442375183,review,0,0.5619193613529205,0,LOW_RISK,0.0,
BioSpread,AA062,0.738345205783844,review,0,0.5413190722465515,0,MODERATE_RISK,0.0,
BioSpread,AE757,0.20119087398052216,medium,0,0.6212939918041229,0,LOW_RISK,0.0,
BioSpread,AD244,0.7728070020675659,review,0,0.5771499574184418,0,MODERATE_RISK,0.0,
BioSpread,AE599,0.7760995626449585,review,0,0.5814346969127655,0,MODERATE_RISK,0.0,
BioSpread,UNSEEN::AE452,0.1812882125377655,medium,0,0.6498006582260132,0,LOW_RISK,0.0,
BioSpread,AA996,0.7778546810150146,review,0,0.5847560167312622,0,MODERATE_RISK,0.0,
BioSpread,AG717,0.2012391835451126,medium,0,0.621222972869873,0,LOW_RISK,0.0,
BioSpread,AE603,0.7291575074195862,review,1,0.5270613729953766,0,MODERATE_RISK,0.0,
BioSpread,AE105,0.753143310546875,review,0,0.5509093701839447,0,MODERATE_RISK,0.0,
BioSpread,AB620,0.7746748328208923,review,0,0.5796195268630981,0,MODERATE_RISK,0.0,
BioSpread,AB584,0.2012391835451126,medium,0,0.621222972869873,0,LOW_RISK,0.0,
BioSpread,UNSEEN::AA823,0.18123595416545868,medium,0,0.6499084532260895,0,LOW_RISK,0.0,
BioSpread,UNSEEN::AC984,0.1812368482351303,medium,0,0.6498878300189972,0,LOW_RISK,0.0,
BioSpread,UNSEEN::AE011,0.18124203383922577,medium,0,0.6498830914497375,0,LOW_RISK,0.0,
BioSpread,UNSEEN::AD993,0.18138699233531952,medium,0,0.6496103405952454,0,LOW_RISK,0.0,
BioSpread,UNSEEN::AD786,0.18124237656593323,medium,0,0.6498824954032898,0,LOW_RISK,0.0,
BioSpread,UNSEEN::AA713,0.18124237656593323,medium,0,0.6498824954032898,0,LOW_RISK,0.0,
BioSpread,AF344,0.73630690574646,review,1,0.5330775678157806,0,MODERATE_RISK,0.0,
BioSpread,UNSEEN::AA315,0.18716095387935638,medium,0,0.6402978003025055,0,LOW_RISK,0.0,
BioSpread,UNSEEN::AF903,0.1811983734369278,medium,0,0.6499812006950378,0,LOW_RISK,0.0,
BioSpread,UNSEEN::AA993,0.18124271929264069,medium,0,0.6498819291591644,0,LOW_RISK,0.0,
BioSpread,AB686,0.7494078278541565,review,0,0.5459559261798859,0,MODERATE_RISK,0.0,
BioSpread,UNSEEN::AB409,0.1813289225101471,medium,0,0.6497083604335785,0,LOW_RISK,0.0,
BioSpread,AG580,0.1734420657157898,medium,0,0.6637876331806183,0,LOW_RISK,0.0,
BioSpread,UNSEEN::AA960,0.1812477558851242,medium,0,0.6498999297618866,0,LOW_RISK,0.0,
BioSpread,UNSEEN::AD977,0.18124271929264069,medium,0,0.6498819291591644,0,LOW_RISK,0.0,
BioSpread,UNSEEN::AH073,0.18128706514835358,medium,0,0.6497986614704132,0,LOW_RISK,0.0,
BioSpread,UNSEEN::AD170,0.1812463104724884,medium,0,0.6498879790306091,0,LOW_RISK,0.0,
BioSpread,AD682,0.24823161959648132,review,0,0.562024861574173,0,LOW_RISK,0.0,
BioSpread,UNSEEN::AE019,0.1811937838792801,medium,0,0.6500023901462555,0,LOW_RISK,0.0,
BioSpread,AG179,0.5205420255661011,review,0,0.43023616075515747,0,MODERATE_RISK,0.0,
BioSpread,UNSEEN::AE621,0.1812363862991333,medium,0,0.6499023735523224,0,LOW_RISK,0.0,
BioSpread,AB366,0.20120051503181458,medium,0,0.6212798357009888,0,LOW_RISK,0.0,
BioSpread,UNSEEN::AA854,0.18128445744514465,medium,0,0.6497955322265625,0,LOW_RISK,0.0,
BioSpread,AF914,0.2542838454246521,review,0,0.5555308759212494,0,LOW_RISK,0.0,
BioSpread,UNSEEN::AD874,0.18137158453464508,medium,0,0.6496424973011017,0,LOW_RISK,0.0,
BioSpread,UNSEEN::AB811,0.1812354326248169,medium,0,0.6499040722846985,0,LOW_RISK,0.0,
BioSpread,AH024,0.5342024564743042,review,0,0.4437773823738098,0,MODERATE_RISK,0.0,
BioSpread,UNSEEN::AA939,0.1812424212694168,medium,0,0.6498862504959106,0,LOW_RISK,0.0,
BioSpread,UNSEEN::AA645,0.1812867373228073,medium,0,0.6497992277145386,0,LOW_RISK,0.0,
BioSpread,UNSEEN::AB844,0.1813313364982605,medium,0,0.6497078239917755,0,LOW_RISK,0.0,
BioSpread,AC357,0.7556515336036682,review,1,0.5553736984729767,0,MODERATE_RISK,0.0,
BioSpread,AG889,0.43665409088134766,review,0,0.43271881341934204,0,LOW_RISK,0.0,
BioSpread,UNSEEN::AF583,0.18124203383922577,medium,0,0.6498830914497375,0,LOW_RISK,0.0,
BioSpread,UNSEEN::AG579,0.1812920868396759,medium,0,0.649817019701004,0,LOW_RISK,0.0,
BioSpread,UNSEEN::AE152,0.1812416911125183,medium,0,0.6498836874961853,0,LOW_RISK,0.0,
BioSpread,UNSEEN::AB415,0.18133915960788727,medium,0,0.6497291624546051,0,LOW_RISK,0.0,
BioSpread,AE931,0.7444649934768677,review,0,0.541631668806076,0,MODERATE_RISK,0.0,
BioSpread,AF504,0.6473588943481445,review,0,0.46012020111083984,0,MODERATE_RISK,0.0,
BioSpread,UNSEEN::AA822,0.18128731846809387,medium,0,0.6498008966445923,0,LOW_RISK,0.0,
BioSpread,UNSEEN::AG195,0.18120257556438446,medium,0,0.649969220161438,0,LOW_RISK,0.0,
BioSpread,UNSEEN::AH130,0.1812416911125183,medium,0,0.6498836874961853,0,LOW_RISK,0.0,
BioSpread,UNSEEN::AE784,0.18124455213546753,medium,0,0.6498940289020538,0,LOW_RISK,0.0,
BioSpread,AH061,0.1810108870267868,medium,0,0.6544774770736694,0,LOW_RISK,0.0,
BioSpread,AE906,0.2327931672334671,review,0,0.5806864202022552,0,LOW_RISK,0.0,
BioSpread,UNSEEN::AF599,0.18129518628120422,medium,0,0.6497901380062103,0,LOW_RISK,0.0,
BioSpread,AC480,0.6236922740936279,review,0,0.4707902669906616,0,MODERATE_RISK,0.0,
BioSpread,AF865,0.5970171093940735,review,0,0.45360028743743896,0,MODERATE_RISK,0.0,
BioSpread,AA936,0.707396388053894,review,0,0.51563560962677,0,MODERATE_RISK,0.0,
BioSpread,UNSEEN::AB299,0.1812363862991333,medium,0,0.6499023735523224,0,LOW_RISK,0.0,
BioSpread,AE687,0.741714596748352,review,0,0.5435734391212463,0,MODERATE_RISK,0.0,
BioSpread,AF667,0.6577715873718262,review,0,0.48036086559295654,0,MODERATE_RISK,0.0,
BioSpread,AF990,0.5796428322792053,review,0,0.4387063980102539,0,MODERATE_RISK,0.0,
BioSpread,AE752,0.20121018588542938,medium,0,0.6212655901908875,0,LOW_RISK,0.0,
BioSpread,UNSEEN::AH016,0.1812416911125183,medium,0,0.6498836874961853,0,LOW_RISK,0.0,
BioSpread,AB042,0.7779638171195984,review,0,0.5838352143764496,0,MODERATE_RISK,0.0,
BioSpread,UNSEEN::AD542,0.18120291829109192,medium,0,0.6499686241149902,0,LOW_RISK,0.0,
BioSpread,UNSEEN::AA138,0.18123649060726166,medium,0,0.649888426065445,0,LOW_RISK,0.0,
BioSpread,UNSEEN::AF153,0.18134117126464844,medium,0,0.6497025489807129,0,LOW_RISK,0.0,
BioSpread,UNSEEN::AH233,0.18124312162399292,medium,0,0.6498850286006927,0,LOW_RISK,0.0,
BioSpread,UNSEEN::AG829,0.18134433031082153,medium,0,0.6496922671794891,0,LOW_RISK,0.0,
BioSpread,UNSEEN::AB090,0.18124312162399292,medium,0,0.6498850286006927,0,LOW_RISK,0.0,
BioSpread,UNSEEN::AE886,0.18124420940876007,medium,0,0.6498869359493256,0,LOW_RISK,0.0,
BioSpread,AD708,0.722836434841156,review,0,0.5217419862747192,0,MODERATE_RISK,0.0,
BioSpread,AD624,0.5910135507583618,review,0,0.4406885504722595,0,MODERATE_RISK,0.0,
BioSpread,AG191,0.6829752326011658,review,0,0.48268014192581177,0,MODERATE_RISK,0.0,
BioSpread,UNSEEN::AE696,0.18128721415996552,medium,0,0.6498225331306458,0,LOW_RISK,0.0,
BioSpread,AB466,0.27877742052078247,review,0,0.541082113981247,0,LOW_RISK,0.0,
BioSpread,AB421,0.6027812361717224,review,0,0.4616970419883728,0,MODERATE_RISK,0.0,
BioSpread,AD302,0.5219401717185974,review,0,0.4304443597793579,0,MODERATE_RISK,0.0,
BioSpread,AF050,0.27797722816467285,review,0,0.5417034924030304,0,LOW_RISK,0.0,
BioSpread,AD103,0.7747403383255005,review,0,0.5793792009353638,0,MODERATE_RISK,0.0,
BioSpread,UNSEEN::AA404,0.18146315217018127,medium,0,0.6495632827281952,0,LOW_RISK,0.0,
BioSpread,UNSEEN::AD001,0.18190623819828033,medium,0,0.6487517356872559,0,LOW_RISK,0.0,
BioSpread,AB918,0.7801169753074646,review,0,0.5875762403011322,0,MODERATE_RISK,0.0,
BioSpread,UNSEEN::AE113,0.18124406039714813,medium,0,0.6498872339725494,0,LOW_RISK,0.0,
BioSpread,UNSEEN::AB354,0.18129374086856842,medium,0,0.6497888267040253,0,LOW_RISK,0.0,
BioSpread,UNSEEN::AC267,0.18138974905014038,medium,0,0.6496081650257111,0,LOW_RISK,0.0,
BioSpread,UNSEEN::AB387,0.18124203383922577,medium,0,0.6498830914497375,0,LOW_RISK,0.0,
BioSpread,UNSEEN::AC822,0.18124344944953918,medium,0,0.6498844623565674,0,LOW_RISK,0.0,
BioSpread,UNSEEN::AF339,0.1812913566827774,medium,0,0.6498015820980072,0,LOW_RISK,0.0,
BioSpread,UNSEEN::AB469,0.18140998482704163,medium,0,0.649634838104248,0,LOW_RISK,0.0,
BioSpread,UNSEEN::AE184,0.18124271929264069,medium,0,0.6498819291591644,0,LOW_RISK,0.0,
BioSpread,UNSEEN::AA642,0.18124203383922577,medium,0,0.6498830914497375,0,LOW_RISK,0.0,
BioSpread,UNSEEN::AD817,0.18128255009651184,medium,0,0.649956077337265,0,LOW_RISK,0.0,
BioSpread,AC751,0.7761908173561096,review,0,0.5821573734283447,0,MODERATE_RISK,0.0,
BioSpread,AD836,0.6476811766624451,review,0,0.4603397250175476,0,MODERATE_RISK,0.0,
BioSpread,UNSEEN::AC896,0.1812416911125183,medium,0,0.6498836874961853,0,LOW_RISK,0.0,
BioSpread,AE675,0.720086932182312,review,0,0.5176048278808594,0,MODERATE_RISK,0.0,
BioSpread,AG445,0.7797481417655945,review,1,0.5882557928562164,0,MODERATE_RISK,0.0,
BioSpread,UNSEEN::AC961,0.18148988485336304,medium,0,0.6494295597076416,0,LOW_RISK,0.0,
BioSpread,UNSEEN::AD557,0.18128128349781036,medium,0,0.6498057842254639,0,LOW_RISK,0.0,
BioSpread,UNSEEN::AH100,0.18124312162399292,medium,0,0.6498850286006927,0,LOW_RISK,0.0,
BioSpread,UNSEEN::AC908,0.18133899569511414,medium,0,0.6497043669223785,0,LOW_RISK,0.0,
BioSpread,UNSEEN::AB706,0.18144311010837555,medium,0,0.6494998037815094,0,LOW_RISK,0.0,
BioSpread,AA261,0.7413161993026733,review,0,0.5416775941848755,0,MODERATE_RISK,0.0,
BioSpread,UNSEEN::AG084,0.18125790357589722,medium,0,0.6498775780200958,0,LOW_RISK,0.0,
BioSpread,UNSEEN::AF859,0.18128791451454163,medium,0,0.6498010158538818,0,LOW_RISK,0.0,
BioSpread,UNSEEN::AC761,0.18125441670417786,medium,0,0.649877279996872,0,LOW_RISK,0.0,
BioSpread,UNSEEN::AF977,0.18124203383922577,medium,0,0.6498830914497375,0,LOW_RISK,0.0,
BioSpread,UNSEEN::AC809,0.18147012591362,medium,0,0.6495456695556641,0,LOW_RISK,0.0,
BioSpread,AG252,0.2035723775625229,medium,0,0.6232386529445648,0,LOW_RISK,0.0,
BioSpread,AB531,0.7650492787361145,review,0,0.5680698752403259,0,MODERATE_RISK,0.0,
BioSpread,AG137,0.5333747267723083,review,1,0.454087495803833,0,MODERATE_RISK,0.0,
BioSpread,AD821,0.20119087398052216,medium,0,0.6212939918041229,0,LOW_RISK,0.0,
BioSpread,UNSEEN::AA620,0.18145394325256348,medium,0,0.6495093703269958,0,LOW_RISK,0.0,
BioSpread,UNSEEN::AB938,0.1812416911125183,medium,0,0.6498836874961853,0,LOW_RISK,0.0,
BioSpread,UNSEEN::AC870,0.18124237656593323,medium,0,0.6498824954032898,0,LOW_RISK,0.0,
BioSpread,UNSEEN::AE726,0.18128445744514465,medium,0,0.6497955322265625,0,LOW_RISK,0.0,
BioSpread,AD364,0.7024925351142883,review,0,0.5017320513725281,0,MODERATE_RISK,0.0,
BioSpread,AA601,0.5341797471046448,review,1,0.4540073871612549,0,MODERATE_RISK,0.0,
BioSpread,UNSEEN::AG616,0.18128477036952972,medium,0,0.6497949361801147,0,LOW_RISK,0.0,
BioSpread,UNSEEN::AA725,0.1812041848897934,medium,0,0.6499778032302856,0,LOW_RISK,0.0,
BioSpread,AG422,0.6044237017631531,review,0,0.44178396463394165,0,MODERATE_RISK,0.0,
BioSpread,AC436,0.5488638281822205,review,0,0.445329487323761,0,MODERATE_RISK,0.0,
BioSpread,UNSEEN::AG861,0.18124203383922577,medium,0,0.6498830914497375,0,LOW_RISK,0.0,
BioSpread,AA275,0.782202422618866,review,1,0.5902724266052246,0,MODERATE_RISK,0.0,
BioSpread,AD029,0.5790006518363953,review,0,0.43832409381866455,0,MODERATE_RISK,0.0,
BioSpread,UNSEEN::AH429,0.1812022477388382,medium,0,0.6499698162078857,0,LOW_RISK,0.0,
BioSpread,UNSEEN::AG574,0.1812416911125183,medium,0,0.6498836874961853,0,LOW_RISK,0.0,
BioSpread,UNSEEN::AB153,0.18129253387451172,medium,0,0.6498034000396729,0,LOW_RISK,0.0,
BioSpread,UNSEEN::AC398,0.18120291829109192,medium,0,0.6499686241149902,0,LOW_RISK,0.0,
BioSpread,UNSEEN::AG739,0.1812964528799057,medium,0,0.6497866809368134,0,LOW_RISK,0.0,
BioSpread,AH119,0.6275893449783325,review,0,0.4572850465774536,0,MODERATE_RISK,0.0,
BioSpread,UNSEEN::AA355,0.18119877576828003,medium,0,0.6499805450439453,0,LOW_RISK,0.0,
BioSpread,UNSEEN::AF822,0.18124203383922577,medium,0,0.6498830914497375,0,LOW_RISK,0.0,
BioSpread,AF941,0.35141104459762573,review,0,0.4781595468521118,0,LOW_RISK,0.0,
BioSpread,AG773,0.2182362973690033,medium,0,0.6040766835212708,0,LOW_RISK,0.0,
BioSpread,UNSEEN::AA368,0.18128003180027008,medium,0,0.6498026847839355,0,LOW_RISK,0.0,
BioSpread,UNSEEN::AG926,0.18124428391456604,medium,0,0.6498906314373016,0,LOW_RISK,0.0,
BioSpread,AG001,0.6805591583251953,review,0,0.48455244302749634,0,MODERATE_RISK,0.0,
BioSpread,UNSEEN::AC170,0.18134146928787231,medium,0,0.6497073173522949,0,LOW_RISK,0.0,
BioSpread,UNSEEN::AB485,0.18156392872333527,medium,0,0.6493574380874634,0,LOW_RISK,0.0,
BioSpread,UNSEEN::AF158,0.18123917281627655,medium,0,0.6498927772045135,0,LOW_RISK,0.0,
BioSpread,UNSEEN::AH382,0.1812416911125183,medium,0,0.6498836874961853,0,LOW_RISK,0.0,
BioSpread,UNSEEN::AF305,0.18124237656593323,medium,0,0.6498824954032898,0,LOW_RISK,0.0,
BioSpread,UNSEEN::AF232,0.19631905853748322,medium,0,0.6269263923168182,0,LOW_RISK,0.0,
BioSpread,AD523,0.6746770143508911,review,0,0.49045610427856445,0,MODERATE_RISK,0.0,
BioSpread,AA497,0.5509481430053711,review,0,0.4259895086288452,0,MODERATE_RISK,0.0,
BioSpread,AC410,0.7795982956886292,review,1,0.5873764753341675,0,MODERATE_RISK,0.0,
BioSpread,AD763,0.68706876039505,review,1,0.49903494119644165,0,MODERATE_RISK,0.0,
BioSpread,AG695,0.6272561550140381,review,0,0.4554334282875061,0,MODERATE_RISK,0.0,
BioSpread,AD928,0.5121350288391113,review,0,0.42273658514022827,0,MODERATE_RISK,0.0,
BioSpread,UNSEEN::AG447,0.18124271929264069,medium,0,0.6498819291591644,0,LOW_RISK,0.0,
BioSpread,UNSEEN::AA052,0.18128690123558044,medium,0,0.6498267352581024,0,LOW_RISK,0.0,
BioSpread,UNSEEN::AB456,0.18124271929264069,medium,0,0.6498819291591644,0,LOW_RISK,0.0,
BioSpread,UNSEEN::AB723,0.181330144405365,medium,0,0.6497060656547546,0,LOW_RISK,0.0,
BioSpread,UNSEEN::AB270,0.18120399117469788,medium,0,0.6499781310558319,0,LOW_RISK,0.0,
BioSpread,UNSEEN::AE438,0.18124230206012726,medium,0,0.6498864889144897,0,LOW_RISK,0.0,
BioSpread,AA735,0.7825694680213928,review,0,0.5908298790454865,0,MODERATE_RISK,0.0,
BioSpread,UNSEEN::AB291,0.18124237656593323,medium,0,0.6498824954032898,0,LOW_RISK,0.0,
BioSpread,UNSEEN::AA078,0.18124344944953918,medium,0,0.6498844623565674,0,LOW_RISK,0.0,
BioSpread,UNSEEN::AD743,0.18162640929222107,medium,0,0.6491625308990479,0,LOW_RISK,0.0,
BioSpread,AD998,0.527525007724762,review,0,0.42309051752090454,0,MODERATE_RISK,0.0,
BioSpread,AF270,0.6043912172317505,review,0,0.441775381565094,0,MODERATE_RISK,0.0,
BioSpread,AD286,0.6719062328338623,review,0,0.47540807723999023,0,MODERATE_RISK,0.0,
BioSpread,UNSEEN::AG989,0.1812416911125183,medium,0,0.6498836874961853,0,LOW_RISK,0.0,
BioSpread,AC067,0.739138126373291,review,0,0.5352707803249359,0,MODERATE_RISK,0.0,
BioSpread,UNSEEN::AC528,0.1813303381204605,medium,0,0.649701863527298,0,LOW_RISK,0.0,
BioSpread,AG873,0.5519645810127258,review,0,0.4357733130455017,0,MODERATE_RISK,0.0,
BioSpread,AD969,0.766249418258667,review,0,0.5671714246273041,0,MODERATE_RISK,0.0,
BioSpread,UNSEEN::AF775,0.18124203383922577,medium,0,0.6498830914497375,0,LOW_RISK,0.0,
BioSpread,UNSEEN::AC512,0.1813422292470932,medium,0,0.6497062742710114,0,LOW_RISK,0.0,
BioSpread,AF913,0.20126818120479584,medium,0,0.6211804151535034,0,LOW_RISK,0.0,
BioSpread,AE185,0.5122159123420715,review,0,0.4227334260940552,0,MODERATE_RISK,0.0,
BioSpread,UNSEEN::AD564,0.18128550052642822,medium,0,0.6497937142848969,0,LOW_RISK,0.0,
BioSpread,UNSEEN::AD810,0.18124237656593323,medium,0,0.6498824954032898,0,LOW_RISK,0.0,
BioSpread,UNSEEN::AF041,0.18120187520980835,medium,0,0.6499704420566559,0,LOW_RISK,0.0,
BioSpread,UNSEEN::AC683,0.1812814474105835,medium,0,0.6498421728610992,0,LOW_RISK,0.0,
BioSpread,UNSEEN::AH226,0.18124157190322876,medium,0,0.6498839259147644,0,LOW_RISK,0.0,
BioSpread,UNSEEN::AG226,0.18123674392700195,medium,0,0.6498917937278748,0,LOW_RISK,0.0,
BioSpread,UNSEEN::AE875,0.1813807636499405,medium,0,0.6496158242225647,0,LOW_RISK,0.0,
BioSpread,UNSEEN::AE735,0.18120291829109192,medium,0,0.6499686241149902,0,LOW_RISK,0.0,
BioSpread,UNSEEN::AD724,0.18133652210235596,medium,0,0.6496980488300323,0,LOW_RISK,0.0,
BioSpread,UNSEEN::AF677,0.18124203383922577,medium,0,0.6498830914497375,0,LOW_RISK,0.0,
BioSpread,AC182,0.7595168948173523,review,0,0.55867800116539,0,MODERATE_RISK,0.0,
BioSpread,UNSEEN::AE664,0.1812858283519745,medium,0,0.6497969925403595,0,LOW_RISK,0.0,
BioSpread,UNSEEN::AG266,0.18123649060726166,medium,0,0.649888426065445,0,LOW_RISK,0.0,
BioSpread,AE617,0.436959832906723,review,0,0.4326162338256836,0,LOW_RISK,0.0,
BioSpread,AB000,0.7360166311264038,review,0,0.5322339236736298,0,MODERATE_RISK,0.0,
BioSpread,UNSEEN::AA322,0.18182221055030823,medium,0,0.648826003074646,0,LOW_RISK,0.0,
BioSpread,UNSEEN::AE387,0.18133482336997986,medium,0,0.6497339606285095,0,LOW_RISK,0.0,
BioSpread,AB418,0.6044344902038574,review,0,0.44178682565689087,0,MODERATE_RISK,0.0,
BioSpread,AG464,0.5872761607170105,review,0,0.439822256565094,0,MODERATE_RISK,0.0,
BioSpread,AE912,0.721095621585846,review,0,0.519883394241333,0,MODERATE_RISK,0.0,
BioSpread,UNSEEN::AB997,0.1812862902879715,medium,0,0.649796187877655,0,LOW_RISK,0.0,
BioSpread,UNSEEN::AD808,0.18128477036952972,medium,0,0.6497949361801147,0,LOW_RISK,0.0,
BioSpread,UNSEEN::AD599,0.18124203383922577,medium,0,0.6498830914497375,0,LOW_RISK,0.0,
BioSpread,AC506,0.7726460695266724,review,0,0.5758233964443207,0,MODERATE_RISK,0.0,
BioSpread,UNSEEN::AA341,0.1812955141067505,medium,0,0.6497957110404968,0,LOW_RISK,0.0,
BioSpread,UNSEEN::AA709,0.18128834664821625,medium,0,0.6498041749000549,0,LOW_RISK,0.0,
BioSpread,UNSEEN::AG620,0.18123649060726166,medium,0,0.649888426065445,0,LOW_RISK,0.0,
BioSpread,UNSEEN::AB875,0.18124131858348846,medium,0,0.6498843431472778,0,LOW_RISK,0.0,
BioSpread,UNSEEN::AG711,0.18120257556438446,medium,0,0.649969220161438,0,LOW_RISK,0.0,
BioSpread,AH469,0.20111367106437683,medium,0,0.6214074194431305,0,LOW_RISK,0.0,
BioSpread,UNSEEN::AB005,0.1814335286617279,medium,0,0.6495067477226257,0,LOW_RISK,0.0,
BioSpread,UNSEEN::AG222,0.18133224546909332,medium,0,0.6497063040733337,0,LOW_RISK,0.0,
BioSpread,UNSEEN::AE208,0.1812416911125183,medium,0,0.6498836874961853,0,LOW_RISK,0.0,
BioSpread,AC308,0.7574930787086487,review,0,0.5609996318817139,0,MODERATE_RISK,0.0,
BioSpread,UNSEEN::AF128,0.18124271929264069,medium,0,0.6498819291591644,0,LOW_RISK,0.0,
BioSpread,AB111,0.7196910977363586,review,1,0.5236766934394836,0,MODERATE_RISK,0.0,
BioSpread,UNSEEN::AA718,0.18129199743270874,medium,0,0.6498245298862457,0,LOW_RISK,0.0,
BioSpread,UNSEEN::AD115,0.18124663829803467,medium,0,0.6498832106590271,0,LOW_RISK,0.0,
BioSpread,UNSEEN::AC555,0.18129099905490875,medium,0,0.649791032075882,0,LOW_RISK,0.0,
BioSpread,AD092,0.7764735817909241,review,0,0.5830774009227753,0,MODERATE_RISK,0.0,
BioSpread,AC070,0.750430703163147,review,0,0.5477401614189148,0,MODERATE_RISK,0.0,
BioSpread,AG268,0.5206161141395569,review,0,0.43023228645324707,0,MODERATE_RISK,0.0,
BioSpread,UNSEEN::AD745,0.18160665035247803,medium,0,0.649237722158432,0,LOW_RISK,0.0,
BioSpread,AB203,0.7226273417472839,review,0,0.5182023346424103,0,MODERATE_RISK,0.0,
BioSpread,UNSEEN::AD586,0.18124215304851532,medium,0,0.6498866975307465,0,LOW_RISK,0.0,
BioSpread,UNSEEN::AF465,0.18124271929264069,medium,0,0.6498819291591644,0,LOW_RISK,0.0,
BioSpread,UNSEEN::AF647,0.18124131858348846,medium,0,0.6498843431472778,0,LOW_RISK,0.0,
BioSpread,AC567,0.7403223514556885,review,0,0.5375137031078339,0,MODERATE_RISK,0.0,
BioSpread,AB806,0.7451117038726807,review,0,0.5478287041187286,0,MODERATE_RISK,0.0,
BioSpread,UNSEEN::AF196,0.1812416911125183,medium,0,0.6498836874961853,0,LOW_RISK,0.0,
BioSpread,UNSEEN::AA087,0.18124203383922577,medium,0,0.6498830914497375,0,LOW_RISK,0.0,
BioSpread,UNSEEN::AB760,0.18183408677577972,medium,0,0.6492947638034821,0,LOW_RISK,0.0,
BioSpread,AB423,0.7061771154403687,review,0,0.5056228637695312,0,MODERATE_RISK,0.0,
BioSpread,UNSEEN::AB062,0.1814788579940796,medium,0,0.6495082378387451,0,LOW_RISK,0.0,
BioSpread,UNSEEN::AC191,0.18124191462993622,medium,0,0.6498833298683167,0,LOW_RISK,0.0,
BioSpread,UNSEEN::AH211,0.181281179189682,medium,0,0.649804562330246,0,LOW_RISK,0.0,
BioSpread,AD669,0.7716078758239746,review,1,0.5751188397407532,0,MODERATE_RISK,0.0,
BioSpread,UNSEEN::AC953,0.18123853206634521,medium,0,0.6498939394950867,0,LOW_RISK,0.0,
BioSpread,UNSEEN::AE094,0.18139643967151642,medium,0,0.6496067941188812,0,LOW_RISK,0.0,
BioSpread,UNSEEN::AC713,0.1812862902879715,medium,0,0.649796187877655,0,LOW_RISK,0.0,
BioSpread,AD577,0.5938459038734436,review,0,0.4449741840362549,0,MODERATE_RISK,0.0,
BioSpread,UNSEEN::AH036,0.1812424212694168,medium,0,0.6498862504959106,0,LOW_RISK,0.0,
BioSpread,UNSEEN::AG297,0.1812022477388382,medium,0,0.6499698162078857,0,LOW_RISK,0.0,
BioSpread,AB040,0.7676870226860046,review,1,0.5709412097930908,0,MODERATE_RISK,0.0,
BioSpread,AA541,0.7494294047355652,review,0,0.5473425388336182,0,MODERATE_RISK,0.0,
BioSpread,AF230,0.20110401511192322,medium,0,0.621421605348587,0,LOW_RISK,0.0,
BioSpread,UNSEEN::AA271,0.18124282360076904,medium,0,0.649889349937439,0,LOW_RISK,0.0,
BioSpread,UNSEEN::AA332,0.18206460773944855,medium,0,0.6483555734157562,0,LOW_RISK,0.0,
BioSpread,AA522,0.6942726373672485,review,0,0.4897997975349426,0,MODERATE_RISK,0.0,
BioSpread,AD157,0.5605148077011108,review,0,0.4445275068283081,0,MODERATE_RISK,0.0,
BioSpread,AF789,0.7440507411956787,review,0,0.540711522102356,0,MODERATE_RISK,0.0,
BioSpread,AB444,0.7756227254867554,review,0,0.5805842876434326,0,MODERATE_RISK,0.0,
BioSpread,UNSEEN::AD764,0.18128445744514465,medium,0,0.6497955322265625,0,LOW_RISK,0.0,
BioSpread,UNSEEN::AB718,0.18146377801895142,medium,0,0.6495582461357117,0,LOW_RISK,0.0,
BioSpread,AB879,0.25883719325065613,review,0,0.5503012239933014,0,LOW_RISK,0.0,
BioSpread,UNSEEN::AH499,0.1812841296195984,medium,0,0.6497960984706879,0,LOW_RISK,0.0,
BioSpread,UNSEEN::AE378,0.18133428692817688,medium,0,0.6497346758842468,0,LOW_RISK,0.0,
BioSpread,UNSEEN::AD217,0.18124271929264069,medium,0,0.6498819291591644,0,LOW_RISK,0.0,
BioSpread,AB523,0.5754879117012024,review,0,0.43770164251327515,0,MODERATE_RISK,0.0,
BioSpread,AB080,0.7119746804237366,review,0,0.5159192085266113,0,MODERATE_RISK,0.0,
BioSpread,UNSEEN::AE369,0.18124191462993622,medium,0,0.6498833298683167,0,LOW_RISK,0.0,
BioSpread,AB977,0.7461519241333008,review,0,0.542070746421814,0,MODERATE_RISK,0.0,
BioSpread,AD943,0.6855589747428894,review,0,0.49044281244277954,0,MODERATE_RISK,0.0,
BioSpread,UNSEEN::AG078,0.1812424212694168,medium,0,0.6498862504959106,0,LOW_RISK,0.0,
BioSpread,AA472,0.7676102519035339,review,0,0.5684675872325897,0,MODERATE_RISK,0.0,
BioSpread,UNSEEN::AD609,0.1813306361436844,medium,0,0.649701327085495,0,LOW_RISK,0.0,
BioSpread,UNSEEN::AG919,0.18124781548976898,medium,0,0.649888813495636,0,LOW_RISK,0.0,
BioSpread,UNSEEN::AD048,0.18124203383922577,medium,0,0.6498830914497375,0,LOW_RISK,0.0,
BioSpread,UNSEEN::AA051,0.18138106167316437,medium,0,0.649622917175293,0,LOW_RISK,0.0,
BioSpread,UNSEEN::AE123,0.1813901662826538,medium,0,0.6496501863002777,0,LOW_RISK,0.0,
BioSpread,UNSEEN::AB017,0.18128466606140137,medium,0,0.6498115658760071,0,LOW_RISK,0.0,
BioSpread,AB647,0.647390604019165,review,0,0.46013450622558594,0,MODERATE_RISK,0.0,
BioSpread,AF414,0.5204864144325256,review,0,0.43023908138275146,0,MODERATE_RISK,0.0,
BioSpread,AA131,0.7571804523468018,review,0,0.5597317814826965,0,MODERATE_RISK,0.0,
BioSpread,AD425,0.5700299739837646,review,0,0.4487435817718506,0,MODERATE_RISK,0.0,
BioSpread,UNSEEN::AC166,0.18124203383922577,medium,0,0.6498830914497375,0,LOW_RISK,0.0,
BioSpread,AB269,0.776133120059967,review,0,0.5807414650917053,0,MODERATE_RISK,0.0,
BioSpread,AC034,0.6582606434822083,review,0,0.47242605686187744,0,MODERATE_RISK,0.0,
BioSpread,AA461,0.7208374738693237,review,0,0.5170624852180481,0,MODERATE_RISK,0.0,
BioSpread,UNSEEN::AD005,0.1812887042760849,medium,0,0.649792492389679,0,LOW_RISK,0.0,
BioSpread,AG311,0.5492563843727112,review,0,0.4250541925430298,0,MODERATE_RISK,0.0,
BioSpread,AE802,0.7613388299942017,review,0,0.5599406659603119,0,MODERATE_RISK,0.0,
BioSpread,AG978,0.5895739793777466,review,0,0.43296539783477783,0,MODERATE_RISK,0.0,
BioSpread,AD127,0.16886894404888153,medium,0,0.6720787584781647,0,LOW_RISK,0.0,
BioSpread,UNSEEN::AE172,0.18124203383922577,medium,0,0.6498830914497375,0,LOW_RISK,0.0,
BioSpread,UNSEEN::AE748,0.18124662339687347,medium,0,0.6498980522155762,0,LOW_RISK,0.0,
BioSpread,UNSEEN::AD719,0.18127958476543427,medium,0,0.649799644947052,0,LOW_RISK,0.0,
BioSpread,AD792,0.564814567565918,review,0,0.4363861083984375,0,MODERATE_RISK,0.0,
BioSpread,AB103,0.20120051503181458,medium,0,0.6212798357009888,0,LOW_RISK,0.0,
BioSpread,UNSEEN::AC699,0.18129338324069977,medium,0,0.6497984826564789,0,LOW_RISK,0.0,
BioSpread,UNSEEN::AG687,0.1812416911125183,medium,0,0.6498836874961853,0,LOW_RISK,0.0,
BioSpread,UNSEEN::AC972,0.18124277889728546,medium,0,0.6498856246471405,0,LOW_RISK,0.0,
BioSpread,AG213,0.4368942975997925,review,0,0.43263816833496094,0,LOW_RISK,0.0,
BioSpread,UNSEEN::AA268,0.18124420940876007,medium,0,0.6498869359493256,0,LOW_RISK,0.0,
BioSpread,AB742,0.7760647535324097,review,1,0.5817790031433105,0,MODERATE_RISK,0.0,
BioSpread,AF884,0.520634651184082,review,0,0.43023133277893066,0,MODERATE_RISK,0.0,
BioSpread,UNSEEN::AB701,0.18124271929264069,medium,0,0.6498819291591644,0,LOW_RISK,0.0,
BioSpread,AE677,0.6918787360191345,review,0,0.4996148347854614,0,MODERATE_RISK,0.0,
BioSpread,UNSEEN::AG369,0.18120291829109192,medium,0,0.6499686241149902,0,LOW_RISK,0.0,
BioSpread,UNSEEN::AA492,0.18128785490989685,medium,0,0.6498012542724609,0,LOW_RISK,0.0,
BioSpread,UNSEEN::AC043,0.18142136931419373,medium,0,0.6495207846164703,0,LOW_RISK,0.0,
BioSpread,AB854,0.7362634539604187,review,1,0.5346014499664307,0,MODERATE_RISK,0.0,
BioSpread,AE487,0.22706547379493713,review,0,0.5958078503608704,0,LOW_RISK,0.0,
BioSpread,UNSEEN::AC963,0.18155497312545776,medium,0,0.6493279337882996,0,LOW_RISK,0.0,
BioSpread,AE579,0.7049306631088257,review,0,0.516154408454895,0,MODERATE_RISK,0.0,
BioSpread,UNSEEN::AC443,0.1813470870256424,medium,0,0.6497044265270233,0,LOW_RISK,0.0,
BioSpread,UNSEEN::AA689,0.18124203383922577,medium,0,0.6498830914497375,0,LOW_RISK,0.0,
BioSpread,AB280,0.7701377272605896,review,0,0.5718198120594025,0,MODERATE_RISK,0.0,
BioSpread,AA014,0.6036665439605713,review,0,0.4699033498764038,0,MODERATE_RISK,0.0,
BioSpread,UNSEEN::AC188,0.1812395304441452,medium,0,0.6498921811580658,0,LOW_RISK,0.0,
BioSpread,AG016,0.7020171284675598,review,0,0.5030443072319031,0,MODERATE_RISK,0.0,
BioSpread,UNSEEN::AD937,0.18124385178089142,medium,0,0.6498875617980957,0,LOW_RISK,0.0,
BioSpread,UNSEEN::AF133,0.1812416911125183,medium,0,0.6498836874961853,0,LOW_RISK,0.0,
BioSpread,AE741,0.5853521823883057,review,0,0.43983960151672363,0,MODERATE_RISK,0.0,
BioSpread,AD615,0.7536115646362305,review,0,0.5534524321556091,0,MODERATE_RISK,0.0,
BioSpread,AB039,0.7637584209442139,review,1,0.5662727355957031,0,MODERATE_RISK,0.0,
BioSpread,AG067,0.5206161141395569,review,0,0.43023228645324707,0,MODERATE_RISK,0.0,
BioSpread,UNSEEN::AF943,0.18124271929264069,medium,0,0.6498819291591644,0,LOW_RISK,0.0,
BioSpread,UNSEEN::AB971,0.1812453716993332,medium,0,0.6498925685882568,0,LOW_RISK,0.0,
BioSpread,UNSEEN::AD098,0.18124131858348846,medium,0,0.6498843431472778,0,LOW_RISK,0.0,
BioSpread,UNSEEN::AB861,0.18129031360149384,medium,0,0.6498123109340668,0,LOW_RISK,0.0,
BioSpread,UNSEEN::AF423,0.18124203383922577,medium,0,0.6498830914497375,0,LOW_RISK,0.0,
BioSpread,UNSEEN::AF024,0.18124203383922577,medium,0,0.6498830914497375,0,LOW_RISK,0.0,
BioSpread,UNSEEN::AF559,0.18124203383922577,medium,0,0.6498830914497375,0,LOW_RISK,0.0,
BioSpread,AB947,0.7749951481819153,review,1,0.5805420875549316,0,MODERATE_RISK,0.0,
BioSpread,UNSEEN::AE207,0.1812424212694168,medium,0,0.6498862504959106,0,LOW_RISK,0.0,
BioSpread,UNSEEN::AC782,0.1812751591205597,medium,0,0.6498424112796783,0,LOW_RISK,0.0,
BioSpread,UNSEEN::AB835,0.1815388798713684,medium,0,0.649290919303894,0,LOW_RISK,0.0,
BioSpread,AG909,0.5205234885215759,review,0,0.4302371144294739,0,MODERATE_RISK,0.0,
BioSpread,AB233,0.7776618599891663,review,0,0.5835825502872467,0,MODERATE_RISK,0.0,
BioSpread,AG275,0.2011522501707077,medium,0,0.6213507354259491,0,LOW_RISK,0.0,
BioSpread,AA894,0.7447931170463562,review,0,0.5421804189682007,0,MODERATE_RISK,0.0,
BioSpread,AD833,0.5327281355857849,review,0,0.44352543354034424,0,MODERATE_RISK,0.0,
BioSpread,UNSEEN::AA248,0.18119873106479645,medium,0,0.6499768197536469,0,LOW_RISK,0.0,
BioSpread,UNSEEN::AC223,0.18134908378124237,medium,0,0.6497384905815125,0,LOW_RISK,0.0,
BioSpread,AG707,0.6044020056724548,review,0,0.4417782425880432,0,MODERATE_RISK,0.0,
BioSpread,AC519,0.7155815362930298,review,0,0.5105967819690704,0,MODERATE_RISK,0.0,
BioSpread,UNSEEN::AE930,0.18139977753162384,medium,0,0.6495960652828217,0,LOW_RISK,0.0,
BioSpread,AF610,0.757973313331604,review,0,0.5586374700069427,0,MODERATE_RISK,0.0,
BioSpread,AD894,0.725725531578064,review,0,0.5284541547298431,0,MODERATE_RISK,0.0,
BioSpread,UNSEEN::AG955,0.18124237656593323,medium,0,0.6498824954032898,0,LOW_RISK,0.0,
BioSpread,AD369,0.736314594745636,review,0,0.5338047742843628,0,MODERATE_RISK,0.0,
BioSpread,AB517,0.6654967069625854,review,0,0.4714595675468445,0,MODERATE_RISK,0.0,
BioSpread,UNSEEN::AE929,0.18142777681350708,medium,0,0.6495044529438019,0,LOW_RISK,0.0,
BioSpread,AC979,0.24815742671489716,review,0,0.5621118247509003,0,LOW_RISK,0.0,
BioSpread,UNSEEN::AB138,0.1813470870256424,medium,0,0.6496931314468384,0,LOW_RISK,0.0,
BioSpread,UNSEEN::AC850,0.18124385178089142,medium,0,0.6498875617980957,0,LOW_RISK,0.0,
BioSpread,UNSEEN::AB125,0.1814933717250824,medium,0,0.649429976940155,0,LOW_RISK,0.0,
BioSpread,UNSEEN::AH379,0.1812424212694168,medium,0,0.6498862504959106,0,LOW_RISK,0.0,
BioSpread,UNSEEN::AA806,0.1812964528799057,medium,0,0.6497866809368134,0,LOW_RISK,0.0,
BioSpread,UNSEEN::AC578,0.1815042793750763,medium,0,0.6494086682796478,0,LOW_RISK,0.0,
BioSpread,UNSEEN::AA318,0.1813376098871231,medium,0,0.6497040092945099,0,LOW_RISK,0.0,
BioSpread,UNSEEN::AG669,0.18124271929264069,medium,0,0.6498819291591644,0,LOW_RISK,0.0,
BioSpread,AB122,0.734434962272644,review,0,0.5339548885822296,0,MODERATE_RISK,0.0,
BioSpread,UNSEEN::AC860,0.1812416911125183,medium,0,0.6498836874961853,0,LOW_RISK,0.0,
BioSpread,AG488,0.5771254301071167,review,0,0.43795502185821533,0,MODERATE_RISK,0.0,
BioSpread,UNSEEN::AA917,0.18139103055000305,medium,0,0.6496765613555908,0,LOW_RISK,0.0,
BioSpread,UNSEEN::AG103,0.18124237656593323,medium,0,0.6498824954032898,0,LOW_RISK,0.0,
BioSpread,AE960,0.7015675902366638,review,0,0.5077270865440369,0,MODERATE_RISK,0.0,
BioSpread,AC421,0.2399066835641861,review,0,0.5718618333339691,0,LOW_RISK,0.0,
BioSpread,AG478,0.5947539210319519,review,0,0.44200509786605835,0,MODERATE_RISK,0.0,
BioSpread,UNSEEN::AG504,0.1812913566827774,medium,0,0.6498015820980072,0,LOW_RISK,0.0,
BioSpread,AD799,0.4243052303791046,review,0,0.45368069410324097,0,LOW_RISK,0.0,
BioSpread,AA828,0.7755348086357117,review,1,0.5802524089813232,0,MODERATE_RISK,0.0,
BioSpread,AD756,0.5899598002433777,review,0,0.4402483105659485,0,MODERATE_RISK,0.0,
BioSpread,AC246,0.7698136568069458,review,0,0.5717399418354034,0,MODERATE_RISK,0.0,
BioSpread,UNSEEN::AG822,0.18124131858348846,medium,0,0.6498843431472778,0,LOW_RISK,0.0,
BioSpread,AF420,0.5288304090499878,review,0,0.4540048837661743,0,MODERATE_RISK,0.0,
BioSpread,UNSEEN::AC910,0.18124151229858398,medium,0,0.6498840749263763,0,LOW_RISK,0.0,
BioSpread,AG678,0.6260861158370972,review,0,0.46473830938339233,0,MODERATE_RISK,0.0,
BioSpread,UNSEEN::AG657,0.1812416911125183,medium,0,0.6498836874961853,0,LOW_RISK,0.0,
BioSpread,UNSEEN::AH219,0.18128445744514465,medium,0,0.6497955322265625,0,LOW_RISK,0.0,
BioSpread,UNSEEN::AE377,0.1812816709280014,medium,0,0.6498274803161621,0,LOW_RISK,0.0,
BioSpread,UNSEEN::AG040,0.18128515779972076,medium,0,0.6497942805290222,0,LOW_RISK,0.0,
BioSpread,UNSEEN::AH343,0.1812416911125183,medium,0,0.6498836874961853,0,LOW_RISK,0.0,
BioSpread,UNSEEN::AD308,0.18127915263175964,medium,0,0.6498562097549438,0,LOW_RISK,0.0,
BioSpread,UNSEEN::AB925,0.1812983602285385,medium,0,0.649796336889267,0,LOW_RISK,0.0,
BioSpread,UNSEEN::AC485,0.18129602074623108,medium,0,0.6497947573661804,0,LOW_RISK,0.0,
BioSpread,AE223,0.5894661545753479,review,0,0.44003862142562866,0,MODERATE_RISK,0.0,
BioSpread,UNSEEN::AF967,0.1812424212694168,medium,0,0.6498862504959106,0,LOW_RISK,0.0,
BioSpread,UNSEEN::AB725,0.18129436671733856,medium,0,0.6497915983200073,0,LOW_RISK,0.0,
BioSpread,UNSEEN::AA464,0.18128198385238647,medium,0,0.649804562330246,0,LOW_RISK,0.0,
BioSpread,AE339,0.20121018588542938,medium,0,0.6212655901908875,0,LOW_RISK,0.0,
BioSpread,AF923,0.5205234885215759,review,0,0.4302371144294739,0,MODERATE_RISK,0.0,
BioSpread,AB733,0.7476053237915039,review,0,0.5466821789741516,0,MODERATE_RISK,0.0,
BioSpread,AA372,0.7801490426063538,review,1,0.5869327485561371,0,MODERATE_RISK,0.0,
BioSpread,UNSEEN::AD175,0.18133124709129333,medium,0,0.6497133076190948,0,LOW_RISK,0.0,
BioSpread,UNSEEN::AG223,0.18128637969493866,medium,0,0.6497998237609863,0,LOW_RISK,0.0,
BioSpread,AE268,0.520634651184082,review,0,0.43023133277893066,0,MODERATE_RISK,0.0,
BioSpread,AD285,0.7260259389877319,review,0,0.520721971988678,0,MODERATE_RISK,0.0,
BioSpread,UNSEEN::AA223,0.18128301203250885,medium,0,0.6498105227947235,0,LOW_RISK,0.0,
BioSpread,AF189,0.6975423097610474,review,0,0.49534767866134644,0,MODERATE_RISK,0.0,
BioSpread,UNSEEN::AD317,0.18133383989334106,medium,0,0.6497001349925995,0,LOW_RISK,0.0,
BioSpread,AE635,0.6596855521202087,review,0,0.48380619287490845,0,MODERATE_RISK,0.0,
BioSpread,AD816,0.5919679999351501,review,0,0.4411097764968872,0,MODERATE_RISK,0.0,
BioSpread,AF814,0.7196893692016602,review,0,0.5179541707038879,0,MODERATE_RISK,0.0,
BioSpread,UNSEEN::AH040,0.18128445744514465,medium,0,0.6497955322265625,0,LOW_RISK,0.0,
BioSpread,AF906,0.16413214802742004,medium,0,0.6788849532604218,0,LOW_RISK,0.0,
BioSpread,AD642,0.69126957654953,review,0,0.4891340136528015,0,MODERATE_RISK,0.0,
BioSpread,AE232,0.7222990989685059,review,0,0.5202728807926178,0,MODERATE_RISK,0.0,
BioSpread,UNSEEN::AB437,0.1812402755022049,medium,0,0.6498864591121674,0,LOW_RISK,0.0,
BioSpread,AF320,0.43704715371131897,review,0,0.43258702754974365,0,LOW_RISK,0.0,
BioSpread,UNSEEN::AC395,0.18133118748664856,medium,0,0.649704247713089,0,LOW_RISK,0.0,
BioSpread,UNSEEN::AH308,0.18190744519233704,medium,0,0.6487533152103424,0,LOW_RISK,0.0,
BioSpread,UNSEEN::AH350,0.18129798769950867,medium,0,0.6497916877269745,0,LOW_RISK,0.0,
BioSpread,UNSEEN::AG142,0.1812463104724884,medium,0,0.6498879790306091,0,LOW_RISK,0.0,
BioSpread,UNSEEN::AF964,0.18120291829109192,medium,0,0.6499686241149902,0,LOW_RISK,0.0,
BioSpread,AB737,0.36801305413246155,review,0,0.4681043028831482,0,LOW_RISK,0.0,
BioSpread,AE364,0.6481136679649353,review,0,0.4677836298942566,0,MODERATE_RISK,0.0,
BioSpread,AA038,0.7808564305305481,review,1,0.5885030627250671,0,MODERATE_RISK,0.0,
BioSpread,AD227,0.7688183188438416,review,0,0.5696495473384857,0,MODERATE_RISK,0.0,
BioSpread,UNSEEN::AF089,0.1812886744737625,medium,0,0.6498037278652191,0,LOW_RISK,0.0,
BioSpread,AG440,0.5824229121208191,review,0,0.4388725161552429,0,MODERATE_RISK,0.0,
BioSpread,UNSEEN::AG796,0.18124271929264069,medium,0,0.6498819291591644,0,LOW_RISK,0.0,
BioSpread,AB008,0.775306224822998,review,1,0.5795253217220306,0,MODERATE_RISK,0.0,
BioSpread,AD104,0.4281732141971588,review,0,0.4478415846824646,0,LOW_RISK,0.0,
BioSpread,AA840,0.7813700437545776,review,1,0.5899695456027985,0,MODERATE_RISK,0.0,
BioSpread,UNSEEN::AD237,0.18128803372383118,medium,0,0.6498211920261383,0,LOW_RISK,0.0,
BioSpread,AC748,0.76629638671875,review,0,0.5694363415241241,0,MODERATE_RISK,0.0,
BioSpread,UNSEEN::AG779,0.18129956722259521,medium,0,0.6497876942157745,0,LOW_RISK,0.0,
BioSpread,AB084,0.6980929970741272,review,0,0.49488741159439087,0,MODERATE_RISK,0.0,
BioSpread,UNSEEN::AG364,0.1812060922384262,medium,0,0.6499824821949005,0,LOW_RISK,0.0,
BioSpread,AG703,0.20113295316696167,medium,0,0.6213790774345398,0,LOW_RISK,0.0,
BioSpread,UNSEEN::AF497,0.18144962191581726,medium,0,0.6495009362697601,0,LOW_RISK,0.0,
BioSpread,UNSEEN::AD898,0.18120257556438446,medium,0,0.649969220161438,0,LOW_RISK,0.0,
BioSpread,UNSEEN::AE326,0.18123815953731537,medium,0,0.6498945355415344,0,LOW_RISK,0.0,
BioSpread,UNSEEN::AB633,0.1816934198141098,medium,0,0.6490966081619263,0,LOW_RISK,0.0,
BioSpread,UNSEEN::AA022,0.18161100149154663,medium,0,0.6491890549659729,0,LOW_RISK,0.0,
BioSpread,UNSEEN::AA317,0.1812022477388382,medium,0,0.6499698162078857,0,LOW_RISK,0.0,
BioSpread,AE491,0.7160341143608093,review,0,0.5128394663333893,0,MODERATE_RISK,0.0,
BioSpread,AA097,0.7745831608772278,review,0,0.5788029730319977,0,MODERATE_RISK,0.0,
BioSpread,AD289,0.6962611079216003,review,0,0.49156832695007324,0,MODERATE_RISK,0.0,
BioSpread,AA263,0.5205605626106262,review,0,0.43023520708084106,0,MODERATE_RISK,0.0,
BioSpread,AB510,0.5808273553848267,review,0,0.43825703859329224,0,MODERATE_RISK,0.0,
BioSpread,UNSEEN::AG730,0.18124271929264069,medium,0,0.6498819291591644,0,LOW_RISK,0.0,
BioSpread,UNSEEN::AE858,0.18125122785568237,medium,0,0.6498875319957733,0,LOW_RISK,0.0,
BioSpread,AB635,0.7347275018692017,review,0,0.5308040380477905,0,MODERATE_RISK,0.0,
BioSpread,AF912,0.703436017036438,review,0,0.5023982524871826,0,MODERATE_RISK,0.0,
BioSpread,UNSEEN::AA975,0.18119029700756073,medium,0,0.6500093936920166,0,LOW_RISK,0.0,
BioSpread,UNSEEN::AG638,0.1813298910856247,medium,0,0.6497192084789276,0,LOW_RISK,0.0,
BioSpread,UNSEEN::AE421,0.18128515779972076,medium,0,0.6497942805290222,0,LOW_RISK,0.0,
BioSpread,AF562,0.24590140581130981,review,0,0.5648488104343414,0,LOW_RISK,0.0,
BioSpread,AC368,0.2399066835641861,review,0,0.5718618333339691,0,LOW_RISK,0.0,
BioSpread,UNSEEN::AC044,0.18128551542758942,medium,0,0.6498014032840729,0,LOW_RISK,0.0,
BioSpread,UNSEEN::AA042,0.18132860958576202,medium,0,0.6497049033641815,0,LOW_RISK,0.0,
BioSpread,AG077,0.7715541124343872,review,0,0.5751045048236847,0,MODERATE_RISK,0.0,
BioSpread,AE541,0.5032420754432678,review,0,0.42413973808288574,0,MODERATE_RISK,0.0,
BioSpread,UNSEEN::AE958,0.18134136497974396,medium,0,0.6496978998184204,0,LOW_RISK,0.0,
BioSpread,UNSEEN::AE359,0.18142959475517273,medium,0,0.6495091021060944,0,LOW_RISK,0.0,
BioSpread,UNSEEN::AG263,0.18128515779972076,medium,0,0.6497942805290222,0,LOW_RISK,0.0,
BioSpread,AB561,0.7767164707183838,review,1,0.5822034776210785,0,MODERATE_RISK,0.0,
BioSpread,AA800,0.7772469520568848,review,0,0.5838655233383179,0,MODERATE_RISK,0.0,
BioSpread,UNSEEN::AF499,0.1812416911125183,medium,0,0.6498836874961853,0,LOW_RISK,0.0,
BioSpread,AC736,0.7549988627433777,review,0,0.5516548752784729,0,MODERATE_RISK,0.0,
BioSpread,UNSEEN::AC336,0.18127800524234772,medium,0,0.6498474180698395,0,LOW_RISK,0.0,
BioSpread,UNSEEN::AC535,0.18172873556613922,medium,0,0.6492078304290771,0,LOW_RISK,0.0,
BioSpread,AG256,0.6569973826408386,review,0,0.465758740901947,0,MODERATE_RISK,0.0,
BioSpread,UNSEEN::AH099,0.18124237656593323,medium,0,0.6498824954032898,0,LOW_RISK,0.0,
BioSpread,AA219,0.6569491624832153,review,0,0.46840304136276245,0,MODERATE_RISK,0.0,
BioSpread,UNSEEN::AD911,0.18133001029491425,medium,0,0.6497024893760681,0,LOW_RISK,0.0,
BioSpread,AA520,0.7626587152481079,review,0,0.5634018182754517,0,MODERATE_RISK,0.0,
BioSpread,UNSEEN::AA582,0.18124818801879883,medium,0,0.6498942673206329,0,LOW_RISK,0.0,
BioSpread,UNSEEN::AC815,0.18134036660194397,medium,0,0.6497031450271606,0,LOW_RISK,0.0,
BioSpread,AD131,0.691479504108429,review,0,0.48916196823120117,0,MODERATE_RISK,0.0,
BioSpread,AE475,0.5208778977394104,review,0,0.422713041305542,0,MODERATE_RISK,0.0,
BioSpread,AG338,0.7340427041053772,review,0,0.5284335911273956,0,MODERATE_RISK,0.0,
BioSpread,UNSEEN::AD197,0.1812022179365158,medium,0,0.649973601102829,0,LOW_RISK,0.0,
BioSpread,UNSEEN::AB022,0.18127387762069702,medium,0,0.6498571932315826,0,LOW_RISK,0.0,
BioSpread,AE619,0.6689830422401428,review,0,0.473483145236969,0,MODERATE_RISK,0.0,
BioSpread,UNSEEN::AC172,0.18124203383922577,medium,0,0.6498830914497375,0,LOW_RISK,0.0,
BioSpread,UNSEEN::AE263,0.18124312162399292,medium,0,0.6498850286006927,0,LOW_RISK,0.0,
BioSpread,AG936,0.3525441586971283,review,0,0.4772907495498657,0,LOW_RISK,0.0,
BioSpread,UNSEEN::AC554,0.18134328722953796,medium,0,0.6496992111206055,0,LOW_RISK,0.0,
BioSpread,AC834,0.7741522192955017,review,0,0.5785441994667053,0,MODERATE_RISK,0.0,
BioSpread,UNSEEN::AA630,0.18128155171871185,medium,0,0.649808794260025,0,LOW_RISK,0.0,
BioSpread,UNSEEN::AC249,0.1812417358160019,medium,0,0.6498913764953613,0,LOW_RISK,0.0,
BioSpread,UNSEEN::AC643,0.18124069273471832,medium,0,0.6498977541923523,0,LOW_RISK,0.0,
BioSpread,AD878,0.687254011631012,review,0,0.48582589626312256,0,MODERATE_RISK,0.0,
BioSpread,AF519,0.6782980561256409,review,0,0.484271764755249,0,MODERATE_RISK,0.0,
BioSpread,UNSEEN::AA181,0.1815238893032074,medium,0,0.6494636833667755,0,LOW_RISK,0.0,
BioSpread,UNSEEN::AF063,0.18124203383922577,medium,0,0.6498830914497375,0,LOW_RISK,0.0,
BioSpread,UNSEEN::AC522,0.18124271929264069,medium,0,0.6498819291591644,0,LOW_RISK,0.0,
BioSpread,UNSEEN::AB683,0.18183107674121857,medium,0,0.6487908065319061,0,LOW_RISK,0.0,
BioSpread,AG672,0.5203380584716797,review,0,0.43024688959121704,0,MODERATE_RISK,0.0,
BioSpread,UNSEEN::AE577,0.1818224936723709,medium,0,0.6489897966384888,0,LOW_RISK,0.0,
BioSpread,UNSEEN::AH335,0.18124271929264069,medium,0,0.6498819291591644,0,LOW_RISK,0.0,
BioSpread,AE629,0.20114263892173767,medium,0,0.6213648617267609,0,LOW_RISK,0.0,
BioSpread,UNSEEN::AB763,0.18128570914268494,medium,0,0.6498009860515594,0,LOW_RISK,0.0,
BioSpread,UNSEEN::AH473,0.18128558993339539,medium,0,0.6497973799705505,0,LOW_RISK,0.0,
BioSpread,AG176,0.5744168162345886,review,0,0.4376888871192932,0,MODERATE_RISK,0.0,
BioSpread,AA777,0.24876198172569275,review,0,0.5614870190620422,0,LOW_RISK,0.0,
BioSpread,AH321,0.4749496877193451,review,0,0.4352659583091736,0,LOW_RISK,0.0,
BioSpread,UNSEEN::AD846,0.18128550052642822,medium,0,0.6497937142848969,0,LOW_RISK,0.0,
BioSpread,AG645,0.34524592757225037,review,0,0.4834555387496948,0,LOW_RISK,0.0,
BioSpread,UNSEEN::AE909,0.18128791451454163,medium,0,0.6498010158538818,0,LOW_RISK,0.0,
BioSpread,AE163,0.625540018081665,review,0,0.4471263885498047,0,MODERATE_RISK,0.0,
BioSpread,AD042,0.7013474702835083,review,0,0.5000593066215515,0,MODERATE_RISK,0.0,
BioSpread,UNSEEN::AD466,0.18166281282901764,medium,0,0.6491237878799438,0,LOW_RISK,0.0,
BioSpread,AE564,0.7771955132484436,review,0,0.5829714238643646,0,MODERATE_RISK,0.0,
BioSpread,AH398,0.20112332701683044,medium,0,0.6213932633399963,0,LOW_RISK,0.0,
BioSpread,UNSEEN::AG482,0.18128995597362518,medium,0,0.6497980058193207,0,LOW_RISK,0.0,
BioSpread,UNSEEN::AA395,0.181243896484375,medium,0,0.6498896181583405,0,LOW_RISK,0.0,
BioSpread,UNSEEN::AC278,0.18124344944953918,medium,0,0.6498844623565674,0,LOW_RISK,0.0,
BioSpread,UNSEEN::AE747,0.18124578893184662,medium,0,0.6498956382274628,0,LOW_RISK,0.0,
BioSpread,UNSEEN::AB826,0.18162603676319122,medium,0,0.6491789221763611,0,LOW_RISK,0.0,
BioSpread,AF329,0.768248438835144,review,0,0.5702208578586578,0,MODERATE_RISK,0.0,
BioSpread,UNSEEN::AA640,0.18129374086856842,medium,0,0.6497888267040253,0,LOW_RISK,0.0,
BioSpread,UNSEEN::AF397,0.18123649060726166,medium,0,0.649888426065445,0,LOW_RISK,0.0,
BioSpread,UNSEEN::AC811,0.1812395304441452,medium,0,0.6498921811580658,0,LOW_RISK,0.0,
BioSpread,AA451,0.7739946246147156,review,0,0.5777124464511871,0,MODERATE_RISK,0.0,
BioSpread,UNSEEN::AF540,0.18128784000873566,medium,0,0.6497940421104431,0,LOW_RISK,0.0,
BioSpread,AB290,0.6775223612785339,review,0,0.4795575737953186,0,MODERATE_RISK,0.0,
BioSpread,AB625,0.7687893509864807,review,0,0.5704435706138611,0,MODERATE_RISK,0.0,
BioSpread,UNSEEN::AE663,0.18128594756126404,medium,0,0.6497967541217804,0,LOW_RISK,0.0,
BioSpread,AH098,0.17357629537582397,medium,0,0.6703901886940002,0,LOW_RISK,0.0,
BioSpread,UNSEEN::AC865,0.18124271929264069,medium,0,0.6498819291591644,0,LOW_RISK,0.0,
BioSpread,UNSEEN::AD919,0.18128862977027893,medium,0,0.6498079895973206,0,LOW_RISK,0.0,
BioSpread,AD723,0.7439578175544739,review,0,0.5420129597187042,0,MODERATE_RISK,0.0,
BioSpread,AE592,0.2012391835451126,medium,0,0.621222972869873,0,LOW_RISK,0.0,
BioSpread,AE129,0.7006677389144897,review,0,0.5085592865943909,0,MODERATE_RISK,0.0,
BioSpread,UNSEEN::AE103,0.1813279092311859,medium,0,0.6497147679328918,0,LOW_RISK,0.0,
BioSpread,AF078,0.6603666543960571,review,0,0.46769648790359497,0,MODERATE_RISK,0.0,
BioSpread,UNSEEN::AG935,0.1811983734369278,medium,0,0.6499812006950378,0,LOW_RISK,0.0,
BioSpread,UNSEEN::AB573,0.18123884499073029,medium,0,0.6498933434486389,0,LOW_RISK,0.0,
BioSpread,AA850,0.7779547572135925,review,0,0.5844355225563049,0,MODERATE_RISK,0.0,
BioSpread,UNSEEN::AF992,0.18137794733047485,medium,0,0.6496050655841827,0,LOW_RISK,0.0,
BioSpread,UNSEEN::AF817,0.1812416911125183,medium,0,0.6498836874961853,0,LOW_RISK,0.0,
BioSpread,UNSEEN::AC137,0.18163679540157318,medium,0,0.6492480039596558,0,LOW_RISK,0.0,
BioSpread,AG033,0.7314389944076538,review,0,0.5336371660232544,0,MODERATE_RISK,0.0,
BioSpread,UNSEEN::AA058,0.18498359620571136,medium,0,0.643650621175766,0,LOW_RISK,0.0,
BioSpread,UNSEEN::AB392,0.18120257556438446,medium,0,0.649969220161438,0,LOW_RISK,0.0,
BioSpread,UNSEEN::AA672,0.18168112635612488,medium,0,0.649066150188446,0,LOW_RISK,0.0,
BioSpread,AA704,0.5977082848548889,review,0,0.4438859224319458,0,MODERATE_RISK,0.0,
BioSpread,UNSEEN::AD245,0.18133169412612915,medium,0,0.6497071981430054,0,LOW_RISK,0.0,
BioSpread,UNSEEN::AC097,0.18124312162399292,medium,0,0.6498850286006927,0,LOW_RISK,0.0,
BioSpread,AG800,0.7770774960517883,review,0,0.5842270255088806,0,MODERATE_RISK,0.0,
BioSpread,AB565,0.589606523513794,review,0,0.4329727292060852,0,MODERATE_RISK,0.0,
BioSpread,AH495,0.271530419588089,review,0,0.5388699173927307,0,LOW_RISK,0.0,
BioSpread,AA466,0.637276291847229,review,0,0.4670177102088928,0,MODERATE_RISK,0.0,
BioSpread,AA357,0.7789550423622131,review,0,0.5855576992034912,0,MODERATE_RISK,0.0,
BioSpread,AB722,0.772467851638794,review,0,0.575566977262497,0,MODERATE_RISK,0.0,
BioSpread,UNSEEN::AA156,0.181493878364563,medium,0,0.6494064629077911,0,LOW_RISK,0.0,
BioSpread,UNSEEN::AF533,0.18124203383922577,medium,0,0.6498830914497375,0,LOW_RISK,0.0,
BioSpread,UNSEEN::AB484,0.18139047920703888,medium,0,0.6495994627475739,0,LOW_RISK,0.0,
BioSpread,UNSEEN::AD731,0.1813834309577942,medium,0,0.6496078073978424,0,LOW_RISK,0.0,
BioSpread,AG088,0.24642816185951233,review,0,0.5669618844985962,0,LOW_RISK,0.0,
BioSpread,AA400,0.7791780233383179,review,1,0.5866571962833405,0,MODERATE_RISK,0.0,
BioSpread,UNSEEN::AC061,0.18128550052642822,medium,0,0.6497937142848969,0,LOW_RISK,0.0,
BioSpread,UNSEEN::AG523,0.1812029331922531,medium,0,0.6499926745891571,0,LOW_RISK,0.0,
BioSpread,UNSEEN::AE544,0.18128594756126404,medium,0,0.6497967541217804,0,LOW_RISK,0.0,
BioSpread,AE956,0.702980101108551,review,0,0.4989134669303894,0,MODERATE_RISK,0.0,
BioSpread,UNSEEN::AD060,0.18137934803962708,medium,0,0.6496144831180573,0,LOW_RISK,0.0,
BioSpread,AA410,0.7765210270881653,review,1,0.5819542407989502,0,MODERATE_RISK,0.0,
BioSpread,UNSEEN::AA072,0.18128474056720734,medium,0,0.6498028635978699,0,LOW_RISK,0.0,
BioSpread,UNSEEN::AD699,0.18124182522296906,medium,0,0.6498873233795166,0,LOW_RISK,0.0,
BioSpread,AF680,0.26656562089920044,review,0,0.5422674417495728,0,LOW_RISK,0.0,
BioSpread,AA578,0.7590687870979309,review,0,0.5560252070426941,0,MODERATE_RISK,0.0,
BioSpread,UNSEEN::AD825,0.1816798597574234,medium,0,0.649046391248703,0,LOW_RISK,0.0,
BioSpread,AB282,0.7697850465774536,review,0,0.5713339149951935,0,MODERATE_RISK,0.0,
BioSpread,UNSEEN::AD918,0.18128731846809387,medium,0,0.6498059034347534,0,LOW_RISK,0.0,
BioSpread,UNSEEN::AC213,0.1812056601047516,medium,0,0.6500148773193359,0,LOW_RISK,0.0,
BioSpread,UNSEEN::AH101,0.18128550052642822,medium,0,0.6497937142848969,0,LOW_RISK,0.0,
BioSpread,AC734,0.7580092549324036,review,0,0.5559944212436676,0,MODERATE_RISK,0.0,
BioSpread,AE023,0.43706896901130676,review,0,0.4325796961784363,0,LOW_RISK,0.0,
BioSpread,UNSEEN::AF218,0.1815660148859024,medium,0,0.6493299007415771,0,LOW_RISK,0.0,
BioSpread,AF251,0.5922667980194092,review,0,0.4521382451057434,0,MODERATE_RISK,0.0,
BioSpread,AF908,0.7331642508506775,review,1,0.5297023057937622,0,MODERATE_RISK,0.0,
BioSpread,UNSEEN::AA384,0.1812841296195984,medium,0,0.6497960984706879,0,LOW_RISK,0.0,
BioSpread,AD291,0.7006474733352661,review,0,0.49690747261047363,0,MODERATE_RISK,0.0,
BioSpread,UNSEEN::AB549,0.1815049797296524,medium,0,0.6494168937206268,0,LOW_RISK,0.0,
BioSpread,AB538,0.7753716707229614,review,0,0.5815273523330688,0,MODERATE_RISK,0.0,
BioSpread,AG559,0.2011522501707077,medium,0,0.6213507354259491,0,LOW_RISK,0.0,
BioSpread,UNSEEN::AH081,0.18133702874183655,medium,0,0.6497010290622711,0,LOW_RISK,0.0,
BioSpread,UNSEEN::AC931,0.1812841296195984,medium,0,0.6497960984706879,0,LOW_RISK,0.0,
BioSpread,UNSEEN::AA496,0.18128477036952972,medium,0,0.6497949361801147,0,LOW_RISK,0.0,
BioSpread,AD944,0.735977828502655,review,0,0.5305351614952087,0,MODERATE_RISK,0.0,
BioSpread,UNSEEN::AD238,0.18120187520980835,medium,0,0.6499704420566559,0,LOW_RISK,0.0,
BioSpread,AC624,0.5956411957740784,review,0,0.4533447027206421,0,MODERATE_RISK,0.0,
BioSpread,UNSEEN::AF403,0.18128550052642822,medium,0,0.6497937142848969,0,LOW_RISK,0.0,
BioSpread,AG390,0.6536053419113159,review,0,0.4756864309310913,0,MODERATE_RISK,0.0,
BioSpread,UNSEEN::AG496,0.18129962682724,medium,0,0.6497906446456909,0,LOW_RISK,0.0,
BioSpread,AE924,0.7773041725158691,review,0,0.583303302526474,0,MODERATE_RISK,0.0,
BioSpread,UNSEEN::AG854,0.18124271929264069,medium,0,0.6498819291591644,0,LOW_RISK,0.0,
BioSpread,UNSEEN::AA095,0.1813354343175888,medium,0,0.6497073769569397,0,LOW_RISK,0.0,
BioSpread,UNSEEN::AG738,0.1812862902879715,medium,0,0.649796187877655,0,LOW_RISK,0.0,
BioSpread,AE721,0.2715874910354614,review,0,0.5388121902942657,0,LOW_RISK,0.0,
BioSpread,AD549,0.7189939022064209,review,0,0.5160292387008667,0,MODERATE_RISK,0.0,
BioSpread,AA197,0.24300475418567657,review,0,0.5836750566959381,0,LOW_RISK,0.0,
BioSpread,AE439,0.4370034635066986,review,0,0.4326016306877136,0,LOW_RISK,0.0,
BioSpread,UNSEEN::AB263,0.18128232657909393,medium,0,0.6498039960861206,0,LOW_RISK,0.0,
BioSpread,AC969,0.7793998122215271,review,1,0.5870236754417419,0,MODERATE_RISK,0.0,
BioSpread,UNSEEN::AD791,0.18124277889728546,medium,0,0.6498856246471405,0,LOW_RISK,0.0,
BioSpread,UNSEEN::AC383,0.18124271929264069,medium,0,0.6498819291591644,0,LOW_RISK,0.0,
BioSpread,AD100,0.7792994379997253,review,1,0.5861698091030121,0,MODERATE_RISK,0.0,
BioSpread,UNSEEN::AG328,0.18124277889728546,medium,0,0.6498856246471405,0,LOW_RISK,0.0,
BioSpread,AE199,0.7042874097824097,review,0,0.4997713565826416,0,MODERATE_RISK,0.0,
BioSpread,AA215,0.7632859349250793,review,0,0.5613637864589691,0,MODERATE_RISK,0.0,
BioSpread,AC744,0.7185365557670593,review,0,0.5160702764987946,0,MODERATE_RISK,0.0,
BioSpread,AA243,0.2581669092178345,review,0,0.560460090637207,0,LOW_RISK,0.0,
BioSpread,UNSEEN::AG370,0.18129999935626984,medium,0,0.6497869193553925,0,LOW_RISK,0.0,
BioSpread,UNSEEN::AC145,0.18138372898101807,medium,0,0.6496333181858063,0,LOW_RISK,0.0,
BioSpread,AB773,0.674659788608551,review,0,0.47799819707870483,0,MODERATE_RISK,0.0,
BioSpread,AF535,0.29506340622901917,review,1,0.545684814453125,0,LOW_RISK,0.0,
BioSpread,UNSEEN::AD746,0.1813356727361679,medium,0,0.6497159898281097,0,LOW_RISK,0.0,
BioSpread,AD881,0.7214947938919067,review,0,0.5178984701633453,0,MODERATE_RISK,0.0,
BioSpread,AA848,0.7792673707008362,review,0,0.5864046812057495,0,MODERATE_RISK,0.0,
BioSpread,UNSEEN::AE690,0.18161866068840027,medium,0,0.6492301821708679,0,LOW_RISK,0.0,
BioSpread,UNSEEN::AC527,0.18177412450313568,medium,0,0.648967981338501,0,LOW_RISK,0.0,
BioSpread,UNSEEN::AA419,0.18538065254688263,medium,0,0.6429392993450165,0,LOW_RISK,0.0,
BioSpread,UNSEEN::AH140,0.18137508630752563,medium,0,0.6496188044548035,0,LOW_RISK,0.0,
BioSpread,UNSEEN::AG778,0.18128515779972076,medium,0,0.6497942805290222,0,LOW_RISK,0.0,
BioSpread,UNSEEN::AC817,0.1812411993741989,medium,0,0.6498917937278748,0,LOW_RISK,0.0,
BioSpread,AF761,0.7622234225273132,review,0,0.5641036033630371,0,MODERATE_RISK,0.0,
BioSpread,AH032,0.5895848870277405,review,0,0.4329678416252136,0,MODERATE_RISK,0.0,
BioSpread,UNSEEN::AC287,0.18511314690113068,medium,0,0.6435049474239349,0,LOW_RISK,0.0,
BioSpread,UNSEEN::AH475,0.18124237656593323,medium,0,0.6498824954032898,0,LOW_RISK,0.0,
BioSpread,UNSEEN::AH464,0.18124237656593323,medium,0,0.6498824954032898,0,LOW_RISK,0.0,
BioSpread,AA366,0.7164648175239563,review,0,0.5155178308486938,0,MODERATE_RISK,0.0,
BioSpread,UNSEEN::AC023,0.1812416911125183,medium,0,0.6498836874961853,0,LOW_RISK,0.0,
BioSpread,UNSEEN::AA594,0.1860624998807907,medium,0,0.64203742146492,0,LOW_RISK,0.0,
BioSpread,UNSEEN::AG842,0.1812945157289505,medium,0,0.6497913300991058,0,LOW_RISK,0.0,
BioSpread,UNSEEN::AB543,0.1812402307987213,medium,0,0.649890273809433,0,LOW_RISK,0.0,
BioSpread,AB976,0.775579035282135,review,0,0.581033319234848,0,MODERATE_RISK,0.0,
BioSpread,UNSEEN::AF217,0.18124271929264069,medium,0,0.6498819291591644,0,LOW_RISK,0.0,
BioSpread,UNSEEN::AF930,0.18119636178016663,medium,0,0.6499757468700409,0,LOW_RISK,0.0,
BioSpread,UNSEEN::AB521,0.18119671940803528,medium,0,0.6499751210212708,0,LOW_RISK,0.0,
BioSpread,UNSEEN::AE723,0.18124237656593323,medium,0,0.6498824954032898,0,LOW_RISK,0.0,
BioSpread,UNSEEN::AE494,0.18144650757312775,medium,0,0.6494944393634796,0,LOW_RISK,0.0,
BioSpread,UNSEEN::AB542,0.18148770928382874,medium,0,0.6495082974433899,0,LOW_RISK,0.0,
BioSpread,UNSEEN::AG498,0.18128515779972076,medium,0,0.6497942805290222,0,LOW_RISK,0.0,
BioSpread,UNSEEN::AA029,0.1812482327222824,medium,0,0.6498871445655823,0,LOW_RISK,0.0,
BioSpread,AB906,0.5631040334701538,review,0,0.434001624584198,0,MODERATE_RISK,0.0,
BioSpread,AC530,0.7450896501541138,review,0,0.5419364869594574,0,MODERATE_RISK,0.0,
BioSpread,AB338,0.7451127171516418,review,1,0.546700119972229,0,MODERATE_RISK,0.0,
BioSpread,AE877,0.5206717252731323,review,0,0.43022942543029785,0,MODERATE_RISK,0.0,
BioSpread,AD929,0.43704715371131897,review,0,0.43258702754974365,0,LOW_RISK,0.0,
BioSpread,UNSEEN::AD257,0.18128558993339539,medium,0,0.6497973799705505,0,LOW_RISK,0.0,
BioSpread,AF409,0.1810108870267868,medium,0,0.6544774770736694,0,LOW_RISK,0.0,
BioSpread,UNSEEN::AA555,0.1814943552017212,medium,0,0.6494467258453369,0,LOW_RISK,0.0,
BioSpread,UNSEEN::AF009,0.18128475546836853,medium,0,0.6498061418533325,0,LOW_RISK,0.0,
BioSpread,UNSEEN::AA502,0.18133240938186646,medium,0,0.6497060060501099,0,LOW_RISK,0.0,
BioSpread,AE623,0.7264635562896729,review,0,0.5233171284198761,0,MODERATE_RISK,0.0,
BioSpread,AD335,0.754880428314209,review,1,0.5545175075531006,0,MODERATE_RISK,0.0,
BioSpread,AF505,0.43693795800209045,review,0,0.43262356519699097,0,LOW_RISK,0.0,
BioSpread,AF632,0.772622287273407,review,0,0.5745927691459656,0,MODERATE_RISK,0.0,
BioSpread,UNSEEN::AD932,0.1813015341758728,medium,0,0.6497860252857208,0,LOW_RISK,0.0,
BioSpread,AC755,0.7437178492546082,review,0,0.5397996306419373,0,MODERATE_RISK,0.0,
BioSpread,AD366,0.24732087552547455,review,0,0.563595324754715,0,LOW_RISK,0.0,
BioSpread,UNSEEN::AG068,0.18120187520980835,medium,0,0.6499704420566559,0,LOW_RISK,0.0,
BioSpread,UNSEEN::AG243,0.18120257556438446,medium,0,0.6499730050563812,0,LOW_RISK,0.0,
BioSpread,AD633,0.6436348557472229,review,0,0.46249961853027344,0,MODERATE_RISK,0.0,
BioSpread,AF111,0.5866296887397766,review,0,0.45139992237091064,0,MODERATE_RISK,0.0,
BioSpread,AA003,0.7767298221588135,review,0,0.582131952047348,0,MODERATE_RISK,0.0,
BioSpread,UNSEEN::AG165,0.18136568367481232,medium,0,0.6496403515338898,0,LOW_RISK,0.0,
BioSpread,AH410,0.17792059481143951,medium,0,0.6592236757278442,0,LOW_RISK,0.0,
BioSpread,AA236,0.7240660786628723,review,0,0.5202112793922424,0,MODERATE_RISK,0.0,
BioSpread,UNSEEN::AF421,0.1812400072813034,medium,0,0.6499042212963104,0,LOW_RISK,0.0,
BioSpread,UNSEEN::AE788,0.18162618577480316,medium,0,0.6494196355342865,0,LOW_RISK,0.0,
BioSpread,UNSEEN::AG674,0.1812572181224823,medium,0,0.6498749554157257,0,LOW_RISK,0.0,
BioSpread,UNSEEN::AC659,0.1812416911125183,medium,0,0.6498836874961853,0,LOW_RISK,0.0,
BioSpread,AB067,0.750932514667511,review,0,0.5494272708892822,0,MODERATE_RISK,0.0,
BioSpread,AD645,0.722402811050415,review,1,0.5195049345493317,0,MODERATE_RISK,0.0,
BioSpread,AF598,0.7739513516426086,review,0,0.5802541971206665,0,MODERATE_RISK,0.0,
BioSpread,UNSEEN::AC697,0.18124271929264069,medium,0,0.6498819291591644,0,LOW_RISK,0.0,
BioSpread,AD644,0.7252444624900818,review,1,0.5232686996459961,0,MODERATE_RISK,0.0,
BioSpread,AA860,0.7819847464561462,review,0,0.5900870859622955,0,MODERATE_RISK,0.0,
BioSpread,UNSEEN::AC934,0.18124191462993622,medium,0,0.6498833298683167,0,LOW_RISK,0.0,
BioSpread,UNSEEN::AF827,0.18120433390140533,medium,0,0.6499978601932526,0,LOW_RISK,0.0,
BioSpread,UNSEEN::AH117,0.18124271929264069,medium,0,0.6498819291591644,0,LOW_RISK,0.0,
BioSpread,UNSEEN::AB761,0.18138112127780914,medium,0,0.6496394872665405,0,LOW_RISK,0.0,
BioSpread,UNSEEN::AA188,0.18130052089691162,medium,0,0.6497898995876312,0,LOW_RISK,0.0,
BioSpread,AD452,0.3649965226650238,review,1,0.4850502014160156,0,LOW_RISK,0.0,
BioSpread,UNSEEN::AA085,0.18124203383922577,medium,0,0.6498830914497375,0,LOW_RISK,0.0,
BioSpread,AD075,0.669808030128479,review,0,0.48181819915771484,0,MODERATE_RISK,0.0,
BioSpread,AC980,0.25942331552505493,review,0,0.5497453510761261,0,LOW_RISK,0.0,
BioSpread,UNSEEN::AE576,0.18124237656593323,medium,0,0.6498824954032898,0,LOW_RISK,0.0,
BioSpread,UNSEEN::AE527,0.18129472434520721,medium,0,0.6498002111911774,0,LOW_RISK,0.0,
BioSpread,UNSEEN::AG755,0.18124203383922577,medium,0,0.6498830914497375,0,LOW_RISK,0.0,
BioSpread,UNSEEN::AG981,0.18124203383922577,medium,0,0.6498830914497375,0,LOW_RISK,0.0,
BioSpread,UNSEEN::AA137,0.1812361627817154,medium,0,0.6498889923095703,0,LOW_RISK,0.0,
BioSpread,UNSEEN::AD804,0.18128515779972076,medium,0,0.6497942805290222,0,LOW_RISK,0.0,
BioSpread,AG690,0.6929361820220947,review,0,0.5014603137969971,0,MODERATE_RISK,0.0,
BioSpread,UNSEEN::AA503,0.18133969604969025,medium,0,0.6496989727020264,0,LOW_RISK,0.0,
BioSpread,UNSEEN::AD486,0.18194696307182312,medium,0,0.6487600803375244,0,LOW_RISK,0.0,
BioSpread,AB518,0.5693138837814331,review,0,0.43726009130477905,0,MODERATE_RISK,0.0,
BioSpread,AF552,0.3783859610557556,review,0,0.47720277309417725,0,LOW_RISK,0.0,
BioSpread,AF170,0.6412897109985352,review,0,0.4619330167770386,0,MODERATE_RISK,0.0,
BioSpread,UNSEEN::AB318,0.18123601377010345,medium,0,0.6498892605304718,0,LOW_RISK,0.0,
BioSpread,AE156,0.5205605626106262,review,0,0.43023520708084106,0,MODERATE_RISK,0.0,
BioSpread,UNSEEN::AE977,0.18138368427753448,medium,0,0.6496021449565887,0,LOW_RISK,0.0,
BioSpread,UNSEEN::AF648,0.18123601377010345,medium,0,0.6498892605304718,0,LOW_RISK,0.0,
BioSpread,UNSEEN::AE148,0.18129374086856842,medium,0,0.6497888267040253,0,LOW_RISK,0.0,
BioSpread,AG279,0.6364056468009949,review,0,0.4645247459411621,0,MODERATE_RISK,0.0,
BioSpread,UNSEEN::AB120,0.18129798769950867,medium,0,0.6497916877269745,0,LOW_RISK,0.0,
BioSpread,AB155,0.7774137854576111,review,0,0.583419144153595,0,MODERATE_RISK,0.0,
BioSpread,UNSEEN::AD906,0.18127499520778656,medium,0,0.6498262584209442,0,LOW_RISK,0.0,
BioSpread,AD475,0.6546522974967957,review,0,0.46714895963668823,0,MODERATE_RISK,0.0,
BioSpread,UNSEEN::AB395,0.18128550052642822,medium,0,0.6497937142848969,0,LOW_RISK,0.0,
BioSpread,UNSEEN::AA293,0.18123534321784973,medium,0,0.649904191493988,0,LOW_RISK,0.0,
BioSpread,UNSEEN::AD108,0.18129633367061615,medium,0,0.6497972905635834,0,LOW_RISK,0.0,
BioSpread,UNSEEN::AC190,0.18129441142082214,medium,0,0.6497876644134521,0,LOW_RISK,0.0,
BioSpread,UNSEEN::AA784,0.18139800429344177,medium,0,0.6495973467826843,0,LOW_RISK,0.0,
BioSpread,UNSEEN::AC009,0.18128643929958344,medium,0,0.6497998237609863,0,LOW_RISK,0.0,
BioSpread,AF558,0.7393864989280701,review,0,0.5374023914337158,0,MODERATE_RISK,0.0,
BioSpread,UNSEEN::AE476,0.18139883875846863,medium,0,0.6495938003063202,0,LOW_RISK,0.0,
BioSpread,AF244,0.5594316124916077,review,0,0.4361240863800049,0,MODERATE_RISK,0.0,
BioSpread,AE264,0.7768433094024658,review,1,0.5820243954658508,0,MODERATE_RISK,0.0,
BioSpread,UNSEEN::AG590,0.18192316591739655,medium,0,0.6486634016036987,0,LOW_RISK,0.0,
BioSpread,UNSEEN::AC705,0.18128687143325806,medium,0,0.6498028337955475,0,LOW_RISK,0.0,
BioSpread,AF401,0.5206717252731323,review,0,0.43022942543029785,0,MODERATE_RISK,0.0,
BioSpread,AD407,0.717426061630249,review,0,0.5199127793312073,0,MODERATE_RISK,0.0,
BioSpread,UNSEEN::AF483,0.18124203383922577,medium,0,0.6498830914497375,0,LOW_RISK,0.0,
BioSpread,AA618,0.7757894396781921,review,0,0.5825210511684418,0,MODERATE_RISK,0.0,
BioSpread,AB779,0.6461135745048523,review,0,0.4839524030685425,0,MODERATE_RISK,0.0,
BioSpread,AG104,0.7728343605995178,review,0,0.5763803124427795,0,MODERATE_RISK,0.0,
BioSpread,AD798,0.4243052303791046,review,0,0.45368069410324097,0,LOW_RISK,0.0,
BioSpread,UNSEEN::AB553,0.18128526210784912,medium,0,0.6497979462146759,0,LOW_RISK,0.0,
BioSpread,UNSEEN::AA133,0.18139882385730743,medium,0,0.6496610045433044,0,LOW_RISK,0.0,
BioSpread,AG425,0.2012198269367218,medium,0,0.6212514042854309,0,LOW_RISK,0.0,
BioSpread,UNSEEN::AC572,0.18129093945026398,medium,0,0.6498023569583893,0,LOW_RISK,0.0,
BioSpread,AE050,0.7764803767204285,review,1,0.5819201171398163,0,MODERATE_RISK,0.0,
BioSpread,UNSEEN::AA342,0.18138936161994934,medium,0,0.6496202051639557,0,LOW_RISK,0.0,
BioSpread,AE698,0.5803948044776917,review,0,0.4645498991012573,0,MODERATE_RISK,0.0,
BioSpread,UNSEEN::AF759,0.1812015324831009,medium,0,0.6499710381031036,0,LOW_RISK,0.0,
BioSpread,UNSEEN::AE800,0.1812368482351303,medium,0,0.6498878300189972,0,LOW_RISK,0.0,
BioSpread,UNSEEN::AD239,0.18133202195167542,medium,0,0.6497066617012024,0,LOW_RISK,0.0,
BioSpread,UNSEEN::AC968,0.1813904196023941,medium,0,0.6496025025844574,0,LOW_RISK,0.0,
BioSpread,AC712,0.7065742611885071,review,0,0.5023289322853088,0,MODERATE_RISK,0.0,
BioSpread,AB641,0.7755755186080933,review,0,0.5808548331260681,0,MODERATE_RISK,0.0,
BioSpread,AD429,0.5799883008003235,review,0,0.4385504126548767,0,MODERATE_RISK,0.0,
BioSpread,AB637,0.706471860408783,review,0,0.5154782235622406,0,MODERATE_RISK,0.0,
BioSpread,UNSEEN::AD519,0.18128915131092072,medium,0,0.6497955322265625,0,LOW_RISK,0.0,
BioSpread,AE303,0.7720625400543213,review,0,0.5749273002147675,0,MODERATE_RISK,0.0,
BioSpread,UNSEEN::AD190,0.18134868144989014,medium,0,0.6497040688991547,0,LOW_RISK,0.0,
BioSpread,UNSEEN::AC037,0.1814715415239334,medium,0,0.6496412754058838,0,LOW_RISK,0.0,
BioSpread,UNSEEN::AB765,0.18123649060726166,medium,0,0.649888426065445,0,LOW_RISK,0.0,
BioSpread,UNSEEN::AB556,0.1812015324831009,medium,0,0.6499710381031036,0,LOW_RISK,0.0,
BioSpread,AB851,0.5982662439346313,review,0,0.44286710023880005,0,MODERATE_RISK,0.0,
BioSpread,AA680,0.616523265838623,review,0,0.46903228759765625,0,MODERATE_RISK,0.0,
BioSpread,UNSEEN::AA504,0.1813334822654724,medium,0,0.6497119069099426,0,LOW_RISK,0.0,
BioSpread,AF258,0.5489920973777771,review,0,0.46406638622283936,0,MODERATE_RISK,0.0,
BioSpread,UNSEEN::AG421,0.18124131858348846,medium,0,0.6498843431472778,0,LOW_RISK,0.0,
BioSpread,UNSEEN::AB855,0.1813313364982605,medium,0,0.6497078239917755,0,LOW_RISK,0.0,
BioSpread,AB755,0.5085093975067139,review,0,0.4465664029121399,0,MODERATE_RISK,0.0,
BioSpread,UNSEEN::AG264,0.18128445744514465,medium,0,0.6497955322265625,0,LOW_RISK,0.0,
BioSpread,UNSEEN::AH116,0.1812010556459427,medium,0,0.6499790251255035,0,LOW_RISK,0.0,
BioSpread,AD412,0.7444780468940735,review,0,0.5457262694835663,0,MODERATE_RISK,0.0,
BioSpread,UNSEEN::AD004,0.1812416911125183,medium,0,0.6498836874961853,0,LOW_RISK,0.0,
BioSpread,UNSEEN::AG026,0.18138617277145386,medium,0,0.6496261358261108,0,LOW_RISK,0.0,
BioSpread,UNSEEN::AC342,0.1812879890203476,medium,0,0.6498100459575653,0,LOW_RISK,0.0,
BioSpread,UNSEEN::AG430,0.18145568668842316,medium,0,0.6495280861854553,0,LOW_RISK,0.0,
BioSpread,UNSEEN::AA112,0.1813400238752365,medium,0,0.6497037410736084,0,LOW_RISK,0.0,
BioSpread,AB810,0.7632519602775574,review,0,0.5632117986679077,0,MODERATE_RISK,0.0,
BioSpread,UNSEEN::AD936,0.18124131858348846,medium,0,0.6498843431472778,0,LOW_RISK,0.0,
BioSpread,AC247,0.7785939574241638,review,1,0.5845247507095337,0,MODERATE_RISK,0.0,
BioSpread,UNSEEN::AF374,0.18134933710098267,medium,0,0.6497068703174591,0,LOW_RISK,0.0,
BioSpread,UNSEEN::AC655,0.18124230206012726,medium,0,0.6498864889144897,0,LOW_RISK,0.0,
BioSpread,AB730,0.7751798629760742,review,0,0.5803370773792267,0,MODERATE_RISK,0.0,
BioSpread,AB430,0.6107428669929504,review,0,0.4575125575065613,0,MODERATE_RISK,0.0,
BioSpread,AG850,0.21170000731945038,medium,0,0.6113515794277191,0,LOW_RISK,0.0,
BioSpread,UNSEEN::AG292,0.18123948574066162,medium,0,0.6498995423316956,0,LOW_RISK,0.0,
BioSpread,UNSEEN::AG714,0.18124344944953918,medium,0,0.6498844623565674,0,LOW_RISK,0.0,
BioSpread,AE644,0.7749018669128418,review,1,0.5794860124588013,0,MODERATE_RISK,0.0,
BioSpread,UNSEEN::AE530,0.18124495446681976,medium,0,0.6498894691467285,0,LOW_RISK,0.0,
BioSpread,UNSEEN::AG655,0.1812416911125183,medium,0,0.6498836874961853,0,LOW_RISK,0.0,
BioSpread,UNSEEN::AC994,0.18124237656593323,medium,0,0.6498824954032898,0,LOW_RISK,0.0,
BioSpread,UNSEEN::AB384,0.18124085664749146,medium,0,0.6498924195766449,0,LOW_RISK,0.0,
BioSpread,UNSEEN::AE674,0.18148674070835114,medium,0,0.6494002044200897,0,LOW_RISK,0.0,
BioSpread,UNSEEN::AC894,0.1812416911125183,medium,0,0.6498836874961853,0,LOW_RISK,0.0,
BioSpread,UNSEEN::AH516,0.18124237656593323,medium,0,0.6498824954032898,0,LOW_RISK,0.0,
BioSpread,AD301,0.7482574582099915,review,1,0.5489928722381592,0,MODERATE_RISK,0.0,
BioSpread,UNSEEN::AH215,0.18124271929264069,medium,0,0.6498819291591644,0,LOW_RISK,0.0,
BioSpread,UNSEEN::AH141,0.1812416911125183,medium,0,0.6498836874961853,0,LOW_RISK,0.0,
BioSpread,UNSEEN::AC378,0.1813814342021942,medium,0,0.6496146619319916,0,LOW_RISK,0.0,
BioSpread,AC441,0.6868718266487122,review,0,0.4937092065811157,0,MODERATE_RISK,0.0,
BioSpread,UNSEEN::AA301,0.18133702874183655,medium,0,0.6497010290622711,0,LOW_RISK,0.0,
BioSpread,AE889,0.2782815396785736,review,0,0.5307550728321075,0,LOW_RISK,0.0,
BioSpread,UNSEEN::AE419,0.18124312162399292,medium,0,0.6498850286006927,0,LOW_RISK,0.0,
BioSpread,UNSEEN::AA056,0.18161089718341827,medium,0,0.6492323577404022,0,LOW_RISK,0.0,
BioSpread,UNSEEN::AH366,0.18124131858348846,medium,0,0.6498843431472778,0,LOW_RISK,0.0,
BioSpread,UNSEEN::AG776,0.18138882517814636,medium,0,0.6496059000492096,0,LOW_RISK,0.0,
BioSpread,UNSEEN::AE106,0.18128415942192078,medium,0,0.6498125493526459,0,LOW_RISK,0.0,
BioSpread,UNSEEN::AC745,0.18139080703258514,medium,0,0.6495967507362366,0,LOW_RISK,0.0,
BioSpread,UNSEEN::AE071,0.18133069574832916,medium,0,0.6497051119804382,0,LOW_RISK,0.0,
BioSpread,UNSEEN::AB441,0.18162326514720917,medium,0,0.649202823638916,0,LOW_RISK,0.0,
BioSpread,UNSEEN::AF971,0.18128687143325806,medium,0,0.6498090028762817,0,LOW_RISK,0.0,
BioSpread,AG602,0.20906849205493927,medium,0,0.6146954596042633,0,LOW_RISK,0.0,
BioSpread,UNSEEN::AH034,0.18120257556438446,medium,0,0.649969220161438,0,LOW_RISK,0.0,
BioSpread,UNSEEN::AF641,0.18128477036952972,medium,0,0.6497949361801147,0,LOW_RISK,0.0,
BioSpread,AE622,0.7359977960586548,review,0,0.5351806282997131,0,MODERATE_RISK,0.0,
BioSpread,AA778,0.6040583848953247,review,0,0.4554615616798401,0,MODERATE_RISK,0.0,
BioSpread,UNSEEN::AD140,0.1812010556459427,medium,0,0.6499790251255035,0,LOW_RISK,0.0,
BioSpread,AA011,0.7758898138999939,review,0,0.5816327929496765,0,MODERATE_RISK,0.0,
BioSpread,UNSEEN::AG406,0.1812416911125183,medium,0,0.6498836874961853,0,LOW_RISK,0.0,
BioSpread,UNSEEN::AH237,0.1812368482351303,medium,0,0.6498878300189972,0,LOW_RISK,0.0,
BioSpread,UNSEEN::AD734,0.18128442764282227,medium,0,0.649811863899231,0,LOW_RISK,0.0,
BioSpread,AD787,0.6803507208824158,review,0,0.48127758502960205,0,MODERATE_RISK,0.0,
BioSpread,AD548,0.7505582571029663,review,0,0.553457498550415,0,MODERATE_RISK,0.0,
BioSpread,UNSEEN::AF833,0.18128490447998047,medium,0,0.649798572063446,0,LOW_RISK,0.0,
BioSpread,UNSEEN::AA683,0.18124237656593323,medium,0,0.6498824954032898,0,LOW_RISK,0.0,
BioSpread,AA871,0.4008021354675293,review,0,0.4887457489967346,0,LOW_RISK,0.0,
BioSpread,AD126,0.16376720368862152,medium,0,0.6794957518577576,0,LOW_RISK,0.0,
BioSpread,UNSEEN::AD812,0.18124237656593323,medium,0,0.6498824954032898,0,LOW_RISK,0.0,
BioSpread,AF052,0.2786635160446167,review,0,0.5411828458309174,0,LOW_RISK,0.0,
BioSpread,AB426,0.6473588943481445,review,0,0.46012020111083984,0,MODERATE_RISK,0.0,
BioSpread,AG217,0.436959832906723,review,0,0.4326162338256836,0,LOW_RISK,0.0,
BioSpread,UNSEEN::AH309,0.18124203383922577,medium,0,0.6498830914497375,0,LOW_RISK,0.0,
BioSpread,UNSEEN::AA431,0.18124344944953918,medium,0,0.6498844623565674,0,LOW_RISK,0.0,
BioSpread,UNSEEN::AB176,0.18124271929264069,medium,0,0.6498819291591644,0,LOW_RISK,0.0,
BioSpread,UNSEEN::AF567,0.18124237656593323,medium,0,0.6498824954032898,0,LOW_RISK,0.0,
BioSpread,UNSEEN::AE219,0.18124206364154816,medium,0,0.6498868465423584,0,LOW_RISK,0.0,
BioSpread,AG367,0.23197609186172485,review,0,0.5912066996097565,0,LOW_RISK,0.0,
BioSpread,UNSEEN::AC193,0.18129052221775055,medium,0,0.6497931778430939,0,LOW_RISK,0.0,
BioSpread,UNSEEN::AE992,0.18124809861183167,medium,0,0.6498993337154388,0,LOW_RISK,0.0,
BioSpread,AF366,0.3486878275871277,review,0,0.47897106409072876,0,LOW_RISK,0.0,
BioSpread,UNSEEN::AB212,0.18124237656593323,medium,0,0.6498824954032898,0,LOW_RISK,0.0,
BioSpread,AF341,0.6642935276031494,review,0,0.47392743825912476,0,MODERATE_RISK,0.0,
BioSpread,UNSEEN::AC955,0.18120546638965607,medium,0,0.6501717269420624,0,LOW_RISK,0.0,
BioSpread,AG378,0.5143010020256042,review,0,0.44859516620635986,0,MODERATE_RISK,0.0,
BioSpread,UNSEEN::AH190,0.18124203383922577,medium,0,0.6498830914497375,0,LOW_RISK,0.0,
BioSpread,AE716,0.727294385433197,review,0,0.5233562886714935,0,MODERATE_RISK,0.0,
BioSpread,AF126,0.16188666224479675,medium,0,0.6826466917991638,0,LOW_RISK,0.0,
BioSpread,UNSEEN::AF918,0.1812015324831009,medium,0,0.6499710381031036,0,LOW_RISK,0.0,
BioSpread,AB581,0.43249377608299255,review,0,0.47216522693634033,0,LOW_RISK,0.0,
BioSpread,UNSEEN::AD515,0.18138931691646576,medium,0,0.6496098339557648,0,LOW_RISK,0.0,
BioSpread,AE849,0.7242948412895203,review,0,0.5254339873790741,0,MODERATE_RISK,0.0,
BioSpread,UNSEEN::AG287,0.18128594756126404,medium,0,0.6497967541217804,0,LOW_RISK,0.0,
BioSpread,UNSEEN::AB244,0.18128445744514465,medium,0,0.6497955322265625,0,LOW_RISK,0.0,
BioSpread,AB585,0.2012391835451126,medium,0,0.621222972869873,0,LOW_RISK,0.0,
BioSpread,UNSEEN::AF633,0.18124131858348846,medium,0,0.6498843431472778,0,LOW_RISK,0.0,
BioSpread,AC563,0.7726256251335144,review,0,0.576457679271698,0,MODERATE_RISK,0.0,
BioSpread,UNSEEN::AG436,0.18124203383922577,medium,0,0.6498830914497375,0,LOW_RISK,0.0,
BioSpread,UNSEEN::AG086,0.1812858283519745,medium,0,0.6497969925403595,0,LOW_RISK,0.0,
BioSpread,AF044,0.776428759098053,review,0,0.5820476412773132,0,MODERATE_RISK,0.0,
BioSpread,AF308,0.5905742645263672,review,0,0.44156235456466675,0,MODERATE_RISK,0.0,
BioSpread,UNSEEN::AE549,0.1813327968120575,medium,0,0.6497130990028381,0,LOW_RISK,0.0,
BioSpread,AF245,0.25534331798553467,review,0,0.5544594526290894,0,LOW_RISK,0.0,
BioSpread,AH195,0.27166375517845154,review,0,0.538735032081604,0,LOW_RISK,0.0,
BioSpread,AD800,0.1937357783317566,medium,0,0.6344809532165527,0,LOW_RISK,0.0,
BioSpread,AE483,0.5127208232879639,review,0,0.4228283762931824,0,MODERATE_RISK,0.0,
BioSpread,AB082,0.7788481712341309,review,0,0.5856009125709534,0,MODERATE_RISK,0.0,
BioSpread,UNSEEN::AH249,0.18124237656593323,medium,0,0.6498824954032898,0,LOW_RISK,0.0,
BioSpread,UNSEEN::AB149,0.18128526210784912,medium,0,0.6497979462146759,0,LOW_RISK,0.0,
BioSpread,AH494,0.20110401511192322,medium,0,0.621421605348587,0,LOW_RISK,0.0,
BioSpread,AD279,0.7779008150100708,review,1,0.5839729011058807,0,MODERATE_RISK,0.0,
BioSpread,UNSEEN::AA281,0.1871313750743866,medium,0,0.6406281292438507,0,LOW_RISK,0.0,
BioSpread,AD145,0.39997944235801697,review,0,0.4592379331588745,0,LOW_RISK,0.0,
BioSpread,AC330,0.7691469192504883,review,0,0.5716629326343536,0,MODERATE_RISK,0.0,
BioSpread,AE704,0.6764423251152039,review,0,0.48393315076828003,0,MODERATE_RISK,0.0,
BioSpread,UNSEEN::AE574,0.1812022477388382,medium,0,0.6499698162078857,0,LOW_RISK,0.0,
BioSpread,UNSEEN::AD790,0.18124203383922577,medium,0,0.6498830914497375,0,LOW_RISK,0.0,
BioSpread,UNSEEN::AF734,0.18124262988567352,medium,0,0.6498820781707764,0,LOW_RISK,0.0,
BioSpread,UNSEEN::AE671,0.18124662339687347,medium,0,0.6498980522155762,0,LOW_RISK,0.0,
BioSpread,UNSEEN::AB560,0.18138907849788666,medium,0,0.6496019959449768,0,LOW_RISK,0.0,
BioSpread,UNSEEN::AH169,0.18124312162399292,medium,0,0.6498850286006927,0,LOW_RISK,0.0,
BioSpread,UNSEEN::AA470,0.18145333230495453,medium,0,0.6495488286018372,0,LOW_RISK,0.0,
BioSpread,AG329,0.6701938509941101,review,0,0.4762803912162781,0,MODERATE_RISK,0.0,
BioSpread,UNSEEN::AG733,0.18120068311691284,medium,0,0.6499924659729004,0,LOW_RISK,0.0,
BioSpread,UNSEEN::AD080,0.18140444159507751,medium,0,0.6496191024780273,0,LOW_RISK,0.0,
BioSpread,AG415,0.5054978728294373,review,0,0.4236453175544739,0,MODERATE_RISK,0.0,
BioSpread,UNSEEN::AE254,0.18128550052642822,medium,0,0.6497937142848969,0,LOW_RISK,0.0,
BioSpread,UNSEEN::AD267,0.18124237656593323,medium,0,0.6498824954032898,0,LOW_RISK,0.0,
BioSpread,UNSEEN::AB142,0.1812416911125183,medium,0,0.6498836874961853,0,LOW_RISK,0.0,
BioSpread,UNSEEN::AD178,0.18120187520980835,medium,0,0.6499704420566559,0,LOW_RISK,0.0,
BioSpread,AC371,0.5664489269256592,review,0,0.4368355870246887,0,MODERATE_RISK,0.0,
BioSpread,AG465,0.5205234885215759,review,0,0.4302371144294739,0,MODERATE_RISK,0.0,
BioSpread,UNSEEN::AA262,0.18138828873634338,medium,0,0.6496265232563019,0,LOW_RISK,0.0,
BioSpread,AD303,0.7586663365364075,review,0,0.5583757758140564,0,MODERATE_RISK,0.0,
BioSpread,UNSEEN::AF736,0.18124498426914215,medium,0,0.6498915553092957,0,LOW_RISK,0.0,
BioSpread,UNSEEN::AH026,0.18124203383922577,medium,0,0.6498830914497375,0,LOW_RISK,0.0,
BioSpread,AC236,0.698803186416626,review,0,0.49522852897644043,0,MODERATE_RISK,0.0,
BioSpread,AC873,0.674350380897522,review,0,0.47756850719451904,0,MODERATE_RISK,0.0,
BioSpread,UNSEEN::AE008,0.18124385178089142,medium,0,0.6498875617980957,0,LOW_RISK,0.0,
BioSpread,AG558,0.20117154717445374,medium,0,0.621322363615036,0,LOW_RISK,0.0,
BioSpread,UNSEEN::AE898,0.18133236467838287,medium,0,0.6497638523578644,0,LOW_RISK,0.0,
BioSpread,UNSEEN::AB996,0.18124271929264069,medium,0,0.6498819291591644,0,LOW_RISK,0.0,
BioSpread,UNSEEN::AC337,0.18139439821243286,medium,0,0.6496099233627319,0,LOW_RISK,0.0,
BioSpread,AH080,0.22173456847667694,review,0,0.5977207720279694,0,LOW_RISK,0.0,
BioSpread,UNSEEN::AF285,0.18129374086856842,medium,0,0.6497888267040253,0,LOW_RISK,0.0,
BioSpread,UNSEEN::AB693,0.18128490447998047,medium,0,0.649798572063446,0,LOW_RISK,0.0,
BioSpread,AE627,0.639656662940979,review,0,0.4571683406829834,0,MODERATE_RISK,0.0,
BioSpread,AC678,0.77640300989151,review,0,0.5822165012359619,0,MODERATE_RISK,0.0,
BioSpread,AA524,0.7460142970085144,review,0,0.5411741733551025,0,MODERATE_RISK,0.0,
BioSpread,AG235,0.20120051503181458,medium,0,0.6212798357009888,0,LOW_RISK,0.0,
BioSpread,UNSEEN::AE590,0.18128515779972076,medium,0,0.6497942805290222,0,LOW_RISK,0.0,
BioSpread,AD495,0.1660304069519043,medium,1,0.6770534515380859,0,LOW_RISK,0.0,
BioSpread,AG641,0.646761953830719,review,0,0.47825396060943604,0,MODERATE_RISK,0.0,
BioSpread,AF520,0.7004626989364624,review,0,0.4999072551727295,0,MODERATE_RISK,0.0,
BioSpread,AG555,0.7174544930458069,review,0,0.5186570584774017,0,MODERATE_RISK,0.0,
BioSpread,AG452,0.695466160774231,review,0,0.49084681272506714,0,MODERATE_RISK,0.0,
BioSpread,AB612,0.40005484223365784,review,0,0.4592035412788391,0,LOW_RISK,0.0,
BioSpread,AC839,0.7161528468132019,review,0,0.5221121609210968,0,MODERATE_RISK,0.0,
BioSpread,UNSEEN::AG352,0.18190744519233704,medium,0,0.6487533152103424,0,LOW_RISK,0.0,
BioSpread,UNSEEN::AF569,0.18124434351921082,medium,0,0.6498943269252777,0,LOW_RISK,0.0,
BioSpread,AE249,0.7767685651779175,review,1,0.5819566249847412,0,MODERATE_RISK,0.0,
BioSpread,UNSEEN::AH105,0.18124203383922577,medium,0,0.6498830914497375,0,LOW_RISK,0.0,
BioSpread,UNSEEN::AA581,0.1812485158443451,medium,0,0.64988973736763,0,LOW_RISK,0.0,
BioSpread,AE214,0.622694730758667,review,0,0.44633573293685913,0,MODERATE_RISK,0.0,
BioSpread,AB304,0.7200315594673157,review,0,0.5278476476669312,0,MODERATE_RISK,0.0,
BioSpread,AC141,0.2012198269367218,medium,0,0.6212514042854309,0,LOW_RISK,0.0,
BioSpread,UNSEEN::AG534,0.1812022477388382,medium,0,0.6499698162078857,0,LOW_RISK,0.0,
BioSpread,UNSEEN::AF203,0.1812872290611267,medium,0,0.6498022377490997,0,LOW_RISK,0.0,
BioSpread,UNSEEN::AA213,0.18128477036952972,medium,0,0.6497949361801147,0,LOW_RISK,0.0,
BioSpread,UNSEEN::AG410,0.18129919469356537,medium,0,0.6497844755649567,0,LOW_RISK,0.0,
BioSpread,UNSEEN::AF998,0.18124355375766754,medium,0,0.6498902142047882,0,LOW_RISK,0.0,
BioSpread,AF175,0.7040849924087524,review,0,0.4998309016227722,0,MODERATE_RISK,0.0,
BioSpread,UNSEEN::AB411,0.1813308298587799,medium,0,0.6497048735618591,0,LOW_RISK,0.0,
BioSpread,AD917,0.7617611885070801,review,1,0.5646552741527557,0,MODERATE_RISK,0.0,
BioSpread,UNSEEN::AC144,0.18124203383922577,medium,0,0.6498830914497375,0,LOW_RISK,0.0,
BioSpread,UNSEEN::AC719,0.18124650418758392,medium,0,0.6498944163322449,0,LOW_RISK,0.0,
BioSpread,AG101,0.572110652923584,review,0,0.4368724822998047,0,MODERATE_RISK,0.0,
BioSpread,AF225,0.7731531262397766,review,1,0.5778099000453949,0,MODERATE_RISK,0.0,
BioSpread,AB769,0.6610919833183289,review,0,0.4739108085632324,0,MODERATE_RISK,0.0,
BioSpread,UNSEEN::AA427,0.1813378483057022,medium,0,0.6497238576412201,0,LOW_RISK,0.0,
BioSpread,AC608,0.6473334431648254,review,0,0.46010875701904297,0,MODERATE_RISK,0.0,
BioSpread,UNSEEN::AG208,0.18124344944953918,medium,0,0.6498844623565674,0,LOW_RISK,0.0,
BioSpread,UNSEEN::AF017,0.18124277889728546,medium,0,0.6498856246471405,0,LOW_RISK,0.0,
BioSpread,UNSEEN::AE739,0.18124271929264069,medium,0,0.6498819291591644,0,LOW_RISK,0.0,
BioSpread,AF263,0.6580708026885986,review,0,0.47946542501449585,0,MODERATE_RISK,0.0,
BioSpread,UNSEEN::AF551,0.18125495314598083,medium,0,0.6499061584472656,0,LOW_RISK,0.0,
BioSpread,UNSEEN::AA450,0.18777352571487427,medium,0,0.6394116580486298,0,LOW_RISK,0.0,
BioSpread,AD161,0.7574654221534729,review,0,0.5594472885131836,0,MODERATE_RISK,0.0,
BioSpread,UNSEEN::AB903,0.18124309182167053,medium,0,0.649899959564209,0,LOW_RISK,0.0,
BioSpread,AG748,0.632816731929779,review,0,0.46451735496520996,0,MODERATE_RISK,0.0,
BioSpread,UNSEEN::AH020,0.18124271929264069,medium,0,0.6498819291591644,0,LOW_RISK,0.0,
BioSpread,AD155,0.25228601694107056,review,0,0.5577387809753418,0,LOW_RISK,0.0,
BioSpread,UNSEEN::AD266,0.1813376545906067,medium,0,0.6497165858745575,0,LOW_RISK,0.0,
BioSpread,AB912,0.24880191683769226,review,1,0.5706671178340912,0,LOW_RISK,0.0,
BioSpread,UNSEEN::AD236,0.18120312690734863,medium,0,0.6499720513820648,0,LOW_RISK,0.0,
BioSpread,AA351,0.7707357406616211,review,0,0.5734779834747314,0,MODERATE_RISK,0.0,
BioSpread,AG382,0.20149284601211548,medium,0,0.6208877265453339,0,LOW_RISK,0.0,
BioSpread,AB045,0.7695356607437134,review,1,0.5718359053134918,0,MODERATE_RISK,0.0,
BioSpread,UNSEEN::AF988,0.18120257556438446,medium,0,0.649969220161438,0,LOW_RISK,0.0,
BioSpread,AB414,0.2012198269367218,medium,0,0.6212514042854309,0,LOW_RISK,0.0,
BioSpread,UNSEEN::AA876,0.18128445744514465,medium,0,0.6497955322265625,0,LOW_RISK,0.0,
BioSpread,AF484,0.6466081142425537,review,0,0.4642776846885681,0,MODERATE_RISK,0.0,
BioSpread,AE904,0.520868182182312,review,0,0.4229382872581482,0,MODERATE_RISK,0.0,
BioSpread,UNSEEN::AD070,0.1812368482351303,medium,0,0.6498878300189972,0,LOW_RISK,0.0,
BioSpread,UNSEEN::AD728,0.18133601546287537,medium,0,0.6497152745723724,0,LOW_RISK,0.0,
BioSpread,AE890,0.24144646525382996,review,0,0.5705088675022125,0,LOW_RISK,0.0,
BioSpread,UNSEEN::AG937,0.1812416911125183,medium,0,0.6498836874961853,0,LOW_RISK,0.0,
BioSpread,AD055,0.778091311454773,review,0,0.5843153893947601,0,MODERATE_RISK,0.0,
BioSpread,AC110,0.6823668479919434,review,0,0.4798906445503235,0,MODERATE_RISK,0.0,
BioSpread,UNSEEN::AE245,0.18138805031776428,medium,0,0.6496064066886902,0,LOW_RISK,0.0,
BioSpread,UNSEEN::AC084,0.18128731846809387,medium,0,0.6497950255870819,0,LOW_RISK,0.0,
BioSpread,AD484,0.7723760008811951,review,0,0.5749150216579437,0,MODERATE_RISK,0.0,
BioSpread,AE319,0.7133680582046509,review,0,0.5126785039901733,0,MODERATE_RISK,0.0,
BioSpread,AG646,0.7106841802597046,review,0,0.5080065727233887,0,MODERATE_RISK,0.0,
BioSpread,UNSEEN::AF167,0.1812397986650467,medium,0,0.6498872637748718,0,LOW_RISK,0.0,
BioSpread,AF586,0.5971949100494385,review,0,0.45013993978500366,0,MODERATE_RISK,0.0,
BioSpread,UNSEEN::AD141,0.18123844265937805,medium,0,0.6499051153659821,0,LOW_RISK,0.0,
BioSpread,AD404,0.6906358003616333,review,0,0.5020831227302551,0,MODERATE_RISK,0.0,
BioSpread,UNSEEN::AB181,0.18168239295482635,medium,0,0.6491012275218964,0,LOW_RISK,0.0,
BioSpread,UNSEEN::AD288,0.18128865957260132,medium,0,0.6498234570026398,0,LOW_RISK,0.0,
BioSpread,UNSEEN::AE733,0.18120291829109192,medium,0,0.6499686241149902,0,LOW_RISK,0.0,
BioSpread,UNSEEN::AE804,0.18129192292690277,medium,0,0.6498324275016785,0,LOW_RISK,0.0,
BioSpread,AE706,0.6804283857345581,review,0,0.4809284210205078,0,MODERATE_RISK,0.0,
BioSpread,AA499,0.7074510455131531,review,0,0.5058873891830444,0,MODERATE_RISK,0.0,
BioSpread,UNSEEN::AG501,0.1812424212694168,medium,0,0.6498862504959106,0,LOW_RISK,0.0,
BioSpread,UNSEEN::AF712,0.18124355375766754,medium,0,0.6498902142047882,0,LOW_RISK,0.0,
BioSpread,UNSEEN::AE121,0.1812416911125183,medium,0,0.6498836874961853,0,LOW_RISK,0.0,
BioSpread,UNSEEN::AB821,0.1812411993741989,medium,0,0.6498917937278748,0,LOW_RISK,0.0,
BioSpread,AE397,0.6473461389541626,review,0,0.4601144790649414,0,MODERATE_RISK,0.0,
BioSpread,UNSEEN::AC714,0.18124206364154816,medium,0,0.6498868465423584,0,LOW_RISK,0.0,
BioSpread,AF982,0.772007942199707,review,0,0.5749323070049286,0,MODERATE_RISK,0.0,
BioSpread,AF915,0.6687599420547485,review,0,0.4733004570007324,0,MODERATE_RISK,0.0,
BioSpread,UNSEEN::AB201,0.1812416911125183,medium,0,0.6498836874961853,0,LOW_RISK,0.0,
BioSpread,AD349,0.7127986550331116,review,0,0.5069829523563385,0,MODERATE_RISK,0.0,
BioSpread,AE201,0.5958787798881531,review,0,0.44366878271102905,0,MODERATE_RISK,0.0,
BioSpread,UNSEEN::AB609,0.18124346435070038,medium,0,0.6498934626579285,0,LOW_RISK,0.0,
BioSpread,AA254,0.6768189072608948,review,0,0.4908744692802429,0,MODERATE_RISK,0.0,
BioSpread,AA129,0.72721266746521,review,0,0.5241225361824036,0,MODERATE_RISK,0.0,
BioSpread,AA331,0.773324728012085,review,1,0.5769461393356323,0,MODERATE_RISK,0.0,
BioSpread,AB169,0.7768104076385498,review,1,0.5832728147506714,0,MODERATE_RISK,0.0,
BioSpread,UNSEEN::AE175,0.1812015324831009,medium,0,0.6499710381031036,0,LOW_RISK,0.0,
BioSpread,UNSEEN::AD416,0.18129028379917145,medium,0,0.6497974097728729,0,LOW_RISK,0.0,
BioSpread,AC438,0.687254011631012,review,0,0.48582589626312256,0,MODERATE_RISK,0.0,
BioSpread,AB322,0.6965411901473999,review,0,0.4981844425201416,0,MODERATE_RISK,0.0,
BioSpread,UNSEEN::AA008,0.18128398060798645,medium,0,0.649796336889267,0,LOW_RISK,0.0,
BioSpread,AA457,0.778419554233551,review,1,0.5843868553638458,0,MODERATE_RISK,0.0,
BioSpread,UNSEEN::AF819,0.1812431812286377,medium,0,0.6498887240886688,0,LOW_RISK,0.0,
BioSpread,UNSEEN::AE182,0.18123649060726166,medium,0,0.649888426065445,0,LOW_RISK,0.0,
BioSpread,UNSEEN::AC032,0.1813296228647232,medium,0,0.6497030854225159,0,LOW_RISK,0.0,
BioSpread,AG770,0.27166375517845154,review,0,0.538735032081604,0,LOW_RISK,0.0,
BioSpread,UNSEEN::AF797,0.18128526210784912,medium,0,0.6497979462146759,0,LOW_RISK,0.0,
BioSpread,AF378,0.5954846143722534,review,0,0.44347381591796875,0,MODERATE_RISK,0.0,
BioSpread,AE231,0.5905464291572571,review,0,0.4404788017272949,0,MODERATE_RISK,0.0,
BioSpread,AD710,0.7730200886726379,review,0,0.5768446922302246,0,MODERATE_RISK,0.0,
BioSpread,UNSEEN::AH163,0.18128526210784912,medium,0,0.6497979462146759,0,LOW_RISK,0.0,
BioSpread,UNSEEN::AD963,0.18133313953876495,medium,0,0.6497085988521576,0,LOW_RISK,0.0,
BioSpread,AB817,0.7305945754051208,review,0,0.52605801820755,0,MODERATE_RISK,0.0,
BioSpread,UNSEEN::AA080,0.18124355375766754,medium,0,0.6498902142047882,0,LOW_RISK,0.0,
BioSpread,UNSEEN::AC625,0.1812877655029297,medium,0,0.6498254835605621,0,LOW_RISK,0.0,
BioSpread,AB787,0.6902479529380798,review,0,0.4998818039894104,0,MODERATE_RISK,0.0,
BioSpread,UNSEEN::AA734,0.18907135725021362,medium,0,0.6384446620941162,0,LOW_RISK,0.0,
BioSpread,UNSEEN::AC971,0.18145383894443512,medium,0,0.6495179235935211,0,LOW_RISK,0.0,
BioSpread,UNSEEN::AB069,0.18128687143325806,medium,0,0.6498028337955475,0,LOW_RISK,0.0,
BioSpread,AA902,0.7737427949905396,review,0,0.5789315700531006,0,MODERATE_RISK,0.0,
BioSpread,UNSEEN::AG948,0.18129919469356537,medium,0,0.6497844755649567,0,LOW_RISK,0.0,
BioSpread,UNSEEN::AB814,0.1812416911125183,medium,0,0.6498836874961853,0,LOW_RISK,0.0,
BioSpread,UNSEEN::AB552,0.1812416911125183,medium,0,0.6498836874961853,0,LOW_RISK,0.0,
BioSpread,AA162,0.775766134262085,review,1,0.5808750689029694,0,MODERATE_RISK,0.0,
BioSpread,UNSEEN::AC833,0.18129436671733856,medium,0,0.6498028337955475,0,LOW_RISK,0.0,
BioSpread,UNSEEN::AA914,0.18119938671588898,medium,0,0.649979442358017,0,LOW_RISK,0.0,
BioSpread,UNSEEN::AB707,0.1812862902879715,medium,0,0.649796187877655,0,LOW_RISK,0.0,
BioSpread,UNSEEN::AC054,0.18128570914268494,medium,0,0.6498009860515594,0,LOW_RISK,0.0,
BioSpread,AC313,0.7764254808425903,review,1,0.5821921527385712,0,MODERATE_RISK,0.0,
BioSpread,AH404,0.20126818120479584,medium,0,0.6211804151535034,0,LOW_RISK,0.0,
BioSpread,AC636,0.2012198269367218,medium,0,0.6212514042854309,0,LOW_RISK,0.0,
BioSpread,UNSEEN::AE401,0.18128477036952972,medium,0,0.6497949361801147,0,LOW_RISK,0.0,
BioSpread,UNSEEN::AC935,0.18171481788158417,medium,0,0.6493081450462341,0,LOW_RISK,0.0,
BioSpread,UNSEEN::AB498,0.18128445744514465,medium,0,0.6497955322265625,0,LOW_RISK,0.0,
BioSpread,UNSEEN::AD755,0.18124344944953918,medium,0,0.6498844623565674,0,LOW_RISK,0.0,
BioSpread,UNSEEN::AF968,0.18129681050777435,medium,0,0.6497972309589386,0,LOW_RISK,0.0,
BioSpread,UNSEEN::AF370,0.18128515779972076,medium,0,0.6497942805290222,0,LOW_RISK,0.0,
BioSpread,UNSEEN::AH054,0.18124203383922577,medium,0,0.6498830914497375,0,LOW_RISK,0.0,
BioSpread,UNSEEN::AA602,0.18128477036952972,medium,0,0.6497949361801147,0,LOW_RISK,0.0,
BioSpread,AB753,0.520634651184082,review,0,0.43023133277893066,0,MODERATE_RISK,0.0,
BioSpread,UNSEEN::AH467,0.1812022477388382,medium,0,0.6499698162078857,0,LOW_RISK,0.0,
BioSpread,AE684,0.4971431493759155,review,0,0.44604384899139404,0,LOW_RISK,0.0,
BioSpread,UNSEEN::AB626,0.18128550052642822,medium,0,0.6497937142848969,0,LOW_RISK,0.0,
BioSpread,UNSEEN::AF013,0.1812542974948883,medium,0,0.6498975157737732,0,LOW_RISK,0.0,
BioSpread,UNSEEN::AG740,0.18123723566532135,medium,0,0.6498909592628479,0,LOW_RISK,0.0,
BioSpread,UNSEEN::AB670,0.18128573894500732,medium,0,0.6497972011566162,0,LOW_RISK,0.0,
BioSpread,AA741,0.5203937292098999,review,0,0.43024396896362305,0,MODERATE_RISK,0.0,
BioSpread,AD476,0.7599654197692871,review,0,0.5616509020328522,0,MODERATE_RISK,0.0,
BioSpread,AD889,0.730471134185791,review,0,0.5285816788673401,0,MODERATE_RISK,0.0,
BioSpread,AG278,0.20126818120479584,medium,0,0.6211804151535034,0,LOW_RISK,0.0,
BioSpread,AB001,0.7399682402610779,review,0,0.5376066863536835,0,MODERATE_RISK,0.0,
BioSpread,UNSEEN::AE582,0.1814250648021698,medium,0,0.6495427489280701,0,LOW_RISK,0.0,
BioSpread,AA998,0.7821924090385437,review,1,0.5900128781795502,0,MODERATE_RISK,0.0,
BioSpread,UNSEEN::AG473,0.18124271929264069,medium,0,0.6498819291591644,0,LOW_RISK,0.0,
BioSpread,UNSEEN::AB605,0.18124203383922577,medium,0,0.6498830914497375,0,LOW_RISK,0.0,
BioSpread,UNSEEN::AC447,0.1813868135213852,medium,0,0.6496273279190063,0,LOW_RISK,0.0,
BioSpread,UNSEEN::AA426,0.18139761686325073,medium,0,0.6496031284332275,0,LOW_RISK,0.0,
BioSpread,AE354,0.5928823947906494,review,0,0.44152724742889404,0,MODERATE_RISK,0.0,
BioSpread,UNSEEN::AC582,0.1812416911125183,medium,0,0.6498836874961853,0,LOW_RISK,0.0,
BioSpread,UNSEEN::AA590,0.18134965002536774,medium,0,0.6497368812561035,0,LOW_RISK,0.0,
BioSpread,AC566,0.7334577441215515,review,0,0.5309786200523376,0,MODERATE_RISK,0.0,
BioSpread,UNSEEN::AH092,0.18124203383922577,medium,0,0.6498830914497375,0,LOW_RISK,0.0,
BioSpread,UNSEEN::AH123,0.18124312162399292,medium,0,0.6498850286006927,0,LOW_RISK,0.0,
BioSpread,AF780,0.6872409582138062,review,0,0.48581749200820923,0,MODERATE_RISK,0.0,
BioSpread,UNSEEN::AD888,0.18123555183410645,medium,0,0.6499038338661194,0,LOW_RISK,0.0,
BioSpread,UNSEEN::AE044,0.18128594756126404,medium,0,0.6497967541217804,0,LOW_RISK,0.0,
BioSpread,AG532,0.610255241394043,review,0,0.44409048557281494,0,MODERATE_RISK,0.0,
BioSpread,UNSEEN::AF786,0.1812860518693924,medium,0,0.6498043537139893,0,LOW_RISK,0.0,
BioSpread,AB522,0.25319117307662964,review,0,0.5568313002586365,0,LOW_RISK,0.0,
BioSpread,AD488,0.7763394713401794,review,1,0.5816657245159149,0,MODERATE_RISK,0.0,
BioSpread,AF503,0.7725872993469238,review,0,0.5771530866622925,0,MODERATE_RISK,0.0,
BioSpread,AD372,0.6970655918121338,review,0,0.4940013885498047,0,MODERATE_RISK,0.0,
BioSpread,UNSEEN::AC112,0.18124935030937195,medium,0,0.6498810350894928,0,LOW_RISK,0.0,
BioSpread,UNSEEN::AG995,0.18120291829109192,medium,0,0.6499686241149902,0,LOW_RISK,0.0,
BioSpread,UNSEEN::AB381,0.18124344944953918,medium,0,0.6498844623565674,0,LOW_RISK,0.0,
BioSpread,AH216,0.5221976041793823,review,0,0.4438755512237549,0,MODERATE_RISK,0.0,
BioSpread,UNSEEN::AG816,0.1812872290611267,medium,0,0.6498022377490997,0,LOW_RISK,0.0,
BioSpread,AF351,0.5954489707946777,review,0,0.4434664249420166,0,MODERATE_RISK,0.0,
BioSpread,UNSEEN::AB213,0.18124908208847046,medium,0,0.6498856544494629,0,LOW_RISK,0.0,
BioSpread,UNSEEN::AB061,0.18147863447666168,medium,0,0.6494600772857666,0,LOW_RISK,0.0,
BioSpread,UNSEEN::AE173,0.18124237656593323,medium,0,0.6498824954032898,0,LOW_RISK,0.0,
BioSpread,AA759,0.7443475723266602,review,0,0.5464169681072235,0,MODERATE_RISK,0.0,
BioSpread,AA656,0.746143102645874,review,0,0.5476402640342712,0,MODERATE_RISK,0.0,
BioSpread,AB778,0.6473652124404907,review,0,0.46012306213378906,0,MODERATE_RISK,0.0,
BioSpread,UNSEEN::AC492,0.18129444122314453,medium,0,0.6497915387153625,0,LOW_RISK,0.0,
BioSpread,UNSEEN::AG819,0.18124203383922577,medium,0,0.6498830914497375,0,LOW_RISK,0.0,
BioSpread,AA767,0.7792190313339233,review,0,0.5862630009651184,0,MODERATE_RISK,0.0,
BioSpread,AD751,0.6745718121528625,review,0,0.48300403356552124,0,MODERATE_RISK,0.0,
BioSpread,AG409,0.7303059101104736,review,0,0.5349343419075012,0,MODERATE_RISK,0.0,
BioSpread,UNSEEN::AG897,0.1812015324831009,medium,0,0.6499710381031036,0,LOW_RISK,0.0,
BioSpread,UNSEEN::AA844,0.18129374086856842,medium,0,0.6497888267040253,0,LOW_RISK,0.0,
BioSpread,AB284,0.6610527634620667,review,0,0.4752127528190613,0,MODERATE_RISK,0.0,
BioSpread,AG461,0.16078521311283112,medium,0,0.6852110028266907,0,LOW_RISK,0.0,
BioSpread,AD380,0.6304174065589905,review,0,0.45489853620529175,0,MODERATE_RISK,0.0,
BioSpread,UNSEEN::AA908,0.18123993277549744,medium,0,0.6498952805995941,0,LOW_RISK,0.0,
BioSpread,UNSEEN::AF639,0.18124237656593323,medium,0,0.6498824954032898,0,LOW_RISK,0.0,
BioSpread,AB285,0.18270662426948547,medium,0,0.6556403338909149,0,LOW_RISK,0.0,
BioSpread,UNSEEN::AD405,0.1813303381204605,medium,0,0.649701863527298,0,LOW_RISK,0.0,
BioSpread,AE740,0.5131401419639587,review,0,0.436532199382782,0,MODERATE_RISK,0.0,
BioSpread,UNSEEN::AC018,0.18135596811771393,medium,0,0.6497167944908142,0,LOW_RISK,0.0,
BioSpread,UNSEEN::AE860,0.18124160170555115,medium,0,0.6498949229717255,0,LOW_RISK,0.0,
BioSpread,AG388,0.4368724822998047,review,0,0.4326454997062683,0,LOW_RISK,0.0,
BioSpread,AC898,0.7712408900260925,review,0,0.5737693011760712,0,MODERATE_RISK,0.0,
BioSpread,AD521,0.5808417797088623,review,0,0.438263475894928,0,MODERATE_RISK,0.0,
BioSpread,UNSEEN::AE287,0.1813296228647232,medium,0,0.6497030854225159,0,LOW_RISK,0.0,
BioSpread,UNSEEN::AG481,0.18125244975090027,medium,0,0.6498819887638092,0,LOW_RISK,0.0,
BioSpread,AB662,0.5206161141395569,review,0,0.43023228645324707,0,MODERATE_RISK,0.0,
BioSpread,AC692,0.6876901984214783,review,0,0.49272406101226807,0,MODERATE_RISK,0.0,
BioSpread,AA764,0.7795661687850952,review,1,0.5867128372192383,0,MODERATE_RISK,0.0,
BioSpread,UNSEEN::AA238,0.18124385178089142,medium,0,0.6498875617980957,0,LOW_RISK,0.0,
BioSpread,AG972,0.5731130838394165,review,0,0.4534341096878052,0,MODERATE_RISK,0.0,
BioSpread,UNSEEN::AG365,0.18120291829109192,medium,0,0.6499686241149902,0,LOW_RISK,0.0,
BioSpread,UNSEEN::AF855,0.18120291829109192,medium,0,0.6499686241149902,0,LOW_RISK,0.0,
BioSpread,UNSEEN::AE271,0.18132925033569336,medium,0,0.6497037708759308,0,LOW_RISK,0.0,
BioSpread,UNSEEN::AG741,0.18124203383922577,medium,0,0.6498830914497375,0,LOW_RISK,0.0,
BioSpread,AG254,0.7193166017532349,review,0,0.5141142308712006,0,MODERATE_RISK,0.0,
BioSpread,UNSEEN::AB496,0.18128477036952972,medium,0,0.6497949361801147,0,LOW_RISK,0.0,
BioSpread,UNSEEN::AC315,0.1819007247686386,medium,0,0.6486934423446655,0,LOW_RISK,0.0,
BioSpread,UNSEEN::AA290,0.1812416911125183,medium,0,0.6498836874961853,0,LOW_RISK,0.0,
BioSpread,AA610,0.7061408758163452,review,0,0.5012246072292328,0,MODERATE_RISK,0.0,
BioSpread,AG082,0.22130873799324036,medium,0,0.6004853546619415,0,LOW_RISK,0.0,
BioSpread,AB286,0.239399716258049,review,0,0.5802721083164215,0,LOW_RISK,0.0,
BioSpread,UNSEEN::AG109,0.18128184974193573,medium,0,0.6498048305511475,0,LOW_RISK,0.0,
BioSpread,AD271,0.647396981716156,review,0,0.46013742685317993,0,MODERATE_RISK,0.0,
BioSpread,AA943,0.720973789691925,review,0,0.5180747807025909,0,MODERATE_RISK,0.0,
BioSpread,AF384,0.6672325134277344,review,0,0.4727966785430908,0,MODERATE_RISK,0.0,
BioSpread,UNSEEN::AE053,0.18128739297389984,medium,0,0.6498094201087952,0,LOW_RISK,0.0,
BioSpread,UNSEEN::AB964,0.1812829226255417,medium,0,0.6498185098171234,0,LOW_RISK,0.0,
BioSpread,AA779,0.5846584439277649,review,0,0.45822674036026,0,MODERATE_RISK,0.0,
BioSpread,AF502,0.43691614270210266,review,0,0.43263089656829834,0,LOW_RISK,0.0,
BioSpread,UNSEEN::AA509,0.1812392622232437,medium,0,0.649892657995224,0,LOW_RISK,0.0,
BioSpread,AF843,0.20120051503181458,medium,0,0.6212798357009888,0,LOW_RISK,0.0,
BioSpread,UNSEEN::AA883,0.1812416911125183,medium,0,0.6498836874961853,0,LOW_RISK,0.0,
BioSpread,UNSEEN::AF110,0.18128558993339539,medium,0,0.6497973799705505,0,LOW_RISK,0.0,
BioSpread,UNSEEN::AE543,0.1813891977071762,medium,0,0.6495977938175201,0,LOW_RISK,0.0,
BioSpread,AC556,0.7330743670463562,review,0,0.5334925055503845,0,MODERATE_RISK,0.0,
BioSpread,UNSEEN::AG049,0.18134403228759766,medium,0,0.6496958434581757,0,LOW_RISK,0.0,
BioSpread,AC543,0.7698575258255005,review,0,0.5730338990688324,0,MODERATE_RISK,0.0,
BioSpread,AA681,0.278787225484848,review,0,0.5300709307193756,0,LOW_RISK,0.0,
BioSpread,AC615,0.22129593789577484,review,0,0.5919654369354248,0,LOW_RISK,0.0,
BioSpread,UNSEEN::AB077,0.1812862902879715,medium,0,0.649796187877655,0,LOW_RISK,0.0,
BioSpread,AF296,0.20124882459640503,medium,0,0.6212088167667389,0,LOW_RISK,0.0,
BioSpread,AC171,0.7200603485107422,review,0,0.5195523798465729,0,MODERATE_RISK,0.0,
BioSpread,UNSEEN::AD605,0.18133603036403656,medium,0,0.6496989130973816,0,LOW_RISK,0.0,
BioSpread,UNSEEN::AF194,0.1813795119524002,medium,0,0.6496269404888153,0,LOW_RISK,0.0,
BioSpread,UNSEEN::AC118,0.18128558993339539,medium,0,0.6497973799705505,0,LOW_RISK,0.0,
BioSpread,UNSEEN::AH097,0.18124131858348846,medium,0,0.6498843431472778,0,LOW_RISK,0.0,
BioSpread,UNSEEN::AG304,0.18129877746105194,medium,0,0.6497882604598999,0,LOW_RISK,0.0,
BioSpread,UNSEEN::AC334,0.18124037981033325,medium,0,0.6498861610889435,0,LOW_RISK,0.0,
BioSpread,UNSEEN::AF928,0.18124888837337494,medium,0,0.6498949527740479,0,LOW_RISK,0.0,
BioSpread,UNSEEN::AB225,0.18120257556438446,medium,0,0.649969220161438,0,LOW_RISK,0.0,
BioSpread,UNSEEN::AA380,0.1813499629497528,medium,0,0.6497199833393097,0,LOW_RISK,0.0,
BioSpread,UNSEEN::AE957,0.18120187520980835,medium,0,0.6499704420566559,0,LOW_RISK,0.0,
BioSpread,AB089,0.7105721831321716,review,0,0.5052646398544312,0,MODERATE_RISK,0.0,
BioSpread,UNSEEN::AC964,0.1812841296195984,medium,0,0.6497960984706879,0,LOW_RISK,0.0,
BioSpread,UNSEEN::AG411,0.18124203383922577,medium,0,0.6498830914497375,0,LOW_RISK,0.0,
BioSpread,UNSEEN::AG240,0.18129099905490875,medium,0,0.649791032075882,0,LOW_RISK,0.0,
BioSpread,AC204,0.7522531151771545,review,0,0.5511047542095184,0,MODERATE_RISK,0.0,
BioSpread,AA082,0.703861653804779,review,0,0.5111458599567413,0,MODERATE_RISK,0.0,
BioSpread,UNSEEN::AF328,0.18124237656593323,medium,0,0.6498824954032898,0,LOW_RISK,0.0,
BioSpread,UNSEEN::AC106,0.18124344944953918,medium,0,0.6498844623565674,0,LOW_RISK,0.0,
BioSpread,AE391,0.2012295126914978,medium,0,0.6212372183799744,0,LOW_RISK,0.0,
BioSpread,AG653,0.22091317176818848,medium,0,0.6087511777877808,0,LOW_RISK,0.0,
BioSpread,UNSEEN::AE763,0.18128526210784912,medium,0,0.6497979462146759,0,LOW_RISK,0.0,
BioSpread,UNSEEN::AF596,0.18133202195167542,medium,0,0.6497066617012024,0,LOW_RISK,0.0,
BioSpread,AD536,0.7314586043357849,review,0,0.5357381999492645,0,MODERATE_RISK,0.0,
BioSpread,AA289,0.7176631093025208,review,0,0.5125184953212738,0,MODERATE_RISK,0.0,
BioSpread,AG015,0.20120051503181458,medium,0,0.6212798357009888,0,LOW_RISK,0.0,
BioSpread,UNSEEN::AH089,0.18124271929264069,medium,0,0.6498819291591644,0,LOW_RISK,0.0,
BioSpread,UNSEEN::AG538,0.18143942952156067,medium,0,0.6494995951652527,0,LOW_RISK,0.0,
BioSpread,UNSEEN::AH264,0.18128515779972076,medium,0,0.6497942805290222,0,LOW_RISK,0.0,
BioSpread,AE101,0.6832716464996338,review,0,0.48308002948760986,0,MODERATE_RISK,0.0,
BioSpread,UNSEEN::AG639,0.18124277889728546,medium,0,0.6498856246471405,0,LOW_RISK,0.0,
BioSpread,UNSEEN::AF117,0.18124344944953918,medium,0,0.6498844623565674,0,LOW_RISK,0.0,
BioSpread,UNSEEN::AD016,0.18123649060726166,medium,0,0.649888426065445,0,LOW_RISK,0.0,
BioSpread,AB259,0.5204308032989502,review,0,0.43024206161499023,0,MODERATE_RISK,0.0,
BioSpread,UNSEEN::AF183,0.18124271929264069,medium,0,0.6498819291591644,0,LOW_RISK,0.0,
BioSpread,AA246,0.26035767793655396,review,0,0.5583648085594177,0,LOW_RISK,0.0,
BioSpread,UNSEEN::AF115,0.18124312162399292,medium,0,0.6498850286006927,0,LOW_RISK,0.0,
BioSpread,UNSEEN::AB246,0.18134403228759766,medium,0,0.6496958434581757,0,LOW_RISK,0.0,
BioSpread,UNSEEN::AH201,0.18124277889728546,medium,0,0.6498856246471405,0,LOW_RISK,0.0,
BioSpread,UNSEEN::AF124,0.18120187520980835,medium,0,0.6499704420566559,0,LOW_RISK,0.0,
BioSpread,UNSEEN::AD721,0.1812935769557953,medium,0,0.6497891247272491,0,LOW_RISK,0.0,
BioSpread,AF524,0.7182185053825378,review,1,0.5253219604492188,0,MODERATE_RISK,0.0,
BioSpread,UNSEEN::AE933,0.18124797940254211,medium,0,0.6498907506465912,0,LOW_RISK,0.0,
BioSpread,AA997,0.20124882459640503,medium,0,0.6212088167667389,0,LOW_RISK,0.0,
BioSpread,UNSEEN::AA714,0.18124312162399292,medium,0,0.6498850286006927,0,LOW_RISK,0.0,
BioSpread,UNSEEN::AA801,0.1813334822654724,medium,0,0.6497119069099426,0,LOW_RISK,0.0,
BioSpread,AE061,0.26503628492355347,review,0,0.5442053973674774,0,LOW_RISK,0.0,
BioSpread,UNSEEN::AB744,0.18144479393959045,medium,0,0.649542361497879,0,LOW_RISK,0.0,
BioSpread,UNSEEN::AG034,0.18137915432453156,medium,0,0.6496107876300812,0,LOW_RISK,0.0,
BioSpread,UNSEEN::AB459,0.18127989768981934,medium,0,0.6498029232025146,0,LOW_RISK,0.0,
BioSpread,UNSEEN::AG335,0.1812416911125183,medium,0,0.6498836874961853,0,LOW_RISK,0.0,
BioSpread,UNSEEN::AF873,0.18124225735664368,medium,0,0.6498827338218689,0,LOW_RISK,0.0,
BioSpread,AC930,0.4957156181335449,review,0,0.45672285556793213,0,LOW_RISK,0.0,
BioSpread,UNSEEN::AC958,0.1813410520553589,medium,0,0.6497117877006531,0,LOW_RISK,0.0,
BioSpread,AD973,0.7076294422149658,review,0,0.506188839673996,0,MODERATE_RISK,0.0,
BioSpread,UNSEEN::AH143,0.18124237656593323,medium,0,0.6498824954032898,0,LOW_RISK,0.0,
BioSpread,AE183,0.520634651184082,review,0,0.43023133277893066,0,MODERATE_RISK,0.0,
BioSpread,AD250,0.7006968259811401,review,0,0.4966639280319214,0,MODERATE_RISK,0.0,
BioSpread,UNSEEN::AE985,0.18132896721363068,medium,0,0.6497043073177338,0,LOW_RISK,0.0,
BioSpread,UNSEEN::AC544,0.18129056692123413,medium,0,0.6497991383075714,0,LOW_RISK,0.0,
BioSpread,AG642,0.20143461227416992,medium,0,0.6209731698036194,0,LOW_RISK,0.0,
BioSpread,UNSEEN::AF916,0.18132783472537994,medium,0,0.6497224271297455,0,LOW_RISK,0.0,
BioSpread,AF816,0.7073466181755066,review,0,0.5062433183193207,0,MODERATE_RISK,0.0,
BioSpread,UNSEEN::AE607,0.1812446564435959,medium,0,0.649899035692215,0,LOW_RISK,0.0,
BioSpread,AC046,0.650263786315918,review,0,0.46635639667510986,0,MODERATE_RISK,0.0,
BioSpread,UNSEEN::AF566,0.18124237656593323,medium,0,0.6498824954032898,0,LOW_RISK,0.0,
BioSpread,UNSEEN::AF418,0.18124470114707947,medium,0,0.64989373087883,0,LOW_RISK,0.0,
BioSpread,UNSEEN::AF342,0.18138085305690765,medium,0,0.64961177110672,0,LOW_RISK,0.0,
BioSpread,UNSEEN::AG600,0.1816047728061676,medium,0,0.6491946280002594,0,LOW_RISK,0.0,
BioSpread,UNSEEN::AD319,0.18139386177062988,medium,0,0.6496221423149109,0,LOW_RISK,0.0,
BioSpread,UNSEEN::AA386,0.18124154210090637,medium,0,0.649891197681427,0,LOW_RISK,0.0,
BioSpread,UNSEEN::AF925,0.18124349415302277,medium,0,0.6498881876468658,0,LOW_RISK,0.0,
BioSpread,AD272,0.7390372157096863,review,0,0.5365394949913025,0,MODERATE_RISK,0.0,
BioSpread,AD949,0.7257192134857178,review,0,0.525513619184494,0,MODERATE_RISK,0.0,
BioSpread,AF034,0.6831449270248413,review,1,0.48814451694488525,0,MODERATE_RISK,0.0,
BioSpread,UNSEEN::AH423,0.18134181201457977,medium,0,0.6497030854225159,0,LOW_RISK,0.0,
BioSpread,AG886,0.20126818120479584,medium,0,0.6211804151535034,0,LOW_RISK,0.0,
BioSpread,UNSEEN::AE338,0.1812416911125183,medium,0,0.6498836874961853,0,LOW_RISK,0.0,
BioSpread,AF250,0.7333101034164429,review,1,0.5338419675827026,0,MODERATE_RISK,0.0,
BioSpread,UNSEEN::AH318,0.18124237656593323,medium,0,0.6498824954032898,0,LOW_RISK,0.0,
BioSpread,UNSEEN::AE762,0.18155235052108765,medium,0,0.6492819786071777,0,LOW_RISK,0.0,
BioSpread,AE865,0.6936406493186951,review,0,0.4942152500152588,0,MODERATE_RISK,0.0,
BioSpread,UNSEEN::AD559,0.1812410205602646,medium,0,0.6498971879482269,0,LOW_RISK,0.0,
BioSpread,UNSEEN::AD184,0.18124344944953918,medium,0,0.6498844623565674,0,LOW_RISK,0.0,
BioSpread,AA974,0.7660288214683533,review,0,0.5682108104228973,0,MODERATE_RISK,0.0,
BioSpread,UNSEEN::AA057,0.181494802236557,medium,0,0.6494216322898865,0,LOW_RISK,0.0,
BioSpread,UNSEEN::AG231,0.18124237656593323,medium,0,0.6498824954032898,0,LOW_RISK,0.0,
BioSpread,UNSEEN::AC529,0.18154498934745789,medium,0,0.6493061184883118,0,LOW_RISK,0.0,
BioSpread,UNSEEN::AE683,0.18123853206634521,medium,0,0.6498939394950867,0,LOW_RISK,0.0,
BioSpread,AF960,0.4262535274028778,review,0,0.4792887568473816,0,LOW_RISK,0.0,
BioSpread,UNSEEN::AH466,0.1812416911125183,medium,0,0.6498836874961853,0,LOW_RISK,0.0,
BioSpread,AA771,0.7226436734199524,review,0,0.5241075158119202,0,MODERATE_RISK,0.0,
BioSpread,AE832,0.6720887422561646,review,0,0.48074662685394287,0,MODERATE_RISK,0.0,
BioSpread,AF571,0.757676899433136,review,1,0.5582700669765472,0,MODERATE_RISK,0.0,
BioSpread,UNSEEN::AF463,0.18124206364154816,medium,0,0.6498868465423584,0,LOW_RISK,0.0,
BioSpread,UNSEEN::AH057,0.18120141327381134,medium,0,0.6499712765216827,0,LOW_RISK,0.0,
BioSpread,UNSEEN::AF480,0.1812465637922287,medium,0,0.6498953402042389,0,LOW_RISK,0.0,
BioSpread,UNSEEN::AC271,0.18124495446681976,medium,0,0.6498894691467285,0,LOW_RISK,0.0,
BioSpread,AC767,0.7749109864234924,review,0,0.5789883136749268,0,MODERATE_RISK,0.0,
BioSpread,UNSEEN::AE966,0.18142589926719666,medium,0,0.6496736705303192,0,LOW_RISK,0.0,
BioSpread,UNSEEN::AF118,0.18124157190322876,medium,0,0.6498839259147644,0,LOW_RISK,0.0,
BioSpread,UNSEEN::AG553,0.18124282360076904,medium,0,0.649889349937439,0,LOW_RISK,0.0,
BioSpread,AE408,0.6983517408370972,review,0,0.49849140644073486,0,MODERATE_RISK,0.0,
BioSpread,UNSEEN::AG976,0.1812416911125183,medium,0,0.6498836874961853,0,LOW_RISK,0.0,
BioSpread,UNSEEN::AE495,0.1812416911125183,medium,0,0.6498836874961853,0,LOW_RISK,0.0,
BioSpread,UNSEEN::AD081,0.1812361627817154,medium,0,0.6498889923095703,0,LOW_RISK,0.0,
BioSpread,UNSEEN::AF728,0.18129047751426697,medium,0,0.6498081684112549,0,LOW_RISK,0.0,
BioSpread,UNSEEN::AH344,0.18124203383922577,medium,0,0.6498830914497375,0,LOW_RISK,0.0,
BioSpread,AA783,0.7734495401382446,review,1,0.5788528025150299,0,MODERATE_RISK,0.0,
BioSpread,UNSEEN::AB462,0.18137583136558533,medium,0,0.6496559679508209,0,LOW_RISK,0.0,
BioSpread,AF479,0.7373218536376953,review,1,0.5375319421291351,0,MODERATE_RISK,0.0,
BioSpread,UNSEEN::AF997,0.18128550052642822,medium,0,0.6497937142848969,0,LOW_RISK,0.0,
BioSpread,AA256,0.6382774114608765,review,0,0.46449828147888184,0,MODERATE_RISK,0.0,
BioSpread,AG186,0.5835351347923279,review,0,0.4392967224121094,0,MODERATE_RISK,0.0,
BioSpread,UNSEEN::AE411,0.18132513761520386,medium,0,0.6497282683849335,0,LOW_RISK,0.0,
BioSpread,AB776,0.6539826393127441,review,0,0.461445689201355,0,MODERATE_RISK,0.0,
BioSpread,UNSEEN::AH465,0.1812416911125183,medium,0,0.6498836874961853,0,LOW_RISK,0.0,
BioSpread,AG571,0.20772551000118256,medium,0,0.616463303565979,0,LOW_RISK,0.0,
BioSpread,AC479,0.6547607779502869,review,0,0.48267072439193726,0,MODERATE_RISK,0.0,
BioSpread,UNSEEN::AA443,0.18144510686397552,medium,0,0.6495172679424286,0,LOW_RISK,0.0,
BioSpread,AA887,0.7791581749916077,review,0,0.5856456756591797,0,MODERATE_RISK,0.0,
BioSpread,UNSEEN::AA744,0.18124578893184662,medium,0,0.6498956382274628,0,LOW_RISK,0.0,
BioSpread,UNSEEN::AD698,0.18587175011634827,medium,0,0.6419363617897034,0,LOW_RISK,0.0,
BioSpread,AC431,0.7674488425254822,review,1,0.5706781446933746,0,MODERATE_RISK,0.0,
BioSpread,AF547,0.7316448092460632,review,0,0.5295440852642059,0,MODERATE_RISK,0.0,
BioSpread,UNSEEN::AG182,0.18120257556438446,medium,0,0.649969220161438,0,LOW_RISK,0.0,
BioSpread,UNSEEN::AD967,0.18124277889728546,medium,0,0.6498856246471405,0,LOW_RISK,0.0,
BioSpread,AE945,0.7328082919120789,review,0,0.5310643017292023,0,MODERATE_RISK,0.0,
BioSpread,AD860,0.6118262410163879,review,0,0.447637140750885,0,MODERATE_RISK,0.0,
BioSpread,AD186,0.7681096196174622,review,0,0.5690596103668213,0,MODERATE_RISK,0.0,
BioSpread,UNSEEN::AH386,0.18123649060726166,medium,0,0.649888426065445,0,LOW_RISK,0.0,
BioSpread,AC121,0.7716689109802246,review,0,0.57382732629776,0,MODERATE_RISK,0.0,
BioSpread,UNSEEN::AF757,0.18129056692123413,medium,0,0.6497991383075714,0,LOW_RISK,0.0,
BioSpread,AD685,0.24604569375514984,review,0,0.5648576617240906,0,LOW_RISK,0.0,
BioSpread,UNSEEN::AH407,0.18124203383922577,medium,0,0.6498830914497375,0,LOW_RISK,0.0,
BioSpread,UNSEEN::AF211,0.1812015324831009,medium,0,0.6499710381031036,0,LOW_RISK,0.0,
BioSpread,AF585,0.5119844079017639,review,0,0.42274922132492065,0,MODERATE_RISK,0.0,
BioSpread,UNSEEN::AE633,0.18120670318603516,medium,0,0.6499887406826019,0,LOW_RISK,0.0,
BioSpread,UNSEEN::AG541,0.18134433031082153,medium,0,0.6496922671794891,0,LOW_RISK,0.0,
BioSpread,UNSEEN::AG345,0.18128445744514465,medium,0,0.6497955322265625,0,LOW_RISK,0.0,
BioSpread,UNSEEN::AD490,0.18128558993339539,medium,0,0.6497973799705505,0,LOW_RISK,0.0,
BioSpread,UNSEEN::AF709,0.18157705664634705,medium,0,0.6493554711341858,0,LOW_RISK,0.0,
BioSpread,UNSEEN::AC790,0.18120427429676056,medium,0,0.6499738395214081,0,LOW_RISK,0.0,
BioSpread,UNSEEN::AF832,0.18120315670967102,medium,0,0.6499758064746857,0,LOW_RISK,0.0,
BioSpread,UNSEEN::AB836,0.18148714303970337,medium,0,0.6493942141532898,0,LOW_RISK,0.0,
BioSpread,AH322,0.16216880083084106,medium,0,0.6822063624858856,0,LOW_RISK,0.0,
BioSpread,UNSEEN::AF544,0.18120291829109192,medium,0,0.6499686241149902,0,LOW_RISK,0.0,
BioSpread,UNSEEN::AB873,0.18124206364154816,medium,0,0.6498868465423584,0,LOW_RISK,0.0,
BioSpread,AB164,0.7004997134208679,review,0,0.50105220079422,0,MODERATE_RISK,0.0,
BioSpread,UNSEEN::AC065,0.18125073611736298,medium,0,0.649882435798645,0,LOW_RISK,0.0,
BioSpread,UNSEEN::AD781,0.18124203383922577,medium,0,0.6498830914497375,0,LOW_RISK,0.0,
BioSpread,AC339,0.6708365082740784,review,0,0.4749417304992676,0,MODERATE_RISK,0.0,
BioSpread,AA832,0.7766739726066589,review,0,0.5820913016796112,0,MODERATE_RISK,0.0,
BioSpread,UNSEEN::AE632,0.18133118748664856,medium,0,0.649704247713089,0,LOW_RISK,0.0,
BioSpread,AD560,0.7371419072151184,review,0,0.5357947647571564,0,MODERATE_RISK,0.0,
BioSpread,UNSEEN::AH506,0.18124203383922577,medium,0,0.6498830914497375,0,LOW_RISK,0.0,
BioSpread,AG151,0.23269546031951904,review,0,0.5879293382167816,0,LOW_RISK,0.0,
BioSpread,AH041,0.718688428401947,review,0,0.5224779546260834,0,MODERATE_RISK,0.0,
BioSpread,UNSEEN::AE573,0.1812463104724884,medium,0,0.6498879790306091,0,LOW_RISK,0.0,
BioSpread,UNSEEN::AA518,0.18133486807346344,medium,0,0.6497322022914886,0,LOW_RISK,0.0,
BioSpread,UNSEEN::AE026,0.1812320053577423,medium,0,0.6499283909797668,0,LOW_RISK,0.0,
BioSpread,UNSEEN::AE995,0.18123649060726166,medium,0,0.649888426065445,0,LOW_RISK,0.0,
BioSpread,UNSEEN::AG789,0.18124203383922577,medium,0,0.6498830914497375,0,LOW_RISK,0.0,
BioSpread,AD444,0.7657023072242737,review,1,0.569607675075531,0,MODERATE_RISK,0.0,
BioSpread,AA153,0.7478897571563721,review,0,0.545557051897049,0,MODERATE_RISK,0.0,
BioSpread,UNSEEN::AE710,0.18124736845493317,medium,0,0.6498899459838867,0,LOW_RISK,0.0,
BioSpread,UNSEEN::AB969,0.18137285113334656,medium,0,0.649636834859848,0,LOW_RISK,0.0,
BioSpread,UNSEEN::AH348,0.18124237656593323,medium,0,0.6498824954032898,0,LOW_RISK,0.0,
BioSpread,UNSEEN::AC358,0.18305808305740356,medium,0,0.6474100947380066,0,LOW_RISK,0.0,
BioSpread,AE866,0.7157960534095764,review,0,0.5112560391426086,0,MODERATE_RISK,0.0,
BioSpread,UNSEEN::AF900,0.18138526380062103,medium,0,0.6496146619319916,0,LOW_RISK,0.0,
BioSpread,UNSEEN::AE454,0.18133224546909332,medium,0,0.6497063040733337,0,LOW_RISK,0.0,
BioSpread,UNSEEN::AA510,0.18124271929264069,medium,0,0.6498819291591644,0,LOW_RISK,0.0,
BioSpread,UNSEEN::AF692,0.18120187520980835,medium,0,0.6499704420566559,0,LOW_RISK,0.0,
BioSpread,UNSEEN::AE502,0.18138395249843597,medium,0,0.649613082408905,0,LOW_RISK,0.0,
BioSpread,AC022,0.7346628308296204,review,0,0.529560387134552,0,MODERATE_RISK,0.0,
BioSpread,AA664,0.7763523459434509,review,0,0.5814042687416077,0,MODERATE_RISK,0.0,
BioSpread,UNSEEN::AE100,0.18190744519233704,medium,0,0.6487533152103424,0,LOW_RISK,0.0,
BioSpread,UNSEEN::AD263,0.1812424212694168,medium,0,0.6498862504959106,0,LOW_RISK,0.0,
BioSpread,UNSEEN::AC858,0.18120187520980835,medium,0,0.6499704420566559,0,LOW_RISK,0.0,
BioSpread,UNSEEN::AE822,0.18138523399829865,medium,0,0.6496329605579376,0,LOW_RISK,0.0,
BioSpread,UNSEEN::AC445,0.18143942952156067,medium,0,0.6495539546012878,0,LOW_RISK,0.0,
BioSpread,AC814,0.6776459813117981,review,0,0.4794703722000122,0,MODERATE_RISK,0.0,
BioSpread,UNSEEN::AB837,0.18137726187705994,medium,0,0.6496062874794006,0,LOW_RISK,0.0,
BioSpread,UNSEEN::AD432,0.18128253519535065,medium,0,0.6498112976551056,0,LOW_RISK,0.0,
BioSpread,UNSEEN::AD477,0.18123650550842285,medium,0,0.6499097943305969,0,LOW_RISK,0.0,
BioSpread,UNSEEN::AD047,0.18124277889728546,medium,0,0.6498856246471405,0,LOW_RISK,0.0,
BioSpread,UNSEEN::AD866,0.18124203383922577,medium,0,0.6498830914497375,0,LOW_RISK,0.0,
BioSpread,UNSEEN::AD608,0.18138647079467773,medium,0,0.6495998799800873,0,LOW_RISK,0.0,
BioSpread,AG426,0.6587421894073486,review,0,0.48849552869796753,0,MODERATE_RISK,0.0,
BioSpread,AA123,0.7626164555549622,review,1,0.565105676651001,0,MODERATE_RISK,0.0,
BioSpread,AD558,0.7235164046287537,review,0,0.5188413858413696,0,MODERATE_RISK,0.0,
BioSpread,AE259,0.6917507648468018,review,0,0.49091893434524536,0,MODERATE_RISK,0.0,
BioSpread,UNSEEN::AD128,0.18190985918045044,medium,0,0.6487565040588379,0,LOW_RISK,0.0,
BioSpread,UNSEEN::AB355,0.1813923716545105,medium,0,0.6496226787567139,0,LOW_RISK,0.0,
BioSpread,UNSEEN::AD954,0.1812862902879715,medium,0,0.649796187877655,0,LOW_RISK,0.0,
BioSpread,UNSEEN::AG237,0.18124203383922577,medium,0,0.6498830914497375,0,LOW_RISK,0.0,
BioSpread,UNSEEN::AB688,0.1814933866262436,medium,0,0.6494312584400177,0,LOW_RISK,0.0,
BioSpread,UNSEEN::AD321,0.18124385178089142,medium,0,0.6498875617980957,0,LOW_RISK,0.0,
BioSpread,UNSEEN::AA745,0.1812482476234436,medium,0,0.6499029397964478,0,LOW_RISK,0.0,
BioSpread,AF907,0.24874520301818848,review,0,0.5615062713623047,0,LOW_RISK,0.0,
BioSpread,AC260,0.7758399248123169,review,0,0.5810304582118988,0,MODERATE_RISK,0.0,
BioSpread,UNSEEN::AF022,0.1812416911125183,medium,0,0.6498836874961853,0,LOW_RISK,0.0,
BioSpread,AB357,0.6131377220153809,review,0,0.4414159059524536,0,MODERATE_RISK,0.0,
BioSpread,UNSEEN::AD360,0.18120291829109192,medium,0,0.6499686241149902,0,LOW_RISK,0.0,
BioSpread,AD325,0.5808151960372925,review,0,0.4382592439651489,0,MODERATE_RISK,0.0,
BioSpread,UNSEEN::AC770,0.18120324611663818,medium,0,0.6499718129634857,0,LOW_RISK,0.0,
BioSpread,UNSEEN::AD517,0.18124271929264069,medium,0,0.6498819291591644,0,LOW_RISK,0.0,
BioSpread,UNSEEN::AE324,0.18137706816196442,medium,0,0.6496590375900269,0,LOW_RISK,0.0,
BioSpread,AF708,0.520634651184082,review,0,0.43023133277893066,0,MODERATE_RISK,0.0,
BioSpread,AF498,0.16435606777668,medium,0,0.6785140335559845,0,LOW_RISK,0.0,
BioSpread,AG205,0.6473334431648254,review,0,0.46010875701904297,0,MODERATE_RISK,0.0,
BioSpread,UNSEEN::AE428,0.18128903210163116,medium,0,0.6497999727725983,0,LOW_RISK,0.0,
BioSpread,UNSEEN::AB066,0.18137545883655548,medium,0,0.6496516466140747,0,LOW_RISK,0.0,
BioSpread,UNSEEN::AG062,0.18130375444889069,medium,0,0.6498513519763947,0,LOW_RISK,0.0,
BioSpread,UNSEEN::AE908,0.1813007891178131,medium,0,0.6497893631458282,0,LOW_RISK,0.0,
BioSpread,AG888,0.6669548153877258,review,0,0.4914855360984802,0,MODERATE_RISK,0.0,
BioSpread,UNSEEN::AF439,0.18124203383922577,medium,0,0.6498830914497375,0,LOW_RISK,0.0,
BioSpread,UNSEEN::AH360,0.18120187520980835,medium,0,0.6499704420566559,0,LOW_RISK,0.0,
BioSpread,UNSEEN::AC520,0.18124131858348846,medium,0,0.6498843431472778,0,LOW_RISK,0.0,
BioSpread,AD716,0.7691091299057007,review,0,0.5702177882194519,0,MODERATE_RISK,0.0,
BioSpread,UNSEEN::AG887,0.18128995597362518,medium,0,0.6497980058193207,0,LOW_RISK,0.0,
BioSpread,UNSEEN::AF866,0.18120257556438446,medium,0,0.649969220161438,0,LOW_RISK,0.0,
BioSpread,AG511,0.6752300262451172,review,0,0.483384370803833,0,MODERATE_RISK,0.0,
BioSpread,UNSEEN::AB137,0.18129919469356537,medium,0,0.6497844755649567,0,LOW_RISK,0.0,
BioSpread,UNSEEN::AF595,0.18128834664821625,medium,0,0.6497930884361267,0,LOW_RISK,0.0,
BioSpread,AE283,0.768121600151062,review,0,0.5708306431770325,0,MODERATE_RISK,0.0,
BioSpread,UNSEEN::AC253,0.18124312162399292,medium,0,0.6498850286006927,0,LOW_RISK,0.0,
BioSpread,AG296,0.2454351782798767,review,0,0.5654063820838928,0,LOW_RISK,0.0,
BioSpread,AF684,0.7641177177429199,review,0,0.5628634691238403,0,MODERATE_RISK,0.0,
BioSpread,AA756,0.7541702389717102,review,1,0.5568977892398834,0,MODERATE_RISK,0.0,
BioSpread,UNSEEN::AC875,0.18124271929264069,medium,0,0.6498819291591644,0,LOW_RISK,0.0,
BioSpread,AA791,0.7660968899726868,review,0,0.5657422244548798,0,MODERATE_RISK,0.0,
BioSpread,AD667,0.7033018469810486,review,0,0.49934613704681396,0,MODERATE_RISK,0.0,
BioSpread,UNSEEN::AG148,0.18128526210784912,medium,0,0.6497979462146759,0,LOW_RISK,0.0,
BioSpread,UNSEEN::AA532,0.18139365315437317,medium,0,0.6496035754680634,0,LOW_RISK,0.0,
BioSpread,UNSEEN::AE177,0.1812940537929535,medium,0,0.6497882902622223,0,LOW_RISK,0.0,
BioSpread,AE065,0.2481982558965683,review,0,0.5620633065700531,0,LOW_RISK,0.0,
BioSpread,UNSEEN::AF705,0.18124277889728546,medium,0,0.6498856246471405,0,LOW_RISK,0.0,
BioSpread,UNSEEN::AG781,0.18149223923683167,medium,0,0.6493991315364838,0,LOW_RISK,0.0,
BioSpread,UNSEEN::AF394,0.18120494484901428,medium,0,0.6499841213226318,0,LOW_RISK,0.0,
BioSpread,UNSEEN::AD629,0.1814015507698059,medium,0,0.6496405303478241,0,LOW_RISK,0.0,
BioSpread,UNSEEN::AD914,0.1812368482351303,medium,0,0.6498878300189972,0,LOW_RISK,0.0,
BioSpread,UNSEEN::AG949,0.18124203383922577,medium,0,0.6498830914497375,0,LOW_RISK,0.0,
BioSpread,UNSEEN::AD547,0.1812698394060135,medium,0,0.6499517858028412,0,LOW_RISK,0.0,
BioSpread,UNSEEN::AH338,0.18124271929264069,medium,0,0.6498819291591644,0,LOW_RISK,0.0,
BioSpread,AB870,0.5218479037284851,review,0,0.43044883012771606,0,MODERATE_RISK,0.0,
BioSpread,UNSEEN::AE563,0.1812416911125183,medium,0,0.6498836874961853,0,LOW_RISK,0.0,
BioSpread,AF353,0.6568610668182373,review,0,0.48272109031677246,0,MODERATE_RISK,0.0,
BioSpread,AD757,0.7398053407669067,review,0,0.5367778241634369,0,MODERATE_RISK,0.0,
BioSpread,UNSEEN::AF477,0.18190623819828033,medium,0,0.6487517356872559,0,LOW_RISK,0.0,
BioSpread,AC503,0.7746676206588745,review,0,0.584442526102066,0,MODERATE_RISK,0.0,
BioSpread,AC915,0.7132748961448669,review,0,0.5108287334442139,0,MODERATE_RISK,0.0,
BioSpread,UNSEEN::AD268,0.1812416911125183,medium,0,0.6498836874961853,0,LOW_RISK,0.0,
BioSpread,AG632,0.7725576162338257,review,0,0.5762618482112885,0,MODERATE_RISK,0.0,
BioSpread,AC610,0.6473270654678345,review,0,0.46010589599609375,0,MODERATE_RISK,0.0,
BioSpread,UNSEEN::AG630,0.18124237656593323,medium,0,0.6498824954032898,0,LOW_RISK,0.0,
BioSpread,AC467,0.7320664525032043,review,0,0.5274324119091034,0,MODERATE_RISK,0.0,
BioSpread,UNSEEN::AB228,0.18149742484092712,medium,0,0.6494123637676239,0,LOW_RISK,0.0,
BioSpread,UNSEEN::AH488,0.1812015324831009,medium,0,0.6499710381031036,0,LOW_RISK,0.0,
BioSpread,UNSEEN::AB347,0.1813945770263672,medium,0,0.6496187746524811,0,LOW_RISK,0.0,
BioSpread,AD637,0.17196457087993622,medium,0,0.6664317548274994,0,LOW_RISK,0.0,
BioSpread,UNSEEN::AE273,0.18124203383922577,medium,0,0.6498830914497375,0,LOW_RISK,0.0,
BioSpread,UNSEEN::AC251,0.18129099905490875,medium,0,0.649791032075882,0,LOW_RISK,0.0,
BioSpread,AC120,0.7773647904396057,review,1,0.5828502476215363,0,MODERATE_RISK,0.0,
BioSpread,UNSEEN::AG900,0.1812015324831009,medium,0,0.6499710381031036,0,LOW_RISK,0.0,
BioSpread,AE821,0.7766198515892029,review,1,0.5822882354259491,0,MODERATE_RISK,0.0,
BioSpread,UNSEEN::AC376,0.18124237656593323,medium,0,0.6498824954032898,0,LOW_RISK,0.0,
BioSpread,AF635,0.5283333659172058,review,0,0.4243053197860718,0,MODERATE_RISK,0.0,
BioSpread,UNSEEN::AE375,0.181338831782341,medium,0,0.6496966183185577,0,LOW_RISK,0.0,
BioSpread,UNSEEN::AC989,0.1812416911125183,medium,0,0.6498836874961853,0,LOW_RISK,0.0,
BioSpread,UNSEEN::AF367,0.18120187520980835,medium,0,0.6499704420566559,0,LOW_RISK,0.0,
BioSpread,UNSEEN::AB087,0.18128558993339539,medium,0,0.6497973799705505,0,LOW_RISK,0.0,
BioSpread,AE893,0.7695678472518921,review,0,0.5718801319599152,0,MODERATE_RISK,0.0,
BioSpread,UNSEEN::AD414,0.18139246106147766,medium,0,0.6496700048446655,0,LOW_RISK,0.0,
BioSpread,UNSEEN::AA482,0.18128558993339539,medium,0,0.6497973799705505,0,LOW_RISK,0.0,
BioSpread,UNSEEN::AF222,0.18124237656593323,medium,0,0.6498824954032898,0,LOW_RISK,0.0,
BioSpread,AB759,0.7354510426521301,review,0,0.5315735638141632,0,MODERATE_RISK,0.0,
BioSpread,AF425,0.716255784034729,review,0,0.5126262903213501,0,MODERATE_RISK,0.0,
BioSpread,AA413,0.17838682234287262,medium,0,0.6560167074203491,0,LOW_RISK,0.0,
BioSpread,UNSEEN::AH292,0.18120324611663818,medium,0,0.6499718129634857,0,LOW_RISK,0.0,
BioSpread,UNSEEN::AC227,0.18120360374450684,medium,0,0.649971216917038,0,LOW_RISK,0.0,
BioSpread,AG004,0.24450474977493286,review,0,0.5665690004825592,0,LOW_RISK,0.0,
BioSpread,UNSEEN::AG806,0.18128035962581635,medium,0,0.6498021185398102,0,LOW_RISK,0.0,
BioSpread,AF109,0.20124882459640503,medium,0,0.6212088167667389,0,LOW_RISK,0.0,
BioSpread,UNSEEN::AC393,0.18124271929264069,medium,0,0.6498819291591644,0,LOW_RISK,0.0,
BioSpread,UNSEEN::AB079,0.18124546110630035,medium,0,0.6498945951461792,0,LOW_RISK,0.0,
BioSpread,UNSEEN::AG665,0.18133904039859772,medium,0,0.6497002243995667,0,LOW_RISK,0.0,
BioSpread,UNSEEN::AC721,0.1812022477388382,medium,0,0.6499698162078857,0,LOW_RISK,0.0,
BioSpread,AF079,0.25483381748199463,review,0,0.554870218038559,0,LOW_RISK,0.0,
BioSpread,UNSEEN::AB157,0.18129126727581024,medium,0,0.6498495936393738,0,LOW_RISK,0.0,
BioSpread,UNSEEN::AG218,0.18127895891666412,medium,0,0.6498184502124786,0,LOW_RISK,0.0,
BioSpread,UNSEEN::AC200,0.1812821626663208,medium,0,0.6498105227947235,0,LOW_RISK,0.0,
BioSpread,UNSEEN::AG184,0.18149706721305847,medium,0,0.6494254469871521,0,LOW_RISK,0.0,
BioSpread,UNSEEN::AB915,0.181444451212883,medium,0,0.64949831366539,0,LOW_RISK,0.0,
BioSpread,UNSEEN::AF032,0.1812395304441452,medium,0,0.6498921811580658,0,LOW_RISK,0.0,
BioSpread,AC111,0.6795880198478699,review,1,0.48369479179382324,0,MODERATE_RISK,0.0,
BioSpread,UNSEEN::AD023,0.18123723566532135,medium,0,0.6498909592628479,0,LOW_RISK,0.0,
BioSpread,AH174,0.6024008393287659,review,0,0.45444339513778687,0,MODERATE_RISK,0.0,
BioSpread,UNSEEN::AG219,0.18124312162399292,medium,0,0.6498850286006927,0,LOW_RISK,0.0,
BioSpread,UNSEEN::AD676,0.18129460513591766,medium,0,0.649801105260849,0,LOW_RISK,0.0,
BioSpread,UNSEEN::AB533,0.18134020268917084,medium,0,0.6497020125389099,0,LOW_RISK,0.0,
BioSpread,UNSEEN::AC786,0.18132248520851135,medium,0,0.6497542560100555,0,LOW_RISK,0.0,
BioSpread,UNSEEN::AD788,0.18124203383922577,medium,0,0.6498830914497375,0,LOW_RISK,0.0,
BioSpread,UNSEEN::AE650,0.18124131858348846,medium,0,0.6498843431472778,0,LOW_RISK,0.0,
BioSpread,AA201,0.7489831447601318,review,1,0.5449230670928955,0,MODERATE_RISK,0.0,
BioSpread,UNSEEN::AH172,0.18124344944953918,medium,0,0.6498844623565674,0,LOW_RISK,0.0,
BioSpread,UNSEEN::AH210,0.18124203383922577,medium,0,0.6498830914497375,0,LOW_RISK,0.0,
BioSpread,UNSEEN::AH102,0.18128570914268494,medium,0,0.6498009860515594,0,LOW_RISK,0.0,
BioSpread,UNSEEN::AF818,0.18124237656593323,medium,0,0.6498824954032898,0,LOW_RISK,0.0,
BioSpread,AD391,0.20772551000118256,medium,0,0.616463303565979,0,LOW_RISK,0.0,
BioSpread,AA150,0.7524221539497375,review,0,0.5506893694400787,0,MODERATE_RISK,0.0,
BioSpread,AA147,0.7734041810035706,review,0,0.5762512683868408,0,MODERATE_RISK,0.0,
BioSpread,AB656,0.6599281430244446,review,0,0.4728304147720337,0,MODERATE_RISK,0.0,
BioSpread,AC854,0.604412853717804,review,0,0.4417811632156372,0,MODERATE_RISK,0.0,
BioSpread,AC924,0.7301409840583801,review,0,0.5253866910934448,0,MODERATE_RISK,0.0,
BioSpread,AB183,0.7792215347290039,review,0,0.5863676965236664,0,MODERATE_RISK,0.0,
BioSpread,UNSEEN::AE722,0.18124203383922577,medium,0,0.6498830914497375,0,LOW_RISK,0.0,
BioSpread,AG339,0.7111513018608093,review,0,0.5091054737567902,0,MODERATE_RISK,0.0,
BioSpread,UNSEEN::AA232,0.1812022477388382,medium,0,0.6499698162078857,0,LOW_RISK,0.0,
BioSpread,AE737,0.521371066570282,review,0,0.4303330183029175,0,MODERATE_RISK,0.0,
BioSpread,UNSEEN::AD093,0.1812853217124939,medium,0,0.6498017609119415,0,LOW_RISK,0.0,
BioSpread,UNSEEN::AD620,0.18128757178783417,medium,0,0.649801641702652,0,LOW_RISK,0.0,
BioSpread,UNSEEN::AF879,0.18128973245620728,medium,0,0.6498130559921265,0,LOW_RISK,0.0,
BioSpread,UNSEEN::AA128,0.18168547749519348,medium,0,0.6490534543991089,0,LOW_RISK,0.0,
BioSpread,UNSEEN::AB453,0.18124237656593323,medium,0,0.6498824954032898,0,LOW_RISK,0.0,
BioSpread,UNSEEN::AA775,0.18162396550178528,medium,0,0.649185836315155,0,LOW_RISK,0.0,
BioSpread,UNSEEN::AA654,0.18135058879852295,medium,0,0.6496988534927368,0,LOW_RISK,0.0,
BioSpread,AA736,0.7738921642303467,review,1,0.5793048143386841,0,MODERATE_RISK,0.0,
BioSpread,UNSEEN::AE240,0.18128477036952972,medium,0,0.6497949361801147,0,LOW_RISK,0.0,
BioSpread,UNSEEN::AD727,0.18128445744514465,medium,0,0.6497955322265625,0,LOW_RISK,0.0,
BioSpread,UNSEEN::AB268,0.18133822083473206,medium,0,0.6496977508068085,0,LOW_RISK,0.0,
BioSpread,UNSEEN::AB274,0.18123067915439606,medium,0,0.6499172747135162,0,LOW_RISK,0.0,
BioSpread,UNSEEN::AD847,0.1812381148338318,medium,0,0.649890810251236,0,LOW_RISK,0.0,
BioSpread,UNSEEN::AE225,0.1812913566827774,medium,0,0.6497904062271118,0,LOW_RISK,0.0,
BioSpread,AA211,0.6923186779022217,review,0,0.4882250428199768,0,MODERATE_RISK,0.0,
BioSpread,UNSEEN::AE253,0.181391641497612,medium,0,0.6496197283267975,0,LOW_RISK,0.0,
BioSpread,UNSEEN::AH355,0.18124203383922577,medium,0,0.6498830914497375,0,LOW_RISK,0.0,
BioSpread,UNSEEN::AB276,0.18124271929264069,medium,0,0.6499068140983582,0,LOW_RISK,0.0,
BioSpread,UNSEEN::AD971,0.18124271929264069,medium,0,0.6498819291591644,0,LOW_RISK,0.0,
BioSpread,UNSEEN::AF160,0.18128515779972076,medium,0,0.6497942805290222,0,LOW_RISK,0.0,
BioSpread,UNSEEN::AB823,0.18124237656593323,medium,0,0.6498824954032898,0,LOW_RISK,0.0,
BioSpread,UNSEEN::AB974,0.18124237656593323,medium,0,0.6498824954032898,0,LOW_RISK,0.0,
BioSpread,UNSEEN::AD990,0.18124282360076904,medium,0,0.649889349937439,0,LOW_RISK,0.0,
BioSpread,AD616,0.4971431493759155,review,0,0.44604384899139404,0,LOW_RISK,0.0,
BioSpread,AC066,0.7059600949287415,review,0,0.5022912621498108,0,MODERATE_RISK,0.0,
BioSpread,AD353,0.7718376517295837,review,0,0.5749391615390778,0,MODERATE_RISK,0.0,
BioSpread,UNSEEN::AG405,0.18123888969421387,medium,0,0.6498970985412598,0,LOW_RISK,0.0,
BioSpread,AE753,0.5081122517585754,review,0,0.42387646436691284,0,MODERATE_RISK,0.0,
BioSpread,AC951,0.7276124358177185,review,1,0.525359570980072,0,MODERATE_RISK,0.0,
BioSpread,AD942,0.6924129128456116,review,0,0.50737464427948,0,MODERATE_RISK,0.0,
BioSpread,AB267,0.7719436883926392,review,1,0.5749284029006958,0,MODERATE_RISK,0.0,
BioSpread,AG462,0.16305895149707794,medium,0,0.6818167269229889,0,LOW_RISK,0.0,
BioSpread,UNSEEN::AB386,0.18124277889728546,medium,0,0.6498856246471405,0,LOW_RISK,0.0,
BioSpread,UNSEEN::AF325,0.1813420057296753,medium,0,0.6497049629688263,0,LOW_RISK,0.0,
BioSpread,AF455,0.5163396000862122,review,0,0.43615126609802246,0,MODERATE_RISK,0.0,
BioSpread,UNSEEN::AB179,0.18128477036952972,medium,0,0.6497949361801147,0,LOW_RISK,0.0,
BioSpread,AC232,0.7029910087585449,review,0,0.49890750646591187,0,MODERATE_RISK,0.0,
BioSpread,UNSEEN::AA077,0.18120141327381134,medium,0,0.6499712765216827,0,LOW_RISK,0.0,
BioSpread,UNSEEN::AD462,0.18124203383922577,medium,0,0.6498830914497375,0,LOW_RISK,0.0,
BioSpread,UNSEEN::AD386,0.18124203383922577,medium,0,0.6498830914497375,0,LOW_RISK,0.0,
BioSpread,AE862,0.7463707327842712,review,0,0.5442678034305573,0,MODERATE_RISK,0.0,
BioSpread,UNSEEN::AC013,0.18128550052642822,medium,0,0.6497937142848969,0,LOW_RISK,0.0,
BioSpread,AB528,0.7726914286613464,review,1,0.5751461386680603,0,MODERATE_RISK,0.0,
BioSpread,AE686,0.7382637858390808,review,0,0.5404345095157623,0,MODERATE_RISK,0.0,
BioSpread,AF454,0.7591681480407715,review,1,0.5597446858882904,0,MODERATE_RISK,0.0,
BioSpread,AE108,0.7796804904937744,review,0,0.5867307782173157,0,MODERATE_RISK,0.0,
BioSpread,UNSEEN::AE925,0.1812421828508377,medium,0,0.6498867571353912,0,LOW_RISK,0.0,
BioSpread,UNSEEN::AB880,0.1814005970954895,medium,0,0.6496152877807617,0,LOW_RISK,0.0,
BioSpread,AE872,0.4378169775009155,review,0,0.43246543407440186,0,LOW_RISK,0.0,
BioSpread,AA448,0.7783380746841431,review,0,0.5849381983280182,0,MODERATE_RISK,0.0,
BioSpread,AB232,0.7728932499885559,review,0,0.5763585269451141,0,MODERATE_RISK,0.0,
BioSpread,UNSEEN::AG611,0.18128915131092072,medium,0,0.6497955322265625,0,LOW_RISK,0.0,
BioSpread,AA229,0.7132909893989563,review,0,0.5092514753341675,0,MODERATE_RISK,0.0,
BioSpread,AG596,0.7722030878067017,review,0,0.5760323703289032,0,MODERATE_RISK,0.0,
BioSpread,UNSEEN::AA761,0.18128080666065216,medium,0,0.6498091816902161,0,LOW_RISK,0.0,
BioSpread,AD612,0.26309704780578613,review,0,0.5553600192070007,0,LOW_RISK,0.0,
BioSpread,UNSEEN::AA812,0.1814328283071518,medium,0,0.6495607793331146,0,LOW_RISK,0.0,
BioSpread,UNSEEN::AD273,0.18133148550987244,medium,0,0.6497036814689636,0,LOW_RISK,0.0,
BioSpread,UNSEEN::AF974,0.18123799562454224,medium,0,0.6498934328556061,0,LOW_RISK,0.0,
BioSpread,AB645,0.771747350692749,review,0,0.5742627680301666,0,MODERATE_RISK,0.0,
BioSpread,AF019,0.6801620721817017,review,0,0.4811292886734009,0,MODERATE_RISK,0.0,
BioSpread,AD293,0.7552227973937988,review,0,0.554143875837326,0,MODERATE_RISK,0.0,
BioSpread,UNSEEN::AG083,0.1812485158443451,medium,0,0.64988973736763,0,LOW_RISK,0.0,
BioSpread,UNSEEN::AF234,0.18124157190322876,medium,0,0.6498839259147644,0,LOW_RISK,0.0,
BioSpread,AB516,0.647390604019165,review,0,0.46013450622558594,0,MODERATE_RISK,0.0,
BioSpread,UNSEEN::AH171,0.18124140799045563,medium,0,0.6498841941356659,0,LOW_RISK,0.0,
BioSpread,AA006,0.7409170866012573,review,0,0.5364304482936859,0,MODERATE_RISK,0.0,
BioSpread,AE693,0.20126818120479584,medium,0,0.6211804151535034,0,LOW_RISK,0.0,
BioSpread,AC587,0.7487338781356812,review,1,0.5470257699489594,0,MODERATE_RISK,0.0,
BioSpread,UNSEEN::AB478,0.18128550052642822,medium,0,0.6497937142848969,0,LOW_RISK,0.0,
BioSpread,UNSEEN::AB391,0.18132364749908447,medium,0,0.6497750878334045,0,LOW_RISK,0.0,
BioSpread,AH014,0.4294891059398651,review,0,0.4624447226524353,0,LOW_RISK,0.0,
BioSpread,UNSEEN::AC353,0.18124349415302277,medium,0,0.6498881876468658,0,LOW_RISK,0.0,
BioSpread,UNSEEN::AG708,0.18124108016490936,medium,0,0.6498920321464539,0,LOW_RISK,0.0,
BioSpread,UNSEEN::AB393,0.1814010888338089,medium,0,0.6495977342128754,0,LOW_RISK,0.0,
BioSpread,AC682,0.5886834859848022,review,0,0.44035667181015015,0,MODERATE_RISK,0.0,
BioSpread,UNSEEN::AB305,0.18133631348609924,medium,0,0.6497481763362885,0,LOW_RISK,0.0,
BioSpread,AG206,0.6474631428718567,review,0,0.47287070751190186,0,MODERATE_RISK,0.0,
BioSpread,AB592,0.7709175944328308,review,0,0.5737980902194977,0,MODERATE_RISK,0.0,
BioSpread,UNSEEN::AH378,0.18124237656593323,medium,0,0.6498824954032898,0,LOW_RISK,0.0,
BioSpread,UNSEEN::AA278,0.18124085664749146,medium,0,0.6498924195766449,0,LOW_RISK,0.0,
BioSpread,AG269,0.20120051503181458,medium,0,0.6212798357009888,0,LOW_RISK,0.0,
BioSpread,AC766,0.7743038535118103,review,0,0.578741729259491,0,MODERATE_RISK,0.0,
BioSpread,UNSEEN::AF845,0.18132896721363068,medium,0,0.6497742235660553,0,LOW_RISK,0.0,
BioSpread,UNSEEN::AC847,0.18143735826015472,medium,0,0.6495611369609833,0,LOW_RISK,0.0,
BioSpread,UNSEEN::AD934,0.18120257556438446,medium,0,0.649969220161438,0,LOW_RISK,0.0,
BioSpread,UNSEEN::AB504,0.18124203383922577,medium,0,0.6498830914497375,0,LOW_RISK,0.0,
BioSpread,AD595,0.617455005645752,review,0,0.46074968576431274,0,MODERATE_RISK,0.0,
BioSpread,UNSEEN::AG898,0.1812416911125183,medium,0,0.6498836874961853,0,LOW_RISK,0.0,
BioSpread,UNSEEN::AF445,0.18124131858348846,medium,0,0.6498843431472778,0,LOW_RISK,0.0,
BioSpread,AG518,0.5630896091461182,review,0,0.4340001940727234,0,MODERATE_RISK,0.0,
BioSpread,AC553,0.7349507212638855,review,0,0.5350768268108368,0,MODERATE_RISK,0.0,
BioSpread,UNSEEN::AC602,0.1812945157289505,medium,0,0.6497913300991058,0,LOW_RISK,0.0,
BioSpread,AA390,0.17789499461650848,medium,0,0.6592638492584229,0,LOW_RISK,0.0,
BioSpread,UNSEEN::AC702,0.18128445744514465,medium,0,0.6497955322265625,0,LOW_RISK,0.0,
BioSpread,UNSEEN::AH406,0.18190623819828033,medium,0,0.6487517356872559,0,LOW_RISK,0.0,
BioSpread,UNSEEN::AB348,0.18137645721435547,medium,0,0.6496151387691498,0,LOW_RISK,0.0,
BioSpread,UNSEEN::AF172,0.1812368482351303,medium,0,0.6498878300189972,0,LOW_RISK,0.0,
BioSpread,UNSEEN::AB129,0.1813371330499649,medium,0,0.6497091352939606,0,LOW_RISK,0.0,
BioSpread,AD709,0.7202777862548828,review,0,0.5182951986789703,0,MODERATE_RISK,0.0,
BioSpread,UNSEEN::AB452,0.181283637881279,medium,0,0.6498042345046997,0,LOW_RISK,0.0,
BioSpread,UNSEEN::AB703,0.18129099905490875,medium,0,0.649791032075882,0,LOW_RISK,0.0,
BioSpread,AD154,0.24820569157600403,review,0,0.5620533525943756,0,LOW_RISK,0.0,
BioSpread,AC843,0.20148058235645294,medium,0,0.6209069490432739,0,LOW_RISK,0.0,
BioSpread,AA190,0.7786180973052979,review,0,0.5850489139556885,0,MODERATE_RISK,0.0,
BioSpread,UNSEEN::AG701,0.18128035962581635,medium,0,0.6498021185398102,0,LOW_RISK,0.0,
BioSpread,AD773,0.6403065919876099,review,0,0.45760858058929443,0,MODERATE_RISK,0.0,
BioSpread,UNSEEN::AF625,0.18124237656593323,medium,0,0.6498824954032898,0,LOW_RISK,0.0,
BioSpread,UNSEEN::AG982,0.1812881976366043,medium,0,0.649808257818222,0,LOW_RISK,0.0,
BioSpread,AB921,0.7775692343711853,review,0,0.5839467942714691,0,MODERATE_RISK,0.0,
BioSpread,UNSEEN::AF807,0.18128445744514465,medium,0,0.6497955322265625,0,LOW_RISK,0.0,
BioSpread,UNSEEN::AF619,0.18124203383922577,medium,0,0.6498830914497375,0,LOW_RISK,0.0,
BioSpread,UNSEEN::AA670,0.18192166090011597,medium,0,0.6486675441265106,0,LOW_RISK,0.0,
BioSpread,AB427,0.7261754870414734,review,0,0.5290457010269165,0,MODERATE_RISK,0.0,
BioSpread,UNSEEN::AA028,0.18133346736431122,medium,0,0.6497150361537933,0,LOW_RISK,0.0,
BioSpread,UNSEEN::AC778,0.18123723566532135,medium,0,0.6498909592628479,0,LOW_RISK,0.0,
BioSpread,AB889,0.7750717401504517,review,0,0.5805017352104187,0,MODERATE_RISK,0.0,
BioSpread,AC173,0.7673730850219727,review,0,0.5691080093383789,0,MODERATE_RISK,0.0,
BioSpread,AG573,0.695606529712677,review,0,0.5037562251091003,0,MODERATE_RISK,0.0,
BioSpread,UNSEEN::AG238,0.181338369846344,medium,0,0.6497015058994293,0,LOW_RISK,0.0,
BioSpread,UNSEEN::AG216,0.18124547600746155,medium,0,0.6498962938785553,0,LOW_RISK,0.0,
BioSpread,AC415,0.6984113454818726,review,0,0.49528026580810547,0,MODERATE_RISK,0.0,
BioSpread,UNSEEN::AD562,0.1812015324831009,medium,0,0.6499710381031036,0,LOW_RISK,0.0,
BioSpread,AD216,0.7231990098953247,review,1,0.518127053976059,0,MODERATE_RISK,0.0,
BioSpread,AA904,0.6979106664657593,review,0,0.49806344509124756,0,MODERATE_RISK,0.0,
BioSpread,AB250,0.20121018588542938,medium,0,0.6212655901908875,0,LOW_RISK,0.0,
BioSpread,UNSEEN::AF294,0.18120397627353668,medium,0,0.6499764919281006,0,LOW_RISK,0.0,
BioSpread,AC921,0.6299465298652649,review,0,0.45394378900527954,0,MODERATE_RISK,0.0,
BioSpread,AG022,0.20126818120479584,medium,0,0.6211804151535034,0,LOW_RISK,0.0,
BioSpread,AB051,0.7395966053009033,review,0,0.5361292958259583,0,MODERATE_RISK,0.0,
BioSpread,AE441,0.7045426368713379,review,0,0.5030757486820221,0,MODERATE_RISK,0.0,
BioSpread,AA296,0.16217683255672455,medium,0,0.6822122633457184,0,LOW_RISK,0.0,
BioSpread,AA035,0.7789356708526611,review,1,0.5850493311882019,0,MODERATE_RISK,0.0,
BioSpread,AG035,0.6605137586593628,review,0,0.46841615438461304,0,MODERATE_RISK,0.0,
BioSpread,AE539,0.7474813461303711,review,0,0.5447873473167419,0,MODERATE_RISK,0.0,
BioSpread,UNSEEN::AE863,0.1812416911125183,medium,0,0.6498836874961853,0,LOW_RISK,0.0,
BioSpread,UNSEEN::AE600,0.18132996559143066,medium,0,0.6497024893760681,0,LOW_RISK,0.0,
BioSpread,AG492,0.7002837657928467,review,0,0.49650341272354126,0,MODERATE_RISK,0.0,
BioSpread,AA951,0.7556201219558716,review,0,0.5577355325222015,0,MODERATE_RISK,0.0,
BioSpread,UNSEEN::AD340,0.18129374086856842,medium,0,0.6497888267040253,0,LOW_RISK,0.0,
BioSpread,AA326,0.7782957553863525,review,0,0.5845233500003815,0,MODERATE_RISK,0.0,
BioSpread,UNSEEN::AE882,0.1812305450439453,medium,0,0.6499258279800415,0,LOW_RISK,0.0,
BioSpread,UNSEEN::AE215,0.18133382499217987,medium,0,0.6497113108634949,0,LOW_RISK,0.0,
BioSpread,UNSEEN::AB356,0.18124131858348846,medium,0,0.6498843431472778,0,LOW_RISK,0.0,
BioSpread,AE751,0.7112754583358765,review,0,0.5059281289577484,0,MODERATE_RISK,0.0,
BioSpread,AB802,0.7035300135612488,review,0,0.5068278312683105,0,MODERATE_RISK,0.0,
BioSpread,UNSEEN::AE905,0.1812862604856491,medium,0,0.6498039364814758,0,LOW_RISK,0.0,
BioSpread,UNSEEN::AB536,0.18160676956176758,medium,0,0.6492197811603546,0,LOW_RISK,0.0,
BioSpread,UNSEEN::AA124,0.1812860518693924,medium,0,0.6498004198074341,0,LOW_RISK,0.0,
BioSpread,UNSEEN::AG402,0.18124237656593323,medium,0,0.6498824954032898,0,LOW_RISK,0.0,
BioSpread,UNSEEN::AA803,0.18124237656593323,medium,0,0.6498824954032898,0,LOW_RISK,0.0,
BioSpread,UNSEEN::AH137,0.18124203383922577,medium,0,0.6498830914497375,0,LOW_RISK,0.0,
BioSpread,AA046,0.7800058722496033,review,1,0.5876511633396149,0,MODERATE_RISK,0.0,
BioSpread,AE213,0.7265477180480957,review,0,0.5253427028656006,0,MODERATE_RISK,0.0,
BioSpread,AE221,0.6299465298652649,review,0,0.45394378900527954,0,MODERATE_RISK,0.0,
BioSpread,UNSEEN::AD877,0.18124061822891235,medium,0,0.6499003171920776,0,LOW_RISK,0.0,
BioSpread,UNSEEN::AB128,0.1812416911125183,medium,0,0.6498836874961853,0,LOW_RISK,0.0,
BioSpread,UNSEEN::AD663,0.1812436580657959,medium,0,0.6498917639255524,0,LOW_RISK,0.0,
BioSpread,UNSEEN::AB158,0.1815406084060669,medium,0,0.6493526101112366,0,LOW_RISK,0.0,
BioSpread,UNSEEN::AC718,0.18119704723358154,medium,0,0.649974524974823,0,LOW_RISK,0.0,
BioSpread,AF321,0.6054044961929321,review,0,0.4560803174972534,0,MODERATE_RISK,0.0,
BioSpread,UNSEEN::AG395,0.18137602508068085,medium,0,0.6496225595474243,0,LOW_RISK,0.0,
BioSpread,AB882,0.7612271308898926,review,0,0.563228189945221,0,MODERATE_RISK,0.0,
BioSpread,UNSEEN::AC335,0.1815071702003479,medium,0,0.6494123935699463,0,LOW_RISK,0.0,
BioSpread,UNSEEN::AG475,0.1813325732946396,medium,0,0.6497096121311188,0,LOW_RISK,0.0,
BioSpread,AE709,0.6568317413330078,review,0,0.482710599899292,0,MODERATE_RISK,0.0,
BioSpread,UNSEEN::AD373,0.18137548863887787,medium,0,0.6496423780918121,0,LOW_RISK,0.0,
BioSpread,AA175,0.7802575826644897,review,1,0.5877633690834045,0,MODERATE_RISK,0.0,
BioSpread,UNSEEN::AA790,0.18120276927947998,medium,0,0.6499689221382141,0,LOW_RISK,0.0,
BioSpread,UNSEEN::AC239,0.18166710436344147,medium,0,0.6491636037826538,0,LOW_RISK,0.0,
BioSpread,UNSEEN::AA546,0.18123884499073029,medium,0,0.6498933434486389,0,LOW_RISK,0.0,
BioSpread,AB173,0.7800944447517395,review,0,0.5879926085472107,0,MODERATE_RISK,0.0,
BioSpread,AF654,0.7091492414474487,review,0,0.5043433010578156,0,MODERATE_RISK,0.0,
BioSpread,AA040,0.7772120833396912,review,0,0.5828125774860382,0,MODERATE_RISK,0.0,
BioSpread,UNSEEN::AB579,0.18133261799812317,medium,0,0.6497260332107544,0,LOW_RISK,0.0,
BioSpread,UNSEEN::AG764,0.18124237656593323,medium,0,0.6498824954032898,0,LOW_RISK,0.0,
BioSpread,AD892,0.5783221125602722,review,0,0.43806737661361694,0,MODERATE_RISK,0.0,
BioSpread,AD778,0.6872507333755493,review,0,0.4858238101005554,0,MODERATE_RISK,0.0,
BioSpread,AC680,0.7448292374610901,review,0,0.5461035072803497,0,MODERATE_RISK,0.0,
BioSpread,AF227,0.2012391835451126,medium,0,0.621222972869873,0,LOW_RISK,0.0,
BioSpread,UNSEEN::AB041,0.1819148063659668,medium,0,0.6486628353595734,0,LOW_RISK,0.0,
BioSpread,AB648,0.6786862015724182,review,0,0.4933773875236511,0,MODERATE_RISK,0.0,
BioSpread,UNSEEN::AH068,0.18128550052642822,medium,0,0.6497937142848969,0,LOW_RISK,0.0,
BioSpread,AG193,0.697371780872345,review,0,0.4959408640861511,0,MODERATE_RISK,0.0,
BioSpread,UNSEEN::AG836,0.18128477036952972,medium,0,0.6497949361801147,0,LOW_RISK,0.0,
BioSpread,AG361,0.74958735704422,review,0,0.5469034910202026,0,MODERATE_RISK,0.0,
BioSpread,AF882,0.7364365458488464,review,0,0.5350655317306519,0,MODERATE_RISK,0.0,
BioSpread,UNSEEN::AF867,0.18120187520980835,medium,0,0.6499704420566559,0,LOW_RISK,0.0,
BioSpread,AF122,0.16783668100833893,medium,0,0.6757247447967529,0,LOW_RISK,0.0,
BioSpread,AF322,0.5204493403434753,review,0,0.43024104833602905,0,MODERATE_RISK,0.0,
BioSpread,UNSEEN::AE504,0.18128272891044617,medium,0,0.6498273611068726,0,LOW_RISK,0.0,
BioSpread,UNSEEN::AA193,0.1812363862991333,medium,0,0.6499129235744476,0,LOW_RISK,0.0,
BioSpread,UNSEEN::AH234,0.1812416911125183,medium,0,0.6498836874961853,0,LOW_RISK,0.0,
BioSpread,UNSEEN::AE932,0.1813320517539978,medium,0,0.6497105658054352,0,LOW_RISK,0.0,
BioSpread,UNSEEN::AD106,0.181284099817276,medium,0,0.6498124599456787,0,LOW_RISK,0.0,
BioSpread,AF347,0.6351140141487122,review,0,0.45879459381103516,0,MODERATE_RISK,0.0,
BioSpread,UNSEEN::AD632,0.1812867373228073,medium,0,0.6497992277145386,0,LOW_RISK,0.0,
BioSpread,AF275,0.711706280708313,review,0,0.5066856741905212,0,MODERATE_RISK,0.0,
BioSpread,AH261,0.6349874138832092,review,0,0.4526432156562805,0,MODERATE_RISK,0.0,
BioSpread,UNSEEN::AC880,0.18128611147403717,medium,0,0.6498197317123413,0,LOW_RISK,0.0,
BioSpread,AF265,0.5377934575080872,review,0,0.4531245827674866,0,MODERATE_RISK,0.0,
BioSpread,AC126,0.5629018545150757,review,0,0.4339821934700012,0,MODERATE_RISK,0.0,
BioSpread,UNSEEN::AH312,0.1812416911125183,medium,0,0.6498836874961853,0,LOW_RISK,0.0,
BioSpread,AF468,0.20111367106437683,medium,0,0.6214074194431305,0,LOW_RISK,0.0,
BioSpread,UNSEEN::AA421,0.18120203912258148,medium,0,0.6499702334403992,0,LOW_RISK,0.0,
BioSpread,AD843,0.6360716223716736,review,0,0.4653767943382263,0,MODERATE_RISK,0.0,
BioSpread,UNSEEN::AH329,0.18125168979167938,medium,0,0.6498794853687286,0,LOW_RISK,0.0,
BioSpread,AA747,0.7767360210418701,review,0,0.5804888010025024,0,MODERATE_RISK,0.0,
BioSpread,UNSEEN::AF765,0.18128147721290588,medium,0,0.64980548620224,0,LOW_RISK,0.0,
BioSpread,AG341,0.647396981716156,review,0,0.46013742685317993,0,MODERATE_RISK,0.0,
BioSpread,UNSEEN::AG117,0.18124237656593323,medium,0,0.6498824954032898,0,LOW_RISK,0.0,
BioSpread,UNSEEN::AD215,0.18124237656593323,medium,0,0.6498824954032898,0,LOW_RISK,0.0,
BioSpread,UNSEEN::AF021,0.1812361627817154,medium,0,0.6498889923095703,0,LOW_RISK,0.0,
BioSpread,AA707,0.7431991696357727,review,0,0.5436875522136688,0,MODERATE_RISK,0.0,
BioSpread,AC645,0.4335397779941559,review,0,0.47198188304901123,0,LOW_RISK,0.0,
BioSpread,AD326,0.6252153515815735,review,0,0.4469259977340698,0,MODERATE_RISK,0.0,
BioSpread,AB720,0.758228063583374,review,1,0.5591799914836884,0,MODERATE_RISK,0.0,
BioSpread,UNSEEN::AC346,0.1812603771686554,medium,0,0.6498869061470032,0,LOW_RISK,0.0,
BioSpread,UNSEEN::AF166,0.1815638691186905,medium,0,0.6493149101734161,0,LOW_RISK,0.0,
BioSpread,AC917,0.24035602807998657,review,0,0.5713912546634674,0,LOW_RISK,0.0,
BioSpread,AD714,0.6351415514945984,review,0,0.46725529432296753,0,MODERATE_RISK,0.0,
BioSpread,AA675,0.7729041576385498,review,0,0.5755763947963715,0,MODERATE_RISK,0.0,
BioSpread,UNSEEN::AB483,0.18129441142082214,medium,0,0.6497876644134521,0,LOW_RISK,0.0,
BioSpread,AB277,0.7739422917366028,review,0,0.5775382220745087,0,MODERATE_RISK,0.0,
BioSpread,AG314,0.7017043828964233,review,0,0.4979524612426758,0,MODERATE_RISK,0.0,
BioSpread,UNSEEN::AB750,0.18124203383922577,medium,0,0.6498830914497375,0,LOW_RISK,0.0,
BioSpread,UNSEEN::AC055,0.18120187520980835,medium,0,0.6499704420566559,0,LOW_RISK,0.0,
BioSpread,AC508,0.7775673270225525,review,1,0.5830463171005249,0,MODERATE_RISK,0.0,
BioSpread,UNSEEN::AD507,0.181247279047966,medium,0,0.649896889925003,0,LOW_RISK,0.0,
BioSpread,UNSEEN::AA892,0.18160153925418854,medium,0,0.6493835747241974,0,LOW_RISK,0.0,
BioSpread,AD522,0.20120051503181458,medium,0,0.6212798357009888,0,LOW_RISK,0.0,
BioSpread,AF940,0.27166375517845154,review,0,0.538735032081604,0,LOW_RISK,0.0,
BioSpread,UNSEEN::AH204,0.18128526210784912,medium,0,0.6497979462146759,0,LOW_RISK,0.0,
BioSpread,AA938,0.6842978000640869,review,1,0.49084925651550293,0,MODERATE_RISK,0.0,
BioSpread,AA579,0.7698287963867188,review,1,0.5739235877990723,0,MODERATE_RISK,0.0,
BioSpread,AA163,0.7098285555839539,review,0,0.5027084648609161,0,MODERATE_RISK,0.0,
BioSpread,AA548,0.7024994492530823,review,0,0.4985804557800293,0,MODERATE_RISK,0.0,
BioSpread,UNSEEN::AD752,0.18124237656593323,medium,0,0.6498824954032898,0,LOW_RISK,0.0,
BioSpread,AF354,0.16408979892730713,medium,0,0.6789349317550659,0,LOW_RISK,0.0,
BioSpread,AF764,0.6969239711761475,review,0,0.49386024475097656,0,MODERATE_RISK,0.0,
BioSpread,UNSEEN::AH330,0.18129919469356537,medium,0,0.6497844755649567,0,LOW_RISK,0.0,
BioSpread,AE699,0.6872475147247314,review,0,0.4858216643333435,0,MODERATE_RISK,0.0,
BioSpread,UNSEEN::AD224,0.18124131858348846,medium,0,0.6498843431472778,0,LOW_RISK,0.0,
BioSpread,UNSEEN::AC011,0.1812416911125183,medium,0,0.6498836874961853,0,LOW_RISK,0.0,
BioSpread,AB805,0.2542467415332794,review,0,0.564814567565918,0,LOW_RISK,0.0,
BioSpread,AG851,0.6393698453903198,review,0,0.46075958013534546,0,MODERATE_RISK,0.0,
BioSpread,UNSEEN::AB060,0.18133847415447235,medium,0,0.6497228145599365,0,LOW_RISK,0.0,
BioSpread,AA462,0.6396642923355103,review,0,0.4571714997291565,0,MODERATE_RISK,0.0,
BioSpread,AD904,0.7334458827972412,review,0,0.5293618142604828,0,MODERATE_RISK,0.0,
BioSpread,UNSEEN::AC414,0.18137332797050476,medium,0,0.64963498711586,0,LOW_RISK,0.0,
BioSpread,UNSEEN::AE009,0.18124385178089142,medium,0,0.6498875617980957,0,LOW_RISK,0.0,
BioSpread,AC532,0.6180784106254578,review,0,0.4710807800292969,0,MODERATE_RISK,0.0,
BioSpread,AB665,0.5205420255661011,review,0,0.43023616075515747,0,MODERATE_RISK,0.0,
BioSpread,UNSEEN::AF331,0.18128515779972076,medium,0,0.6497942805290222,0,LOW_RISK,0.0,
BioSpread,AF851,0.6473461389541626,review,0,0.4601144790649414,0,MODERATE_RISK,0.0,
BioSpread,UNSEEN::AB526,0.18124349415302277,medium,0,0.6498881876468658,0,LOW_RISK,0.0,
BioSpread,UNSEEN::AF959,0.1812416911125183,medium,0,0.6498836874961853,0,LOW_RISK,0.0,
BioSpread,UNSEEN::AB052,0.18123343586921692,medium,0,0.6499361991882324,0,LOW_RISK,0.0,
BioSpread,UNSEEN::AH505,0.1812416911125183,medium,0,0.6498836874961853,0,LOW_RISK,0.0,
BioSpread,AF197,0.7111150026321411,review,0,0.5065024793148041,0,MODERATE_RISK,0.0,
BioSpread,AD282,0.7200029492378235,review,0,0.5150692760944366,0,MODERATE_RISK,0.0,
BioSpread,UNSEEN::AB156,0.18123815953731537,medium,0,0.6498945355415344,0,LOW_RISK,0.0,
BioSpread,UNSEEN::AC226,0.18128789961338043,medium,0,0.6497900485992432,0,LOW_RISK,0.0,
BioSpread,AH258,0.6164190173149109,review,0,0.4508950114250183,0,MODERATE_RISK,0.0,
BioSpread,UNSEEN::AH257,0.18120257556438446,medium,0,0.649969220161438,0,LOW_RISK,0.0,
BioSpread,AA274,0.7801345586776733,review,1,0.5871044993400574,0,MODERATE_RISK,0.0,
BioSpread,AE052,0.7751039266586304,review,0,0.5804228186607361,0,MODERATE_RISK,0.0,
BioSpread,UNSEEN::AA267,0.1812463104724884,medium,0,0.6498837471008301,0,LOW_RISK,0.0,
BioSpread,AC490,0.7472774982452393,review,0,0.5481684505939484,0,MODERATE_RISK,0.0,
BioSpread,UNSEEN::AB342,0.18132996559143066,medium,0,0.6497024893760681,0,LOW_RISK,0.0,
BioSpread,AE448,0.6481780409812927,review,0,0.4718298316001892,0,MODERATE_RISK,0.0,
BioSpread,AD465,0.7478165626525879,review,1,0.5487406551837921,0,MODERATE_RISK,0.0,
BioSpread,UNSEEN::AC361,0.18120257556438446,medium,0,0.649969220161438,0,LOW_RISK,0.0,
BioSpread,UNSEEN::AC323,0.18120187520980835,medium,0,0.6499704420566559,0,LOW_RISK,0.0,
BioSpread,UNSEEN::AA149,0.18174093961715698,medium,0,0.648977667093277,0,LOW_RISK,0.0,
BioSpread,UNSEEN::AB091,0.18128003180027008,medium,0,0.6498026847839355,0,LOW_RISK,0.0,
BioSpread,UNSEEN::AF046,0.18119202554225922,medium,0,0.6500016450881958,0,LOW_RISK,0.0,
BioSpread,UNSEEN::AH114,0.18120291829109192,medium,0,0.6499686241149902,0,LOW_RISK,0.0,
BioSpread,UNSEEN::AC489,0.18190614879131317,medium,0,0.6487519145011902,0,LOW_RISK,0.0,
BioSpread,UNSEEN::AE666,0.18132822215557098,medium,0,0.6497180759906769,0,LOW_RISK,0.0,
BioSpread,UNSEEN::AG566,0.18124131858348846,medium,0,0.6498843431472778,0,LOW_RISK,0.0,
BioSpread,UNSEEN::AA647,0.18124271929264069,medium,0,0.6498819291591644,0,LOW_RISK,0.0,
BioSpread,UNSEEN::AD474,0.18134860694408417,medium,0,0.6496891677379608,0,LOW_RISK,0.0,
BioSpread,AF976,0.24829095602035522,review,0,0.561957836151123,0,LOW_RISK,0.0,
BioSpread,UNSEEN::AD313,0.18129423260688782,medium,0,0.6497918367385864,0,LOW_RISK,0.0,
BioSpread,AG713,0.6583001613616943,review,0,0.4647408127784729,0,MODERATE_RISK,0.0,
BioSpread,UNSEEN::AF875,0.18144401907920837,medium,0,0.6495022177696228,0,LOW_RISK,0.0,
BioSpread,UNSEEN::AC864,0.18162481486797333,medium,0,0.6492324471473694,0,LOW_RISK,0.0,
BioSpread,UNSEEN::AC905,0.18124203383922577,medium,0,0.6498830914497375,0,LOW_RISK,0.0,
BioSpread,UNSEEN::AE301,0.1812416911125183,medium,0,0.6498836874961853,0,LOW_RISK,0.0,
BioSpread,AB628,0.7781015634536743,review,1,0.5837870538234711,0,MODERATE_RISK,0.0,
BioSpread,AH008,0.6046475172042847,review,0,0.45653241872787476,0,MODERATE_RISK,0.0,
BioSpread,UNSEEN::AE403,0.1812395304441452,medium,0,0.6498921811580658,0,LOW_RISK,0.0,
BioSpread,UNSEEN::AD136,0.18120187520980835,medium,0,0.6499704420566559,0,LOW_RISK,0.0,
BioSpread,AA167,0.716370165348053,review,0,0.5111218094825745,0,MODERATE_RISK,0.0,
BioSpread,AD281,0.7765334844589233,review,0,0.5816604495048523,0,MODERATE_RISK,0.0,
BioSpread,UNSEEN::AG244,0.18124237656593323,medium,0,0.6498824954032898,0,LOW_RISK,0.0,
BioSpread,UNSEEN::AF443,0.1812416911125183,medium,0,0.6498836874961853,0,LOW_RISK,0.0,
BioSpread,UNSEEN::AC385,0.18132998049259186,medium,0,0.6497136950492859,0,LOW_RISK,0.0,
BioSpread,UNSEEN::AB704,0.18124203383922577,medium,0,0.6498830914497375,0,LOW_RISK,0.0,
BioSpread,UNSEEN::AA616,0.18144959211349487,medium,0,0.6495032608509064,0,LOW_RISK,0.0,
BioSpread,AD280,0.7771781086921692,review,1,0.5829874277114868,0,MODERATE_RISK,0.0,
BioSpread,AA306,0.7695233821868896,review,0,0.570965975522995,0,MODERATE_RISK,0.0,
BioSpread,UNSEEN::AA061,0.18138769268989563,medium,0,0.6496069133281708,0,LOW_RISK,0.0,
BioSpread,AC269,0.5767771601676941,review,0,0.4495091438293457,0,MODERATE_RISK,0.0,
BioSpread,UNSEEN::AA417,0.18139150738716125,medium,0,0.6496221423149109,0,LOW_RISK,0.0,
BioSpread,AB809,0.778393030166626,review,0,0.5861814022064209,0,MODERATE_RISK,0.0,
BioSpread,AC333,0.7772237062454224,review,1,0.5832313299179077,0,MODERATE_RISK,0.0,
BioSpread,AB702,0.7771103978157043,review,1,0.5839215815067291,0,MODERATE_RISK,0.0,
BioSpread,AA896,0.7355512976646423,review,0,0.5296818912029266,0,MODERATE_RISK,0.0,
BioSpread,AH133,0.5331928730010986,review,0,0.4252623915672302,0,MODERATE_RISK,0.0,
BioSpread,UNSEEN::AB798,0.18137617409229279,medium,0,0.649616926908493,0,LOW_RISK,0.0,
BioSpread,AA862,0.6118654012680054,review,0,0.4630821943283081,0,MODERATE_RISK,0.0,
BioSpread,UNSEEN::AE512,0.18124271929264069,medium,0,0.6498819291591644,0,LOW_RISK,0.0,
BioSpread,AE618,0.436959832906723,review,0,0.4326162338256836,0,LOW_RISK,0.0,
BioSpread,UNSEEN::AB375,0.18148991465568542,medium,0,0.6494444608688354,0,LOW_RISK,0.0,
BioSpread,AA084,0.7778564095497131,review,0,0.5833895206451416,0,MODERATE_RISK,0.0,
BioSpread,UNSEEN::AD057,0.18133722245693207,medium,0,0.6497047245502472,0,LOW_RISK,0.0,
BioSpread,UNSEEN::AB403,0.1812361627817154,medium,0,0.6498889923095703,0,LOW_RISK,0.0,
BioSpread,AD102,0.7720315456390381,review,0,0.5754301846027374,0,MODERATE_RISK,0.0,
BioSpread,UNSEEN::AB119,0.18124237656593323,medium,0,0.6498824954032898,0,LOW_RISK,0.0,
BioSpread,AE158,0.7725228071212769,review,0,0.5761264860630035,0,MODERATE_RISK,0.0,
BioSpread,AE701,0.20114263892173767,medium,0,0.6213648617267609,0,LOW_RISK,0.0,
BioSpread,UNSEEN::AA241,0.18128558993339539,medium,0,0.6497973799705505,0,LOW_RISK,0.0,
BioSpread,AE451,0.6473779082298279,review,0,0.4601287245750427,0,MODERATE_RISK,0.0,
BioSpread,UNSEEN::AE235,0.18161706626415253,medium,0,0.6491828262805939,0,LOW_RISK,0.0,
BioSpread,UNSEEN::AG113,0.18124271929264069,medium,0,0.6498819291591644,0,LOW_RISK,0.0,
BioSpread,AF256,0.6379019021987915,review,0,0.4567374587059021,0,MODERATE_RISK,0.0,
BioSpread,AC344,0.5132683515548706,review,1,0.4244014024734497,0,MODERATE_RISK,0.0,
BioSpread,UNSEEN::AB378,0.1813303381204605,medium,0,0.649701863527298,0,LOW_RISK,0.0,
BioSpread,AC586,0.717030942440033,review,1,0.5155360400676727,0,MODERATE_RISK,0.0,
BioSpread,UNSEEN::AC458,0.18124237656593323,medium,0,0.6498824954032898,0,LOW_RISK,0.0,
BioSpread,AH230,0.535111665725708,review,0,0.4372181296348572,0,MODERATE_RISK,0.0,
BioSpread,AF885,0.7713892459869385,review,0,0.5752899050712585,0,MODERATE_RISK,0.0,
BioSpread,UNSEEN::AF284,0.181284561753273,medium,0,0.6498140692710876,0,LOW_RISK,0.0,
BioSpread,UNSEEN::AG893,0.1812416911125183,medium,0,0.6498836874961853,0,LOW_RISK,0.0,
BioSpread,AC583,0.696470320224762,review,0,0.494168758392334,0,MODERATE_RISK,0.0,
BioSpread,UNSEEN::AG372,0.18157225847244263,medium,0,0.6493843197822571,0,LOW_RISK,0.0,
BioSpread,AE277,0.678025484085083,review,0,0.47982871532440186,0,MODERATE_RISK,0.0,
BioSpread,AG308,0.271530419588089,review,0,0.5388699173927307,0,LOW_RISK,0.0,
BioSpread,UNSEEN::AF357,0.18124203383922577,medium,0,0.6498830914497375,0,LOW_RISK,0.0,
BioSpread,UNSEEN::AD094,0.1813409924507141,medium,0,0.6497046649456024,0,LOW_RISK,0.0,
BioSpread,AE806,0.2012391835451126,medium,0,0.621222972869873,0,LOW_RISK,0.0,
BioSpread,AA885,0.7263058423995972,review,1,0.5230870842933655,0,MODERATE_RISK,0.0,
BioSpread,UNSEEN::AH405,0.18124203383922577,medium,0,0.6498830914497375,0,LOW_RISK,0.0,
BioSpread,AB050,0.7660195231437683,review,0,0.5678422152996063,0,MODERATE_RISK,0.0,
BioSpread,AD463,0.6064701080322266,review,0,0.4551793932914734,0,MODERATE_RISK,0.0,
BioSpread,UNSEEN::AC328,0.18124271929264069,medium,0,0.6498819291591644,0,LOW_RISK,0.0,
BioSpread,AF876,0.7759909629821777,review,0,0.5817733407020569,0,MODERATE_RISK,0.0,
BioSpread,UNSEEN::AC579,0.185592383146286,medium,0,0.6428437232971191,0,LOW_RISK,0.0,
BioSpread,UNSEEN::AB797,0.1812416911125183,medium,0,0.6498836874961853,0,LOW_RISK,0.0,
BioSpread,AF396,0.5083610415458679,review,0,0.4232788681983948,0,MODERATE_RISK,0.0,
BioSpread,UNSEEN::AG336,0.18124203383922577,medium,0,0.6498830914497375,0,LOW_RISK,0.0,
BioSpread,AF064,0.5205790996551514,review,0,0.4302341938018799,0,MODERATE_RISK,0.0,
BioSpread,AE848,0.7036714553833008,review,0,0.49830740690231323,0,MODERATE_RISK,0.0,
BioSpread,UNSEEN::AH282,0.18138089776039124,medium,0,0.6496117115020752,0,LOW_RISK,0.0,
BioSpread,UNSEEN::AE370,0.18120257556438446,medium,0,0.649969220161438,0,LOW_RISK,0.0,
BioSpread,UNSEEN::AB948,0.18120567500591278,medium,0,0.6500067412853241,0,LOW_RISK,0.0,
BioSpread,UNSEEN::AB477,0.18124277889728546,medium,0,0.6498856246471405,0,LOW_RISK,0.0,
BioSpread,AC990,0.7710608839988708,review,0,0.5733559131622314,0,MODERATE_RISK,0.0,
BioSpread,UNSEEN::AC002,0.18123815953731537,medium,0,0.6498945355415344,0,LOW_RISK,0.0,
BioSpread,AB684,0.7532114386558533,review,0,0.552396833896637,0,MODERATE_RISK,0.0,
BioSpread,AD445,0.7627565264701843,review,0,0.5645148158073425,0,MODERATE_RISK,0.0,
BioSpread,AC129,0.7767304182052612,review,1,0.581955224275589,0,MODERATE_RISK,0.0,
BioSpread,AA937,0.2553703188896179,review,0,0.5641382336616516,0,LOW_RISK,0.0,
BioSpread,UNSEEN::AB839,0.18142756819725037,medium,0,0.6495047211647034,0,LOW_RISK,0.0,
BioSpread,AA076,0.6277104616165161,review,0,0.46699732542037964,0,MODERATE_RISK,0.0,
BioSpread,UNSEEN::AE446,0.18124271929264069,medium,0,0.6498819291591644,0,LOW_RISK,0.0,
BioSpread,AA567,0.5020245909690857,review,0,0.45634138584136963,0,MODERATE_RISK,0.0,
BioSpread,UNSEEN::AG795,0.18124203383922577,medium,0,0.6498830914497375,0,LOW_RISK,0.0,
BioSpread,AC452,0.7348235249519348,review,0,0.5301967859268188,0,MODERATE_RISK,0.0,
BioSpread,UNSEEN::AB864,0.1813306361436844,medium,0,0.649701327085495,0,LOW_RISK,0.0,
BioSpread,AD607,0.687254011631012,review,0,0.48582589626312256,0,MODERATE_RISK,0.0,
BioSpread,AE871,0.4971431493759155,review,0,0.44604384899139404,0,LOW_RISK,0.0,
BioSpread,UNSEEN::AG090,0.18124209344387054,medium,0,0.6498868763446808,0,LOW_RISK,0.0,
BioSpread,UNSEEN::AC012,0.18124271929264069,medium,0,0.6498819291591644,0,LOW_RISK,0.0,
BioSpread,UNSEEN::AD189,0.18125006556510925,medium,0,0.6498835980892181,0,LOW_RISK,0.0,
BioSpread,AA794,0.691038191318512,review,0,0.4953310489654541,0,MODERATE_RISK,0.0,
BioSpread,AC975,0.5502920746803284,review,0,0.4440169334411621,0,MODERATE_RISK,0.0,
BioSpread,AF842,0.5205420255661011,review,0,0.43023616075515747,0,MODERATE_RISK,0.0,
BioSpread,UNSEEN::AG929,0.18124237656593323,medium,0,0.6498824954032898,0,LOW_RISK,0.0,
BioSpread,AA521,0.7677946090698242,review,0,0.5700351297855377,0,MODERATE_RISK,0.0,
BioSpread,UNSEEN::AH120,0.18120291829109192,medium,0,0.6499686241149902,0,LOW_RISK,0.0,
BioSpread,AF437,0.7137309908866882,review,0,0.5135608613491058,0,MODERATE_RISK,0.0,
BioSpread,AB230,0.7728684544563293,review,0,0.5756888389587402,0,MODERATE_RISK,0.0,
BioSpread,AB487,0.7615207433700562,review,0,0.5629101991653442,0,MODERATE_RISK,0.0,
BioSpread,AG997,0.16584885120391846,medium,0,0.6779032349586487,0,LOW_RISK,0.0,
BioSpread,UNSEEN::AB928,0.18144042789936066,medium,0,0.6494987308979034,0,LOW_RISK,0.0,
BioSpread,UNSEEN::AG692,0.18124203383922577,medium,0,0.6498830914497375,0,LOW_RISK,0.0,
BioSpread,AG349,0.6746683716773987,review,0,0.47800302505493164,0,MODERATE_RISK,0.0,
BioSpread,AF985,0.24695351719856262,review,0,0.5638625621795654,0,LOW_RISK,0.0,
BioSpread,UNSEEN::AE272,0.18130984902381897,medium,0,0.6497352421283722,0,LOW_RISK,0.0,
BioSpread,AE191,0.7695084810256958,review,0,0.5717566907405853,0,MODERATE_RISK,0.0,
BioSpread,UNSEEN::AB901,0.18128527700901031,medium,0,0.6498167216777802,0,LOW_RISK,0.0,
BioSpread,AG868,0.6474096775054932,review,0,0.46014314889907837,0,MODERATE_RISK,0.0,
BioSpread,UNSEEN::AF685,0.1812416911125183,medium,0,0.6498836874961853,0,LOW_RISK,0.0,
BioSpread,UNSEEN::AD939,0.1812361627817154,medium,0,0.6498889923095703,0,LOW_RISK,0.0,
BioSpread,AA257,0.5630896091461182,review,0,0.4340001940727234,0,MODERATE_RISK,0.0,
BioSpread,UNSEEN::AF238,0.18124203383922577,medium,0,0.6498830914497375,0,LOW_RISK,0.0,
BioSpread,AG953,0.7082095742225647,review,0,0.5179736614227295,0,MODERATE_RISK,0.0,
BioSpread,UNSEEN::AC450,0.18128445744514465,medium,0,0.6497955322265625,0,LOW_RISK,0.0,
BioSpread,AC209,0.7594660520553589,review,0,0.5615578591823578,0,MODERATE_RISK,0.0,
BioSpread,AA423,0.7612354159355164,review,0,0.5606718957424164,0,MODERATE_RISK,0.0,
BioSpread,AA429,0.6971205472946167,review,0,0.49952298402786255,0,MODERATE_RISK,0.0,
BioSpread,UNSEEN::AH244,0.18129263818264008,medium,0,0.649819940328598,0,LOW_RISK,0.0,
BioSpread,UNSEEN::AE586,0.18124069273471832,medium,0,0.6498977541923523,0,LOW_RISK,0.0,
BioSpread,AB575,0.683711051940918,review,1,0.4904893636703491,0,MODERATE_RISK,0.0,
BioSpread,AB998,0.5982409715652466,review,0,0.44225114583969116,0,MODERATE_RISK,0.0,
BioSpread,UNSEEN::AD696,0.18124420940876007,medium,0,0.6498869359493256,0,LOW_RISK,0.0,
BioSpread,UNSEEN::AE031,0.18124237656593323,medium,0,0.6498824954032898,0,LOW_RISK,0.0,
BioSpread,UNSEEN::AA228,0.1812523752450943,medium,0,0.6498782932758331,0,LOW_RISK,0.0,
BioSpread,UNSEEN::AC341,0.18144451081752777,medium,0,0.6495108902454376,0,LOW_RISK,0.0,
BioSpread,UNSEEN::AE084,0.18124262988567352,medium,0,0.6498820781707764,0,LOW_RISK,0.0,
BioSpread,UNSEEN::AG691,0.18133793771266937,medium,0,0.649699479341507,0,LOW_RISK,0.0,
BioSpread,AE091,0.6473588943481445,review,0,0.46012020111083984,0,MODERATE_RISK,0.0,
BioSpread,UNSEEN::AC590,0.1812860518693924,medium,0,0.6498004198074341,0,LOW_RISK,0.0,
BioSpread,UNSEEN::AA829,0.1812361180782318,medium,0,0.6499060094356537,0,LOW_RISK,0.0,
BioSpread,AD675,0.7733960747718811,review,0,0.5768331587314606,0,MODERATE_RISK,0.0,
BioSpread,AF980,0.5814059972763062,review,0,0.438473105430603,0,MODERATE_RISK,0.0,
BioSpread,UNSEEN::AC304,0.18133299052715302,medium,0,0.6497016847133636,0,LOW_RISK,0.0,
BioSpread,UNSEEN::AB639,0.1814344972372055,medium,0,0.6495131254196167,0,LOW_RISK,0.0,
BioSpread,UNSEEN::AD420,0.18124809861183167,medium,0,0.6498977243900299,0,LOW_RISK,0.0,
BioSpread,UNSEEN::AD711,0.18124312162399292,medium,0,0.6498850286006927,0,LOW_RISK,0.0,
BioSpread,AH462,0.16614559292793274,medium,0,0.675264298915863,0,LOW_RISK,0.0,
BioSpread,UNSEEN::AC000,0.18129216134548187,medium,0,0.64979287981987,0,LOW_RISK,0.0,
BioSpread,AE575,0.6965413689613342,review,0,0.49890899658203125,0,MODERATE_RISK,0.0,
BioSpread,UNSEEN::AG360,0.18124206364154816,medium,0,0.6498868465423584,0,LOW_RISK,0.0,
BioSpread,AD712,0.7046647667884827,review,0,0.5001218020915985,0,MODERATE_RISK,0.0,
BioSpread,UNSEEN::AA403,0.18138785660266876,medium,0,0.6496175825595856,0,LOW_RISK,0.0,
BioSpread,UNSEEN::AG860,0.1812416911125183,medium,0,0.6498836874961853,0,LOW_RISK,0.0,
BioSpread,UNSEEN::AE320,0.18124237656593323,medium,0,0.6498824954032898,0,LOW_RISK,0.0,
BioSpread,UNSEEN::AG753,0.18128687143325806,medium,0,0.6498028337955475,0,LOW_RISK,0.0,
BioSpread,UNSEEN::AD765,0.18128558993339539,medium,0,0.6497973799705505,0,LOW_RISK,0.0,
BioSpread,UNSEEN::AB550,0.1812424212694168,medium,0,0.6498862504959106,0,LOW_RISK,0.0,
BioSpread,AE705,0.6698970794677734,review,0,0.4804506301879883,0,MODERATE_RISK,0.0,
BioSpread,UNSEEN::AD801,0.18124155700206757,medium,0,0.6499039530754089,0,LOW_RISK,0.0,
BioSpread,AC481,0.6236922740936279,review,0,0.4707902669906616,0,MODERATE_RISK,0.0,
BioSpread,UNSEEN::AE783,0.18133428692817688,medium,0,0.6497196853160858,0,LOW_RISK,0.0,
BioSpread,UNSEEN::AF476,0.18128594756126404,medium,0,0.6497967541217804,0,LOW_RISK,0.0,
BioSpread,UNSEEN::AG622,0.18124191462993622,medium,0,0.6498833298683167,0,LOW_RISK,0.0,
BioSpread,UNSEEN::AA808,0.18124271929264069,medium,0,0.6498819291591644,0,LOW_RISK,0.0,
BioSpread,AD546,0.683759868144989,review,1,0.49638211727142334,0,MODERATE_RISK,0.0,
BioSpread,AF894,0.20145398378372192,medium,0,0.6209447383880615,0,LOW_RISK,0.0,
BioSpread,UNSEEN::AG631,0.18132996559143066,medium,0,0.6497024893760681,0,LOW_RISK,0.0,
BioSpread,AE406,0.6262111067771912,review,0,0.4536343216896057,0,MODERATE_RISK,0.0,
BioSpread,UNSEEN::AD191,0.18124203383922577,medium,0,0.6498830914497375,0,LOW_RISK,0.0,
BioSpread,AE593,0.667337954044342,review,0,0.4726777672767639,0,MODERATE_RISK,0.0,
BioSpread,UNSEEN::AF070,0.1812416911125183,medium,0,0.6498836874961853,0,LOW_RISK,0.0,
BioSpread,AG118,0.5700385570526123,review,0,0.4487464427947998,0,MODERATE_RISK,0.0,
BioSpread,UNSEEN::AE360,0.18148280680179596,medium,0,0.649402529001236,0,LOW_RISK,0.0,
BioSpread,AF132,0.6872344613075256,review,0,0.4858132600784302,0,MODERATE_RISK,0.0,
BioSpread,UNSEEN::AG069,0.18120187520980835,medium,0,0.6499704420566559,0,LOW_RISK,0.0,
BioSpread,UNSEEN::AC086,0.18148252367973328,medium,0,0.6494030356407166,0,LOW_RISK,0.0,
BioSpread,AG727,0.6777417063713074,review,0,0.48585355281829834,0,MODERATE_RISK,0.0,
BioSpread,UNSEEN::AF276,0.181438609957695,medium,0,0.6495161354541779,0,LOW_RISK,0.0,
BioSpread,UNSEEN::AD872,0.1812950074672699,medium,0,0.6497943699359894,0,LOW_RISK,0.0,
BioSpread,AE923,0.7581425309181213,review,0,0.5575025677680969,0,MODERATE_RISK,0.0,
BioSpread,AD299,0.7335952520370483,review,0,0.5346307158470154,0,MODERATE_RISK,0.0,
BioSpread,UNSEEN::AA420,0.18137849867343903,medium,0,0.6496120095252991,0,LOW_RISK,0.0,
BioSpread,AF264,0.687231183052063,review,0,0.4858112335205078,0,MODERATE_RISK,0.0,
BioSpread,AB690,0.746141791343689,review,0,0.5436438024044037,0,MODERATE_RISK,0.0,
BioSpread,UNSEEN::AA682,0.18133515119552612,medium,0,0.649713009595871,0,LOW_RISK,0.0,
BioSpread,AC281,0.7778691649436951,review,1,0.5844988822937012,0,MODERATE_RISK,0.0,
BioSpread,AC627,0.7790424823760986,review,0,0.5865617990493774,0,MODERATE_RISK,0.0,
BioSpread,UNSEEN::AC879,0.1812416911125183,medium,0,0.6498836874961853,0,LOW_RISK,0.0,
BioSpread,AC672,0.7792297005653381,review,0,0.586296409368515,0,MODERATE_RISK,0.0,
BioSpread,AG650,0.7639177441596985,review,0,0.5663408935070038,0,MODERATE_RISK,0.0,
BioSpread,AE155,0.6715444922447205,review,0,0.47530680894851685,0,MODERATE_RISK,0.0,
BioSpread,AC108,0.6415890455245972,review,0,0.45518553256988525,0,MODERATE_RISK,0.0,
BioSpread,UNSEEN::AA160,0.18124203383922577,medium,0,0.6498830914497375,0,LOW_RISK,0.0,
BioSpread,AA432,0.7480526566505432,review,0,0.546413242816925,0,MODERATE_RISK,0.0,
BioSpread,UNSEEN::AA588,0.18505555391311646,medium,0,0.6434559226036072,0,LOW_RISK,0.0,
BioSpread,AB791,0.2012391835451126,medium,0,0.621222972869873,0,LOW_RISK,0.0,
BioSpread,UNSEEN::AD992,0.18124420940876007,medium,0,0.6498869359493256,0,LOW_RISK,0.0,
BioSpread,UNSEEN::AF650,0.18190623819828033,medium,0,0.6487517356872559,0,LOW_RISK,0.0,
BioSpread,AC889,0.20121018588542938,medium,0,0.6212655901908875,0,LOW_RISK,0.0,
BioSpread,UNSEEN::AB262,0.18128637969493866,medium,0,0.6497998237609863,0,LOW_RISK,0.0,
BioSpread,UNSEEN::AE594,0.1812424212694168,medium,0,0.6498862504959106,0,LOW_RISK,0.0,
BioSpread,AA017,0.2012295126914978,medium,0,0.6212372183799744,0,LOW_RISK,0.0,
BioSpread,AA422,0.7465899586677551,review,0,0.544596254825592,0,MODERATE_RISK,0.0,
BioSpread,AC238,0.7755135297775269,review,0,0.5803589522838593,0,MODERATE_RISK,0.0,
BioSpread,AD575,0.6219131350517273,review,1,0.4692802429199219,0,MODERATE_RISK,0.0,
BioSpread,UNSEEN::AB606,0.18127499520778656,medium,0,0.6498262584209442,0,LOW_RISK,0.0,
BioSpread,AF672,0.660001277923584,review,0,0.4840158224105835,0,MODERATE_RISK,0.0,
BioSpread,UNSEEN::AH091,0.18123981356620789,medium,0,0.6498979032039642,0,LOW_RISK,0.0,
BioSpread,UNSEEN::AD510,0.18124385178089142,medium,0,0.6498875617980957,0,LOW_RISK,0.0,
BioSpread,UNSEEN::AB300,0.18124070763587952,medium,0,0.6498926281929016,0,LOW_RISK,0.0,
BioSpread,UNSEEN::AE998,0.18124271929264069,medium,0,0.6498819291591644,0,LOW_RISK,0.0,
BioSpread,UNSEEN::AD758,0.18124312162399292,medium,0,0.6498850286006927,0,LOW_RISK,0.0,
BioSpread,AE700,0.76451176404953,review,0,0.5652478039264679,0,MODERATE_RISK,0.0,
BioSpread,UNSEEN::AE379,0.1814504861831665,medium,0,0.6495334506034851,0,LOW_RISK,0.0,
BioSpread,UNSEEN::AA766,0.18144641816616058,medium,0,0.6495122015476227,0,LOW_RISK,0.0,
BioSpread,AB020,0.6894381642341614,review,0,0.4938175678253174,0,MODERATE_RISK,0.0,
BioSpread,UNSEEN::AB825,0.1813395768404007,medium,0,0.6497232913970947,0,LOW_RISK,0.0,
BioSpread,UNSEEN::AA805,0.18134631216526031,medium,0,0.649701863527298,0,LOW_RISK,0.0,
BioSpread,UNSEEN::AF493,0.18124237656593323,medium,0,0.6498824954032898,0,LOW_RISK,0.0,
BioSpread,AE785,0.7658465504646301,review,0,0.5678300857543945,0,MODERATE_RISK,0.0,
BioSpread,UNSEEN::AH451,0.18123690783977509,medium,0,0.6498914957046509,0,LOW_RISK,0.0,
BioSpread,UNSEEN::AA486,0.18124203383922577,medium,0,0.6498830914497375,0,LOW_RISK,0.0,
BioSpread,UNSEEN::AA305,0.18129189312458038,medium,0,0.6498006880283356,0,LOW_RISK,0.0,
BioSpread,UNSEEN::AH281,0.1813323199748993,medium,0,0.6497122049331665,0,LOW_RISK,0.0,
BioSpread,UNSEEN::AF059,0.18124237656593323,medium,0,0.6498824954032898,0,LOW_RISK,0.0,
BioSpread,UNSEEN::AF168,0.18128515779972076,medium,0,0.6497942805290222,0,LOW_RISK,0.0,
BioSpread,AB209,0.7613312005996704,review,0,0.5627703368663788,0,MODERATE_RISK,0.0,
BioSpread,AA367,0.7772793769836426,review,0,0.5831622779369354,0,MODERATE_RISK,0.0,
BioSpread,AF288,0.5932621955871582,review,1,0.4531283974647522,0,MODERATE_RISK,0.0,
BioSpread,UNSEEN::AA566,0.18128526210784912,medium,0,0.6497979462146759,0,LOW_RISK,0.0,
BioSpread,UNSEEN::AC107,0.18128621578216553,medium,0,0.6498015522956848,0,LOW_RISK,0.0,
BioSpread,UNSEEN::AF358,0.1812376230955124,medium,0,0.6498940587043762,0,LOW_RISK,0.0,
BioSpread,UNSEEN::AD323,0.1812424212694168,medium,0,0.6498862504959106,0,LOW_RISK,0.0,
BioSpread,UNSEEN::AB339,0.18129371106624603,medium,0,0.6497928500175476,0,LOW_RISK,0.0,
BioSpread,AE337,0.20121018588542938,medium,0,0.6212655901908875,0,LOW_RISK,0.0,
BioSpread,UNSEEN::AG804,0.1812862902879715,medium,0,0.649796187877655,0,LOW_RISK,0.0,
BioSpread,UNSEEN::AC456,0.18129441142082214,medium,0,0.6497876644134521,0,LOW_RISK,0.0,
BioSpread,UNSEEN::AD672,0.1911638230085373,medium,0,0.6352562010288239,0,LOW_RISK,0.0,
BioSpread,UNSEEN::AF850,0.18129178881645203,medium,0,0.6497934758663177,0,LOW_RISK,0.0,
BioSpread,UNSEEN::AE024,0.18124549090862274,medium,0,0.6498962044715881,0,LOW_RISK,0.0,
BioSpread,UNSEEN::AD598,0.1813451647758484,medium,0,0.6496946513652802,0,LOW_RISK,0.0,
BioSpread,AB890,0.768841028213501,review,0,0.5708978474140167,0,MODERATE_RISK,0.0,
BioSpread,AA679,0.20121018588542938,medium,0,0.6212655901908875,0,LOW_RISK,0.0,
BioSpread,AF195,0.6980663537979126,review,0,0.49489086866378784,0,MODERATE_RISK,0.0,
BioSpread,UNSEEN::AF862,0.18128515779972076,medium,0,0.6497942805290222,0,LOW_RISK,0.0,
BioSpread,UNSEEN::AG467,0.18124131858348846,medium,0,0.6498843431472778,0,LOW_RISK,0.0,
BioSpread,AE310,0.7727974057197571,review,0,0.5759472548961639,0,MODERATE_RISK,0.0,
BioSpread,AG007,0.7266492247581482,review,0,0.5257733762264252,0,MODERATE_RISK,0.0,
BioSpread,UNSEEN::AE891,0.1812416911125183,medium,0,0.6498836874961853,0,LOW_RISK,0.0,
BioSpread,AA661,0.7483189702033997,review,1,0.5499594509601593,0,MODERATE_RISK,0.0,
BioSpread,UNSEEN::AA396,0.18124237656593323,medium,0,0.6498824954032898,0,LOW_RISK,0.0,
BioSpread,UNSEEN::AE734,0.18120427429676056,medium,0,0.6499738395214081,0,LOW_RISK,0.0,
BioSpread,UNSEEN::AC938,0.18118539452552795,medium,0,0.6500718891620636,0,LOW_RISK,0.0,
BioSpread,UNSEEN::AB412,0.18143726885318756,medium,0,0.6495246887207031,0,LOW_RISK,0.0,
BioSpread,UNSEEN::AF929,0.18133966624736786,medium,0,0.6497081220149994,0,LOW_RISK,0.0,
BioSpread,UNSEEN::AB221,0.18124203383922577,medium,0,0.6498830914497375,0,LOW_RISK,0.0,
BioSpread,UNSEEN::AE669,0.18124662339687347,medium,0,0.6498980522155762,0,LOW_RISK,0.0,
BioSpread,UNSEEN::AF002,0.18124157190322876,medium,0,0.6498839259147644,0,LOW_RISK,0.0,
BioSpread,AA093,0.5347813963890076,review,0,0.42270004749298096,0,MODERATE_RISK,0.0,
BioSpread,AD182,0.635626494884491,review,1,0.47399961948394775,0,MODERATE_RISK,0.0,
BioSpread,UNSEEN::AA373,0.18128550052642822,medium,0,0.6497937142848969,0,LOW_RISK,0.0,
BioSpread,AG310,0.7640520930290222,review,0,0.5656632483005524,0,MODERATE_RISK,0.0,
BioSpread,UNSEEN::AA931,0.18124237656593323,medium,0,0.6498824954032898,0,LOW_RISK,0.0,
BioSpread,UNSEEN::AB486,0.18124085664749146,medium,0,0.6498924195766449,0,LOW_RISK,0.0,
BioSpread,UNSEEN::AF549,0.18129417300224304,medium,0,0.6498213112354279,0,LOW_RISK,0.0,
BioSpread,UNSEEN::AE883,0.18124237656593323,medium,0,0.6498824954032898,0,LOW_RISK,0.0,
BioSpread,UNSEEN::AE818,0.18174178898334503,medium,0,0.6489177644252777,0,LOW_RISK,0.0,
BioSpread,AB422,0.60446697473526,review,0,0.4417954683303833,0,MODERATE_RISK,0.0,
BioSpread,AB793,0.6809586882591248,review,0,0.481880784034729,0,MODERATE_RISK,0.0,
BioSpread,UNSEEN::AB545,0.18124312162399292,medium,0,0.6498850286006927,0,LOW_RISK,0.0,
BioSpread,AA269,0.7341413497924805,review,0,0.5330302119255066,0,MODERATE_RISK,0.0,
BioSpread,AF301,0.35289329290390015,review,0,0.4770728349685669,0,LOW_RISK,0.0,
BioSpread,UNSEEN::AF637,0.1814352124929428,medium,0,0.6495140790939331,0,LOW_RISK,0.0,
BioSpread,UNSEEN::AB748,0.18121090531349182,medium,0,0.6499386727809906,0,LOW_RISK,0.0,
BioSpread,AF462,0.7298638224601746,review,0,0.5261520445346832,0,MODERATE_RISK,0.0,
BioSpread,AC601,0.6445407867431641,review,1,0.4685305953025818,0,MODERATE_RISK,0.0,
BioSpread,UNSEEN::AD984,0.1813356578350067,medium,0,0.6497129499912262,0,LOW_RISK,0.0,
BioSpread,UNSEEN::AC362,0.18129724264144897,medium,0,0.6497891247272491,0,LOW_RISK,0.0,
BioSpread,UNSEEN::AC612,0.18124344944953918,medium,0,0.6498844623565674,0,LOW_RISK,0.0,
BioSpread,UNSEEN::AC657,0.18124237656593323,medium,0,0.6498824954032898,0,LOW_RISK,0.0,
BioSpread,UNSEEN::AB037,0.18143920600414276,medium,0,0.6495846211910248,0,LOW_RISK,0.0,
BioSpread,AC837,0.7724182605743408,review,0,0.5765880346298218,0,MODERATE_RISK,0.0,
BioSpread,UNSEEN::AF045,0.18123526871204376,medium,0,0.6498999893665314,0,LOW_RISK,0.0,
BioSpread,UNSEEN::AD986,0.18124237656593323,medium,0,0.6498824954032898,0,LOW_RISK,0.0,
BioSpread,AG647,0.6473779082298279,review,0,0.4601287245750427,0,MODERATE_RISK,0.0,
BioSpread,AC801,0.17789499461650848,medium,0,0.6592638492584229,0,LOW_RISK,0.0,
BioSpread,AF310,0.5219879150390625,review,0,0.42427074909210205,0,MODERATE_RISK,0.0,
BioSpread,AD168,0.7652992010116577,review,1,0.5677744746208191,0,MODERATE_RISK,0.0,
BioSpread,UNSEEN::AF741,0.1812872290611267,medium,0,0.6498022377490997,0,LOW_RISK,0.0,
BioSpread,UNSEEN::AD622,0.1813996136188507,medium,0,0.6496036350727081,0,LOW_RISK,0.0,
BioSpread,UNSEEN::AE125,0.18124893307685852,medium,0,0.6499017179012299,0,LOW_RISK,0.0,
BioSpread,AD777,0.6716232299804688,review,0,0.4752698540687561,0,MODERATE_RISK,0.0,
BioSpread,UNSEEN::AB205,0.18128550052642822,medium,0,0.6497937142848969,0,LOW_RISK,0.0,
BioSpread,AB979,0.7625331282615662,review,1,0.565811276435852,0,MODERATE_RISK,0.0,
BioSpread,UNSEEN::AF266,0.18124344944953918,medium,0,0.6498844623565674,0,LOW_RISK,0.0,
BioSpread,AB991,0.43693795800209045,review,0,0.43262356519699097,0,LOW_RISK,0.0,
BioSpread,UNSEEN::AD864,0.18128909170627594,medium,0,0.6498057842254639,0,LOW_RISK,0.0,
BioSpread,UNSEEN::AB853,0.18124271929264069,medium,0,0.6498819291591644,0,LOW_RISK,0.0,
BioSpread,UNSEEN::AB537,0.1819106787443161,medium,0,0.6486847698688507,0,LOW_RISK,0.0,
BioSpread,UNSEEN::AG149,0.18124206364154816,medium,0,0.6498868465423584,0,LOW_RISK,0.0,
BioSpread,UNSEEN::AE140,0.18124203383922577,medium,0,0.6498830914497375,0,LOW_RISK,0.0,
BioSpread,AE027,0.771476686000824,review,0,0.5739904344081879,0,MODERATE_RISK,0.0,
BioSpread,AC482,0.6312157511711121,review,0,0.46025997400283813,0,MODERATE_RISK,0.0,
BioSpread,AG092,0.7765101790428162,review,0,0.5832886099815369,0,MODERATE_RISK,0.0,
BioSpread,UNSEEN::AG439,0.18133045732975006,medium,0,0.6497054696083069,0,LOW_RISK,0.0,
BioSpread,AC008,0.7726863622665405,review,0,0.5762456059455872,0,MODERATE_RISK,0.0,
BioSpread,UNSEEN::AD437,0.18124203383922577,medium,0,0.6498830914497375,0,LOW_RISK,0.0,
BioSpread,AE878,0.5206717252731323,review,0,0.43022942543029785,0,MODERATE_RISK,0.0,
BioSpread,UNSEEN::AF874,0.18125244975090027,medium,0,0.6498819887638092,0,LOW_RISK,0.0,
BioSpread,UNSEEN::AD487,0.18124160170555115,medium,0,0.6498949229717255,0,LOW_RISK,0.0,
BioSpread,AA851,0.7788501977920532,review,1,0.5863951444625854,0,MODERATE_RISK,0.0,
BioSpread,UNSEEN::AG232,0.18124237656593323,medium,0,0.6498824954032898,0,LOW_RISK,0.0,
BioSpread,UNSEEN::AB074,0.18138490617275238,medium,0,0.649613082408905,0,LOW_RISK,0.0,
BioSpread,UNSEEN::AD397,0.1812431514263153,medium,0,0.6498849987983704,0,LOW_RISK,0.0,
BioSpread,AA818,0.7777577042579651,review,1,0.5838443338871002,0,MODERATE_RISK,0.0,
BioSpread,UNSEEN::AA244,0.18124301731586456,medium,0,0.6498962640762329,0,LOW_RISK,0.0,
BioSpread,UNSEEN::AE180,0.18120291829109192,medium,0,0.6499686241149902,0,LOW_RISK,0.0,
BioSpread,UNSEEN::AE122,0.18128445744514465,medium,0,0.6497955322265625,0,LOW_RISK,0.0,
BioSpread,AA792,0.7713863253593445,review,0,0.5750139355659485,0,MODERATE_RISK,0.0,
BioSpread,AA955,0.777718722820282,review,0,0.5846374928951263,0,MODERATE_RISK,0.0,
BioSpread,UNSEEN::AB994,0.18122895061969757,medium,0,0.6499669253826141,0,LOW_RISK,0.0,
BioSpread,AC996,0.6331800222396851,review,0,0.4746928811073303,0,MODERATE_RISK,0.0,
BioSpread,AE361,0.1809684783220291,medium,0,0.6545430421829224,0,LOW_RISK,0.0,
BioSpread,UNSEEN::AF948,0.18123723566532135,medium,0,0.6498909592628479,0,LOW_RISK,0.0,
BioSpread,AA671,0.7625759243965149,review,0,0.5635887980461121,0,MODERATE_RISK,0.0,
BioSpread,AA425,0.7790176868438721,review,1,0.5850909948348999,0,MODERATE_RISK,0.0,
BioSpread,UNSEEN::AF099,0.18124163150787354,medium,0,0.6498838365077972,0,LOW_RISK,0.0,
BioSpread,AF691,0.5499744415283203,review,0,0.4453028440475464,0,MODERATE_RISK,0.0,
BioSpread,UNSEEN::AC159,0.18128477036952972,medium,0,0.6497949361801147,0,LOW_RISK,0.0,
BioSpread,UNSEEN::AF594,0.18128475546836853,medium,0,0.6498061418533325,0,LOW_RISK,0.0,
BioSpread,UNSEEN::AE028,0.18124742805957794,medium,0,0.6498917639255524,0,LOW_RISK,0.0,
BioSpread,UNSEEN::AC363,0.18120257556438446,medium,0,0.649969220161438,0,LOW_RISK,0.0,
BioSpread,AC297,0.7768619060516357,review,1,0.5827792286872864,0,MODERATE_RISK,0.0,
BioSpread,AF815,0.5489920973777771,review,0,0.46406638622283936,0,MODERATE_RISK,0.0,
BioSpread,AD730,0.16553440690040588,medium,0,0.6784704029560089,0,LOW_RISK,0.0,
BioSpread,UNSEEN::AA249,0.18119873106479645,medium,0,0.6499768197536469,0,LOW_RISK,0.0,
BioSpread,UNSEEN::AE694,0.1812666952610016,medium,0,0.6498701870441437,0,LOW_RISK,0.0,
BioSpread,UNSEEN::AA294,0.18120399117469788,medium,0,0.6499781310558319,0,LOW_RISK,0.0,
BioSpread,UNSEEN::AH349,0.18124203383922577,medium,0,0.6498830914497375,0,LOW_RISK,0.0,
BioSpread,AB932,0.6680480241775513,review,1,0.48484253883361816,0,MODERATE_RISK,0.0,
BioSpread,UNSEEN::AG472,0.18129099905490875,medium,0,0.649791032075882,0,LOW_RISK,0.0,
BioSpread,UNSEEN::AG056,0.1812594085931778,medium,0,0.6498825550079346,0,LOW_RISK,0.0,
BioSpread,AD333,0.742137610912323,review,0,0.5384065508842468,0,MODERATE_RISK,0.0,
BioSpread,AD651,0.770301342010498,review,0,0.5722635686397552,0,MODERATE_RISK,0.0,
BioSpread,AG640,0.7575111985206604,review,1,0.5593818128108978,0,MODERATE_RISK,0.0,
BioSpread,UNSEEN::AD789,0.1813841164112091,medium,0,0.6496065855026245,0,LOW_RISK,0.0,
BioSpread,AF697,0.2399066835641861,review,0,0.5718618333339691,0,LOW_RISK,0.0,
BioSpread,UNSEEN::AF733,0.18128594756126404,medium,0,0.6497967541217804,0,LOW_RISK,0.0,
BioSpread,UNSEEN::AF933,0.18124277889728546,medium,0,0.6498856246471405,0,LOW_RISK,0.0,
BioSpread,AG970,0.7309637069702148,review,0,0.5271871387958527,0,MODERATE_RISK,0.0,
BioSpread,UNSEEN::AC092,0.18124501407146454,medium,0,0.6499094367027283,0,LOW_RISK,0.0,
BioSpread,UNSEEN::AE217,0.18143603205680847,medium,0,0.6495217084884644,0,LOW_RISK,0.0,
BioSpread,UNSEEN::AE638,0.1812819093465805,medium,0,0.6498002409934998,0,LOW_RISK,0.0,
BioSpread,UNSEEN::AG178,0.1812424212694168,medium,0,0.6498862504959106,0,LOW_RISK,0.0,
BioSpread,AD650,0.7337329983711243,review,0,0.5299120247364044,0,MODERATE_RISK,0.0,
BioSpread,AH352,0.5206161141395569,review,0,0.43023228645324707,0,MODERATE_RISK,0.0,
BioSpread,UNSEEN::AA227,0.18124203383922577,medium,0,0.6498830914497375,0,LOW_RISK,0.0,
BioSpread,UNSEEN::AA878,0.18124344944953918,medium,0,0.6498844623565674,0,LOW_RISK,0.0,
BioSpread,UNSEEN::AA875,0.18124237656593323,medium,0,0.6498824954032898,0,LOW_RISK,0.0,
BioSpread,UNSEEN::AG459,0.18120291829109192,medium,0,0.6499686241149902,0,LOW_RISK,0.0,
BioSpread,AB724,0.7753567099571228,review,1,0.5802344083786011,0,MODERATE_RISK,0.0,
BioSpread,UNSEEN::AF392,0.18124237656593323,medium,0,0.6498824954032898,0,LOW_RISK,0.0,
BioSpread,UNSEEN::AC384,0.1812411993741989,medium,0,0.6498917937278748,0,LOW_RISK,0.0,
BioSpread,UNSEEN::AB336,0.1812426894903183,medium,0,0.6498895883560181,0,LOW_RISK,0.0,
BioSpread,AA043,0.7752568125724792,review,0,0.5800442397594452,0,MODERATE_RISK,0.0,
BioSpread,UNSEEN::AE389,0.18125201761722565,medium,0,0.6498789191246033,0,LOW_RISK,0.0,
BioSpread,AB535,0.6687667965888977,review,0,0.4733031392097473,0,MODERATE_RISK,0.0,
BioSpread,AE070,0.6068861484527588,review,0,0.4448360204696655,0,MODERATE_RISK,0.0,
BioSpread,UNSEEN::AF737,0.18138475716114044,medium,0,0.6496042013168335,0,LOW_RISK,0.0,
BioSpread,UNSEEN::AE017,0.18129700422286987,medium,0,0.6498280167579651,0,LOW_RISK,0.0,
BioSpread,AD692,0.5342572927474976,review,0,0.4532318115234375,0,MODERATE_RISK,0.0,
BioSpread,UNSEEN::AE584,0.18124175071716309,medium,0,0.6498835980892181,0,LOW_RISK,0.0,
BioSpread,UNSEEN::AD304,0.18123534321784973,medium,0,0.649904191493988,0,LOW_RISK,0.0,
BioSpread,AD384,0.7208169102668762,review,0,0.5124578177928925,0,MODERATE_RISK,0.0,
BioSpread,UNSEEN::AE894,0.18124203383922577,medium,0,0.6498830914497375,0,LOW_RISK,0.0,
BioSpread,UNSEEN::AG656,0.1812416911125183,medium,0,0.6498836874961853,0,LOW_RISK,0.0,
BioSpread,UNSEEN::AE587,0.1812470406293869,medium,0,0.6498905122280121,0,LOW_RISK,0.0,
BioSpread,UNSEEN::AG508,0.18124237656593323,medium,0,0.6498824954032898,0,LOW_RISK,0.0,
BioSpread,UNSEEN::AC777,0.1813308298587799,medium,0,0.6497048735618591,0,LOW_RISK,0.0,
BioSpread,AC638,0.7160756587982178,review,0,0.5226804316043854,0,MODERATE_RISK,0.0,
BioSpread,AH071,0.4114670753479004,review,0,0.45449990034103394,0,LOW_RISK,0.0,
BioSpread,UNSEEN::AH025,0.1813296228647232,medium,0,0.6497030854225159,0,LOW_RISK,0.0,
BioSpread,UNSEEN::AE794,0.18129755556583405,medium,0,0.6497885882854462,0,LOW_RISK,0.0,
BioSpread,UNSEEN::AA049,0.18124252557754517,medium,0,0.6499261558055878,0,LOW_RISK,0.0,
BioSpread,AC904,0.6710803508758545,review,0,0.48017704486846924,0,MODERATE_RISK,0.0,
BioSpread,AF415,0.7155404090881348,review,0,0.5138826668262482,0,MODERATE_RISK,0.0,
BioSpread,AD859,0.3174644112586975,review,1,0.5063316524028778,0,LOW_RISK,0.0,
BioSpread,UNSEEN::AE032,0.18124237656593323,medium,0,0.6498824954032898,0,LOW_RISK,0.0,
BioSpread,AA635,0.6282361745834351,review,0,0.4484212398529053,0,MODERATE_RISK,0.0,
BioSpread,UNSEEN::AF180,0.1812485158443451,medium,0,0.64988973736763,0,LOW_RISK,0.0,
BioSpread,AA659,0.7309176921844482,review,1,0.5300717651844025,0,MODERATE_RISK,0.0,
BioSpread,UNSEEN::AF012,0.18132513761520386,medium,0,0.6497282683849335,0,LOW_RISK,0.0,
BioSpread,UNSEEN::AE691,0.18129843473434448,medium,0,0.6497859060764313,0,LOW_RISK,0.0,
BioSpread,UNSEEN::AB070,0.1812015324831009,medium,0,0.6499710381031036,0,LOW_RISK,0.0,
BioSpread,UNSEEN::AB764,0.18123649060726166,medium,0,0.649888426065445,0,LOW_RISK,0.0,
BioSpread,UNSEEN::AF145,0.18124277889728546,medium,0,0.6498856246471405,0,LOW_RISK,0.0,
BioSpread,UNSEEN::AF766,0.18124277889728546,medium,0,0.6498856246471405,0,LOW_RISK,0.0,
BioSpread,AE433,0.49707531929016113,review,0,0.4460541009902954,0,LOW_RISK,0.0,
BioSpread,UNSEEN::AG869,0.18124237656593323,medium,0,0.6498824954032898,0,LOW_RISK,0.0,
BioSpread,UNSEEN::AE352,0.18124191462993622,medium,0,0.6498833298683167,0,LOW_RISK,0.0,
BioSpread,AF767,0.6772434115409851,review,0,0.47857093811035156,0,MODERATE_RISK,0.0,
BioSpread,UNSEEN::AE090,0.18128915131092072,medium,0,0.6497955322265625,0,LOW_RISK,0.0,
BioSpread,AD703,0.436959832906723,review,0,0.4326162338256836,0,LOW_RISK,0.0,
BioSpread,UNSEEN::AD222,0.18123754858970642,medium,0,0.6498903632164001,0,LOW_RISK,0.0,
BioSpread,UNSEEN::AD979,0.18160566687583923,medium,0,0.6491775810718536,0,LOW_RISK,0.0,
BioSpread,UNSEEN::AE755,0.18119671940803528,medium,0,0.6499751210212708,0,LOW_RISK,0.0,
BioSpread,UNSEEN::AA119,0.18157856166362762,medium,0,0.6493389308452606,0,LOW_RISK,0.0,
BioSpread,AD277,0.7047954201698303,review,0,0.49846339225769043,0,MODERATE_RISK,0.0,
BioSpread,UNSEEN::AA053,0.18137729167938232,medium,0,0.6496437191963196,0,LOW_RISK,0.0,
BioSpread,UNSEEN::AH305,0.18128637969493866,medium,0,0.6497998237609863,0,LOW_RISK,0.0,
BioSpread,UNSEEN::AF216,0.18124344944953918,medium,0,0.6498844623565674,0,LOW_RISK,0.0,
BioSpread,UNSEEN::AE500,0.18129374086856842,medium,0,0.6497888267040253,0,LOW_RISK,0.0,
BioSpread,AG157,0.20120051503181458,medium,0,0.6212798357009888,0,LOW_RISK,0.0,
BioSpread,AF590,0.20121018588542938,medium,0,0.6212655901908875,0,LOW_RISK,0.0,
BioSpread,AD705,0.16386660933494568,medium,0,0.6793217957019806,0,LOW_RISK,0.0,
BioSpread,UNSEEN::AH049,0.18120291829109192,medium,0,0.6499686241149902,0,LOW_RISK,0.0,
BioSpread,AD249,0.7722032070159912,review,0,0.5760323405265808,0,MODERATE_RISK,0.0,
BioSpread,AD591,0.6752951741218567,review,0,0.477273166179657,0,MODERATE_RISK,0.0,
BioSpread,UNSEEN::AA699,0.18134549260139465,medium,0,0.6496993899345398,0,LOW_RISK,0.0,
BioSpread,UNSEEN::AG968,0.18120257556438446,medium,0,0.649969220161438,0,LOW_RISK,0.0,
BioSpread,UNSEEN::AE143,0.18120291829109192,medium,0,0.6499686241149902,0,LOW_RISK,0.0,
BioSpread,UNSEEN::AC274,0.18128490447998047,medium,0,0.649798572063446,0,LOW_RISK,0.0,
BioSpread,UNSEEN::AC988,0.18124206364154816,medium,0,0.6498868465423584,0,LOW_RISK,0.0,
BioSpread,UNSEEN::AH481,0.18124420940876007,medium,0,0.649907112121582,0,LOW_RISK,0.0,
BioSpread,UNSEEN::AF785,0.1812470406293869,medium,0,0.6498863697052002,0,LOW_RISK,0.0,
BioSpread,AG387,0.6987701654434204,review,0,0.49520325660705566,0,MODERATE_RISK,0.0,
BioSpread,UNSEEN::AG013,0.1812022477388382,medium,0,0.6499698162078857,0,LOW_RISK,0.0,
BioSpread,UNSEEN::AA415,0.1812411993741989,medium,0,0.6498845815658569,0,LOW_RISK,0.0,
BioSpread,AB566,0.26011207699775696,review,0,0.5589029490947723,0,LOW_RISK,0.0,
BioSpread,UNSEEN::AC283,0.18128249049186707,medium,0,0.6497993469238281,0,LOW_RISK,0.0,
BioSpread,UNSEEN::AH409,0.18124271929264069,medium,0,0.6498819291591644,0,LOW_RISK,0.0,
BioSpread,UNSEEN::AB265,0.18128477036952972,medium,0,0.6497949361801147,0,LOW_RISK,0.0,
BioSpread,UNSEEN::AE719,0.1813296228647232,medium,0,0.6497030854225159,0,LOW_RISK,0.0,
BioSpread,UNSEEN::AC841,0.18120546638965607,medium,0,0.6499831974506378,0,LOW_RISK,0.0,
BioSpread,AB110,0.7496820092201233,review,1,0.5484412312507629,0,MODERATE_RISK,0.0,
BioSpread,UNSEEN::AF461,0.18124237656593323,medium,0,0.6498824954032898,0,LOW_RISK,0.0,
BioSpread,AC195,0.727158784866333,review,0,0.5229570269584656,0,MODERATE_RISK,0.0,
BioSpread,AD684,0.5684540271759033,review,0,0.44064557552337646,0,MODERATE_RISK,0.0,
BioSpread,UNSEEN::AE531,0.18124271929264069,medium,0,0.6498819291591644,0,LOW_RISK,0.0,
BioSpread,AD879,0.687254011631012,review,0,0.48582589626312256,0,MODERATE_RISK,0.0,
BioSpread,UNSEEN::AC634,0.18124271929264069,medium,0,0.6498819291591644,0,LOW_RISK,0.0,
BioSpread,UNSEEN::AF475,0.1812453716993332,medium,0,0.6498925685882568,0,LOW_RISK,0.0,
BioSpread,UNSEEN::AH334,0.18128445744514465,medium,0,0.6497955322265625,0,LOW_RISK,0.0,
BioSpread,UNSEEN::AC252,0.18126390874385834,medium,0,0.6498594880104065,0,LOW_RISK,0.0,
BioSpread,UNSEEN::AD905,0.18124055862426758,medium,0,0.6498857736587524,0,LOW_RISK,0.0,
BioSpread,UNSEEN::AB917,0.18133707344532013,medium,0,0.6497151255607605,0,LOW_RISK,0.0,
BioSpread,UNSEEN::AC240,0.18124181032180786,medium,0,0.6498835682868958,0,LOW_RISK,0.0,
BioSpread,UNSEEN::AF858,0.18128515779972076,medium,0,0.6497942805290222,0,LOW_RISK,0.0,
BioSpread,AC302,0.7772449851036072,review,0,0.5825720429420471,0,MODERATE_RISK,0.0,
BioSpread,UNSEEN::AC332,0.18129421770572662,medium,0,0.6498161554336548,0,LOW_RISK,0.0,
BioSpread,AC838,0.6712477207183838,review,0,0.47705376148223877,0,MODERATE_RISK,0.0,
BioSpread,AB655,0.560979425907135,review,0,0.4450225830078125,0,MODERATE_RISK,0.0,
BioSpread,UNSEEN::AH087,0.18129178881645203,medium,0,0.6497934758663177,0,LOW_RISK,0.0,
BioSpread,AB431,0.20126818120479584,medium,0,0.6211804151535034,0,LOW_RISK,0.0,
BioSpread,UNSEEN::AA592,0.18137937784194946,medium,0,0.6496478915214539,0,LOW_RISK,0.0,
BioSpread,AE697,0.47189635038375854,review,1,0.435829758644104,0,LOW_RISK,0.0,
BioSpread,UNSEEN::AF722,0.1812404990196228,medium,0,0.6499005556106567,0,LOW_RISK,0.0,
BioSpread,AD338,0.6384099721908569,review,0,0.45232534408569336,0,MODERATE_RISK,0.0,
BioSpread,UNSEEN::AD167,0.18171650171279907,medium,0,0.6490092873573303,0,LOW_RISK,0.0,
BioSpread,AE982,0.39173009991645813,review,1,0.4712045192718506,0,LOW_RISK,0.0,
BioSpread,UNSEEN::AG973,0.18124203383922577,medium,0,0.6498830914497375,0,LOW_RISK,0.0,
BioSpread,AC738,0.635536253452301,review,0,0.4573242664337158,0,MODERATE_RISK,0.0,
BioSpread,UNSEEN::AG161,0.1812015324831009,medium,0,0.6499710381031036,0,LOW_RISK,0.0,
BioSpread,UNSEEN::AB035,0.18129423260688782,medium,0,0.6497918367385864,0,LOW_RISK,0.0,
BioSpread,UNSEEN::AF555,0.18124344944953918,medium,0,0.6498844623565674,0,LOW_RISK,0.0,
BioSpread,UNSEEN::AC448,0.18128445744514465,medium,0,0.6497955322265625,0,LOW_RISK,0.0,
BioSpread,AE178,0.5771426558494568,review,0,0.43819117546081543,0,MODERATE_RISK,0.0,
BioSpread,AG606,0.43704715371131897,review,0,0.43258702754974365,0,LOW_RISK,0.0,
BioSpread,UNSEEN::AG807,0.1812022179365158,medium,0,0.649973601102829,0,LOW_RISK,0.0,
BioSpread,UNSEEN::AD376,0.18124312162399292,medium,0,0.6498850286006927,0,LOW_RISK,0.0,
BioSpread,AE793,0.5416913628578186,review,1,0.4532117247581482,0,MODERATE_RISK,0.0,
BioSpread,UNSEEN::AG771,0.18124262988567352,medium,0,0.6498820781707764,0,LOW_RISK,0.0,
BioSpread,AA895,0.7431960105895996,review,0,0.5409666299819946,0,MODERATE_RISK,0.0,
BioSpread,AA183,0.7743175029754639,review,1,0.578496128320694,0,MODERATE_RISK,0.0,
BioSpread,AH193,0.20117154717445374,medium,0,0.621322363615036,0,LOW_RISK,0.0,
BioSpread,AC477,0.7383549213409424,review,0,0.535950094461441,0,MODERATE_RISK,0.0,
BioSpread,AA407,0.772183358669281,review,0,0.5746507942676544,0,MODERATE_RISK,0.0,
BioSpread,AD396,0.20120051503181458,medium,0,0.6212798357009888,0,LOW_RISK,0.0,
BioSpread,AG017,0.5202824473381042,review,0,0.4302498698234558,0,MODERATE_RISK,0.0,
BioSpread,AC259,0.7775709629058838,review,0,0.5842084288597107,0,MODERATE_RISK,0.0,
BioSpread,AA560,0.7690998911857605,review,0,0.5706208348274231,0,MODERATE_RISK,0.0,
BioSpread,UNSEEN::AC306,0.1812416911125183,medium,0,0.6498836874961853,0,LOW_RISK,0.0,
BioSpread,UNSEEN::AC728,0.18143408000469208,medium,0,0.649564802646637,0,LOW_RISK,0.0,
BioSpread,AD802,0.7008275389671326,review,0,0.49679869413375854,0,MODERATE_RISK,0.0,
BioSpread,UNSEEN::AB016,0.18124188482761383,medium,0,0.6499055027961731,0,LOW_RISK,0.0,
BioSpread,UNSEEN::AA867,0.18124131858348846,medium,0,0.6498843431472778,0,LOW_RISK,0.0,
BioSpread,UNSEEN::AH255,0.18124203383922577,medium,0,0.6498830914497375,0,LOW_RISK,0.0,
BioSpread,UNSEEN::AB900,0.1813942790031433,medium,0,0.6496085524559021,0,LOW_RISK,0.0,
BioSpread,UNSEEN::AB424,0.18124344944953918,medium,0,0.6498844623565674,0,LOW_RISK,0.0,
BioSpread,AA693,0.6135576367378235,review,0,0.4473165273666382,0,MODERATE_RISK,0.0,
BioSpread,UNSEEN::AB180,0.1813765913248062,medium,0,0.6496387720108032,0,LOW_RISK,0.0,
BioSpread,UNSEEN::AG166,0.1812416911125183,medium,0,0.6498836874961853,0,LOW_RISK,0.0,
BioSpread,UNSEEN::AF603,0.1812368482351303,medium,0,0.6498878300189972,0,LOW_RISK,0.0,
BioSpread,AD610,0.26414892077445984,review,0,0.5550512969493866,0,LOW_RISK,0.0,
BioSpread,UNSEEN::AE598,0.1812029331922531,medium,0,0.6499724090099335,0,LOW_RISK,0.0,
BioSpread,AG059,0.4370253086090088,review,0,0.432594358921051,0,LOW_RISK,0.0,
BioSpread,UNSEEN::AD981,0.18124271929264069,medium,0,0.6498819291591644,0,LOW_RISK,0.0,
BioSpread,AD142,0.6481066942214966,review,0,0.46778082847595215,0,MODERATE_RISK,0.0,
BioSpread,UNSEEN::AB294,0.1812361627817154,medium,0,0.6498889923095703,0,LOW_RISK,0.0,
BioSpread,AC760,0.6687856316566467,review,0,0.4733133912086487,0,MODERATE_RISK,0.0,
BioSpread,UNSEEN::AG876,0.18120187520980835,medium,0,0.6499704420566559,0,LOW_RISK,0.0,
BioSpread,UNSEEN::AE176,0.18133647739887238,medium,0,0.6496981680393219,0,LOW_RISK,0.0,
BioSpread,AB985,0.5813854932785034,review,0,0.438467800617218,0,MODERATE_RISK,0.0,
BioSpread,AE281,0.6872409582138062,review,0,0.48581749200820923,0,MODERATE_RISK,0.0,
BioSpread,UNSEEN::AG342,0.1812416911125183,medium,0,0.6498836874961853,0,LOW_RISK,0.0,
BioSpread,UNSEEN::AE688,0.18168210983276367,medium,0,0.6491224467754364,0,LOW_RISK,0.0,
BioSpread,UNSEEN::AF411,0.18139177560806274,medium,0,0.649599015712738,0,LOW_RISK,0.0,
BioSpread,UNSEEN::AG486,0.18128547072410583,medium,0,0.6497976183891296,0,LOW_RISK,0.0,
BioSpread,UNSEEN::AB145,0.18123716115951538,medium,0,0.6499180495738983,0,LOW_RISK,0.0,
BioSpread,AH271,0.7607769966125488,review,0,0.5627373158931732,0,MODERATE_RISK,0.0,
BioSpread,AA336,0.7785381078720093,review,1,0.5846843421459198,0,MODERATE_RISK,0.0,
BioSpread,UNSEEN::AG930,0.18128445744514465,medium,0,0.6497955322265625,0,LOW_RISK,0.0,
BioSpread,UNSEEN::AH179,0.18124271929264069,medium,0,0.6498819291591644,0,LOW_RISK,0.0,
BioSpread,AD138,0.20121018588542938,medium,0,0.6212655901908875,0,LOW_RISK,0.0,
BioSpread,UNSEEN::AG239,0.18133603036403656,medium,0,0.6496989130973816,0,LOW_RISK,0.0,
BioSpread,UNSEEN::AC985,0.1812446266412735,medium,0,0.6499032378196716,0,LOW_RISK,0.0,
BioSpread,AA730,0.28903546929359436,review,0,0.5343500077724457,0,LOW_RISK,0.0,
BioSpread,AC498,0.5744168162345886,review,0,0.4376888871192932,0,MODERATE_RISK,0.0,
BioSpread,AD385,0.7257713079452515,review,0,0.524104505777359,0,MODERATE_RISK,0.0,
BioSpread,UNSEEN::AF444,0.1812489777803421,medium,0,0.6498816907405853,0,LOW_RISK,0.0,
BioSpread,AG769,0.20126818120479584,medium,0,0.6211804151535034,0,LOW_RISK,0.0,
BioSpread,UNSEEN::AA587,0.18144334852695465,medium,0,0.649512767791748,0,LOW_RISK,0.0,
BioSpread,UNSEEN::AF718,0.1812446564435959,medium,0,0.649899035692215,0,LOW_RISK,0.0,
BioSpread,AA009,0.7206246256828308,review,0,0.5181637704372406,0,MODERATE_RISK,0.0,
BioSpread,UNSEEN::AG685,0.1812022477388382,medium,0,0.6499698162078857,0,LOW_RISK,0.0,
BioSpread,UNSEEN::AD473,0.18128477036952972,medium,0,0.6497949361801147,0,LOW_RISK,0.0,
BioSpread,AC978,0.7753700613975525,review,1,0.5790151059627533,0,MODERATE_RISK,0.0,
BioSpread,AE538,0.7482576966285706,review,1,0.5461049377918243,0,MODERATE_RISK,0.0,
BioSpread,UNSEEN::AH433,0.18124203383922577,medium,0,0.6498830914497375,0,LOW_RISK,0.0,
BioSpread,AC516,0.7284367680549622,review,0,0.5304419696331024,0,MODERATE_RISK,0.0,
BioSpread,AE038,0.5091193914413452,review,0,0.42352843284606934,0,MODERATE_RISK,0.0,
BioSpread,UNSEEN::AC648,0.18129724264144897,medium,0,0.6497891247272491,0,LOW_RISK,0.0,
BioSpread,UNSEEN::AH288,0.18120187520980835,medium,0,0.6499704420566559,0,LOW_RISK,0.0,
BioSpread,AD640,0.20125851035118103,medium,0,0.6211946308612823,0,LOW_RISK,0.0,
BioSpread,UNSEEN::AG552,0.18128570914268494,medium,0,0.6498009860515594,0,LOW_RISK,0.0,
BioSpread,AA842,0.7788050770759583,review,1,0.5855404734611511,0,MODERATE_RISK,0.0,
BioSpread,UNSEEN::AB953,0.1812411993741989,medium,0,0.6498845815658569,0,LOW_RISK,0.0,
BioSpread,UNSEEN::AA277,0.2293996661901474,review,0,0.5849252343177795,0,LOW_RISK,0.0,
BioSpread,AB883,0.7113351821899414,review,0,0.5095658004283905,0,MODERATE_RISK,0.0,
BioSpread,UNSEEN::AB833,0.18155016005039215,medium,0,0.6493343412876129,0,LOW_RISK,0.0,
BioSpread,AA473,0.7810268402099609,review,1,0.5883791446685791,0,MODERATE_RISK,0.0,
BioSpread,AD316,0.7283608913421631,review,0,0.5240857005119324,0,MODERATE_RISK,0.0,
BioSpread,AD370,0.7441333532333374,review,0,0.5424415171146393,0,MODERATE_RISK,0.0,
BioSpread,UNSEEN::AE892,0.18124203383922577,medium,0,0.6498830914497375,0,LOW_RISK,0.0,
BioSpread,UNSEEN::AE861,0.18124237656593323,medium,0,0.6498824954032898,0,LOW_RISK,0.0,
BioSpread,UNSEEN::AC020,0.18123723566532135,medium,0,0.6498909592628479,0,LOW_RISK,0.0,
BioSpread,UNSEEN::AG493,0.1812940537929535,medium,0,0.6497882902622223,0,LOW_RISK,0.0,
BioSpread,UNSEEN::AB377,0.18120257556438446,medium,0,0.649969220161438,0,LOW_RISK,0.0,
BioSpread,UNSEEN::AE859,0.18120257556438446,medium,0,0.649969220161438,0,LOW_RISK,0.0,
BioSpread,UNSEEN::AE239,0.18129482865333557,medium,0,0.6497907638549805,0,LOW_RISK,0.0,
BioSpread,UNSEEN::AF410,0.1813858300447464,medium,0,0.6496062874794006,0,LOW_RISK,0.0,
BioSpread,UNSEEN::AA505,0.18128211796283722,medium,0,0.6498193740844727,0,LOW_RISK,0.0,
BioSpread,AG373,0.16384193301200867,medium,0,0.6794841587543488,0,LOW_RISK,0.0,
BioSpread,UNSEEN::AE496,0.18124203383922577,medium,0,0.6498830914497375,0,LOW_RISK,0.0,
BioSpread,UNSEEN::AG170,0.18124203383922577,medium,0,0.6498830914497375,0,LOW_RISK,0.0,
BioSpread,AF727,0.4368724822998047,review,0,0.4326454997062683,0,LOW_RISK,0.0,
BioSpread,UNSEEN::AA649,0.18139056861400604,medium,0,0.6496337950229645,0,LOW_RISK,0.0,
BioSpread,UNSEEN::AH085,0.1812424212694168,medium,0,0.6498862504959106,0,LOW_RISK,0.0,
BioSpread,AB923,0.7780260443687439,review,0,0.5840303003787994,0,MODERATE_RISK,0.0,
BioSpread,UNSEEN::AB396,0.1812416911125183,medium,0,0.6498836874961853,0,LOW_RISK,0.0,
BioSpread,UNSEEN::AE416,0.1812419593334198,medium,0,0.6498870551586151,0,LOW_RISK,0.0,
BioSpread,UNSEEN::AG648,0.18124572932720184,medium,0,0.6498919427394867,0,LOW_RISK,0.0,
BioSpread,AF176,0.6199834942817688,review,0,0.4449828267097473,0,MODERATE_RISK,0.0,
BioSpread,AD614,0.6239641904830933,review,0,0.44673532247543335,0,MODERATE_RISK,0.0,
BioSpread,UNSEEN::AA122,0.18168394267559052,medium,0,0.6491097509860992,0,LOW_RISK,0.0,
BioSpread,AE602,0.6735698580741882,review,0,0.4811440110206604,0,MODERATE_RISK,0.0,
BioSpread,UNSEEN::AD320,0.1812416911125183,medium,0,0.6498836874961853,0,LOW_RISK,0.0,
BioSpread,UNSEEN::AF565,0.1812361627817154,medium,0,0.6498889923095703,0,LOW_RISK,0.0,
BioSpread,UNSEEN::AE058,0.1812964528799057,medium,0,0.649795651435852,0,LOW_RISK,0.0,
BioSpread,UNSEEN::AB558,0.18139618635177612,medium,0,0.6496018171310425,0,LOW_RISK,0.0,
BioSpread,AA184,0.774823784828186,review,1,0.5795287787914276,0,MODERATE_RISK,0.0,
BioSpread,AC573,0.5797824263572693,review,0,0.43837445974349976,0,MODERATE_RISK,0.0,
BioSpread,UNSEEN::AD573,0.18123754858970642,medium,0,0.6498903632164001,0,LOW_RISK,0.0,
BioSpread,UNSEEN::AH185,0.18124131858348846,medium,0,0.6498843431472778,0,LOW_RISK,0.0,
BioSpread,AA304,0.7767845988273621,review,1,0.5838186740875244,0,MODERATE_RISK,0.0,
BioSpread,AC562,0.7743215560913086,review,0,0.5787879526615143,0,MODERATE_RISK,0.0,
BioSpread,UNSEEN::AB140,0.1812416911125183,medium,0,0.6498836874961853,0,LOW_RISK,0.0,
BioSpread,UNSEEN::AF373,0.18120187520980835,medium,0,0.6499704420566559,0,LOW_RISK,0.0,
BioSpread,AB397,0.7307360768318176,review,0,0.5280426442623138,0,MODERATE_RISK,0.0,
BioSpread,UNSEEN::AB499,0.18128558993339539,medium,0,0.6497973799705505,0,LOW_RISK,0.0,
BioSpread,UNSEEN::AG371,0.18132950365543365,medium,0,0.6497072577476501,0,LOW_RISK,0.0,
BioSpread,AA626,0.7378950715065002,review,1,0.5359310805797577,0,MODERATE_RISK,0.0,
BioSpread,UNSEEN::AD951,0.1812445968389511,medium,0,0.6498900949954987,0,LOW_RISK,0.0,
BioSpread,AB659,0.5667933821678162,review,0,0.4366520047187805,0,MODERATE_RISK,0.0,
BioSpread,UNSEEN::AE442,0.18124237656593323,medium,0,0.6498824954032898,0,LOW_RISK,0.0,
BioSpread,UNSEEN::AH153,0.18124271929264069,medium,0,0.6498819291591644,0,LOW_RISK,0.0,
BioSpread,UNSEEN::AC265,0.18134689331054688,medium,0,0.6496994197368622,0,LOW_RISK,0.0,
BioSpread,UNSEEN::AH389,0.18124203383922577,medium,0,0.6498830914497375,0,LOW_RISK,0.0,
BioSpread,UNSEEN::AA715,0.18124420940876007,medium,0,0.6498869359493256,0,LOW_RISK,0.0,
BioSpread,AE971,0.7728925943374634,review,0,0.5782486200332642,0,MODERATE_RISK,0.0,
BioSpread,AG253,0.7366592288017273,review,0,0.5319044589996338,0,MODERATE_RISK,0.0,
BioSpread,UNSEEN::AE990,0.18124663829803467,medium,0,0.6498874127864838,0,LOW_RISK,0.0,
BioSpread,AF090,0.6506357192993164,review,0,0.4718925356864929,0,MODERATE_RISK,0.0,
BioSpread,AG529,0.20138610899448395,medium,0,0.6210443377494812,0,LOW_RISK,0.0,
BioSpread,UNSEEN::AD459,0.18129374086856842,medium,0,0.6497888267040253,0,LOW_RISK,0.0,
BioSpread,AF516,0.6399230360984802,review,0,0.46035653352737427,0,MODERATE_RISK,0.0,
BioSpread,UNSEEN::AG977,0.18124206364154816,medium,0,0.6498868465423584,0,LOW_RISK,0.0,
BioSpread,AC623,0.736133337020874,review,1,0.5337458252906799,0,MODERATE_RISK,0.0,
BioSpread,AD797,0.20120051503181458,medium,0,0.6212798357009888,0,LOW_RISK,0.0,
BioSpread,AE082,0.7689088582992554,review,0,0.5722176730632782,0,MODERATE_RISK,0.0,
BioSpread,UNSEEN::AC068,0.18135251104831696,medium,0,0.6497024595737457,0,LOW_RISK,0.0,
BioSpread,UNSEEN::AD668,0.1812416911125183,medium,0,0.6498836874961853,0,LOW_RISK,0.0,
BioSpread,AE330,0.7016172409057617,review,0,0.4976118803024292,0,MODERATE_RISK,0.0,
BioSpread,UNSEEN::AG871,0.1812416911125183,medium,0,0.6498836874961853,0,LOW_RISK,0.0,
BioSpread,UNSEEN::AH115,0.18124356865882874,medium,0,0.6498880684375763,0,LOW_RISK,0.0,
BioSpread,UNSEEN::AC027,0.18143780529499054,medium,0,0.6495100557804108,0,LOW_RISK,0.0,
BioSpread,UNSEEN::AF895,0.18129681050777435,medium,0,0.6497972309589386,0,LOW_RISK,0.0,
BioSpread,UNSEEN::AH142,0.18124203383922577,medium,0,0.6498830914497375,0,LOW_RISK,0.0,
BioSpread,UNSEEN::AF202,0.18124131858348846,medium,0,0.6498843431472778,0,LOW_RISK,0.0,
BioSpread,UNSEEN::AC704,0.18128861486911774,medium,0,0.6498036980628967,0,LOW_RISK,0.0,
BioSpread,AD318,0.6255881190299988,review,0,0.45332854986190796,0,MODERATE_RISK,0.0,
BioSpread,AA827,0.7783195972442627,review,1,0.5846119821071625,0,MODERATE_RISK,0.0,
BioSpread,UNSEEN::AE115,0.18124625086784363,medium,0,0.6498801112174988,0,LOW_RISK,0.0,
BioSpread,UNSEEN::AE349,0.18124203383922577,medium,0,0.6498830914497375,0,LOW_RISK,0.0,
BioSpread,AA209,0.7362899780273438,review,0,0.5326308906078339,0,MODERATE_RISK,0.0,
BioSpread,AE729,0.6323441863059998,review,0,0.457491397857666,0,MODERATE_RISK,0.0,
BioSpread,UNSEEN::AE478,0.1814403384923935,medium,0,0.6495378911495209,0,LOW_RISK,0.0,
BioSpread,UNSEEN::AA054,0.18138426542282104,medium,0,0.6496219635009766,0,LOW_RISK,0.0,
BioSpread,AB607,0.5816981792449951,review,0,0.43227052688598633,0,MODERATE_RISK,0.0,
BioSpread,AF706,0.7636993527412415,review,1,0.5657736361026764,0,MODERATE_RISK,0.0,
BioSpread,UNSEEN::AG598,0.18120187520980835,medium,0,0.6499704420566559,0,LOW_RISK,0.0,
BioSpread,AA770,0.7770421504974365,review,0,0.5823898911476135,0,MODERATE_RISK,0.0,
BioSpread,UNSEEN::AF517,0.18124237656593323,medium,0,0.6498824954032898,0,LOW_RISK,0.0,
BioSpread,AD537,0.6350756883621216,review,0,0.4593629240989685,0,MODERATE_RISK,0.0,
BioSpread,UNSEEN::AG466,0.18124131858348846,medium,0,0.6498843431472778,0,LOW_RISK,0.0,
BioSpread,AA919,0.7766789793968201,review,1,0.5820440351963043,0,MODERATE_RISK,0.0,
BioSpread,UNSEEN::AA706,0.18124271929264069,medium,0,0.6498819291591644,0,LOW_RISK,0.0,
BioSpread,AD255,0.7028305530548096,review,0,0.5134127140045166,0,MODERATE_RISK,0.0,
BioSpread,AC605,0.5936365127563477,review,0,0.44140827655792236,0,MODERATE_RISK,0.0,
BioSpread,UNSEEN::AG702,0.18144264817237854,medium,0,0.6495047807693481,0,LOW_RISK,0.0,
BioSpread,UNSEEN::AE787,0.181526780128479,medium,0,0.6494302153587341,0,LOW_RISK,0.0,
BioSpread,UNSEEN::AB043,0.18184150755405426,medium,0,0.648871660232544,0,LOW_RISK,0.0,
BioSpread,AB632,0.726767897605896,review,0,0.5240151882171631,0,MODERATE_RISK,0.0,
BioSpread,AG910,0.5681465864181519,review,0,0.4365997910499573,0,MODERATE_RISK,0.0,
BioSpread,UNSEEN::AA377,0.18596740067005157,medium,0,0.6417770683765411,0,LOW_RISK,0.0,
BioSpread,AB785,0.7614362835884094,review,0,0.5601955354213715,0,MODERATE_RISK,0.0,
BioSpread,AE588,0.7017399072647095,review,0,0.4975159168243408,0,MODERATE_RISK,0.0,
BioSpread,AE880,0.16337986290454865,medium,0,0.681251049041748,0,LOW_RISK,0.0,
BioSpread,UNSEEN::AF987,0.18129099905490875,medium,0,0.649791032075882,0,LOW_RISK,0.0,
BioSpread,UNSEEN::AE414,0.18124271929264069,medium,0,0.6498819291591644,0,LOW_RISK,0.0,
BioSpread,UNSEEN::AH139,0.18124344944953918,medium,0,0.6498844623565674,0,LOW_RISK,0.0,
BioSpread,AH125,0.2012391835451126,medium,0,0.621222972869873,0,LOW_RISK,0.0,
BioSpread,AG784,0.438194215297699,review,0,0.4324755072593689,0,LOW_RISK,0.0,
BioSpread,AC807,0.722417950630188,review,0,0.5171878039836884,0,MODERATE_RISK,0.0,
BioSpread,UNSEEN::AG557,0.18128445744514465,medium,0,0.6497955322265625,0,LOW_RISK,0.0,
BioSpread,UNSEEN::AE285,0.1813313364982605,medium,0,0.6497078239917755,0,LOW_RISK,0.0,
BioSpread,UNSEEN::AH252,0.1812015324831009,medium,0,0.6499710381031036,0,LOW_RISK,0.0,
BioSpread,UNSEEN::AB327,0.1812022477388382,medium,0,0.6499698162078857,0,LOW_RISK,0.0,
BioSpread,UNSEEN::AF376,0.18133404850959778,medium,0,0.6497388780117035,0,LOW_RISK,0.0,
BioSpread,UNSEEN::AF978,0.18124277889728546,medium,0,0.6498856246471405,0,LOW_RISK,0.0,
BioSpread,UNSEEN::AC214,0.18133576214313507,medium,0,0.6497107446193695,0,LOW_RISK,0.0,
BioSpread,UNSEEN::AG316,0.1812368482351303,medium,0,0.6498878300189972,0,LOW_RISK,0.0,
BioSpread,AD677,0.7239769697189331,review,0,0.5253946781158447,0,MODERATE_RISK,0.0,
BioSpread,AG749,0.20120051503181458,medium,0,0.6212798357009888,0,LOW_RISK,0.0,
BioSpread,UNSEEN::AC430,0.18128445744514465,medium,0,0.6497955322265625,0,LOW_RISK,0.0,
BioSpread,AB856,0.6987991333007812,review,0,0.4952249526977539,0,MODERATE_RISK,0.0,
BioSpread,UNSEEN::AB194,0.18128550052642822,medium,0,0.6498208940029144,0,LOW_RISK,0.0,
BioSpread,UNSEEN::AG745,0.1813373565673828,medium,0,0.6497004628181458,0,LOW_RISK,0.0,
BioSpread,AA723,0.589606523513794,review,0,0.4329727292060852,0,MODERATE_RISK,0.0,
BioSpread,AE316,0.702569305896759,review,0,0.5017327666282654,0,MODERATE_RISK,0.0,
BioSpread,UNSEEN::AE278,0.1812411993741989,medium,0,0.6498917937278748,0,LOW_RISK,0.0,
BioSpread,UNSEEN::AB113,0.18134215474128723,medium,0,0.6497755646705627,0,LOW_RISK,0.0,
BioSpread,UNSEEN::AA802,0.18124237656593323,medium,0,0.6498824954032898,0,LOW_RISK,0.0,
BioSpread,UNSEEN::AD210,0.1812416911125183,medium,0,0.6498836874961853,0,LOW_RISK,0.0,
BioSpread,UNSEEN::AA179,0.191146120429039,medium,0,0.6342995464801788,0,LOW_RISK,0.0,
BioSpread,UNSEEN::AA819,0.18172666430473328,medium,0,0.6489553451538086,0,LOW_RISK,0.0,
BioSpread,AB623,0.20124882459640503,medium,0,0.6212088167667389,0,LOW_RISK,0.0,
BioSpread,UNSEEN::AG726,0.1813906878232956,medium,0,0.6496104896068573,0,LOW_RISK,0.0,
BioSpread,UNSEEN::AF242,0.18123649060726166,medium,0,0.649888426065445,0,LOW_RISK,0.0,
BioSpread,AD678,0.7298659086227417,review,0,0.5261536538600922,0,MODERATE_RISK,0.0,
BioSpread,AA026,0.7768551707267761,review,1,0.582465797662735,0,MODERATE_RISK,0.0,
BioSpread,UNSEEN::AB115,0.18124203383922577,medium,0,0.6498830914497375,0,LOW_RISK,0.0,
BioSpread,UNSEEN::AC164,0.18128558993339539,medium,0,0.6497973799705505,0,LOW_RISK,0.0,
BioSpread,UNSEEN::AF316,0.1812390834093094,medium,0,0.6498953700065613,0,LOW_RISK,0.0,
BioSpread,AE257,0.7353222966194153,review,0,0.5345879197120667,0,MODERATE_RISK,0.0,
BioSpread,AA430,0.7071266174316406,review,0,0.5117667019367218,0,MODERATE_RISK,0.0,
BioSpread,AD916,0.5054978728294373,review,0,0.4236453175544739,0,MODERATE_RISK,0.0,
BioSpread,UNSEEN::AD482,0.1815558820962906,medium,0,0.6492879688739777,0,LOW_RISK,0.0,
BioSpread,UNSEEN::AG052,0.1812419444322586,medium,0,0.6498942971229553,0,LOW_RISK,0.0,
BioSpread,UNSEEN::AE654,0.18124271929264069,medium,0,0.6498819291591644,0,LOW_RISK,0.0,
BioSpread,AF716,0.7305393815040588,review,0,0.528672069311142,0,MODERATE_RISK,0.0,
BioSpread,UNSEEN::AE798,0.18124271929264069,medium,0,0.6498819291591644,0,LOW_RISK,0.0,
BioSpread,UNSEEN::AD205,0.18120141327381134,medium,0,0.6499712765216827,0,LOW_RISK,0.0,
BioSpread,UNSEEN::AB689,0.18175262212753296,medium,0,0.6489292085170746,0,LOW_RISK,0.0,
BioSpread,AE508,0.7004544138908386,review,0,0.5027349889278412,0,MODERATE_RISK,0.0,
BioSpread,UNSEEN::AB328,0.18124277889728546,medium,0,0.6498856246471405,0,LOW_RISK,0.0,
BioSpread,UNSEEN::AC142,0.18124203383922577,medium,0,0.6498830914497375,0,LOW_RISK,0.0,
BioSpread,AC199,0.762083113193512,review,0,0.5634064674377441,0,MODERATE_RISK,0.0,
BioSpread,AG037,0.20119087398052216,medium,0,0.6212939918041229,0,LOW_RISK,0.0,
BioSpread,AB859,0.7257742285728455,review,1,0.5192447006702423,0,MODERATE_RISK,0.0,
BioSpread,UNSEEN::AB370,0.1812361627817154,medium,0,0.6498889923095703,0,LOW_RISK,0.0,
BioSpread,UNSEEN::AA554,0.18190735578536987,medium,0,0.6486892402172089,0,LOW_RISK,0.0,
BioSpread,AD000,0.732500433921814,review,0,0.528466135263443,0,MODERATE_RISK,0.0,
BioSpread,UNSEEN::AC418,0.1813400238752365,medium,0,0.6497037410736084,0,LOW_RISK,0.0,
BioSpread,AG290,0.5525581240653992,review,0,0.4452497959136963,0,MODERATE_RISK,0.0,
BioSpread,UNSEEN::AG028,0.1812416911125183,medium,0,0.6498836874961853,0,LOW_RISK,0.0,
BioSpread,UNSEEN::AF488,0.18134377896785736,medium,0,0.6497096419334412,0,LOW_RISK,0.0,
BioSpread,UNSEEN::AB178,0.18124203383922577,medium,0,0.6498830914497375,0,LOW_RISK,0.0,
BioSpread,AE124,0.6699113249778748,review,0,0.48469024896621704,0,MODERATE_RISK,0.0,
BioSpread,UNSEEN::AC094,0.1812862902879715,medium,0,0.649796187877655,0,LOW_RISK,0.0,
BioSpread,AB756,0.7784832119941711,review,1,0.5845907628536224,0,MODERATE_RISK,0.0,
BioSpread,UNSEEN::AG743,0.18124975264072418,medium,0,0.6498841345310211,0,LOW_RISK,0.0,
BioSpread,UNSEEN::AD056,0.18128427863121033,medium,0,0.6497959196567535,0,LOW_RISK,0.0,
BioSpread,AD150,0.6347806453704834,review,0,0.4513784646987915,0,MODERATE_RISK,0.0,
BioSpread,UNSEEN::AG803,0.18124237656593323,medium,0,0.6498824954032898,0,LOW_RISK,0.0,
BioSpread,AA096,0.7711092233657837,review,0,0.5739319324493408,0,MODERATE_RISK,0.0,
BioSpread,UNSEEN::AF902,0.18128594756126404,medium,0,0.6497967541217804,0,LOW_RISK,0.0,
BioSpread,UNSEEN::AD082,0.18124355375766754,medium,0,0.6498902142047882,0,LOW_RISK,0.0,
BioSpread,UNSEEN::AG435,0.1812416911125183,medium,0,0.6498836874961853,0,LOW_RISK,0.0,
BioSpread,AC319,0.7408386468887329,review,1,0.5375707149505615,0,MODERATE_RISK,0.0,
BioSpread,UNSEEN::AD062,0.18124796450138092,medium,0,0.6498979926109314,0,LOW_RISK,0.0,
BioSpread,UNSEEN::AD722,0.18140597641468048,medium,0,0.6496037244796753,0,LOW_RISK,0.0,
BioSpread,UNSEEN::AE948,0.1812015324831009,medium,0,0.6499710381031036,0,LOW_RISK,0.0,
BioSpread,UNSEEN::AG079,0.18124203383922577,medium,0,0.6498830914497375,0,LOW_RISK,0.0,
BioSpread,AB368,0.5807073712348938,review,0,0.43823808431625366,0,MODERATE_RISK,0.0,
BioSpread,AC502,0.5923110842704773,review,0,0.4415537714958191,0,MODERATE_RISK,0.0,
BioSpread,UNSEEN::AA437,0.18133221566677094,medium,0,0.6497392654418945,0,LOW_RISK,0.0,
BioSpread,UNSEEN::AA913,0.18129099905490875,medium,0,0.649791032075882,0,LOW_RISK,0.0,
BioSpread,AA088,0.7744771242141724,review,0,0.5781792998313904,0,MODERATE_RISK,0.0,
BioSpread,UNSEEN::AE711,0.1812416911125183,medium,0,0.6498836874961853,0,LOW_RISK,0.0,
BioSpread,UNSEEN::AA915,0.18133684992790222,medium,0,0.6497065424919128,0,LOW_RISK,0.0,
BioSpread,AA383,0.3291493356227875,review,0,0.5137185454368591,0,LOW_RISK,0.0,
BioSpread,UNSEEN::AA414,0.18134012818336487,medium,0,0.6497166454792023,0,LOW_RISK,0.0,
BioSpread,UNSEEN::AG346,0.1812424212694168,medium,0,0.6498862504959106,0,LOW_RISK,0.0,
BioSpread,UNSEEN::AA911,0.18124502897262573,medium,0,0.6498931646347046,0,LOW_RISK,0.0,
BioSpread,AE791,0.20126818120479584,medium,0,0.6211804151535034,0,LOW_RISK,0.0,
BioSpread,UNSEEN::AB700,0.1812416911125183,medium,0,0.6498836874961853,0,LOW_RISK,0.0,
BioSpread,UNSEEN::AC258,0.1814032942056656,medium,0,0.6496224701404572,0,LOW_RISK,0.0,
BioSpread,UNSEEN::AC882,0.18148697912693024,medium,0,0.6494112908840179,0,LOW_RISK,0.0,
BioSpread,AC993,0.20120051503181458,medium,0,0.6212798357009888,0,LOW_RISK,0.0,
BioSpread,UNSEEN::AA039,0.18123853206634521,medium,0,0.6498939394950867,0,LOW_RISK,0.0,
BioSpread,UNSEEN::AB467,0.18134361505508423,medium,0,0.6496986448764801,0,LOW_RISK,0.0,
BioSpread,UNSEEN::AE104,0.1813211441040039,medium,0,0.6498938798904419,0,LOW_RISK,0.0,
BioSpread,UNSEEN::AA893,0.18214070796966553,medium,0,0.6484127044677734,0,LOW_RISK,0.0,
BioSpread,UNSEEN::AB436,0.1812879890203476,medium,0,0.6498049795627594,0,LOW_RISK,0.0,
BioSpread,UNSEEN::AA117,0.1818338930606842,medium,0,0.6488703191280365,0,LOW_RISK,0.0,
BioSpread,UNSEEN::AC282,0.18135768175125122,medium,0,0.6496558487415314,0,LOW_RISK,0.0,
BioSpread,AC292,0.7802989482879639,review,0,0.5882741510868073,0,MODERATE_RISK,0.0,
BioSpread,UNSEEN::AC593,0.1812022477388382,medium,0,0.6499698162078857,0,LOW_RISK,0.0,
BioSpread,UNSEEN::AG994,0.1812416911125183,medium,0,0.6498836874961853,0,LOW_RISK,0.0,
BioSpread,UNSEEN::AA538,0.18162375688552856,medium,0,0.6493523716926575,0,LOW_RISK,0.0,
BioSpread,UNSEEN::AB207,0.18124188482761383,medium,0,0.6498906314373016,0,LOW_RISK,0.0,
BioSpread,AE959,0.6612660884857178,review,0,0.4751591682434082,0,MODERATE_RISK,0.0,
BioSpread,AB519,0.6921700239181519,review,0,0.49446237087249756,0,MODERATE_RISK,0.0,
BioSpread,UNSEEN::AA573,0.18128550052642822,medium,0,0.6497937142848969,0,LOW_RISK,0.0,
BioSpread,UNSEEN::AC001,0.18123853206634521,medium,0,0.6498939394950867,0,LOW_RISK,0.0,
BioSpread,AB241,0.7458834052085876,review,1,0.5431948006153107,0,MODERATE_RISK,0.0,
BioSpread,AG825,0.5203380584716797,review,0,0.43024688959121704,0,MODERATE_RISK,0.0,
BioSpread,UNSEEN::AD530,0.18139418959617615,medium,0,0.6496143639087677,0,LOW_RISK,0.0,
BioSpread,AC753,0.7427729964256287,review,0,0.5385080575942993,0,MODERATE_RISK,0.0,
BioSpread,UNSEEN::AA328,0.18643255531787872,medium,0,0.6415851712226868,0,LOW_RISK,0.0,
BioSpread,UNSEEN::AG125,0.18120291829109192,medium,0,0.6499686241149902,0,LOW_RISK,0.0,
BioSpread,UNSEEN::AE355,0.1812022179365158,medium,0,0.649973601102829,0,LOW_RISK,0.0,
BioSpread,AF994,0.5813782811164856,review,0,0.43846452236175537,0,MODERATE_RISK,0.0,
BioSpread,UNSEEN::AD965,0.18123145401477814,medium,0,0.6499158143997192,0,LOW_RISK,0.0,
BioSpread,UNSEEN::AB435,0.18138056993484497,medium,0,0.6496163010597229,0,LOW_RISK,0.0,
BioSpread,UNSEEN::AB346,0.18124203383922577,medium,0,0.6498830914497375,0,LOW_RISK,0.0,
BioSpread,AH111,0.1640644073486328,medium,0,0.6789660453796387,0,LOW_RISK,0.0,
BioSpread,UNSEEN::AA666,0.18133513629436493,medium,0,0.6497005820274353,0,LOW_RISK,0.0,
BioSpread,UNSEEN::AD064,0.18124334514141083,medium,0,0.6499009430408478,0,LOW_RISK,0.0,
BioSpread,AA543,0.7811135053634644,review,1,0.5886442959308624,0,MODERATE_RISK,0.0,
BioSpread,AA551,0.7815265655517578,review,1,0.5894846022129059,0,MODERATE_RISK,0.0,
BioSpread,UNSEEN::AE572,0.1813327819108963,medium,0,0.6497426331043243,0,LOW_RISK,0.0,
BioSpread,AC409,0.7694607973098755,review,0,0.5717472434043884,0,MODERATE_RISK,0.0,
BioSpread,UNSEEN::AF763,0.18124203383922577,medium,0,0.6498830914497375,0,LOW_RISK,0.0,
BioSpread,AH384,0.23611289262771606,review,0,0.5765043497085571,0,LOW_RISK,0.0,
BioSpread,AA536,0.7611451148986816,review,0,0.5625280439853668,0,MODERATE_RISK,0.0,
BioSpread,AG605,0.647390604019165,review,0,0.46013450622558594,0,MODERATE_RISK,0.0,
BioSpread,AC301,0.779880702495575,review,0,0.5880008339881897,0,MODERATE_RISK,0.0,
BioSpread,UNSEEN::AG689,0.1813303381204605,medium,0,0.649701863527298,0,LOW_RISK,0.0,
BioSpread,AA696,0.6551896929740906,review,0,0.47422462701797485,0,MODERATE_RISK,0.0,
BioSpread,UNSEEN::AB846,0.1812388151884079,medium,0,0.6498896181583405,0,LOW_RISK,0.0,
BioSpread,UNSEEN::AC564,0.18124203383922577,medium,0,0.6498830914497375,0,LOW_RISK,0.0,
BioSpread,UNSEEN::AG381,0.18123853206634521,medium,0,0.6498939394950867,0,LOW_RISK,0.0,
BioSpread,UNSEEN::AF939,0.1812913566827774,medium,0,0.6497904062271118,0,LOW_RISK,0.0,
BioSpread,AD707,0.7066291570663452,review,0,0.5007348656654358,0,MODERATE_RISK,0.0,
BioSpread,UNSEEN::AB151,0.18134450912475586,medium,0,0.6497009694576263,0,LOW_RISK,0.0,
BioSpread,AC124,0.774185061454773,review,0,0.5775186121463776,0,MODERATE_RISK,0.0,
BioSpread,UNSEEN::AF826,0.18124142289161682,medium,0,0.649926096200943,0,LOW_RISK,0.0,
BioSpread,UNSEEN::AB616,0.18142831325531006,medium,0,0.6495243608951569,0,LOW_RISK,0.0,
BioSpread,AE306,0.6633023619651794,review,0,0.4679883122444153,0,MODERATE_RISK,0.0,
BioSpread,AD201,0.18677076697349548,medium,0,0.6458227038383484,0,LOW_RISK,0.0,
BioSpread,AD114,0.7047805786132812,review,0,0.49845218658447266,0,MODERATE_RISK,0.0,
BioSpread,UNSEEN::AF206,0.18134237825870514,medium,0,0.6497247219085693,0,LOW_RISK,0.0,
BioSpread,AB895,0.6872605085372925,review,0,0.48583006858825684,0,MODERATE_RISK,0.0,
BioSpread,UNSEEN::AB955,0.1812852919101715,medium,0,0.6498183310031891,0,LOW_RISK,0.0,
BioSpread,AB036,0.7291656732559204,review,0,0.5246538817882538,0,MODERATE_RISK,0.0,
BioSpread,AB240,0.7251639366149902,review,0,0.5221380889415741,0,MODERATE_RISK,0.0,
BioSpread,UNSEEN::AC463,0.1812416911125183,medium,0,0.6498836874961853,0,LOW_RISK,0.0,
BioSpread,UNSEEN::AA549,0.18128550052642822,medium,0,0.6497937142848969,0,LOW_RISK,0.0,
BioSpread,AB767,0.5867679715156555,review,0,0.43609797954559326,0,MODERATE_RISK,0.0,
BioSpread,AH166,0.4888809323310852,review,0,0.43745338916778564,0,LOW_RISK,0.0,
BioSpread,AD713,0.6822553873062134,review,0,0.48254066705703735,0,MODERATE_RISK,0.0,
BioSpread,UNSEEN::AG321,0.18128515779972076,medium,0,0.6497942805290222,0,LOW_RISK,0.0,
BioSpread,UNSEEN::AA070,0.18134120106697083,medium,0,0.6496951580047607,0,LOW_RISK,0.0,
BioSpread,AF391,0.6474096775054932,review,0,0.46014314889907837,0,MODERATE_RISK,0.0,
BioSpread,AA004,0.7271432280540466,review,0,0.5225933790206909,0,MODERATE_RISK,0.0,
BioSpread,AG003,0.6989907622337341,review,0,0.5046997666358948,0,MODERATE_RISK,0.0,
BioSpread,AE790,0.2450132668018341,review,0,0.5659145712852478,0,LOW_RISK,0.0,
BioSpread,AE088,0.768491268157959,review,0,0.5701817572116852,0,MODERATE_RISK,0.0,
BioSpread,AC633,0.2663698196411133,review,0,0.553333193063736,0,LOW_RISK,0.0,
BioSpread,UNSEEN::AF746,0.18134832382202148,medium,0,0.6497101187705994,0,LOW_RISK,0.0,
BioSpread,AD185,0.6749701499938965,review,0,0.47745347023010254,0,MODERATE_RISK,0.0,
BioSpread,UNSEEN::AF205,0.1813817322254181,medium,0,0.6496460437774658,0,LOW_RISK,0.0,
BioSpread,UNSEEN::AF946,0.1812368482351303,medium,0,0.6498878300189972,0,LOW_RISK,0.0,
BioSpread,UNSEEN::AC075,0.18140120804309845,medium,0,0.6496131718158722,0,LOW_RISK,0.0,
BioSpread,UNSEEN::AA479,0.1812445968389511,medium,0,0.6498900949954987,0,LOW_RISK,0.0,
BioSpread,AG050,0.6294244527816772,review,0,0.4750007390975952,0,MODERATE_RISK,0.0,
BioSpread,UNSEEN::AG096,0.1812395304441452,medium,0,0.6498921811580658,0,LOW_RISK,0.0,
BioSpread,UNSEEN::AE521,0.18120291829109192,medium,0,0.6499686241149902,0,LOW_RISK,0.0,
BioSpread,AA977,0.76529860496521,review,1,0.566960871219635,0,MODERATE_RISK,0.0,
BioSpread,AF883,0.464211106300354,review,0,0.4423280358314514,0,LOW_RISK,0.0,
BioSpread,UNSEEN::AB838,0.18148201704025269,medium,0,0.6494168043136597,0,LOW_RISK,0.0,
BioSpread,UNSEEN::AD504,0.18128706514835358,medium,0,0.6497986614704132,0,LOW_RISK,0.0,
BioSpread,AE831,0.2012391835451126,medium,0,0.621222972869873,0,LOW_RISK,0.0,
BioSpread,UNSEEN::AB188,0.18123970925807953,medium,0,0.6498912572860718,0,LOW_RISK,0.0,
BioSpread,AF023,0.5121625065803528,review,0,0.4227370619773865,0,MODERATE_RISK,0.0,
BioSpread,UNSEEN::AG303,0.18124203383922577,medium,0,0.6498830914497375,0,LOW_RISK,0.0,
BioSpread,UNSEEN::AG591,0.18129999935626984,medium,0,0.6497869193553925,0,LOW_RISK,0.0,
BioSpread,UNSEEN::AF592,0.18130157887935638,medium,0,0.6497918665409088,0,LOW_RISK,0.0,
BioSpread,UNSEEN::AG681,0.18124203383922577,medium,0,0.6498830914497375,0,LOW_RISK,0.0,
BioSpread,AD583,0.7752730846405029,review,0,0.5796770751476288,0,MODERATE_RISK,0.0,
BioSpread,UNSEEN::AG081,0.1812792420387268,medium,0,0.6498002409934998,0,LOW_RISK,0.0,
BioSpread,UNSEEN::AB271,0.1812744438648224,medium,0,0.6498551368713379,0,LOW_RISK,0.0,
BioSpread,UNSEEN::AH286,0.1812361627817154,medium,0,0.6498889923095703,0,LOW_RISK,0.0,
BioSpread,UNSEEN::AE983,0.18128594756126404,medium,0,0.6497967541217804,0,LOW_RISK,0.0,
BioSpread,UNSEEN::AF169,0.18128210306167603,medium,0,0.6498082280158997,0,LOW_RISK,0.0,
BioSpread,UNSEEN::AC119,0.1814160794019699,medium,0,0.6495681703090668,0,LOW_RISK,0.0,
BioSpread,AH118,0.16614998877048492,medium,0,0.6752575933933258,0,LOW_RISK,0.0,
BioSpread,UNSEEN::AE973,0.1814403384923935,medium,0,0.6495188474655151,0,LOW_RISK,0.0,
BioSpread,AB567,0.7278499007225037,review,0,0.526671290397644,0,MODERATE_RISK,0.0,
BioSpread,UNSEEN::AD228,0.18148384988307953,medium,0,0.6494659185409546,0,LOW_RISK,0.0,
BioSpread,AC762,0.688960075378418,review,0,0.4923108220100403,0,MODERATE_RISK,0.0,
BioSpread,AE601,0.7562036514282227,review,0,0.5567789971828461,0,MODERATE_RISK,0.0,
BioSpread,UNSEEN::AE515,0.18124237656593323,medium,0,0.6498824954032898,0,LOW_RISK,0.0,
BioSpread,UNSEEN::AD994,0.18144194781780243,medium,0,0.6495188772678375,0,LOW_RISK,0.0,
BioSpread,UNSEEN::AA952,0.18128500878810883,medium,0,0.6497945785522461,0,LOW_RISK,0.0,
BioSpread,AA690,0.7601597905158997,review,0,0.5601707696914673,0,MODERATE_RISK,0.0,
BioSpread,AC511,0.7609131336212158,review,0,0.5613449811935425,0,MODERATE_RISK,0.0,
BioSpread,UNSEEN::AD509,0.18128515779972076,medium,0,0.6497942805290222,0,LOW_RISK,0.0,
BioSpread,UNSEEN::AE393,0.18124237656593323,medium,0,0.6498824954032898,0,LOW_RISK,0.0,
BioSpread,AD686,0.2012295126914978,medium,0,0.6212372183799744,0,LOW_RISK,0.0,
BioSpread,AB636,0.772834300994873,review,0,0.5755774676799774,0,MODERATE_RISK,0.0,
BioSpread,UNSEEN::AA247,0.18124203383922577,medium,0,0.6498830914497375,0,LOW_RISK,0.0,
BioSpread,UNSEEN::AD884,0.18138982355594635,medium,0,0.6495997905731201,0,LOW_RISK,0.0,
BioSpread,UNSEEN::AA445,0.18590831756591797,medium,0,0.6420310735702515,0,LOW_RISK,0.0,
BioSpread,AB054,0.7359890341758728,review,1,0.5392192304134369,0,MODERATE_RISK,0.0,
BioSpread,UNSEEN::AA816,0.1819639801979065,medium,0,0.6487135887145996,0,LOW_RISK,0.0,
BioSpread,AE885,0.7073610424995422,review,1,0.5111576020717621,0,MODERATE_RISK,0.0,
BioSpread,AE824,0.6350314021110535,review,0,0.45949113368988037,0,MODERATE_RISK,0.0,
BioSpread,AF349,0.27166375517845154,review,0,0.538735032081604,0,LOW_RISK,0.0,
BioSpread,UNSEEN::AC455,0.18124203383922577,medium,0,0.6498830914497375,0,LOW_RISK,0.0,
BioSpread,AA686,0.7038217782974243,review,0,0.5033608973026276,0,MODERATE_RISK,0.0,
BioSpread,AC327,0.7169806361198425,review,0,0.5172369182109833,0,MODERATE_RISK,0.0,
BioSpread,AA171,0.7807680368423462,review,1,0.5880951285362244,0,MODERATE_RISK,0.0,
BioSpread,UNSEEN::AB634,0.18124237656593323,medium,0,0.6498824954032898,0,LOW_RISK,0.0,
BioSpread,AC513,0.520634651184082,review,0,0.43023133277893066,0,MODERATE_RISK,0.0,
BioSpread,UNSEEN::AE230,0.1812416911125183,medium,0,0.6498836874961853,0,LOW_RISK,0.0,
BioSpread,UNSEEN::AC074,0.18128488957881927,medium,0,0.6497947871685028,0,LOW_RISK,0.0,
BioSpread,UNSEEN::AB326,0.18128558993339539,medium,0,0.6497973799705505,0,LOW_RISK,0.0,
BioSpread,UNSEEN::AE881,0.18124277889728546,medium,0,0.6498856246471405,0,LOW_RISK,0.0,
BioSpread,UNSEEN::AC939,0.181235671043396,medium,0,0.6499269902706146,0,LOW_RISK,0.0,
BioSpread,UNSEEN::AA838,0.18139183521270752,medium,0,0.6497373878955841,0,LOW_RISK,0.0,
BioSpread,UNSEEN::AF821,0.18124271929264069,medium,0,0.6498819291591644,0,LOW_RISK,0.0,
BioSpread,UNSEEN::AE445,0.1812315285205841,medium,0,0.6499156355857849,0,LOW_RISK,0.0,
BioSpread,UNSEEN::AA760,0.1812416911125183,medium,0,0.6498836874961853,0,LOW_RISK,0.0,
BioSpread,UNSEEN::AA657,0.18120360374450684,medium,0,0.649971216917038,0,LOW_RISK,0.0,
BioSpread,UNSEEN::AE399,0.1812426894903183,medium,0,0.6498968601226807,0,LOW_RISK,0.0,
BioSpread,UNSEEN::AC891,0.1812860518693924,medium,0,0.6498004198074341,0,LOW_RISK,0.0,
BioSpread,AE743,0.6603562235832214,review,0,0.46769124269485474,0,MODERATE_RISK,0.0,
BioSpread,UNSEEN::AA636,0.18124385178089142,medium,0,0.6498875617980957,0,LOW_RISK,0.0,
BioSpread,UNSEEN::AG958,0.1813397854566574,medium,0,0.6497175395488739,0,LOW_RISK,0.0,
BioSpread,AD496,0.6894067525863647,review,0,0.48735511302948,0,MODERATE_RISK,0.0,
BioSpread,UNSEEN::AF181,0.18128515779972076,medium,0,0.6497942805290222,0,LOW_RISK,0.0,
BioSpread,UNSEEN::AH345,0.18120291829109192,medium,0,0.6499686241149902,0,LOW_RISK,0.0,
BioSpread,UNSEEN::AE534,0.1812416911125183,medium,0,0.6499357521533966,0,LOW_RISK,0.0,
BioSpread,UNSEEN::AF532,0.18134760856628418,medium,0,0.6496961116790771,0,LOW_RISK,0.0,
BioSpread,UNSEEN::AH235,0.18124203383922577,medium,0,0.6498830914497375,0,LOW_RISK,0.0,
BioSpread,UNSEEN::AE139,0.18124203383922577,medium,0,0.6498830914497375,0,LOW_RISK,0.0,
BioSpread,AH420,0.7228706479072571,review,0,0.5220227241516113,0,MODERATE_RISK,0.0,
BioSpread,AD068,0.7687297463417053,review,0,0.5712380707263947,0,MODERATE_RISK,0.0,
BioSpread,UNSEEN::AA325,0.18129092454910278,medium,0,0.6497941613197327,0,LOW_RISK,0.0,
BioSpread,AD950,0.725243330001831,review,0,0.5251617133617401,0,MODERATE_RISK,0.0,
BioSpread,UNSEEN::AF755,0.18124346435070038,medium,0,0.6498934626579285,0,LOW_RISK,0.0,
BioSpread,UNSEEN::AC133,0.18128477036952972,medium,0,0.6497949361801147,0,LOW_RISK,0.0,
BioSpread,UNSEEN::AD741,0.18123884499073029,medium,0,0.6498933434486389,0,LOW_RISK,0.0,
BioSpread,AB470,0.6151480078697205,review,0,0.44881540536880493,0,MODERATE_RISK,0.0,
BioSpread,UNSEEN::AG229,0.18128177523612976,medium,0,0.6498087644577026,0,LOW_RISK,0.0,
BioSpread,AE916,0.23445022106170654,review,0,0.5785923004150391,0,LOW_RISK,0.0,
BioSpread,AE357,0.2012295126914978,medium,0,0.6212372183799744,0,LOW_RISK,0.0,
BioSpread,AF361,0.6473652124404907,review,0,0.46012306213378906,0,MODERATE_RISK,0.0,
BioSpread,UNSEEN::AH198,0.18124203383922577,medium,0,0.6498830914497375,0,LOW_RISK,0.0,
BioSpread,AC622,0.5899673700332642,review,0,0.4331510663032532,0,MODERATE_RISK,0.0,
BioSpread,AD958,0.7127167582511902,review,0,0.5108204185962677,0,MODERATE_RISK,0.0,
BioSpread,AA934,0.21071116626262665,medium,0,0.6139974296092987,0,LOW_RISK,0.0,
BioSpread,AG443,0.4175455868244171,review,0,0.4725801348686218,0,LOW_RISK,0.0,
BioSpread,UNSEEN::AG420,0.1812015324831009,medium,0,0.6499710381031036,0,LOW_RISK,0.0,
BioSpread,UNSEEN::AG089,0.18140117824077606,medium,0,0.6496128737926483,0,LOW_RISK,0.0,
BioSpread,UNSEEN::AB288,0.1811983734369278,medium,0,0.6499812006950378,0,LOW_RISK,0.0,
BioSpread,UNSEEN::AH011,0.18124203383922577,medium,0,0.6498830914497375,0,LOW_RISK,0.0,
BioSpread,UNSEEN::AB195,0.18144071102142334,medium,0,0.6495095193386078,0,LOW_RISK,0.0,
BioSpread,AA086,0.7795549035072327,review,0,0.5869384706020355,0,MODERATE_RISK,0.0,
BioSpread,UNSEEN::AF422,0.18124304711818695,medium,0,0.6498889923095703,0,LOW_RISK,0.0,
BioSpread,UNSEEN::AC531,0.18133719265460968,medium,0,0.649712085723877,0,LOW_RISK,0.0,
BioSpread,UNSEEN::AB078,0.1812945157289505,medium,0,0.6497913300991058,0,LOW_RISK,0.0,
BioSpread,UNSEEN::AF701,0.18128558993339539,medium,0,0.6497973799705505,0,LOW_RISK,0.0,
BioSpread,UNSEEN::AD388,0.1812416911125183,medium,0,0.6498836874961853,0,LOW_RISK,0.0,
BioSpread,AB727,0.7248050570487976,review,0,0.5222397446632385,0,MODERATE_RISK,0.0,
BioSpread,UNSEEN::AE950,0.18120187520980835,medium,0,0.6499704420566559,0,LOW_RISK,0.0,
BioSpread,UNSEEN::AH498,0.18124312162399292,medium,0,0.6498850286006927,0,LOW_RISK,0.0,
BioSpread,AD200,0.772016704082489,review,0,0.5761713683605194,0,MODERATE_RISK,0.0,
BioSpread,AF395,0.6832431554794312,review,1,0.490803062915802,0,MODERATE_RISK,0.0,
BioSpread,AF003,0.7066331505775452,review,0,0.5031940639019012,0,MODERATE_RISK,0.0,
BioSpread,AB754,0.7744181156158447,review,0,0.5794908404350281,0,MODERATE_RISK,0.0,
BioSpread,AE003,0.27876922488212585,review,0,0.5311354398727417,0,LOW_RISK,0.0,
BioSpread,UNSEEN::AD063,0.1812952160835266,medium,0,0.649806559085846,0,LOW_RISK,0.0,
BioSpread,UNSEEN::AB629,0.18124203383922577,medium,0,0.6498830914497375,0,LOW_RISK,0.0,
BioSpread,AG188,0.40005484223365784,review,0,0.4592035412788391,0,LOW_RISK,0.0,
BioSpread,UNSEEN::AE771,0.1812368482351303,medium,0,0.6498878300189972,0,LOW_RISK,0.0,
BioSpread,AB881,0.7723693251609802,review,0,0.576435387134552,0,MODERATE_RISK,0.0,
BioSpread,AF107,0.7354523539543152,review,0,0.53445965051651,0,MODERATE_RISK,0.0,
BioSpread,AB132,0.7725130319595337,review,0,0.5753608047962189,0,MODERATE_RISK,0.0,
BioSpread,AB175,0.6939312219619751,review,0,0.4950214624404907,0,MODERATE_RISK,0.0,
BioSpread,UNSEEN::AH403,0.1812022477388382,medium,0,0.6499698162078857,0,LOW_RISK,0.0,
BioSpread,UNSEEN::AG221,0.18128515779972076,medium,0,0.6497942805290222,0,LOW_RISK,0.0,
BioSpread,AB373,0.7114571928977966,review,0,0.5094399154186249,0,MODERATE_RISK,0.0,
BioSpread,AD165,0.7385914325714111,review,0,0.5371073186397552,0,MODERATE_RISK,0.0,
BioSpread,UNSEEN::AG593,0.1812368482351303,medium,0,0.6498878300189972,0,LOW_RISK,0.0,
BioSpread,UNSEEN::AG839,0.18124312162399292,medium,0,0.6498850286006927,0,LOW_RISK,0.0,
BioSpread,AG122,0.37848761677742004,review,0,0.4570229649543762,0,LOW_RISK,0.0,
BioSpread,AB860,0.7356635332107544,review,1,0.5294958055019379,0,MODERATE_RISK,0.0,
BioSpread,AF298,0.1635599583387375,medium,0,0.6797679662704468,0,LOW_RISK,0.0,
BioSpread,UNSEEN::AC254,0.18120360374450684,medium,0,0.649971216917038,0,LOW_RISK,0.0,
BioSpread,AC117,0.7035411596298218,review,0,0.5068348050117493,0,MODERATE_RISK,0.0,
BioSpread,UNSEEN::AC783,0.18124061822891235,medium,0,0.6499003171920776,0,LOW_RISK,0.0,
BioSpread,UNSEEN::AF161,0.18124271929264069,medium,0,0.6498819291591644,0,LOW_RISK,0.0,
BioSpread,UNSEEN::AB341,0.18128493428230286,medium,0,0.6497986018657684,0,LOW_RISK,0.0,
BioSpread,AF853,0.7177897691726685,review,0,0.5168476998806,0,MODERATE_RISK,0.0,
BioSpread,UNSEEN::AB083,0.18128445744514465,medium,0,0.6497955322265625,0,LOW_RISK,0.0,
BioSpread,UNSEEN::AE844,0.1812841296195984,medium,0,0.6497960984706879,0,LOW_RISK,0.0,
BioSpread,UNSEEN::AD841,0.18123649060726166,medium,0,0.649888426065445,0,LOW_RISK,0.0,
BioSpread,UNSEEN::AC902,0.1814478039741516,medium,0,0.649502158164978,0,LOW_RISK,0.0,
BioSpread,AD122,0.7200160026550293,review,0,0.5152684152126312,0,MODERATE_RISK,0.0,
BioSpread,UNSEEN::AH090,0.18124271929264069,medium,0,0.6498819291591644,0,LOW_RISK,0.0,
BioSpread,UNSEEN::AF743,0.18128477036952972,medium,0,0.6497949361801147,0,LOW_RISK,0.0,
BioSpread,AD556,0.6838479042053223,review,0,0.49086421728134155,0,MODERATE_RISK,0.0,
BioSpread,UNSEEN::AF530,0.18124614655971527,medium,0,0.649895042181015,0,LOW_RISK,0.0,
BioSpread,AE568,0.6409231424331665,review,0,0.4664037227630615,0,MODERATE_RISK,0.0,
BioSpread,AD460,0.5206161141395569,review,0,0.43023228645324707,0,MODERATE_RISK,0.0,
BioSpread,UNSEEN::AG824,0.18124203383922577,medium,0,0.6498830914497375,0,LOW_RISK,0.0,
BioSpread,UNSEEN::AG245,0.18124237656593323,medium,0,0.6498824954032898,0,LOW_RISK,0.0,
BioSpread,AD834,0.5817820429801941,review,0,0.43864905834198,0,MODERATE_RISK,0.0,
BioSpread,UNSEEN::AG347,0.1812416911125183,medium,0,0.6498836874961853,0,LOW_RISK,0.0,
BioSpread,AF080,0.7372560501098633,review,1,0.5371187031269073,0,MODERATE_RISK,0.0,
BioSpread,UNSEEN::AH078,0.18120291829109192,medium,0,0.6499686241149902,0,LOW_RISK,0.0,
BioSpread,UNSEEN::AG500,0.1816193014383316,medium,0,0.6491971909999847,0,LOW_RISK,0.0,
BioSpread,AG546,0.7740866541862488,review,0,0.5786913931369781,0,MODERATE_RISK,0.0,
BioSpread,UNSEEN::AH129,0.18124271929264069,medium,0,0.6498819291591644,0,LOW_RISK,0.0,
BioSpread,UNSEEN::AG588,0.18124203383922577,medium,0,0.6498830914497375,0,LOW_RISK,0.0,
BioSpread,AE102,0.6947545409202576,review,0,0.4922419786453247,0,MODERATE_RISK,0.0,
BioSpread,AD570,0.7386288046836853,review,0,0.5408730804920197,0,MODERATE_RISK,0.0,
BioSpread,AC845,0.27166375517845154,review,0,0.538735032081604,0,LOW_RISK,0.0,
BioSpread,UNSEEN::AA995,0.1813572198152542,medium,0,0.6497578322887421,0,LOW_RISK,0.0,
BioSpread,UNSEEN::AE187,0.18128690123558044,medium,0,0.6498139798641205,0,LOW_RISK,0.0,
BioSpread,UNSEEN::AH000,0.18144188821315765,medium,0,0.6495093703269958,0,LOW_RISK,0.0,
BioSpread,AA701,0.7009537220001221,review,0,0.5008252859115601,0,MODERATE_RISK,0.0,
BioSpread,UNSEEN::AH246,0.18124271929264069,medium,0,0.6498819291591644,0,LOW_RISK,0.0,
BioSpread,UNSEEN::AA113,0.18188652396202087,medium,0,0.6488457024097443,0,LOW_RISK,0.0,
BioSpread,UNSEEN::AE823,0.1812838464975357,medium,0,0.6497966945171356,0,LOW_RISK,0.0,
BioSpread,AE151,0.6588929891586304,review,0,0.4691314697265625,0,MODERATE_RISK,0.0,
BioSpread,AG427,0.6590642333030701,review,0,0.4886970520019531,0,MODERATE_RISK,0.0,
BioSpread,AG351,0.7721826434135437,review,0,0.5775492787361145,0,MODERATE_RISK,0.0,
BioSpread,AC203,0.7657390236854553,review,1,0.5678842067718506,0,MODERATE_RISK,0.0,
BioSpread,UNSEEN::AD659,0.18123754858970642,medium,0,0.6498903632164001,0,LOW_RISK,0.0,
BioSpread,UNSEEN::AE112,0.1813451647758484,medium,0,0.6496946513652802,0,LOW_RISK,0.0,
BioSpread,AA143,0.7743217349052429,review,1,0.5780854523181915,0,MODERATE_RISK,0.0,
BioSpread,UNSEEN::AE188,0.1812416911125183,medium,0,0.6498836874961853,0,LOW_RISK,0.0,
BioSpread,UNSEEN::AB226,0.18129798769950867,medium,0,0.6497916877269745,0,LOW_RISK,0.0,
BioSpread,UNSEEN::AE353,0.18124203383922577,medium,0,0.6498830914497375,0,LOW_RISK,0.0,
BioSpread,AG706,0.436697781085968,review,0,0.4327041506767273,0,LOW_RISK,0.0,
BioSpread,AD295,0.7513186931610107,review,0,0.5490279495716095,0,MODERATE_RISK,0.0,
BioSpread,UNSEEN::AF768,0.1812416911125183,medium,0,0.6498836874961853,0,LOW_RISK,0.0,
BioSpread,AB038,0.7529494762420654,review,0,0.550122082233429,0,MODERATE_RISK,0.0,
BioSpread,UNSEEN::AC937,0.1812795251607895,medium,0,0.6498370170593262,0,LOW_RISK,0.0,
BioSpread,AE736,0.23701585829257965,review,0,0.5714924931526184,0,LOW_RISK,0.0,
BioSpread,UNSEEN::AG787,0.18123884499073029,medium,0,0.6498933434486389,0,LOW_RISK,0.0,
BioSpread,UNSEEN::AG941,0.18124203383922577,medium,0,0.6498830914497375,0,LOW_RISK,0.0,
BioSpread,UNSEEN::AA311,0.1812015324831009,medium,0,0.6499710381031036,0,LOW_RISK,0.0,
BioSpread,AF073,0.717871904373169,review,0,0.5143925845623016,0,MODERATE_RISK,0.0,
BioSpread,UNSEEN::AG073,0.18124271929264069,medium,0,0.6498819291591644,0,LOW_RISK,0.0,
BioSpread,UNSEEN::AF630,0.18124203383922577,medium,0,0.6498830914497375,0,LOW_RISK,0.0,
BioSpread,AA841,0.7775391936302185,review,0,0.5836536586284637,0,MODERATE_RISK,0.0,
BioSpread,UNSEEN::AF105,0.18133783340454102,medium,0,0.6496975719928741,0,LOW_RISK,0.0,
BioSpread,AF726,0.5119650959968567,review,0,0.42274588346481323,0,MODERATE_RISK,0.0,
BioSpread,AF151,0.7140859365463257,review,0,0.5085545182228088,0,MODERATE_RISK,0.0,
BioSpread,UNSEEN::AE390,0.18133056163787842,medium,0,0.6497053503990173,0,LOW_RISK,0.0,
BioSpread,UNSEEN::AG009,0.1812887191772461,medium,0,0.64980348944664,0,LOW_RISK,0.0,
BioSpread,AF794,0.6754754185676575,review,0,0.4777904748916626,0,MODERATE_RISK,0.0,
BioSpread,UNSEEN::AG585,0.18129883706569672,medium,0,0.6497940719127655,0,LOW_RISK,0.0,
BioSpread,UNSEEN::AC581,0.1812964528799057,medium,0,0.649795651435852,0,LOW_RISK,0.0,
BioSpread,UNSEEN::AB943,0.18124312162399292,medium,0,0.6498850286006927,0,LOW_RISK,0.0,
BioSpread,UNSEEN::AB989,0.1812463104724884,medium,0,0.6498837471008301,0,LOW_RISK,0.0,
BioSpread,UNSEEN::AH430,0.1812015324831009,medium,0,0.6499710381031036,0,LOW_RISK,0.0,
BioSpread,AF771,0.16088198125362396,medium,0,0.685011088848114,0,LOW_RISK,0.0,
BioSpread,UNSEEN::AH491,0.1812027394771576,medium,0,0.6499766111373901,0,LOW_RISK,0.0,
BioSpread,AC835,0.7748942375183105,review,0,0.5788094997406006,0,MODERATE_RISK,0.0,
BioSpread,UNSEEN::AF896,0.1812572181224823,medium,0,0.6498749554157257,0,LOW_RISK,0.0,
BioSpread,UNSEEN::AA639,0.18134403228759766,medium,0,0.6496958434581757,0,LOW_RISK,0.0,
BioSpread,UNSEEN::AC598,0.1814863085746765,medium,0,0.6493969559669495,0,LOW_RISK,0.0,
BioSpread,UNSEEN::AB313,0.18124203383922577,medium,0,0.6498830914497375,0,LOW_RISK,0.0,
BioSpread,AF368,0.6270756125450134,review,0,0.44827455282211304,0,MODERATE_RISK,0.0,
BioSpread,AC025,0.7204040288925171,review,1,0.5189831256866455,0,MODERATE_RISK,0.0,
BioSpread,UNSEEN::AA824,0.1814635694026947,medium,0,0.6494770646095276,0,LOW_RISK,0.0,
BioSpread,UNSEEN::AG021,0.1813858151435852,medium,0,0.6496023535728455,0,LOW_RISK,0.0,
BioSpread,AE645,0.5231963992118835,review,0,0.4224293828010559,0,MODERATE_RISK,0.0,
BioSpread,AC956,0.6778320670127869,review,0,0.4937780499458313,0,MODERATE_RISK,0.0,
BioSpread,AG584,0.45607301592826843,review,0,0.45814794301986694,0,LOW_RISK,0.0,
BioSpread,UNSEEN::AE329,0.18190863728523254,medium,0,0.6487549245357513,0,LOW_RISK,0.0,
BioSpread,UNSEEN::AA880,0.18124131858348846,medium,0,0.6498843431472778,0,LOW_RISK,0.0,
BioSpread,UNSEEN::AD848,0.18124203383922577,medium,0,0.6498830914497375,0,LOW_RISK,0.0,
BioSpread,UNSEEN::AG556,0.18133187294006348,medium,0,0.6497107744216919,0,LOW_RISK,0.0,
BioSpread,AB658,0.7000268697738647,review,0,0.5102435052394867,0,MODERATE_RISK,0.0,
BioSpread,AB705,0.7723673582077026,review,0,0.5763225853443146,0,MODERATE_RISK,0.0,
BioSpread,UNSEEN::AH107,0.1812431812286377,medium,0,0.6498887240886688,0,LOW_RISK,0.0,
BioSpread,AD908,0.7712334990501404,review,0,0.5735213160514832,0,MODERATE_RISK,0.0,
BioSpread,UNSEEN::AB154,0.1813720166683197,medium,0,0.6496753394603729,0,LOW_RISK,0.0,
BioSpread,AF220,0.6322048306465149,review,0,0.4583950638771057,0,MODERATE_RISK,0.0,
BioSpread,AF292,0.16382260620594025,medium,0,0.6793539822101593,0,LOW_RISK,0.0,
BioSpread,AB136,0.742877185344696,review,1,0.5400272309780121,0,MODERATE_RISK,0.0,
BioSpread,UNSEEN::AC322,0.18124203383922577,medium,0,0.6498830914497375,0,LOW_RISK,0.0,
BioSpread,AC235,0.6987841725349426,review,0,0.49521225690841675,0,MODERATE_RISK,0.0,
BioSpread,AE307,0.5229424238204956,review,0,0.42312419414520264,0,MODERATE_RISK,0.0,
BioSpread,AG098,0.5210937261581421,review,0,0.4303469657897949,0,MODERATE_RISK,0.0,
BioSpread,UNSEEN::AA884,0.1812416911125183,medium,0,0.6498836874961853,0,LOW_RISK,0.0,
BioSpread,UNSEEN::AG654,0.1813889443874359,medium,0,0.6496126055717468,0,LOW_RISK,0.0,
BioSpread,AC675,0.7063600420951843,review,0,0.5038802027702332,0,MODERATE_RISK,0.0,
BioSpread,UNSEEN::AD097,0.1813342273235321,medium,0,0.6497073471546173,0,LOW_RISK,0.0,
BioSpread,UNSEEN::AD061,0.18124344944953918,medium,0,0.6498844623565674,0,LOW_RISK,0.0,
BioSpread,UNSEEN::AF435,0.18120360374450684,medium,0,0.649971216917038,0,LOW_RISK,0.0,
BioSpread,AE265,0.7190970778465271,review,0,0.5174805819988251,0,MODERATE_RISK,0.0,
BioSpread,UNSEEN::AE963,0.1812015324831009,medium,0,0.6499710381031036,0,LOW_RISK,0.0,
BioSpread,UNSEEN::AE879,0.18128915131092072,medium,0,0.6497955322265625,0,LOW_RISK,0.0,
BioSpread,UNSEEN::AA145,0.18124157190322876,medium,0,0.6498839259147644,0,LOW_RISK,0.0,
BioSpread,UNSEEN::AB417,0.18138562142848969,medium,0,0.6496140658855438,0,LOW_RISK,0.0,
BioSpread,UNSEEN::AD563,0.18129673600196838,medium,0,0.6498207747936249,0,LOW_RISK,0.0,
BioSpread,AB330,0.6320782899856567,review,0,0.4862063527107239,0,MODERATE_RISK,0.0,
BioSpread,AH492,0.7261223793029785,review,0,0.528725802898407,0,MODERATE_RISK,0.0,
BioSpread,UNSEEN::AG918,0.181243896484375,medium,0,0.6498896181583405,0,LOW_RISK,0.0,
BioSpread,UNSEEN::AG460,0.18124766647815704,medium,0,0.6498814225196838,0,LOW_RISK,0.0,
BioSpread,AG319,0.7520341873168945,review,0,0.5530007481575012,0,MODERATE_RISK,0.0,
BioSpread,UNSEEN::AD079,0.18124349415302277,medium,0,0.6498881876468658,0,LOW_RISK,0.0,
BioSpread,UNSEEN::AE569,0.18128985166549683,medium,0,0.649794340133667,0,LOW_RISK,0.0,
BioSpread,UNSEEN::AB289,0.1813327670097351,medium,0,0.6497350335121155,0,LOW_RISK,0.0,
BioSpread,UNSEEN::AD415,0.1812840849161148,medium,0,0.6498364806175232,0,LOW_RISK,0.0,
BioSpread,UNSEEN::AC255,0.18124271929264069,medium,0,0.6498819291591644,0,LOW_RISK,0.0,
BioSpread,AA348,0.7241616249084473,review,0,0.5205607414245605,0,MODERATE_RISK,0.0,
BioSpread,AA387,0.7135449647903442,review,0,0.5207939743995667,0,MODERATE_RISK,0.0,
BioSpread,AC082,0.7795217633247375,review,1,0.5864211618900299,0,MODERATE_RISK,0.0,
BioSpread,AC609,0.7360497117042542,review,0,0.5347205400466919,0,MODERATE_RISK,0.0,
BioSpread,UNSEEN::AC318,0.18190744519233704,medium,0,0.6487533152103424,0,LOW_RISK,0.0,
BioSpread,AA799,0.6846820712089539,review,0,0.4891996383666992,0,MODERATE_RISK,0.0,
BioSpread,UNSEEN::AG061,0.1812986135482788,medium,0,0.6498126089572906,0,LOW_RISK,0.0,
BioSpread,UNSEEN::AA957,0.18127641081809998,medium,0,0.6499760448932648,0,LOW_RISK,0.0,
BioSpread,UNSEEN::AA912,0.18128596246242523,medium,0,0.6498191058635712,0,LOW_RISK,0.0,
BioSpread,UNSEEN::AE660,0.1812416911125183,medium,0,0.6498836874961853,0,LOW_RISK,0.0,
BioSpread,UNSEEN::AC413,0.18124164640903473,medium,0,0.649883896112442,0,LOW_RISK,0.0,
BioSpread,AH346,0.724496066570282,review,0,0.5208323299884796,0,MODERATE_RISK,0.0,
BioSpread,UNSEEN::AH436,0.1812416911125183,medium,0,0.6498836874961853,0,LOW_RISK,0.0,
BioSpread,AA513,0.7762176990509033,review,0,0.5814652144908905,0,MODERATE_RISK,0.0,
BioSpread,UNSEEN::AF402,0.18128785490989685,medium,0,0.6498012542724609,0,LOW_RISK,0.0,
BioSpread,AB371,0.732399046421051,review,0,0.5271531343460083,0,MODERATE_RISK,0.0,
BioSpread,AF272,0.6872572302818298,review,0,0.4858279824256897,0,MODERATE_RISK,0.0,
BioSpread,AE764,0.25653350353240967,review,0,0.5622484683990479,0,LOW_RISK,0.0,
BioSpread,UNSEEN::AH394,0.1812416911125183,medium,0,0.6498836874961853,0,LOW_RISK,0.0,
BioSpread,UNSEEN::AD830,0.1812015324831009,medium,0,0.6499710381031036,0,LOW_RISK,0.0,
BioSpread,AA710,0.7774365544319153,review,1,0.5831342935562134,0,MODERATE_RISK,0.0,
BioSpread,AC716,0.7822369337081909,review,1,0.5913229286670685,0,MODERATE_RISK,0.0,
BioSpread,AE665,0.7142885327339172,review,0,0.5078877210617065,0,MODERATE_RISK,0.0,
BioSpread,AB576,0.26863279938697815,review,0,0.5514556169509888,0,LOW_RISK,0.0,
BioSpread,UNSEEN::AD265,0.18124271929264069,medium,0,0.6498819291591644,0,LOW_RISK,0.0,
BioSpread,UNSEEN::AA720,0.18137946724891663,medium,0,0.6496367156505585,0,LOW_RISK,0.0,
BioSpread,AE312,0.7386972308158875,review,0,0.5357911884784698,0,MODERATE_RISK,0.0,
BioSpread,UNSEEN::AC595,0.18140120804309845,medium,0,0.649624228477478,0,LOW_RISK,0.0,
BioSpread,UNSEEN::AA797,0.1812814623117447,medium,0,0.649801105260849,0,LOW_RISK,0.0,
BioSpread,AD701,0.7413304448127747,review,0,0.5376132130622864,0,MODERATE_RISK,0.0,
BioSpread,UNSEEN::AE165,0.1812867373228073,medium,0,0.6497992277145386,0,LOW_RISK,0.0,
BioSpread,UNSEEN::AF125,0.1812022477388382,medium,0,0.6499698162078857,0,LOW_RISK,0.0,
BioSpread,UNSEEN::AF277,0.1813015341758728,medium,0,0.6497860252857208,0,LOW_RISK,0.0,
BioSpread,UNSEEN::AH520,0.18124271929264069,medium,0,0.6498819291591644,0,LOW_RISK,0.0,
BioSpread,UNSEEN::AG029,0.1812416911125183,medium,0,0.6498836874961853,0,LOW_RISK,0.0,
BioSpread,UNSEEN::AD026,0.1812361627817154,medium,0,0.6498889923095703,0,LOW_RISK,0.0,
BioSpread,UNSEEN::AE970,0.18124203383922577,medium,0,0.6498830914497375,0,LOW_RISK,0.0,
BioSpread,AB193,0.7811976075172424,review,1,0.5888851284980774,0,MODERATE_RISK,0.0,
BioSpread,UNSEEN::AB920,0.18132756650447845,medium,0,0.6497852504253387,0,LOW_RISK,0.0,
BioSpread,AB385,0.7288604378700256,review,0,0.5287634432315826,0,MODERATE_RISK,0.0,
BioSpread,AD133,0.5862092971801758,review,0,0.4405755400657654,0,MODERATE_RISK,0.0,
BioSpread,UNSEEN::AF996,0.1813308298587799,medium,0,0.6497048735618591,0,LOW_RISK,0.0,
BioSpread,UNSEEN::AB353,0.1812938004732132,medium,0,0.6497977375984192,0,LOW_RISK,0.0,
BioSpread,UNSEEN::AC523,0.18124271929264069,medium,0,0.6498819291591644,0,LOW_RISK,0.0,
BioSpread,AB312,0.7271628379821777,review,0,0.5226759612560272,0,MODERATE_RISK,0.0,
BioSpread,UNSEEN::AH295,0.1812416911125183,medium,0,0.6498836874961853,0,LOW_RISK,0.0,
BioSpread,UNSEEN::AC920,0.18124203383922577,medium,0,0.6498830914497375,0,LOW_RISK,0.0,
BioSpread,UNSEEN::AD883,0.18128927052021027,medium,0,0.6498064398765564,0,LOW_RISK,0.0,
BioSpread,UNSEEN::AE194,0.18129485845565796,medium,0,0.6498239040374756,0,LOW_RISK,0.0,
BioSpread,UNSEEN::AC031,0.18144625425338745,medium,0,0.6495357155799866,0,LOW_RISK,0.0,
BioSpread,UNSEEN::AG198,0.18128558993339539,medium,0,0.6497973799705505,0,LOW_RISK,0.0,
BioSpread,UNSEEN::AD913,0.1812368482351303,medium,0,0.6498878300189972,0,LOW_RISK,0.0,
BioSpread,UNSEEN::AG295,0.18129423260688782,medium,0,0.6497918367385864,0,LOW_RISK,0.0,
BioSpread,UNSEEN::AE954,0.18120291829109192,medium,0,0.6499686241149902,0,LOW_RISK,0.0,
BioSpread,AE154,0.6473715305328369,review,0,0.4601259231567383,0,MODERATE_RISK,0.0,
BioSpread,AC053,0.725739061832428,review,0,0.5226100087165833,0,MODERATE_RISK,0.0,
BioSpread,UNSEEN::AE513,0.18124237656593323,medium,0,0.6498824954032898,0,LOW_RISK,0.0,
BioSpread,UNSEEN::AH457,0.18124203383922577,medium,0,0.6498830914497375,0,LOW_RISK,0.0,
BioSpread,AF120,0.6709684729576111,review,0,0.474808931350708,0,MODERATE_RISK,0.0,
BioSpread,UNSEEN::AB335,0.18128658831119537,medium,0,0.6498109102249146,0,LOW_RISK,0.0,
BioSpread,UNSEEN::AA685,0.18124271929264069,medium,0,0.6498819291591644,0,LOW_RISK,0.0,
BioSpread,AE768,0.5805879235267639,review,0,0.4419097304344177,0,MODERATE_RISK,0.0,
BioSpread,UNSEEN::AF837,0.18132942914962769,medium,0,0.6497035026550293,0,LOW_RISK,0.0,
BioSpread,AG572,0.6200276613235474,review,0,0.4580962061882019,0,MODERATE_RISK,0.0,
BioSpread,UNSEEN::AH048,0.18124203383922577,medium,0,0.6498830914497375,0,LOW_RISK,0.0,
BioSpread,AF389,0.4370253086090088,review,0,0.432594358921051,0,LOW_RISK,0.0,
BioSpread,AE481,0.2011522501707077,medium,0,0.6213507354259491,0,LOW_RISK,0.0,
BioSpread,AF104,0.7445352077484131,review,0,0.5455454289913177,0,MODERATE_RISK,0.0,
BioSpread,UNSEEN::AG570,0.18125168979167938,medium,0,0.6498794853687286,0,LOW_RISK,0.0,
BioSpread,AD045,0.3533387780189514,review,0,0.4769250154495239,0,LOW_RISK,0.0,
BioSpread,AC830,0.20145398378372192,medium,0,0.6209447383880615,0,LOW_RISK,0.0,
BioSpread,UNSEEN::AH427,0.1812015324831009,medium,0,0.6499710381031036,0,LOW_RISK,0.0,
BioSpread,AE311,0.7786012291908264,review,0,0.5854910612106323,0,MODERATE_RISK,0.0,
BioSpread,AC072,0.7092983722686768,review,0,0.5110956132411957,0,MODERATE_RISK,0.0,
BioSpread,UNSEEN::AD334,0.18137793242931366,medium,0,0.6496477425098419,0,LOW_RISK,0.0,
BioSpread,AE814,0.7753411531448364,review,0,0.5800816416740417,0,MODERATE_RISK,0.0,
BioSpread,AH186,0.6480286121368408,review,0,0.46143287420272827,0,MODERATE_RISK,0.0,
BioSpread,UNSEEN::AH415,0.18128731846809387,medium,0,0.6498059034347534,0,LOW_RISK,0.0,
BioSpread,UNSEEN::AC401,0.18120291829109192,medium,0,0.6499686241149902,0,LOW_RISK,0.0,
BioSpread,AE467,0.533030092716217,review,0,0.4229912757873535,0,MODERATE_RISK,0.0,
BioSpread,AG533,0.7717683911323547,review,0,0.5755046904087067,0,MODERATE_RISK,0.0,
BioSpread,AB729,0.7716702222824097,review,0,0.5747074484825134,0,MODERATE_RISK,0.0,
BioSpread,UNSEEN::AG705,0.18132470548152924,medium,0,0.6497072279453278,0,LOW_RISK,0.0,
BioSpread,AD501,0.7141863703727722,review,0,0.5185382068157196,0,MODERATE_RISK,0.0,
BioSpread,AE789,0.7445678114891052,review,0,0.540381669998169,0,MODERATE_RISK,0.0,
BioSpread,UNSEEN::AD868,0.18139126896858215,medium,0,0.6496383547782898,0,LOW_RISK,0.0,
BioSpread,UNSEEN::AE727,0.18138112127780914,medium,0,0.6496394872665405,0,LOW_RISK,0.0,
BioSpread,AD171,0.520634651184082,review,0,0.43023133277893066,0,MODERATE_RISK,0.0,
BioSpread,UNSEEN::AC045,0.18123917281627655,medium,0,0.6498927772045135,0,LOW_RISK,0.0,
BioSpread,UNSEEN::AH419,0.1813841611146927,medium,0,0.6496013104915619,0,LOW_RISK,0.0,
BioSpread,UNSEEN::AE096,0.18124085664749146,medium,0,0.6498924195766449,0,LOW_RISK,0.0,
BioSpread,AE304,0.16394154727458954,medium,0,0.6791680753231049,0,LOW_RISK,0.0,
BioSpread,UNSEEN::AA621,0.18158985674381256,medium,0,0.6493145525455475,0,LOW_RISK,0.0,
BioSpread,UNSEEN::AD744,0.18149924278259277,medium,0,0.649394154548645,0,LOW_RISK,0.0,
BioSpread,UNSEEN::AG483,0.18124781548976898,medium,0,0.649888813495636,0,LOW_RISK,0.0,
BioSpread,AF456,0.7706676125526428,review,0,0.5762798488140106,0,MODERATE_RISK,0.0,
BioSpread,UNSEEN::AD409,0.18124203383922577,medium,0,0.6498830914497375,0,LOW_RISK,0.0,
BioSpread,AH442,0.2250230759382248,medium,0,0.6083700656890869,0,LOW_RISK,0.0,
BioSpread,UNSEEN::AF526,0.18120291829109192,medium,0,0.6499686241149902,0,LOW_RISK,0.0,
BioSpread,UNSEEN::AF611,0.18124271929264069,medium,0,0.6498819291591644,0,LOW_RISK,0.0,
BioSpread,AE107,0.7780795097351074,review,1,0.5841679275035858,0,MODERATE_RISK,0.0,
BioSpread,UNSEEN::AC312,0.18124271929264069,medium,0,0.6498819291591644,0,LOW_RISK,0.0,
BioSpread,AD661,0.17594076693058014,medium,0,0.6618537604808807,0,LOW_RISK,0.0,
BioSpread,UNSEEN::AE410,0.1813729852437973,medium,0,0.6496479511260986,0,LOW_RISK,0.0,
BioSpread,UNSEEN::AH161,0.1812361627817154,medium,0,0.6498889923095703,0,LOW_RISK,0.0,
BioSpread,UNSEEN::AH280,0.1812022477388382,medium,0,0.6499698162078857,0,LOW_RISK,0.0,
BioSpread,AG404,0.7124313712120056,review,0,0.5070687830448151,0,MODERATE_RISK,0.0,
BioSpread,AE947,0.7162487506866455,review,0,0.5164585709571838,0,MODERATE_RISK,0.0,
BioSpread,UNSEEN::AA361,0.18133854866027832,medium,0,0.6497270166873932,0,LOW_RISK,0.0,
BioSpread,UNSEEN::AC488,0.18124420940876007,medium,0,0.6498869359493256,0,LOW_RISK,0.0,
BioSpread,AD350,0.7475136518478394,review,1,0.5454700291156769,0,MODERATE_RISK,0.0,
BioSpread,UNSEEN::AA658,0.1812411993741989,medium,0,0.6498917937278748,0,LOW_RISK,0.0,
BioSpread,AF536,0.613289475440979,review,0,0.45978230237960815,0,MODERATE_RISK,0.0,
BioSpread,UNSEEN::AD508,0.18120324611663818,medium,0,0.6499718129634857,0,LOW_RISK,0.0,
BioSpread,AE830,0.406241774559021,review,0,0.4365409016609192,0,LOW_RISK,0.0,
BioSpread,UNSEEN::AF572,0.18137304484844208,medium,0,0.6496815085411072,0,LOW_RISK,0.0,
BioSpread,UNSEEN::AH086,0.18124203383922577,medium,0,0.6498830914497375,0,LOW_RISK,0.0,
BioSpread,UNSEEN::AB868,0.18125122785568237,medium,0,0.6498875319957733,0,LOW_RISK,0.0,
BioSpread,UNSEEN::AB911,0.18123967945575714,medium,0,0.6498995721340179,0,LOW_RISK,0.0,
BioSpread,UNSEEN::AB618,0.1813308298587799,medium,0,0.6497048735618591,0,LOW_RISK,0.0,
BioSpread,UNSEEN::AH196,0.18129119277000427,medium,0,0.6498146951198578,0,LOW_RISK,0.0,
BioSpread,UNSEEN::AG624,0.18124206364154816,medium,0,0.6498868465423584,0,LOW_RISK,0.0,
BioSpread,UNSEEN::AA584,0.18124082684516907,medium,0,0.6498852372169495,0,LOW_RISK,0.0,
BioSpread,AA782,0.7726791501045227,review,0,0.576399564743042,0,MODERATE_RISK,0.0,
BioSpread,UNSEEN::AB243,0.18148361146450043,medium,0,0.6494128406047821,0,LOW_RISK,0.0,
BioSpread,UNSEEN::AC128,0.18124271929264069,medium,0,0.6498819291591644,0,LOW_RISK,0.0,
BioSpread,AD199,0.22967322170734406,review,0,0.590266227722168,0,LOW_RISK,0.0,
BioSpread,UNSEEN::AD639,0.1812015324831009,medium,0,0.6499710381031036,0,LOW_RISK,0.0,
BioSpread,UNSEEN::AB252,0.18124277889728546,medium,0,0.6498856246471405,0,LOW_RISK,0.0,
BioSpread,UNSEEN::AH340,0.18124297261238098,medium,0,0.6498852968215942,0,LOW_RISK,0.0,
BioSpread,UNSEEN::AG171,0.18124203383922577,medium,0,0.6498830914497375,0,LOW_RISK,0.0,
BioSpread,AC597,0.594740092754364,review,0,0.4420000910758972,0,MODERATE_RISK,0.0,
BioSpread,AB661,0.5525239109992981,review,0,0.445249080657959,0,MODERATE_RISK,0.0,
BioSpread,AE853,0.7129635214805603,review,0,0.5132647752761841,0,MODERATE_RISK,0.0,
BioSpread,AD152,0.4370253086090088,review,0,0.432594358921051,0,LOW_RISK,0.0,
BioSpread,UNSEEN::AF486,0.18128594756126404,medium,0,0.6497967541217804,0,LOW_RISK,0.0,
BioSpread,UNSEEN::AD159,0.18133294582366943,medium,0,0.6497305333614349,0,LOW_RISK,0.0,
BioSpread,UNSEEN::AF588,0.18124203383922577,medium,0,0.6498830914497375,0,LOW_RISK,0.0,
BioSpread,UNSEEN::AH103,0.18124203383922577,medium,0,0.6498830914497375,0,LOW_RISK,0.0,
BioSpread,UNSEEN::AF362,0.18124131858348846,medium,0,0.6498843431472778,0,LOW_RISK,0.0,
BioSpread,AG362,0.7314402461051941,review,0,0.5268218517303467,0,MODERATE_RISK,0.0,
BioSpread,UNSEEN::AC749,0.18124206364154816,medium,0,0.6498868465423584,0,LOW_RISK,0.0,
BioSpread,AB677,0.5910807847976685,review,0,0.4363458752632141,0,MODERATE_RISK,0.0,
BioSpread,AD529,0.7771295309066772,review,1,0.5824280381202698,0,MODERATE_RISK,0.0,
BioSpread,UNSEEN::AG901,0.18124203383922577,medium,0,0.6498830914497375,0,LOW_RISK,0.0,
BioSpread,AG023,0.6989087462425232,review,0,0.49534231424331665,0,MODERATE_RISK,0.0,
BioSpread,UNSEEN::AH480,0.18124271929264069,medium,0,0.6498819291591644,0,LOW_RISK,0.0,
BioSpread,UNSEEN::AD119,0.18125401437282562,medium,0,0.6498852372169495,0,LOW_RISK,0.0,
BioSpread,AG196,0.7200603485107422,review,0,0.5195523798465729,0,MODERATE_RISK,0.0,
BioSpread,UNSEEN::AC560,0.1812022477388382,medium,0,0.6499698162078857,0,LOW_RISK,0.0,
BioSpread,AE537,0.7082131505012512,review,0,0.5033155977725983,0,MODERATE_RISK,0.0,
BioSpread,UNSEEN::AF215,0.1812015324831009,medium,0,0.6499710381031036,0,LOW_RISK,0.0,
BioSpread,AA728,0.6177680492401123,review,0,0.4613276720046997,0,MODERATE_RISK,0.0,
BioSpread,UNSEEN::AF579,0.18510618805885315,medium,0,0.6434174180030823,0,LOW_RISK,0.0,
BioSpread,UNSEEN::AD417,0.18124237656593323,medium,0,0.6498824954032898,0,LOW_RISK,0.0,
BioSpread,AF754,0.6552315950393677,review,0,0.47099846601486206,0,MODERATE_RISK,0.0,
BioSpread,AC320,0.7775934338569641,review,1,0.583591878414154,0,MODERATE_RISK,0.0,
BioSpread,UNSEEN::AB799,0.18124203383922577,medium,0,0.6498830914497375,0,LOW_RISK,0.0,
BioSpread,AF793,0.6490161418914795,review,0,0.46356290578842163,0,MODERATE_RISK,0.0,
BioSpread,UNSEEN::AB492,0.18129344284534454,medium,0,0.6497983336448669,0,LOW_RISK,0.0,
BioSpread,AC217,0.7745842933654785,review,0,0.5794874131679535,0,MODERATE_RISK,0.0,
BioSpread,UNSEEN::AC300,0.18132582306861877,medium,0,0.6497185230255127,0,LOW_RISK,0.0,
BioSpread,UNSEEN::AE041,0.18128490447998047,medium,0,0.649798572063446,0,LOW_RISK,0.0,
BioSpread,UNSEEN::AE828,0.18125201761722565,medium,0,0.6498789191246033,0,LOW_RISK,0.0,
BioSpread,AA174,0.7795220017433167,review,1,0.5861002504825592,0,MODERATE_RISK,0.0,
BioSpread,AA180,0.7468419671058655,review,0,0.5448442995548248,0,MODERATE_RISK,0.0,
BioSpread,AA606,0.5206161141395569,review,0,0.43023228645324707,0,MODERATE_RISK,0.0,
BioSpread,AB283,0.7681189775466919,review,0,0.5693281590938568,0,MODERATE_RISK,0.0,
BioSpread,AC720,0.7721522450447083,review,0,0.5749948918819427,0,MODERATE_RISK,0.0,
BioSpread,UNSEEN::AB482,0.18133118748664856,medium,0,0.649704247713089,0,LOW_RISK,0.0,
BioSpread,UNSEEN::AA498,0.18128477036952972,medium,0,0.6497949361801147,0,LOW_RISK,0.0,
BioSpread,AA586,0.779295802116394,review,0,0.5858453810214996,0,MODERATE_RISK,0.0,
BioSpread,UNSEEN::AF889,0.18120244145393372,medium,0,0.6499694883823395,0,LOW_RISK,0.0,
BioSpread,UNSEEN::AD867,0.18124203383922577,medium,0,0.6498830914497375,0,LOW_RISK,0.0,
BioSpread,AA217,0.6669230461120605,review,0,0.4694001078605652,0,MODERATE_RISK,0.0,
BioSpread,UNSEEN::AH320,0.18124131858348846,medium,0,0.6498843431472778,0,LOW_RISK,0.0,
BioSpread,UNSEEN::AD287,0.1813308149576187,medium,0,0.6497253477573395,0,LOW_RISK,0.0,
BioSpread,AD120,0.771151065826416,review,0,0.5731908082962036,0,MODERATE_RISK,0.0,
BioSpread,AE356,0.38425111770629883,review,0,0.4863211512565613,0,LOW_RISK,0.0,
BioSpread,AB692,0.7444647550582886,review,0,0.5425454676151276,0,MODERATE_RISK,0.0,
BioSpread,UNSEEN::AC596,0.18134255707263947,medium,0,0.6497090458869934,0,LOW_RISK,0.0,
BioSpread,AG613,0.719344437122345,review,0,0.5125481188297272,0,MODERATE_RISK,0.0,
BioSpread,AE493,0.5405994653701782,review,0,0.4371325373649597,0,MODERATE_RISK,0.0,
BioSpread,AD449,0.7459025382995605,review,0,0.5425908267498016,0,MODERATE_RISK,0.0,
BioSpread,UNSEEN::AE444,0.18134696781635284,medium,0,0.6496933698654175,0,LOW_RISK,0.0,
BioSpread,UNSEEN::AC667,0.1812416911125183,medium,0,0.6498836874961853,0,LOW_RISK,0.0,
BioSpread,AE639,0.768699586391449,review,0,0.5705535411834717,0,MODERATE_RISK,0.0,
BioSpread,AD569,0.7317655682563782,review,0,0.530825138092041,0,MODERATE_RISK,0.0,
BioSpread,AG536,0.6887985467910767,review,0,0.49230247735977173,0,MODERATE_RISK,0.0,
BioSpread,UNSEEN::AE429,0.1812416911125183,medium,0,0.6498836874961853,0,LOW_RISK,0.0,
BioSpread,UNSEEN::AD438,0.18120187520980835,medium,0,0.6499704420566559,0,LOW_RISK,0.0,
BioSpread,AE652,0.6299698948860168,review,0,0.45395225286483765,0,MODERATE_RISK,0.0,
BioSpread,UNSEEN::AD096,0.1812416911125183,medium,0,0.6498836874961853,0,LOW_RISK,0.0,
BioSpread,AE015,0.7535145282745361,review,1,0.5544405579566956,0,MODERATE_RISK,0.0,
BioSpread,UNSEEN::AC392,0.18124262988567352,medium,0,0.6498820781707764,0,LOW_RISK,0.0,
BioSpread,UNSEEN::AG805,0.1812416911125183,medium,0,0.6498836874961853,0,LOW_RISK,0.0,
BioSpread,UNSEEN::AF014,0.18139220774173737,medium,0,0.649608314037323,0,LOW_RISK,0.0,
BioSpread,UNSEEN::AE010,0.18124203383922577,medium,0,0.6498830914497375,0,LOW_RISK,0.0,
BioSpread,UNSEEN::AD725,0.18128445744514465,medium,0,0.6497955322265625,0,LOW_RISK,0.0,
BioSpread,UNSEEN::AC015,0.18129761517047882,medium,0,0.649799644947052,0,LOW_RISK,0.0,
BioSpread,AB772,0.7050708532333374,review,0,0.5014682114124298,0,MODERATE_RISK,0.0,
BioSpread,AB786,0.4516142010688782,review,0,0.45935869216918945,0,LOW_RISK,0.0,
BioSpread,UNSEEN::AD054,0.18138042092323303,medium,0,0.6496255993843079,0,LOW_RISK,0.0,
BioSpread,UNSEEN::AC460,0.1812504082918167,medium,0,0.6498830318450928,0,LOW_RISK,0.0,
BioSpread,AE119,0.49940231442451477,review,0,0.4238964319229126,0,LOW_RISK,0.0,
BioSpread,AG476,0.6954562067985535,review,0,0.49083971977233887,0,MODERATE_RISK,0.0,
BioSpread,UNSEEN::AH231,0.18124237656593323,medium,0,0.6498824954032898,0,LOW_RISK,0.0,
BioSpread,AF309,0.43775150179862976,review,0,0.4324871897697449,0,LOW_RISK,0.0,
BioSpread,UNSEEN::AD832,0.1812015324831009,medium,0,0.6499710381031036,0,LOW_RISK,0.0,
BioSpread,UNSEEN::AD336,0.1814451813697815,medium,0,0.6495155990123749,0,LOW_RISK,0.0,
BioSpread,UNSEEN::AD853,0.18144752085208893,medium,0,0.649509608745575,0,LOW_RISK,0.0,
BioSpread,AB580,0.21001632511615753,medium,0,0.6147933006286621,0,LOW_RISK,0.0,
BioSpread,UNSEEN::AF638,0.18128128349781036,medium,0,0.6498057842254639,0,LOW_RISK,0.0,
BioSpread,UNSEEN::AE309,0.18138986825942993,medium,0,0.6497277319431305,0,LOW_RISK,0.0,
BioSpread,UNSEEN::AF871,0.1813422441482544,medium,0,0.6497002840042114,0,LOW_RISK,0.0,
BioSpread,AH397,0.6587421894073486,review,0,0.48849552869796753,0,MODERATE_RISK,0.0,
BioSpread,AE921,0.4368287920951843,review,0,0.43266016244888306,0,LOW_RISK,0.0,
BioSpread,AF694,0.49707531929016113,review,0,0.4460541009902954,0,LOW_RISK,0.0,
BioSpread,AC604,0.5089391469955444,review,0,0.4232092499732971,0,MODERATE_RISK,0.0,
BioSpread,AA302,0.7816153168678284,review,1,0.590203732252121,0,MODERATE_RISK,0.0,
BioSpread,UNSEEN::AD151,0.18128477036952972,medium,0,0.6497949361801147,0,LOW_RISK,0.0,
BioSpread,AG153,0.2012198269367218,medium,0,0.6212514042854309,0,LOW_RISK,0.0,
BioSpread,AF388,0.24326853454113007,review,0,0.5680207312107086,0,LOW_RISK,0.0,
BioSpread,UNSEEN::AF668,0.18123796582221985,medium,0,0.6499110758304596,0,LOW_RISK,0.0,
BioSpread,UNSEEN::AB019,0.18124203383922577,medium,0,0.6498830914497375,0,LOW_RISK,0.0,
BioSpread,AE525,0.7126004695892334,review,0,0.5077216625213623,0,MODERATE_RISK,0.0,
BioSpread,AC491,0.7201207876205444,review,0,0.5158368349075317,0,MODERATE_RISK,0.0,
BioSpread,AF808,0.7076808214187622,review,0,0.5075396597385406,0,MODERATE_RISK,0.0,
BioSpread,UNSEEN::AE374,0.18128445744514465,medium,0,0.6497955322265625,0,LOW_RISK,0.0,
BioSpread,UNSEEN::AF657,0.1812887191772461,medium,0,0.64980348944664,0,LOW_RISK,0.0,
BioSpread,UNSEEN::AB614,0.18150854110717773,medium,0,0.6494256556034088,0,LOW_RISK,0.0,
BioSpread,UNSEEN::AD662,0.18129152059555054,medium,0,0.6498141288757324,0,LOW_RISK,0.0,
BioSpread,UNSEEN::AE526,0.18128179013729095,medium,0,0.6498049795627594,0,LOW_RISK,0.0,
BioSpread,UNSEEN::AC147,0.18135035037994385,medium,0,0.6496939361095428,0,LOW_RISK,0.0,
BioSpread,AD593,0.7307754158973694,review,1,0.5298234522342682,0,MODERATE_RISK,0.0,
BioSpread,AE765,0.5012127161026001,review,0,0.42360633611679077,0,MODERATE_RISK,0.0,
BioSpread,UNSEEN::AC730,0.1812349557876587,medium,0,0.6499006152153015,0,LOW_RISK,0.0,
BioSpread,AG823,0.35370978713035583,review,0,0.4766843318939209,0,LOW_RISK,0.0,
BioSpread,UNSEEN::AF182,0.18124271929264069,medium,0,0.6498819291591644,0,LOW_RISK,0.0,
BioSpread,AF854,0.6879231929779053,review,0,0.4872678518295288,0,MODERATE_RISK,0.0,
BioSpread,UNSEEN::AF489,0.18129858374595642,medium,0,0.649797648191452,0,LOW_RISK,0.0,
BioSpread,UNSEEN::AF025,0.18133100867271423,medium,0,0.6497083902359009,0,LOW_RISK,0.0,
BioSpread,UNSEEN::AC372,0.18134236335754395,medium,0,0.6497060060501099,0,LOW_RISK,0.0,
BioSpread,AC911,0.5295135974884033,review,0,0.44363707304000854,0,MODERATE_RISK,0.0,
BioSpread,AG262,0.5771254301071167,review,0,0.43795502185821533,0,MODERATE_RISK,0.0,
BioSpread,UNSEEN::AG036,0.1814381331205368,medium,0,0.6495262980461121,0,LOW_RISK,0.0,
BioSpread,UNSEEN::AG959,0.18124203383922577,medium,0,0.6498830914497375,0,LOW_RISK,0.0,
BioSpread,UNSEEN::AG438,0.1813804656267166,medium,0,0.6496124267578125,0,LOW_RISK,0.0,
BioSpread,UNSEEN::AD540,0.1812416911125183,medium,0,0.6498836874961853,0,LOW_RISK,0.0,
BioSpread,UNSEEN::AC933,0.1812426894903183,medium,0,0.6498968601226807,0,LOW_RISK,0.0,
BioSpread,UNSEEN::AE505,0.1813773661851883,medium,0,0.649617463350296,0,LOW_RISK,0.0,
BioSpread,UNSEEN::AE580,0.18128974735736847,medium,0,0.649804562330246,0,LOW_RISK,0.0,
BioSpread,AA941,0.7781907320022583,review,1,0.5843046307563782,0,MODERATE_RISK,0.0,
BioSpread,AB666,0.5205420255661011,review,0,0.43023616075515747,0,MODERATE_RISK,0.0,
BioSpread,AG719,0.7789182662963867,review,0,0.5853175520896912,0,MODERATE_RISK,0.0,
BioSpread,UNSEEN::AG228,0.18124277889728546,medium,0,0.6498856246471405,0,LOW_RISK,0.0,
BioSpread,AD467,0.6052812337875366,review,0,0.4715964198112488,0,MODERATE_RISK,0.0,
BioSpread,UNSEEN::AH058,0.18124237656593323,medium,0,0.6498824954032898,0,LOW_RISK,0.0,
BioSpread,UNSEEN::AF770,0.18124355375766754,medium,0,0.6498902142047882,0,LOW_RISK,0.0,
BioSpread,UNSEEN::AG903,0.18120291829109192,medium,0,0.6499686241149902,0,LOW_RISK,0.0,
BioSpread,UNSEEN::AB307,0.18135368824005127,medium,0,0.6497203409671783,0,LOW_RISK,0.0,
BioSpread,UNSEEN::AC893,0.1812424212694168,medium,0,0.6498862504959106,0,LOW_RISK,0.0,
BioSpread,AD597,0.6747267842292786,review,0,0.477186918258667,0,MODERATE_RISK,0.0,
BioSpread,AG187,0.5204308032989502,review,0,0.43024206161499023,0,MODERATE_RISK,0.0,
BioSpread,AE465,0.7677566409111023,review,0,0.5713309347629547,0,MODERATE_RISK,0.0,
BioSpread,UNSEEN::AE760,0.18124237656593323,medium,0,0.6498824954032898,0,LOW_RISK,0.0,
BioSpread,AG530,0.6957451105117798,review,0,0.49678224325180054,0,MODERATE_RISK,0.0,
BioSpread,AB862,0.6988025307655334,review,0,0.49522650241851807,0,MODERATE_RISK,0.0,
BioSpread,UNSEEN::AH513,0.18120929598808289,medium,0,0.6499722301959991,0,LOW_RISK,0.0,
BioSpread,UNSEEN::AA239,0.18124237656593323,medium,0,0.6498824954032898,0,LOW_RISK,0.0,
BioSpread,UNSEEN::AG618,0.18124344944953918,medium,0,0.6498844623565674,0,LOW_RISK,0.0,
BioSpread,UNSEEN::AC723,0.18120141327381134,medium,0,0.6499712765216827,0,LOW_RISK,0.0,
BioSpread,AH395,0.6298108100891113,review,0,0.49848830699920654,0,MODERATE_RISK,0.0,
BioSpread,UNSEEN::AC617,0.1812416911125183,medium,0,0.6498836874961853,0,LOW_RISK,0.0,
BioSpread,UNSEEN::AD697,0.18120232224464417,medium,0,0.6499697268009186,0,LOW_RISK,0.0,
BioSpread,UNSEEN::AH298,0.18124237656593323,medium,0,0.6498824954032898,0,LOW_RISK,0.0,
BioSpread,UNSEEN::AE462,0.18124203383922577,medium,0,0.6498830914497375,0,LOW_RISK,0.0,
BioSpread,AG152,0.7092487215995789,review,0,0.5105085968971252,0,MODERATE_RISK,0.0,
BioSpread,UNSEEN::AG752,0.18125516176223755,medium,0,0.6498798131942749,0,LOW_RISK,0.0,
BioSpread,UNSEEN::AF018,0.18133823573589325,medium,0,0.6497028470039368,0,LOW_RISK,0.0,
BioSpread,AC696,0.551498293876648,review,0,0.4452679753303528,0,MODERATE_RISK,0.0,
BioSpread,UNSEEN::AD630,0.18129011988639832,medium,0,0.6498087644577026,0,LOW_RISK,0.0,
BioSpread,UNSEEN::AA221,0.1812523752450943,medium,0,0.6498782932758331,0,LOW_RISK,0.0,
BioSpread,AB775,0.6194271445274353,review,0,0.45303016901016235,0,MODERATE_RISK,0.0,
BioSpread,UNSEEN::AE517,0.18124312162399292,medium,0,0.6498850286006927,0,LOW_RISK,0.0,
BioSpread,UNSEEN::AB497,0.1812424212694168,medium,0,0.6498862504959106,0,LOW_RISK,0.0,
BioSpread,AB871,0.7405544519424438,review,0,0.5418765842914581,0,MODERATE_RISK,0.0,
BioSpread,AE949,0.6626161932945251,review,0,0.4769185781478882,0,MODERATE_RISK,0.0,
BioSpread,UNSEEN::AC725,0.18120107054710388,medium,0,0.6499752402305603,0,LOW_RISK,0.0,
BioSpread,UNSEEN::AC599,0.18128201365470886,medium,0,0.6498136222362518,0,LOW_RISK,0.0,
BioSpread,AE466,0.5126304626464844,review,0,0.42282968759536743,0,MODERATE_RISK,0.0,
BioSpread,AA668,0.7592021226882935,review,1,0.5599834322929382,0,MODERATE_RISK,0.0,
BioSpread,UNSEEN::AD314,0.18127506971359253,medium,0,0.6498210728168488,0,LOW_RISK,0.0,
BioSpread,UNSEEN::AD771,0.18134228885173798,medium,0,0.6497002243995667,0,LOW_RISK,0.0,
BioSpread,AD592,0.7131885886192322,review,0,0.5145014524459839,0,MODERATE_RISK,0.0,
BioSpread,AE641,0.6937919855117798,review,0,0.5043147206306458,0,MODERATE_RISK,0.0,
BioSpread,AC944,0.7155734896659851,review,0,0.519548237323761,0,MODERATE_RISK,0.0,
BioSpread,UNSEEN::AG863,0.18124203383922577,medium,0,0.6498830914497375,0,LOW_RISK,0.0,
BioSpread,UNSEEN::AB359,0.18133357167243958,medium,0,0.6497156620025635,0,LOW_RISK,0.0,
BioSpread,AC050,0.6832282543182373,review,0,0.48305314779281616,0,MODERATE_RISK,0.0,
BioSpread,UNSEEN::AH284,0.1812416911125183,medium,0,0.6498836874961853,0,LOW_RISK,0.0,
BioSpread,AD660,0.6725180745124817,review,0,0.475658118724823,0,MODERATE_RISK,0.0,
BioSpread,UNSEEN::AC715,0.18143445253372192,medium,0,0.6495359539985657,0,LOW_RISK,0.0,
BioSpread,UNSEEN::AH278,0.18124131858348846,medium,0,0.6498843431472778,0,LOW_RISK,0.0,
BioSpread,UNSEEN::AA182,0.1812315583229065,medium,0,0.6499375104904175,0,LOW_RISK,0.0,
BioSpread,UNSEEN::AB254,0.18128515779972076,medium,0,0.6497942805290222,0,LOW_RISK,0.0,
BioSpread,AD925,0.43704715371131897,review,0,0.43258702754974365,0,LOW_RISK,0.0,
BioSpread,UNSEEN::AH319,0.1812368482351303,medium,0,0.6498878300189972,0,LOW_RISK,0.0,
BioSpread,AA763,0.7424024939537048,review,0,0.5385609269142151,0,MODERATE_RISK,0.0,
BioSpread,AA195,0.6214492321014404,review,0,0.4505743384361267,0,MODERATE_RISK,0.0,
BioSpread,AD839,0.7425773739814758,review,0,0.5379672646522522,0,MODERATE_RISK,0.0,
BioSpread,AG934,0.16446198523044586,medium,0,0.6783592700958252,0,LOW_RISK,0.0,
BioSpread,AD355,0.35681623220443726,review,0,0.4884260892868042,0,LOW_RISK,0.0,
BioSpread,AD505,0.6891422867774963,review,0,0.4927639365196228,0,MODERATE_RISK,0.0,
BioSpread,UNSEEN::AC606,0.18128731846809387,medium,0,0.6498059034347534,0,LOW_RISK,0.0,
BioSpread,AC289,0.7794990539550781,review,0,0.5863388478755951,0,MODERATE_RISK,0.0,
BioSpread,AD300,0.7336142659187317,review,0,0.5298184454441071,0,MODERATE_RISK,0.0,
BioSpread,AB190,0.7786915302276611,review,0,0.5851694345474243,0,MODERATE_RISK,0.0,
BioSpread,UNSEEN::AB489,0.18133847415447235,medium,0,0.6497151255607605,0,LOW_RISK,0.0,
BioSpread,AA667,0.7758004665374756,review,1,0.5803489089012146,0,MODERATE_RISK,0.0,
BioSpread,UNSEEN::AD628,0.18124502897262573,medium,0,0.6498931646347046,0,LOW_RISK,0.0,
BioSpread,UNSEEN::AA310,0.1813366711139679,medium,0,0.6497294008731842,0,LOW_RISK,0.0,
BioSpread,UNSEEN::AD375,0.1813642531633377,medium,0,0.6500296890735626,0,LOW_RISK,0.0,
BioSpread,UNSEEN::AA350,0.18124441802501678,medium,0,0.6499161720275879,0,LOW_RISK,0.0,
BioSpread,AF747,0.7757302522659302,review,1,0.5808198153972626,0,MODERATE_RISK,0.0,
BioSpread,UNSEEN::AE668,0.18129530549049377,medium,0,0.649793803691864,0,LOW_RISK,0.0,
BioSpread,AD422,0.5706672668457031,review,0,0.44893544912338257,0,MODERATE_RISK,0.0,
BioSpread,AD625,0.43711262941360474,review,0,0.4325650930404663,0,LOW_RISK,0.0,
BioSpread,UNSEEN::AH004,0.18128687143325806,medium,0,0.6498028337955475,0,LOW_RISK,0.0,
BioSpread,UNSEEN::AA020,0.18124103546142578,medium,0,0.6498849391937256,0,LOW_RISK,0.0,
BioSpread,UNSEEN::AG230,0.18124237656593323,medium,0,0.6498824954032898,0,LOW_RISK,0.0,
BioSpread,UNSEEN::AE887,0.18155939877033234,medium,0,0.6492769718170166,0,LOW_RISK,0.0,
BioSpread,AB951,0.776410698890686,review,1,0.5820645093917847,0,MODERATE_RISK,0.0,
BioSpread,UNSEEN::AH259,0.18124108016490936,medium,0,0.649884819984436,0,LOW_RISK,0.0,
BioSpread,AG629,0.521371066570282,review,0,0.4303330183029175,0,MODERATE_RISK,0.0,
BioSpread,UNSEEN::AA312,0.1812923550605774,medium,0,0.6497925519943237,0,LOW_RISK,0.0,
BioSpread,AB555,0.7384217381477356,review,0,0.5339070856571198,0,MODERATE_RISK,0.0,
BioSpread,AE482,0.2482742965221405,review,0,0.5619770586490631,0,LOW_RISK,0.0,
BioSpread,AF352,0.681562602519989,review,0,0.4959142804145813,0,MODERATE_RISK,0.0,
BioSpread,UNSEEN::AF031,0.18150056898593903,medium,0,0.6494586765766144,0,LOW_RISK,0.0,
BioSpread,UNSEEN::AE981,0.18123987317085266,medium,0,0.6499044895172119,0,LOW_RISK,0.0,
BioSpread,UNSEEN::AE069,0.18140366673469543,medium,0,0.6496050357818604,0,LOW_RISK,0.0,
BioSpread,UNSEEN::AF236,0.18124470114707947,medium,0,0.64989373087883,0,LOW_RISK,0.0,
BioSpread,AD297,0.7497918605804443,review,0,0.5489692986011505,0,MODERATE_RISK,0.0,
BioSpread,UNSEEN::AG875,0.18124237656593323,medium,0,0.6498824954032898,0,LOW_RISK,0.0,
BioSpread,AH199,0.5206717252731323,review,0,0.43022942543029785,0,MODERATE_RISK,0.0,
BioSpread,AF273,0.5977931618690491,review,0,0.4428146481513977,0,MODERATE_RISK,0.0,
BioSpread,AG636,0.2012295126914978,medium,0,0.6212372183799744,0,LOW_RISK,0.0,
BioSpread,AB429,0.6224673390388489,review,0,0.4658610224723816,0,MODERATE_RISK,0.0,
BioSpread,UNSEEN::AF447,0.18124237656593323,medium,0,0.6498824954032898,0,LOW_RISK,0.0,
BioSpread,AG105,0.16396714746952057,medium,0,0.6791416704654694,0,LOW_RISK,0.0,
BioSpread,AG241,0.7216340899467468,review,0,0.5217898786067963,0,MODERATE_RISK,0.0,
BioSpread,AG450,0.6619045734405518,review,0,0.47449296712875366,0,MODERATE_RISK,0.0,
BioSpread,UNSEEN::AF062,0.18124203383922577,medium,0,0.6498830914497375,0,LOW_RISK,0.0,
BioSpread,UNSEEN::AD938,0.1812022179365158,medium,0,0.649973601102829,0,LOW_RISK,0.0,
BioSpread,UNSEEN::AF028,0.18123719096183777,medium,0,0.6498910784721375,0,LOW_RISK,0.0,
BioSpread,AF621,0.7087871432304382,review,0,0.5139505863189697,0,MODERATE_RISK,0.0,
BioSpread,AE742,0.714023232460022,review,0,0.5161746740341187,0,MODERATE_RISK,0.0,
BioSpread,UNSEEN::AG659,0.18123649060726166,medium,0,0.649888426065445,0,LOW_RISK,0.0,
BioSpread,UNSEEN::AG173,0.18148045241832733,medium,0,0.6494581401348114,0,LOW_RISK,0.0,
BioSpread,UNSEEN::AA516,0.1818287968635559,medium,0,0.6488470435142517,0,LOW_RISK,0.0,
BioSpread,UNSEEN::AD566,0.18130023777484894,medium,0,0.6498084664344788,0,LOW_RISK,0.0,
BioSpread,AC824,0.5522011518478394,review,0,0.44542527198791504,0,MODERATE_RISK,0.0,
BioSpread,AF246,0.6945214867591858,review,0,0.49210870265960693,0,MODERATE_RISK,0.0,
BioSpread,AC345,0.7746484875679016,review,0,0.5792079865932465,0,MODERATE_RISK,0.0,
BioSpread,AF809,0.7767950892448425,review,1,0.5824990272521973,0,MODERATE_RISK,0.0,
BioSpread,UNSEEN::AB828,0.1812414824962616,medium,0,0.6499062478542328,0,LOW_RISK,0.0,
BioSpread,UNSEEN::AE460,0.18124237656593323,medium,0,0.6498824954032898,0,LOW_RISK,0.0,
BioSpread,AB130,0.7807258367538452,review,1,0.5888067781925201,0,MODERATE_RISK,0.0,
BioSpread,UNSEEN::AG515,0.18134689331054688,medium,0,0.6496994197368622,0,LOW_RISK,0.0,
BioSpread,AD776,0.7007137537002563,review,0,0.4966781735420227,0,MODERATE_RISK,0.0,
BioSpread,AB337,0.7439919114112854,review,1,0.5466372966766357,0,MODERATE_RISK,0.0,
BioSpread,UNSEEN::AE398,0.18120291829109192,medium,0,0.6499686241149902,0,LOW_RISK,0.0,
BioSpread,UNSEEN::AE292,0.18133841454982758,medium,0,0.6497047245502472,0,LOW_RISK,0.0,
BioSpread,UNSEEN::AG200,0.18124115467071533,medium,0,0.6499029695987701,0,LOW_RISK,0.0,
BioSpread,UNSEEN::AE567,0.18124203383922577,medium,0,0.6498830914497375,0,LOW_RISK,0.0,
BioSpread,UNSEEN::AF528,0.18129724264144897,medium,0,0.6497891247272491,0,LOW_RISK,0.0,
BioSpread,AE836,0.1658739298582077,medium,0,0.6778531670570374,0,LOW_RISK,0.0,
BioSpread,UNSEEN::AC616,0.18129633367061615,medium,0,0.6497869193553925,0,LOW_RISK,0.0,
BioSpread,AA615,0.7703367471694946,review,0,0.5723068714141846,0,MODERATE_RISK,0.0,
BioSpread,UNSEEN::AC789,0.18135035037994385,medium,0,0.6496939361095428,0,LOW_RISK,0.0,
BioSpread,AB910,0.7044949531555176,review,0,0.49875712394714355,0,MODERATE_RISK,0.0,
BioSpread,UNSEEN::AE351,0.18139509856700897,medium,0,0.6495937705039978,0,LOW_RISK,0.0,
BioSpread,UNSEEN::AF419,0.18125346302986145,medium,0,0.649896889925003,0,LOW_RISK,0.0,
BioSpread,AF852,0.6873680949211121,review,0,0.48688971996307373,0,MODERATE_RISK,0.0,
BioSpread,UNSEEN::AF336,0.181243896484375,medium,0,0.6498896181583405,0,LOW_RISK,0.0,
BioSpread,UNSEEN::AH180,0.18124271929264069,medium,0,0.6498819291591644,0,LOW_RISK,0.0,
BioSpread,AE744,0.7531917095184326,review,0,0.5527361929416656,0,MODERATE_RISK,0.0,
BioSpread,UNSEEN::AG993,0.1812416911125183,medium,0,0.6498836874961853,0,LOW_RISK,0.0,
BioSpread,UNSEEN::AE422,0.18124312162399292,medium,0,0.6498850286006927,0,LOW_RISK,0.0,
BioSpread,AB251,0.7191017866134644,review,0,0.5138215124607086,0,MODERATE_RISK,0.0,
BioSpread,UNSEEN::AG576,0.18124344944953918,medium,0,0.6498844623565674,0,LOW_RISK,0.0,
BioSpread,UNSEEN::AG718,0.1812012791633606,medium,0,0.6499715447425842,0,LOW_RISK,0.0,
BioSpread,AB323,0.6701891422271729,review,0,0.4740164279937744,0,MODERATE_RISK,0.0,
BioSpread,UNSEEN::AH416,0.18124203383922577,medium,0,0.6498830914497375,0,LOW_RISK,0.0,
BioSpread,UNSEEN::AF835,0.18124151229858398,medium,0,0.6498840749263763,0,LOW_RISK,0.0,
BioSpread,UNSEEN::AF385,0.1812416911125183,medium,0,0.6498836874961853,0,LOW_RISK,0.0,
BioSpread,UNSEEN::AE302,0.18134242296218872,medium,0,0.6496968567371368,0,LOW_RISK,0.0,
BioSpread,UNSEEN::AF729,0.1814548522233963,medium,0,0.6495352387428284,0,LOW_RISK,0.0,
BioSpread,AE616,0.4370034635066986,review,0,0.4326016306877136,0,LOW_RISK,0.0,
BioSpread,UNSEEN::AG940,0.1812416911125183,medium,0,0.6498836874961853,0,LOW_RISK,0.0,
BioSpread,AC152,0.5808417797088623,review,0,0.438263475894928,0,MODERATE_RISK,0.0,
BioSpread,UNSEEN::AG284,0.1812015324831009,medium,0,0.6499710381031036,0,LOW_RISK,0.0,
BioSpread,AA031,0.7744460105895996,review,0,0.5788927376270294,0,MODERATE_RISK,0.0,
BioSpread,AF681,0.5802420973777771,review,0,0.43804705142974854,0,MODERATE_RISK,0.0,
BioSpread,UNSEEN::AF163,0.1812416911125183,medium,0,0.6498836874961853,0,LOW_RISK,0.0,
BioSpread,UNSEEN::AG127,0.18124203383922577,medium,0,0.6498830914497375,0,LOW_RISK,0.0,
BioSpread,UNSEEN::AC580,0.18160420656204224,medium,0,0.6492500901222229,0,LOW_RISK,0.0,
BioSpread,UNSEEN::AF311,0.18128807842731476,medium,0,0.6498046219348907,0,LOW_RISK,0.0,
BioSpread,AD775,0.6991777420043945,review,0,0.49561601877212524,0,MODERATE_RISK,0.0,
BioSpread,UNSEEN::AC109,0.1814947873353958,medium,0,0.6493987441062927,0,LOW_RISK,0.0,
BioSpread,UNSEEN::AH222,0.18128445744514465,medium,0,0.6497955322265625,0,LOW_RISK,0.0,
BioSpread,AG633,0.24823907017707825,review,0,0.5620148479938507,0,LOW_RISK,0.0,
BioSpread,UNSEEN::AF485,0.18129312992095947,medium,0,0.6497900187969208,0,LOW_RISK,0.0,
BioSpread,UNSEEN::AF171,0.18138712644577026,medium,0,0.6496284604072571,0,LOW_RISK,0.0,
BioSpread,UNSEEN::AE615,0.18155543506145477,medium,0,0.6492825150489807,0,LOW_RISK,0.0,
BioSpread,AB743,0.7589060068130493,review,0,0.5566113591194153,0,MODERATE_RISK,0.0,
BioSpread,UNSEEN::AC646,0.18124975264072418,medium,0,0.6498841345310211,0,LOW_RISK,0.0,
BioSpread,AE851,0.6844676733016968,review,0,0.495156466960907,0,MODERATE_RISK,0.0,
BioSpread,AC799,0.7403156161308289,review,0,0.5441169142723083,0,MODERATE_RISK,0.0,
BioSpread,UNSEEN::AA507,0.18124237656593323,medium,0,0.6498824954032898,0,LOW_RISK,0.0,
BioSpread,UNSEEN::AD671,0.181293323636055,medium,0,0.6497896015644073,0,LOW_RISK,0.0,
BioSpread,UNSEEN::AD044,0.18128594756126404,medium,0,0.6497967541217804,0,LOW_RISK,0.0,
BioSpread,UNSEEN::AC925,0.18124420940876007,medium,0,0.6498869359493256,0,LOW_RISK,0.0,
BioSpread,AG107,0.29972177743911743,review,0,0.5226997137069702,0,LOW_RISK,0.0,
BioSpread,AA334,0.7781054377555847,review,0,0.5841220319271088,0,MODERATE_RISK,0.0,
BioSpread,UNSEEN::AE234,0.18169595301151276,medium,0,0.6490297019481659,0,LOW_RISK,0.0,
BioSpread,UNSEEN::AF834,0.1813359409570694,medium,0,0.6497215032577515,0,LOW_RISK,0.0,
BioSpread,UNSEEN::AG344,0.1812416911125183,medium,0,0.6498836874961853,0,LOW_RISK,0.0,
BioSpread,AD058,0.7775251269340515,review,1,0.5833077728748322,0,MODERATE_RISK,0.0,
BioSpread,UNSEEN::AB958,0.18124094605445862,medium,0,0.6498850286006927,0,LOW_RISK,0.0,
BioSpread,AF605,0.6752983331680298,review,0,0.4779484272003174,0,MODERATE_RISK,0.0,
BioSpread,AB640,0.7772915363311768,review,1,0.5833535492420197,0,MODERATE_RISK,0.0,
BioSpread,AE250,0.5220139026641846,review,0,0.43044090270996094,0,MODERATE_RISK,0.0,
BioSpread,AG394,0.647390604019165,review,0,0.46013450622558594,0,MODERATE_RISK,0.0,
BioSpread,UNSEEN::AC085,0.18127909302711487,medium,0,0.6498005390167236,0,LOW_RISK,0.0,
BioSpread,UNSEEN::AH093,0.18120257556438446,medium,0,0.649969220161438,0,LOW_RISK,0.0,
BioSpread,AF051,0.24827246367931366,review,0,0.5619763135910034,0,LOW_RISK,0.0,
BioSpread,AB849,0.4335327446460724,review,0,0.502214252948761,0,LOW_RISK,0.0,
BioSpread,UNSEEN::AB093,0.18123874068260193,medium,0,0.6498959362506866,0,LOW_RISK,0.0,
BioSpread,UNSEEN::AF523,0.18138475716114044,medium,0,0.6496042013168335,0,LOW_RISK,0.0,
BioSpread,UNSEEN::AH188,0.18123427033424377,medium,0,0.6499022245407104,0,LOW_RISK,0.0,
BioSpread,UNSEEN::AD865,0.18143098056316376,medium,0,0.6495106518268585,0,LOW_RISK,0.0,
BioSpread,UNSEEN::AE344,0.18124203383922577,medium,0,0.6498830914497375,0,LOW_RISK,0.0,
BioSpread,UNSEEN::AC042,0.18124206364154816,medium,0,0.6498869955539703,0,LOW_RISK,0.0,
BioSpread,AF841,0.20121018588542938,medium,0,0.6212655901908875,0,LOW_RISK,0.0,
BioSpread,UNSEEN::AG906,0.1812463104724884,medium,0,0.6498837471008301,0,LOW_RISK,0.0,
BioSpread,AC351,0.7382950186729431,review,0,0.5359738171100616,0,MODERATE_RISK,0.0,
BioSpread,UNSEEN::AA101,0.18133465945720673,medium,0,0.6497265994548798,0,LOW_RISK,0.0,
BioSpread,UNSEEN::AG128,0.18128558993339539,medium,0,0.6497973799705505,0,LOW_RISK,0.0,
BioSpread,UNSEEN::AH370,0.1812416911125183,medium,0,0.6498836874961853,0,LOW_RISK,0.0,
BioSpread,UNSEEN::AC004,0.1813850849866867,medium,0,0.6496035754680634,0,LOW_RISK,0.0,
BioSpread,AD247,0.5996573567390442,review,0,0.4429118037223816,0,MODERATE_RISK,0.0,
BioSpread,UNSEEN::AF061,0.18128493428230286,medium,0,0.6498111486434937,0,LOW_RISK,0.0,
BioSpread,AD478,0.20120051503181458,medium,0,0.6212798357009888,0,LOW_RISK,0.0,
BioSpread,AC364,0.7384233474731445,review,0,0.5383983552455902,0,MODERATE_RISK,0.0,
BioSpread,AD946,0.4175455868244171,review,0,0.4725801348686218,0,LOW_RISK,0.0,
BioSpread,UNSEEN::AB407,0.18134433031082153,medium,0,0.6496922671794891,0,LOW_RISK,0.0,
BioSpread,UNSEEN::AD948,0.1813788115978241,medium,0,0.6496113836765289,0,LOW_RISK,0.0,
BioSpread,AB968,0.7767612338066101,review,0,0.5817970335483551,0,MODERATE_RISK,0.0,
BioSpread,UNSEEN::AF538,0.18125441670417786,medium,0,0.649877279996872,0,LOW_RISK,0.0,
BioSpread,AD941,0.6872507333755493,review,0,0.4858238101005554,0,MODERATE_RISK,0.0,
BioSpread,UNSEEN::AF000,0.18128445744514465,medium,0,0.6497955322265625,0,LOW_RISK,0.0,
BioSpread,AA985,0.7090174555778503,review,0,0.5041246712207794,0,MODERATE_RISK,0.0,
BioSpread,AF500,0.20120051503181458,medium,0,0.6212798357009888,0,LOW_RISK,0.0,
BioSpread,AF084,0.7406730651855469,review,0,0.5347383916378021,0,MODERATE_RISK,0.0,
BioSpread,UNSEEN::AC533,0.18124203383922577,medium,0,0.6498830914497375,0,LOW_RISK,0.0,
BioSpread,AH268,0.5325726270675659,review,0,0.4251365661621094,0,MODERATE_RISK,0.0,
BioSpread,UNSEEN::AA676,0.18129178881645203,medium,0,0.6497934758663177,0,LOW_RISK,0.0,
BioSpread,UNSEEN::AB419,0.1812029331922531,medium,0,0.6499761641025543,0,LOW_RISK,0.0,
BioSpread,UNSEEN::AE449,0.18120257556438446,medium,0,0.649969220161438,0,LOW_RISK,0.0,
BioSpread,UNSEEN::AE997,0.18128550052642822,medium,0,0.6497937142848969,0,LOW_RISK,0.0,
BioSpread,AF317,0.20121018588542938,medium,0,0.6212655901908875,0,LOW_RISK,0.0,
BioSpread,AF772,0.7686823606491089,review,0,0.5720667243003845,0,MODERATE_RISK,0.0,
BioSpread,AG027,0.6802874207496643,review,0,0.48668521642684937,0,MODERATE_RISK,0.0,
BioSpread,AE965,0.7040626406669617,review,0,0.5002043545246124,0,MODERATE_RISK,0.0,
BioSpread,AA628,0.7828296422958374,review,0,0.5918260216712952,0,MODERATE_RISK,0.0,
BioSpread,UNSEEN::AF097,0.1812416911125183,medium,0,0.6498836874961853,0,LOW_RISK,0.0,
BioSpread,UNSEEN::AC565,0.1813925951719284,medium,0,0.6496478915214539,0,LOW_RISK,0.0,
BioSpread,AC628,0.7770138382911682,review,1,0.582867830991745,0,MODERATE_RISK,0.0,
BioSpread,UNSEEN::AA944,0.1817585676908493,medium,0,0.6489757895469666,0,LOW_RISK,0.0,
BioSpread,AC510,0.7431605458259583,review,0,0.5379049777984619,0,MODERATE_RISK,0.0,
BioSpread,UNSEEN::AF782,0.1812416911125183,medium,0,0.6498836874961853,0,LOW_RISK,0.0,
BioSpread,UNSEEN::AB058,0.18191669881343842,medium,0,0.6486494541168213,0,LOW_RISK,0.0,
BioSpread,AD456,0.5825494527816772,review,0,0.4397847056388855,0,MODERATE_RISK,0.0,
BioSpread,AC663,0.6696305871009827,review,1,0.48838335275650024,0,MODERATE_RISK,0.0,
BioSpread,UNSEEN::AG441,0.18134665489196777,medium,0,0.6497029662132263,0,LOW_RISK,0.0,
BioSpread,AG507,0.7436299920082092,review,0,0.5447799861431122,0,MODERATE_RISK,0.0,
BioSpread,AC324,0.6728968620300293,review,0,0.48524051904678345,0,MODERATE_RISK,0.0,
BioSpread,AG491,0.6987892985343933,review,0,0.49521583318710327,0,MODERATE_RISK,0.0,
BioSpread,UNSEEN::AB239,0.1816045492887497,medium,0,0.6492399275302887,0,LOW_RISK,0.0,
BioSpread,UNSEEN::AD544,0.18120291829109192,medium,0,0.6499686241149902,0,LOW_RISK,0.0,
BioSpread,AH062,0.6618291139602661,review,0,0.4742773175239563,0,MODERATE_RISK,0.0,
BioSpread,UNSEEN::AF029,0.1812411993741989,medium,0,0.6498845815658569,0,LOW_RISK,0.0,
BioSpread,UNSEEN::AA060,0.18122030794620514,medium,0,0.6499878168106079,0,LOW_RISK,0.0,
BioSpread,AA953,0.7396317720413208,review,0,0.5358567833900452,0,MODERATE_RISK,0.0,
BioSpread,UNSEEN::AF810,0.1812022477388382,medium,0,0.6499698162078857,0,LOW_RISK,0.0,
BioSpread,UNSEEN::AG332,0.18120257556438446,medium,0,0.649969220161438,0,LOW_RISK,0.0,
BioSpread,UNSEEN::AF730,0.18124237656593323,medium,0,0.6498824954032898,0,LOW_RISK,0.0,
BioSpread,UNSEEN::AF872,0.18127888441085815,medium,0,0.6498008668422699,0,LOW_RISK,0.0,
BioSpread,AD363,0.20121018588542938,medium,0,0.6212655901908875,0,LOW_RISK,0.0,
BioSpread,UNSEEN::AG384,0.18145354092121124,medium,0,0.6495123505592346,0,LOW_RISK,0.0,
BioSpread,UNSEEN::AA877,0.1812416911125183,medium,0,0.6498836874961853,0,LOW_RISK,0.0,
BioSpread,UNSEEN::AH074,0.1812416911125183,medium,0,0.6498836874961853,0,LOW_RISK,0.0,
BioSpread,AC947,0.1605726182460785,medium,0,0.6888020634651184,0,LOW_RISK,0.0,
BioSpread,UNSEEN::AG540,0.1813332587480545,medium,0,0.6497083604335785,0,LOW_RISK,0.0,
BioSpread,AF157,0.5206531882286072,review,0,0.43023037910461426,0,MODERATE_RISK,0.0,
BioSpread,AE434,0.27264103293418884,review,0,0.5371180772781372,0,LOW_RISK,0.0,
BioSpread,UNSEEN::AE676,0.18124131858348846,medium,0,0.6498843431472778,0,LOW_RISK,0.0,
BioSpread,AF072,0.45273229479789734,review,0,0.4463995695114136,0,LOW_RISK,0.0,
BioSpread,AC759,0.5823009014129639,review,0,0.43869560956954956,0,MODERATE_RISK,0.0,
BioSpread,UNSEEN::AA749,0.18152639269828796,medium,0,0.6494151055812836,0,LOW_RISK,0.0,
BioSpread,AA253,0.61720871925354,review,0,0.47094637155532837,0,MODERATE_RISK,0.0,
BioSpread,UNSEEN::AD091,0.18131422996520996,medium,0,0.6497574746608734,0,LOW_RISK,0.0,
BioSpread,UNSEEN::AH425,0.18124237656593323,medium,0,0.6498824954032898,0,LOW_RISK,0.0,
BioSpread,AA205,0.6668859720230103,review,0,0.4693793058395386,0,MODERATE_RISK,0.0,
BioSpread,UNSEEN::AA313,0.18148334324359894,medium,0,0.6494630575180054,0,LOW_RISK,0.0,
BioSpread,UNSEEN::AC662,0.18150107562541962,medium,0,0.6494197845458984,0,LOW_RISK,0.0,
BioSpread,UNSEEN::AC952,0.1812015324831009,medium,0,0.6499710381031036,0,LOW_RISK,0.0,
BioSpread,UNSEEN::AA722,0.18124203383922577,medium,0,0.6498830914497375,0,LOW_RISK,0.0,
BioSpread,UNSEEN::AF922,0.18129616975784302,medium,0,0.649787187576294,0,LOW_RISK,0.0,
BioSpread,AB657,0.5205605626106262,review,0,0.43023520708084106,0,MODERATE_RISK,0.0,
BioSpread,UNSEEN::AE833,0.18124237656593323,medium,0,0.6498824954032898,0,LOW_RISK,0.0,
BioSpread,UNSEEN::AB189,0.18155542016029358,medium,0,0.6492911577224731,0,LOW_RISK,0.0,
BioSpread,AC943,0.7384766340255737,review,0,0.5353378057479858,0,MODERATE_RISK,0.0,
BioSpread,UNSEEN::AE902,0.1812402606010437,medium,0,0.6498947143554688,0,LOW_RISK,0.0,
BioSpread,UNSEEN::AE385,0.18134194612503052,medium,0,0.6496937870979309,0,LOW_RISK,0.0,
BioSpread,UNSEEN::AG539,0.18124428391456604,medium,0,0.6498906314373016,0,LOW_RISK,0.0,
BioSpread,UNSEEN::AH315,0.18124237656593323,medium,0,0.6498824954032898,0,LOW_RISK,0.0,
BioSpread,AC229,0.5503798127174377,review,0,0.44401848316192627,0,MODERATE_RISK,0.0,
BioSpread,UNSEEN::AC179,0.18134117126464844,medium,0,0.6497025489807129,0,LOW_RISK,0.0,
BioSpread,UNSEEN::AF359,0.18128594756126404,medium,0,0.6497967541217804,0,LOW_RISK,0.0,
BioSpread,UNSEEN::AH176,0.18128515779972076,medium,0,0.6497942805290222,0,LOW_RISK,0.0,
BioSpread,UNSEEN::AF286,0.18128637969493866,medium,0,0.6497998237609863,0,LOW_RISK,0.0,
BioSpread,AB002,0.7558528780937195,review,1,0.558352530002594,0,MODERATE_RISK,0.0,
BioSpread,UNSEEN::AC740,0.18124344944953918,medium,0,0.6498844623565674,0,LOW_RISK,0.0,
BioSpread,AE365,0.647390604019165,review,0,0.46013450622558594,0,MODERATE_RISK,0.0,
BioSpread,UNSEEN::AC883,0.18120360374450684,medium,0,0.649971216917038,0,LOW_RISK,0.0,
BioSpread,UNSEEN::AD232,0.18129374086856842,medium,0,0.6497888267040253,0,LOW_RISK,0.0,
BioSpread,AF398,0.436959832906723,review,0,0.4326162338256836,0,LOW_RISK,0.0,
BioSpread,UNSEEN::AC791,0.1812455803155899,medium,0,0.6498922407627106,0,LOW_RISK,0.0,
BioSpread,AD706,0.20120051503181458,medium,0,0.6212798357009888,0,LOW_RISK,0.0,
BioSpread,AE834,0.16080787777900696,medium,1,0.685158759355545,0,LOW_RISK,0.0,
BioSpread,AA111,0.7291064262390137,review,0,0.525979608297348,0,MODERATE_RISK,0.0,
BioSpread,UNSEEN::AA633,0.18150947988033295,medium,0,0.649416446685791,0,LOW_RISK,0.0,
BioSpread,AA155,0.7400314807891846,review,0,0.5345340371131897,0,MODERATE_RISK,0.0,
BioSpread,AA406,0.7826047539710999,review,0,0.590740829706192,0,MODERATE_RISK,0.0,
BioSpread,UNSEEN::AE013,0.18128515779972076,medium,0,0.6497942805290222,0,LOW_RISK,0.0,
BioSpread,UNSEEN::AH432,0.1812416911125183,medium,0,0.6498836874961853,0,LOW_RISK,0.0,
BioSpread,AB777,0.5220911502838135,review,0,0.435377836227417,0,MODERATE_RISK,0.0,
BioSpread,UNSEEN::AA177,0.18134981393814087,medium,0,0.6496949195861816,0,LOW_RISK,0.0,
BioSpread,UNSEEN::AG801,0.1812845766544342,medium,0,0.6498485207557678,0,LOW_RISK,0.0,
BioSpread,AD652,0.5865383148193359,review,0,0.4398581385612488,0,MODERATE_RISK,0.0,
BioSpread,UNSEEN::AD483,0.18124358355998993,medium,0,0.6498918533325195,0,LOW_RISK,0.0,
BioSpread,AB781,0.2569487988948822,review,0,0.5665208101272583,0,LOW_RISK,0.0,
BioSpread,UNSEEN::AB479,0.18128915131092072,medium,0,0.6497955322265625,0,LOW_RISK,0.0,
BioSpread,UNSEEN::AB382,0.18129919469356537,medium,0,0.6497844755649567,0,LOW_RISK,0.0,
BioSpread,AD767,0.674265444278717,review,0,0.4863088130950928,0,MODERATE_RISK,0.0,
BioSpread,AC794,0.20132793486118317,medium,0,0.621129721403122,0,LOW_RISK,0.0,
BioSpread,UNSEEN::AA146,0.18118713796138763,medium,0,0.6500195860862732,0,LOW_RISK,0.0,
BioSpread,AB401,0.7177967429161072,review,0,0.5151824653148651,0,MODERATE_RISK,0.0,
BioSpread,UNSEEN::AC340,0.18129031360149384,medium,0,0.6498085856437683,0,LOW_RISK,0.0,
BioSpread,AA303,0.7780672311782837,review,0,0.5839940905570984,0,MODERATE_RISK,0.0,
BioSpread,AH456,0.42679959535598755,review,0,0.45369476079940796,0,LOW_RISK,0.0,
BioSpread,AC987,0.59187912940979,review,0,0.4413594603538513,0,MODERATE_RISK,0.0,
BioSpread,UNSEEN::AA157,0.18161018192768097,medium,0,0.6491687595844269,0,LOW_RISK,0.0,
BioSpread,AH363,0.6298108100891113,review,0,0.49848830699920654,0,MODERATE_RISK,0.0,
BioSpread,AA440,0.7769525647163391,review,1,0.5822771787643433,0,MODERATE_RISK,0.0,
BioSpread,AA010,0.7744979858398438,review,0,0.579075276851654,0,MODERATE_RISK,0.0,
BioSpread,UNSEEN::AF327,0.1812862902879715,medium,0,0.649796187877655,0,LOW_RISK,0.0,
BioSpread,AA753,0.7326371073722839,review,0,0.5291655957698822,0,MODERATE_RISK,0.0,
BioSpread,UNSEEN::AE631,0.18120291829109192,medium,0,0.6499686241149902,0,LOW_RISK,0.0,
BioSpread,UNSEEN::AC776,0.18173934519290924,medium,0,0.6489223837852478,0,LOW_RISK,0.0,
BioSpread,AF249,0.7093139290809631,review,0,0.5147501528263092,0,MODERATE_RISK,0.0,
BioSpread,AF036,0.6729763150215149,review,0,0.4760393500328064,0,MODERATE_RISK,0.0,
BioSpread,AD871,0.7278483510017395,review,0,0.5249494910240173,0,MODERATE_RISK,0.0,
BioSpread,UNSEEN::AE388,0.18158498406410217,medium,0,0.6493397057056427,0,LOW_RISK,0.0,
BioSpread,AE624,0.6832415461540222,review,0,0.48306143283843994,0,MODERATE_RISK,0.0,
BioSpread,UNSEEN::AE999,0.18124271929264069,medium,0,0.6498819291591644,0,LOW_RISK,0.0,
BioSpread,UNSEEN::AF869,0.1813296228647232,medium,0,0.6497030854225159,0,LOW_RISK,0.0,
BioSpread,AB085,0.6763462424278259,review,0,0.4836805462837219,0,MODERATE_RISK,0.0,
BioSpread,AA069,0.7756974101066589,review,0,0.5803071558475494,0,MODERATE_RISK,0.0,
BioSpread,AB257,0.688112199306488,review,0,0.4915446639060974,0,MODERATE_RISK,0.0,
BioSpread,UNSEEN::AA374,0.2007550448179245,medium,0,0.6228874623775482,0,LOW_RISK,0.0,
BioSpread,AA116,0.7252675890922546,review,0,0.5218896865844727,0,MODERATE_RISK,0.0,
BioSpread,UNSEEN::AE455,0.1813783198595047,medium,0,0.6496044397354126,0,LOW_RISK,0.0,
BioSpread,AD647,0.6994284391403198,review,0,0.5007274746894836,0,MODERATE_RISK,0.0,
BioSpread,UNSEEN::AH289,0.1812841296195984,medium,0,0.6497960984706879,0,LOW_RISK,0.0,
BioSpread,AC825,0.2557866871356964,review,0,0.5537188351154327,0,LOW_RISK,0.0,
BioSpread,AA604,0.5520891547203064,review,0,0.44525963068008423,0,MODERATE_RISK,0.0,
BioSpread,AD525,0.4701126515865326,review,0,0.4577234387397766,0,LOW_RISK,0.0,
BioSpread,AA007,0.7633177638053894,review,0,0.5649083852767944,0,MODERATE_RISK,0.0,
BioSpread,UNSEEN::AD964,0.18128550052642822,medium,0,0.6497937142848969,0,LOW_RISK,0.0,
BioSpread,UNSEEN::AA447,0.18127818405628204,medium,0,0.6498517394065857,0,LOW_RISK,0.0,
BioSpread,AF092,0.6835868954658508,review,0,0.4945521950721741,0,MODERATE_RISK,0.0,
BioSpread,UNSEEN::AF777,0.18128429353237152,medium,0,0.649803102016449,0,LOW_RISK,0.0,
BioSpread,UNSEEN::AB425,0.18124237656593323,medium,0,0.6498824954032898,0,LOW_RISK,0.0,
BioSpread,UNSEEN::AD974,0.18128588795661926,medium,0,0.6497969031333923,0,LOW_RISK,0.0,
BioSpread,UNSEEN::AB749,0.1813323050737381,medium,0,0.6497141122817993,0,LOW_RISK,0.0,
BioSpread,UNSEEN::AC823,0.18129530549049377,medium,0,0.649793803691864,0,LOW_RISK,0.0,
BioSpread,UNSEEN::AF369,0.18137890100479126,medium,0,0.6496073007583618,0,LOW_RISK,0.0,
BioSpread,AB434,0.7766246199607849,review,1,0.5827065706253052,0,MODERATE_RISK,0.0,
BioSpread,UNSEEN::AC314,0.18508735299110413,medium,0,0.6434866487979889,0,LOW_RISK,0.0,
BioSpread,UNSEEN::AA847,0.18134117126464844,medium,0,0.6497025489807129,0,LOW_RISK,0.0,
BioSpread,AC311,0.7245076298713684,review,0,0.5208410918712616,0,MODERATE_RISK,0.0,
BioSpread,AB520,0.7144889235496521,review,0,0.5128589272499084,0,MODERATE_RISK,0.0,
BioSpread,UNSEEN::AA906,0.18135035037994385,medium,0,0.6496939361095428,0,LOW_RISK,0.0,
BioSpread,AB936,0.25390535593032837,review,0,0.5561587810516357,0,LOW_RISK,0.0,
BioSpread,AF214,0.26911288499832153,review,0,0.5393854081630707,0,LOW_RISK,0.0,
BioSpread,UNSEEN::AE001,0.1812881976366043,medium,0,0.6498111188411713,0,LOW_RISK,0.0,
BioSpread,AG242,0.3202444612979889,review,0,0.5150303244590759,0,LOW_RISK,0.0,
BioSpread,AD130,0.2011522501707077,medium,0,0.6213507354259491,0,LOW_RISK,0.0,
BioSpread,UNSEEN::AB603,0.1812363862991333,medium,0,0.6499023735523224,0,LOW_RISK,0.0,
BioSpread,UNSEEN::AC048,0.18190623819828033,medium,0,0.6487517356872559,0,LOW_RISK,0.0,
BioSpread,AG872,0.20120051503181458,medium,0,0.6212798357009888,0,LOW_RISK,0.0,
BioSpread,UNSEEN::AE984,0.18124788999557495,medium,0,0.6499035358428955,0,LOW_RISK,0.0,
BioSpread,UNSEEN::AB529,0.18135230243206024,medium,0,0.6497543454170227,0,LOW_RISK,0.0,
BioSpread,AA769,0.7787827849388123,review,0,0.5853380560874939,0,MODERATE_RISK,0.0,
BioSpread,AE692,0.49050652980804443,review,0,0.44916486740112305,0,LOW_RISK,0.0,
BioSpread,AE474,0.7442172765731812,review,0,0.5433411300182343,0,MODERATE_RISK,0.0,
BioSpread,AG091,0.7743030190467834,review,0,0.5781351923942566,0,MODERATE_RISK,0.0,
BioSpread,UNSEEN::AG140,0.18128594756126404,medium,0,0.6497967541217804,0,LOW_RISK,0.0,
BioSpread,UNSEEN::AC687,0.18129031360149384,medium,0,0.6498362720012665,0,LOW_RISK,0.0,
BioSpread,UNSEEN::AE293,0.18135197460651398,medium,0,0.6496929228305817,0,LOW_RISK,0.0,
BioSpread,UNSEEN::AH504,0.1812431812286377,medium,0,0.6498887240886688,0,LOW_RISK,0.0,
BioSpread,UNSEEN::AD479,0.1815679520368576,medium,0,0.6493092477321625,0,LOW_RISK,0.0,
BioSpread,UNSEEN::AD252,0.18119938671588898,medium,0,0.649979442358017,0,LOW_RISK,0.0,
BioSpread,AD489,0.5220958590507507,review,0,0.4438830018043518,0,MODERATE_RISK,0.0,
BioSpread,AD717,0.7686282992362976,review,0,0.56951504945755,0,MODERATE_RISK,0.0,
BioSpread,UNSEEN::AE350,0.18128558993339539,medium,0,0.6497973799705505,0,LOW_RISK,0.0,
BioSpread,AG966,0.5895739793777466,review,0,0.43296539783477783,0,MODERATE_RISK,0.0,
BioSpread,UNSEEN::AD076,0.18145817518234253,medium,0,0.6495256721973419,0,LOW_RISK,0.0,
BioSpread,UNSEEN::AD043,0.1812416911125183,medium,0,0.6498836874961853,0,LOW_RISK,0.0,
BioSpread,UNSEEN::AD749,0.18133525550365448,medium,0,0.6497054100036621,0,LOW_RISK,0.0,
BioSpread,UNSEEN::AG913,0.18124271929264069,medium,0,0.6498819291591644,0,LOW_RISK,0.0,
BioSpread,UNSEEN::AC464,0.18124157190322876,medium,0,0.6498839259147644,0,LOW_RISK,0.0,
BioSpread,UNSEEN::AF897,0.18124258518218994,medium,0,0.6498898565769196,0,LOW_RISK,0.0,
BioSpread,UNSEEN::AC703,0.18139460682868958,medium,0,0.6496194303035736,0,LOW_RISK,0.0,
BioSpread,AE749,0.589928925037384,review,0,0.436149537563324,0,MODERATE_RISK,0.0,
BioSpread,UNSEEN::AA625,0.1812397986650467,medium,0,0.6498872637748718,0,LOW_RISK,0.0,
BioSpread,UNSEEN::AC866,0.18124271929264069,medium,0,0.6498819291591644,0,LOW_RISK,0.0,
BioSpread,UNSEEN::AA988,0.18124237656593323,medium,0,0.6498824954032898,0,LOW_RISK,0.0,
BioSpread,UNSEEN::AC784,0.18123981356620789,medium,0,0.6498979032039642,0,LOW_RISK,0.0,
BioSpread,UNSEEN::AF466,0.18124271929264069,medium,0,0.6498819291591644,0,LOW_RISK,0.0,
BioSpread,UNSEEN::AC210,0.18124271929264069,medium,0,0.6498819291591644,0,LOW_RISK,0.0,
BioSpread,UNSEEN::AB200,0.18128526210784912,medium,0,0.6497979462146759,0,LOW_RISK,0.0,
BioSpread,UNSEEN::AE382,0.18145252764225006,medium,0,0.6495046019554138,0,LOW_RISK,0.0,
BioSpread,UNSEEN::AE732,0.1812419444322586,medium,0,0.6498942971229553,0,LOW_RISK,0.0,
BioSpread,AC417,0.6981496214866638,review,0,0.49498647451400757,0,MODERATE_RISK,0.0,
BioSpread,UNSEEN::AD643,0.18124157190322876,medium,0,0.6498839259147644,0,LOW_RISK,0.0,
BioSpread,AF026,0.5967597961425781,review,0,0.4530041813850403,0,MODERATE_RISK,0.0,
BioSpread,UNSEEN::AC613,0.18124277889728546,medium,0,0.6498856246471405,0,LOW_RISK,0.0,
BioSpread,UNSEEN::AE658,0.18120291829109192,medium,0,0.6499686241149902,0,LOW_RISK,0.0,
BioSpread,AA613,0.77488112449646,review,0,0.5795378684997559,0,MODERATE_RISK,0.0,
BioSpread,UNSEEN::AH448,0.18124237656593323,medium,0,0.6498824954032898,0,LOW_RISK,0.0,
BioSpread,UNSEEN::AH082,0.18124237656593323,medium,0,0.6498824954032898,0,LOW_RISK,0.0,
BioSpread,UNSEEN::AF550,0.18124979734420776,medium,0,0.6498882174491882,0,LOW_RISK,0.0,
BioSpread,UNSEEN::AF798,0.18124237656593323,medium,0,0.6498824954032898,0,LOW_RISK,0.0,
BioSpread,AA673,0.7579932808876038,review,1,0.5587595105171204,0,MODERATE_RISK,0.0,
BioSpread,AF307,0.5205790996551514,review,0,0.4302341938018799,0,MODERATE_RISK,0.0,
BioSpread,UNSEEN::AA846,0.1814814954996109,medium,0,0.6494187116622925,0,LOW_RISK,0.0,
BioSpread,AC484,0.7197819948196411,review,0,0.5179563164710999,0,MODERATE_RISK,0.0,
BioSpread,AG609,0.20124882459640503,medium,0,0.6212088167667389,0,LOW_RISK,0.0,
BioSpread,AB687,0.759870171546936,review,1,0.5611269176006317,0,MODERATE_RISK,0.0,
BioSpread,AF085,0.7747108936309814,review,1,0.5796011686325073,0,MODERATE_RISK,0.0,
BioSpread,AC021,0.7271659970283508,review,0,0.5285440683364868,0,MODERATE_RISK,0.0,
BioSpread,UNSEEN::AD169,0.18144017457962036,medium,0,0.6495043933391571,0,LOW_RISK,0.0,
BioSpread,UNSEEN::AE837,0.1812799870967865,medium,0,0.649836927652359,0,LOW_RISK,0.0,
BioSpread,UNSEEN::AH424,0.18124271929264069,medium,0,0.6498819291591644,0,LOW_RISK,0.0,
BioSpread,UNSEEN::AG835,0.18124312162399292,medium,0,0.6498850286006927,0,LOW_RISK,0.0,
BioSpread,AF628,0.6658948063850403,review,0,0.4797234535217285,0,MODERATE_RISK,0.0,
BioSpread,AB650,0.6466081142425537,review,0,0.4642776846885681,0,MODERATE_RISK,0.0,
BioSpread,UNSEEN::AC091,0.18128594756126404,medium,0,0.6497967541217804,0,LOW_RISK,0.0,
BioSpread,AA203,0.7102173566818237,review,0,0.5074624419212341,0,MODERATE_RISK,0.0,
BioSpread,AG724,0.7480309009552002,review,0,0.549214631319046,0,MODERATE_RISK,0.0,
BioSpread,UNSEEN::AF240,0.18129214644432068,medium,0,0.6498040556907654,0,LOW_RISK,0.0,
BioSpread,AA545,0.6446027159690857,review,0,0.45669955015182495,0,MODERATE_RISK,0.0,
BioSpread,AC821,0.7228255867958069,review,1,0.5224296152591705,0,MODERATE_RISK,0.0,
BioSpread,UNSEEN::AA835,0.1812801957130432,medium,0,0.64980348944664,0,LOW_RISK,0.0,
BioSpread,AA539,0.765078067779541,review,1,0.5679386258125305,0,MODERATE_RISK,0.0,
BioSpread,AC997,0.5206161141395569,review,0,0.43023228645324707,0,MODERATE_RISK,0.0,
BioSpread,UNSEEN::AD627,0.1813334822654724,medium,0,0.6497119069099426,0,LOW_RISK,0.0,
BioSpread,UNSEEN::AG211,0.18124203383922577,medium,0,0.6498830914497375,0,LOW_RISK,0.0,
BioSpread,AG356,0.20110401511192322,medium,0,0.621421605348587,0,LOW_RISK,0.0,
BioSpread,UNSEEN::AG259,0.18124203383922577,medium,0,0.6498830914497375,0,LOW_RISK,0.0,
BioSpread,AF750,0.6659002900123596,review,0,0.4764658808708191,0,MODERATE_RISK,0.0,
BioSpread,UNSEEN::AF190,0.2789877653121948,review,0,0.5351456105709076,0,LOW_RISK,0.0,
BioSpread,UNSEEN::AA168,0.18134264647960663,medium,0,0.6497077643871307,0,LOW_RISK,0.0,
BioSpread,UNSEEN::AF091,0.18133698403835297,medium,0,0.6497175395488739,0,LOW_RISK,0.0,
BioSpread,AE689,0.7354315519332886,review,0,0.5313950479030609,0,MODERATE_RISK,0.0,
BioSpread,UNSEEN::AB717,0.18142683804035187,medium,0,0.6495101749897003,0,LOW_RISK,0.0,
BioSpread,UNSEEN::AE888,0.18144549429416656,medium,0,0.6495090425014496,0,LOW_RISK,0.0,
BioSpread,UNSEEN::AD354,0.18133752048015594,medium,0,0.6497137546539307,0,LOW_RISK,0.0,
BioSpread,AD009,0.6980140805244446,review,0,0.49441105127334595,0,MODERATE_RISK,0.0,
BioSpread,AF683,0.6872344613075256,review,0,0.4858132600784302,0,MODERATE_RISK,0.0,
BioSpread,UNSEEN::AA185,0.18133310973644257,medium,0,0.6497125923633575,0,LOW_RISK,0.0,
BioSpread,UNSEEN::AF534,0.18124131858348846,medium,0,0.6498843431472778,0,LOW_RISK,0.0,
BioSpread,AD890,0.7608181834220886,review,0,0.5614210665225983,0,MODERATE_RISK,0.0,
BioSpread,AA580,0.747506320476532,review,0,0.5473668277263641,0,MODERATE_RISK,0.0,
BioSpread,AD891,0.6971298456192017,review,1,0.5062378644943237,0,MODERATE_RISK,0.0,
BioSpread,UNSEEN::AH392,0.18120291829109192,medium,0,0.6499686241149902,0,LOW_RISK,0.0,
BioSpread,UNSEEN::AD451,0.1816117763519287,medium,0,0.6491819024085999,0,LOW_RISK,0.0,
BioSpread,UNSEEN::AA929,0.18124262988567352,medium,0,0.6498820781707764,0,LOW_RISK,0.0,
BioSpread,UNSEEN::AE750,0.18124237656593323,medium,0,0.6498824954032898,0,LOW_RISK,0.0,
BioSpread,UNSEEN::AC973,0.18155334889888763,medium,0,0.6492885053157806,0,LOW_RISK,0.0,
BioSpread,UNSEEN::AH173,0.18124131858348846,medium,0,0.6498843431472778,0,LOW_RISK,0.0,
BioSpread,UNSEEN::AE204,0.1812720000743866,medium,0,0.6497985422611237,0,LOW_RISK,0.0,
BioSpread,UNSEEN::AF193,0.18124237656593323,medium,0,0.6498824954032898,0,LOW_RISK,0.0,
BioSpread,AF187,0.7129672765731812,review,0,0.5144271552562714,0,MODERATE_RISK,0.0,
BioSpread,AF857,0.1719413697719574,medium,0,0.6664555668830872,0,LOW_RISK,0.0,
BioSpread,UNSEEN::AA874,0.18133927881717682,medium,0,0.6497071087360382,0,LOW_RISK,0.0,
BioSpread,UNSEEN::AA899,0.18124271929264069,medium,0,0.6498819291591644,0,LOW_RISK,0.0,
BioSpread,UNSEEN::AB539,0.18129952251911163,medium,0,0.6498315334320068,0,LOW_RISK,0.0,
BioSpread,UNSEEN::AD196,0.1814313381910324,medium,0,0.6495100259780884,0,LOW_RISK,0.0,
BioSpread,UNSEEN::AB473,0.18124271929264069,medium,0,0.6498819291591644,0,LOW_RISK,0.0,
BioSpread,AE202,0.4598918557167053,review,0,0.4653084874153137,0,LOW_RISK,0.0,
BioSpread,UNSEEN::AB134,0.1814137101173401,medium,0,0.6495603024959564,0,LOW_RISK,0.0,
BioSpread,AD497,0.6059038639068604,review,0,0.44436168670654297,0,MODERATE_RISK,0.0,
BioSpread,AF417,0.2552676200866699,review,0,0.5628233850002289,0,LOW_RISK,0.0,
BioSpread,UNSEEN::AE244,0.18128477036952972,medium,0,0.6497949361801147,0,LOW_RISK,0.0,
BioSpread,AC347,0.7488170266151428,review,1,0.5481732487678528,0,MODERATE_RISK,0.0,
BioSpread,UNSEEN::AF340,0.18128904700279236,medium,0,0.649814248085022,0,LOW_RISK,0.0,
BioSpread,UNSEEN::AE612,0.18124206364154816,medium,0,0.6498868465423584,0,LOW_RISK,0.0,
BioSpread,UNSEEN::AF846,0.18128515779972076,medium,0,0.6497942805290222,0,LOW_RISK,0.0,
BioSpread,AA251,0.4907311499118805,review,0,0.4743289351463318,0,LOW_RISK,0.0,
BioSpread,UNSEEN::AF762,0.18129374086856842,medium,0,0.6497888267040253,0,LOW_RISK,0.0,
BioSpread,UNSEEN::AE842,0.18129178881645203,medium,0,0.6497934758663177,0,LOW_RISK,0.0,
BioSpread,UNSEEN::AG818,0.18120187520980835,medium,0,0.6499704420566559,0,LOW_RISK,0.0,
BioSpread,UNSEEN::AC316,0.18120262026786804,medium,0,0.6499691605567932,0,LOW_RISK,0.0,
BioSpread,UNSEEN::AE063,0.18129326403141022,medium,0,0.6497969627380371,0,LOW_RISK,0.0,
BioSpread,UNSEEN::AC650,0.1812824010848999,medium,0,0.6498076617717743,0,LOW_RISK,0.0,
BioSpread,UNSEEN::AB086,0.18128515779972076,medium,0,0.6497942805290222,0,LOW_RISK,0.0,
BioSpread,AG008,0.6721405982971191,review,0,0.4753236770629883,0,MODERATE_RISK,0.0,
BioSpread,UNSEEN::AB360,0.18124358355998993,medium,0,0.6498918533325195,0,LOW_RISK,0.0,
BioSpread,UNSEEN::AB064,0.18134236335754395,medium,0,0.6497414112091064,0,LOW_RISK,0.0,
BioSpread,UNSEEN::AD882,0.18124312162399292,medium,0,0.6498850286006927,0,LOW_RISK,0.0,
BioSpread,AA216,0.6829537153244019,review,0,0.4811028838157654,0,MODERATE_RISK,0.0,
BioSpread,UNSEEN::AD403,0.18128949403762817,medium,0,0.6498099267482758,0,LOW_RISK,0.0,
BioSpread,UNSEEN::AE376,0.18124277889728546,medium,0,0.6498856246471405,0,LOW_RISK,0.0,
BioSpread,AA963,0.436959832906723,review,0,0.4326162338256836,0,LOW_RISK,0.0,
BioSpread,UNSEEN::AF748,0.18128511309623718,medium,0,0.6498023271560669,0,LOW_RISK,0.0,
BioSpread,UNSEEN::AE469,0.18128594756126404,medium,0,0.6497967541217804,0,LOW_RISK,0.0,
BioSpread,UNSEEN::AF459,0.1812416911125183,medium,0,0.6498836874961853,0,LOW_RISK,0.0,
BioSpread,AE045,0.7747007012367249,review,0,0.5784263908863068,0,MODERATE_RISK,0.0,
BioSpread,AD988,0.6690018773078918,review,0,0.47349345684051514,0,MODERATE_RISK,0.0,
BioSpread,UNSEEN::AH374,0.18124203383922577,medium,0,0.6498830914497375,0,LOW_RISK,0.0,
BioSpread,AA558,0.752718985080719,review,0,0.5521469712257385,0,MODERATE_RISK,0.0,
BioSpread,AC976,0.6265987753868103,review,0,0.4586034417152405,0,MODERATE_RISK,0.0,
BioSpread,AC731,0.7534517049789429,review,0,0.5547254085540771,0,MODERATE_RISK,0.0,
BioSpread,AF252,0.579983651638031,review,0,0.4385760426521301,0,MODERATE_RISK,0.0,
BioSpread,AE780,0.20547403395175934,medium,0,0.6199027895927429,0,LOW_RISK,0.0,
BioSpread,UNSEEN::AF715,0.1812954992055893,medium,0,0.6498362123966217,0,LOW_RISK,0.0,
BioSpread,UNSEEN::AA475,0.18161484599113464,medium,0,0.6491990983486176,0,LOW_RISK,0.0,
BioSpread,UNSEEN::AA873,0.18128706514835358,medium,0,0.6497986614704132,0,LOW_RISK,0.0,
BioSpread,UNSEEN::AA966,0.18804270029067993,medium,0,0.6399681568145752,0,LOW_RISK,0.0,
