model_name,backbone_id,risk_probability,confidence_tier,label_geo_spread,knownness_score,n_new_countries_future,explanation,alarm_score,meta
BioSpread,UNSEEN::AA811,0.19526460766792297,medium,0,0.6504902243614197,0,LOW_RISK,0.0,
BioSpread,UNSEEN::AA270,0.19345605373382568,medium,0,0.6503643691539764,0,LOW_RISK,0.0,
BioSpread,AG392,0.6062983870506287,review,0,0.5089106261730194,0,MODERATE_RISK,0.0,
BioSpread,UNSEEN::AG120,0.1934257447719574,medium,0,0.6504359245300293,0,LOW_RISK,0.0,
BioSpread,UNSEEN::AA418,0.19348320364952087,medium,0,0.6504145562648773,0,LOW_RISK,0.0,
BioSpread,AG991,0.2796882092952728,medium,0,0.6099367737770081,0,LOW_RISK,0.0,
BioSpread,UNSEEN::AB840,0.19307677447795868,medium,0,0.6510980129241943,0,LOW_RISK,0.0,
BioSpread,UNSEEN::AF144,0.1932850480079651,medium,0,0.6506749987602234,0,LOW_RISK,0.0,
BioSpread,UNSEEN::AE029,0.19326049089431763,medium,0,0.6508094966411591,0,LOW_RISK,0.0,
BioSpread,UNSEEN::AH273,0.1934962421655655,medium,0,0.6503045856952667,0,LOW_RISK,0.0,
BioSpread,UNSEEN::AD392,0.19349700212478638,medium,0,0.650303453207016,0,LOW_RISK,0.0,
BioSpread,UNSEEN::AA826,0.19321702420711517,medium,0,0.6509762704372406,0,LOW_RISK,0.0,
BioSpread,AA859,0.7445923089981079,review,1,0.5452645421028137,0,MODERATE_RISK,0.0,
BioSpread,UNSEEN::AC394,0.19349700212478638,medium,0,0.650303453207016,0,LOW_RISK,0.0,
BioSpread,AG428,0.2551989257335663,medium,0,0.6356754302978516,0,LOW_RISK,0.0,
BioSpread,UNSEEN::AA898,0.19349700212478638,medium,0,0.650303453207016,0,LOW_RISK,0.0,
BioSpread,AC558,0.7056085467338562,review,0,0.5178245902061462,0,MODERATE_RISK,0.0,
BioSpread,AB220,0.6524442434310913,review,0,0.5042095482349396,0,MODERATE_RISK,0.0,
BioSpread,AD688,0.7460512518882751,review,0,0.5536722838878632,0,MODERATE_RISK,0.0,
BioSpread,AB931,0.6701663136482239,review,0,0.5031543970108032,0,MODERATE_RISK,0.0,
BioSpread,UNSEEN::AF494,0.19349676370620728,medium,0,0.6503038108348846,0,LOW_RISK,0.0,
BioSpread,UNSEEN::AG201,0.19324074685573578,medium,0,0.6508129239082336,0,LOW_RISK,0.0,
BioSpread,UNSEEN::AG041,0.1935451328754425,medium,0,0.650183230638504,0,LOW_RISK,0.0,
BioSpread,AF297,0.21103394031524658,medium,0,0.6699106693267822,0,LOW_RISK,0.0,
BioSpread,AC125,0.7436339855194092,review,1,0.5483449101448059,0,MODERATE_RISK,0.0,
BioSpread,UNSEEN::AA105,0.1932208389043808,medium,0,0.6509113907814026,0,LOW_RISK,0.0,
BioSpread,AD768,0.7459012269973755,review,0,0.5457572937011719,0,MODERATE_RISK,0.0,
BioSpread,AD769,0.4830993711948395,review,0,0.5243113934993744,0,LOW_RISK,0.0,
BioSpread,UNSEEN::AC514,0.19316770136356354,medium,0,0.6510276794433594,0,LOW_RISK,0.0,
BioSpread,AA950,0.697871208190918,review,0,0.515180766582489,0,MODERATE_RISK,0.0,
BioSpread,AA940,0.2801806628704071,medium,0,0.6183513700962067,0,LOW_RISK,0.0,
BioSpread,UNSEEN::AB752,0.1934831440448761,medium,0,0.6503242552280426,0,LOW_RISK,0.0,
BioSpread,UNSEEN::AG416,0.19349633157253265,medium,0,0.6503050923347473,0,LOW_RISK,0.0,
BioSpread,UNSEEN::AE670,0.19344349205493927,medium,0,0.6503829956054688,0,LOW_RISK,0.0,
BioSpread,AD581,0.6641208529472351,review,0,0.5052516460418701,0,MODERATE_RISK,0.0,
BioSpread,AE471,0.28270697593688965,medium,0,0.6188502311706543,0,LOW_RISK,0.0,
BioSpread,UNSEEN::AF541,0.19404816627502441,medium,0,0.6494284868240356,0,LOW_RISK,0.0,
BioSpread,UNSEEN::AD011,0.19315165281295776,medium,0,0.6509903371334076,0,LOW_RISK,0.0,
BioSpread,AA200,0.7151527404785156,review,0,0.5260651409626007,0,MODERATE_RISK,0.0,
BioSpread,AF268,0.7079722285270691,review,0,0.5243774652481079,0,MODERATE_RISK,0.0,
BioSpread,AC496,0.17369724810123444,medium,0,0.6843168139457703,0,LOW_RISK,0.0,
BioSpread,AB272,0.7441390752792358,review,1,0.5442103445529938,0,MODERATE_RISK,0.0,
BioSpread,AA378,0.7358020544052124,review,1,0.529846727848053,0,MODERATE_RISK,0.0,
BioSpread,AC096,0.7021423578262329,review,0,0.5173121988773346,0,MODERATE_RISK,0.0,
BioSpread,UNSEEN::AG522,0.1934971958398819,medium,0,0.6503931283950806,0,LOW_RISK,0.0,
BioSpread,AB186,0.7243409752845764,review,1,0.5324903428554535,0,MODERATE_RISK,0.0,
BioSpread,UNSEEN::AB184,0.19328166544437408,medium,0,0.6507517099380493,0,LOW_RISK,0.0,
BioSpread,AC212,0.745527446269989,review,1,0.5439468026161194,0,MODERATE_RISK,0.0,
BioSpread,AF008,0.22343087196350098,medium,0,0.653972864151001,0,LOW_RISK,0.0,
BioSpread,AG471,0.7065852880477905,review,0,0.5188752114772797,0,MODERATE_RISK,0.0,
BioSpread,UNSEEN::AD464,0.19251631200313568,medium,0,0.6522686183452606,0,LOW_RISK,0.0,
BioSpread,AC185,0.6744447946548462,review,0,0.5061946511268616,0,MODERATE_RISK,0.0,
BioSpread,UNSEEN::AF624,0.19348344206809998,medium,0,0.6503235995769501,0,LOW_RISK,0.0,
BioSpread,UNSEEN::AC600,0.19347038865089417,medium,0,0.6503430306911469,0,LOW_RISK,0.0,
BioSpread,UNSEEN::AG327,0.1934341937303543,medium,0,0.6504465341567993,0,LOW_RISK,0.0,
BioSpread,UNSEEN::AF880,0.1935541033744812,medium,0,0.6501926779747009,0,LOW_RISK,0.0,
BioSpread,AB981,0.6604620814323425,review,0,0.5051142871379852,0,MODERATE_RISK,0.0,
BioSpread,AG317,0.6560501456260681,review,0,0.49893468618392944,0,MODERATE_RISK,0.0,
BioSpread,AD365,0.6900515556335449,review,0,0.505756676197052,0,MODERATE_RISK,0.0,
BioSpread,AG744,0.5407936573028564,review,0,0.5098170340061188,0,MODERATE_RISK,0.0,
BioSpread,UNSEEN::AB185,0.19342203438282013,medium,0,0.6504446268081665,0,LOW_RISK,0.0,
BioSpread,AD206,0.5267423987388611,review,0,0.5072165727615356,0,MODERATE_RISK,0.0,
BioSpread,UNSEEN::AC233,0.1934962421655655,medium,0,0.6503045856952667,0,LOW_RISK,0.0,
BioSpread,AC060,0.6667790412902832,review,0,0.5009132623672485,0,MODERATE_RISK,0.0,
BioSpread,UNSEEN::AG250,0.1934960037469864,medium,0,0.6503049731254578,0,LOW_RISK,0.0,
BioSpread,UNSEEN::AE628,0.19341160356998444,medium,0,0.6504570245742798,0,LOW_RISK,0.0,
BioSpread,UNSEEN::AC923,0.19349700212478638,medium,0,0.650303453207016,0,LOW_RISK,0.0,
BioSpread,UNSEEN::AF593,0.193309023976326,medium,0,0.6507802903652191,0,LOW_RISK,0.0,
BioSpread,UNSEEN::AC391,0.19349539279937744,medium,0,0.6503071486949921,0,LOW_RISK,0.0,
BioSpread,UNSEEN::AG758,0.19349700212478638,medium,0,0.650303453207016,0,LOW_RISK,0.0,
BioSpread,AF744,0.22906292974948883,medium,0,0.6568761467933655,0,LOW_RISK,0.0,
BioSpread,AG331,0.1808958500623703,medium,0,0.6692489683628082,0,LOW_RISK,0.0,
BioSpread,AC913,0.6107708811759949,review,0,0.4998391270637512,0,MODERATE_RISK,0.0,
BioSpread,AG782,0.5414599776268005,review,0,0.5096688568592072,0,MODERATE_RISK,0.0,
BioSpread,AF253,0.5914971828460693,review,0,0.5115200281143188,0,MODERATE_RISK,0.0,
BioSpread,UNSEEN::AD856,0.19349700212478638,medium,0,0.650303453207016,0,LOW_RISK,0.0,
BioSpread,UNSEEN::AB638,0.193031445145607,medium,0,0.651129812002182,0,LOW_RISK,0.0,
BioSpread,AA094,0.7432381510734558,review,0,0.5492630302906036,0,MODERATE_RISK,0.0,
BioSpread,AC550,0.6602638363838196,review,0,0.5129656791687012,0,MODERATE_RISK,0.0,
BioSpread,UNSEEN::AG374,0.19326810538768768,medium,0,0.6507725715637207,0,LOW_RISK,0.0,
BioSpread,UNSEEN::AG808,0.1933070868253708,medium,0,0.6508298218250275,0,LOW_RISK,0.0,
BioSpread,UNSEEN::AA023,0.19340862333774567,medium,0,0.6504646241664886,0,LOW_RISK,0.0,
BioSpread,UNSEEN::AB961,0.19311915338039398,medium,0,0.6511165201663971,0,LOW_RISK,0.0,
BioSpread,AH290,0.40185803174972534,review,0,0.5568975508213043,0,LOW_RISK,0.0,
BioSpread,UNSEEN::AE591,0.19354139268398285,medium,0,0.6502115726470947,0,LOW_RISK,0.0,
BioSpread,UNSEEN::AH414,0.1934960037469864,medium,0,0.6503049731254578,0,LOW_RISK,0.0,
BioSpread,UNSEEN::AD656,0.19348344206809998,medium,0,0.6503235995769501,0,LOW_RISK,0.0,
BioSpread,UNSEEN::AE497,0.1933143436908722,medium,0,0.6506288647651672,0,LOW_RISK,0.0,
BioSpread,UNSEEN::AH279,0.19324436783790588,medium,0,0.6507608592510223,0,LOW_RISK,0.0,
BioSpread,UNSEEN::AH449,0.19348008930683136,medium,0,0.6503739058971405,0,LOW_RISK,0.0,
BioSpread,UNSEEN::AA198,0.19355511665344238,medium,0,0.6501911878585815,0,LOW_RISK,0.0,
BioSpread,AA879,0.1950950175523758,medium,0,0.6819387078285217,0,LOW_RISK,0.0,
BioSpread,AE935,0.7481803297996521,review,0,0.5692166090011597,0,MODERATE_RISK,0.0,
BioSpread,UNSEEN::AD192,0.19342412054538727,medium,0,0.6504396200180054,0,LOW_RISK,0.0,
BioSpread,AE095,0.7164134383201599,review,0,0.5222318768501282,0,MODERATE_RISK,0.0,
BioSpread,UNSEEN::AB986,0.19343778491020203,medium,0,0.650486171245575,0,LOW_RISK,0.0,
BioSpread,AE192,0.20652756094932556,medium,0,0.6621991097927094,0,LOW_RISK,0.0,
BioSpread,AA405,0.7446099519729614,review,0,0.5444271862506866,0,MODERATE_RISK,0.0,
BioSpread,UNSEEN::AH005,0.1934960037469864,medium,0,0.6503049731254578,0,LOW_RISK,0.0,
BioSpread,UNSEEN::AB204,0.19334185123443604,medium,0,0.6506029069423676,0,LOW_RISK,0.0,
BioSpread,AA947,0.7467210292816162,review,0,0.5566256642341614,0,MODERATE_RISK,0.0,
BioSpread,UNSEEN::AH489,0.19345788657665253,medium,0,0.6503840982913971,0,LOW_RISK,0.0,
BioSpread,AG276,0.2233428657054901,medium,0,0.6540447473526001,0,LOW_RISK,0.0,
BioSpread,AG458,0.5880354046821594,review,0,0.512247234582901,0,MODERATE_RISK,0.0,
BioSpread,AB152,0.7156447768211365,review,1,0.5225590467453003,0,MODERATE_RISK,0.0,
BioSpread,AA013,0.7472923994064331,review,0,0.5539450347423553,0,MODERATE_RISK,0.0,
BioSpread,AB766,0.6487307548522949,review,0,0.5141175389289856,0,MODERATE_RISK,0.0,
BioSpread,UNSEEN::AG039,0.19349676370620728,medium,0,0.6503038108348846,0,LOW_RISK,0.0,
BioSpread,UNSEEN::AD337,0.19308097660541534,medium,0,0.6511812806129456,0,LOW_RISK,0.0,
BioSpread,UNSEEN::AA691,0.19346007704734802,medium,0,0.650335431098938,0,LOW_RISK,0.0,
BioSpread,AE340,0.21104228496551514,medium,0,0.6669433116912842,0,LOW_RISK,0.0,
BioSpread,AB680,0.6748453378677368,review,0,0.5041574835777283,0,MODERATE_RISK,0.0,
BioSpread,UNSEEN::AA600,0.19347193837165833,medium,0,0.6503631770610809,0,LOW_RISK,0.0,
BioSpread,AB278,0.7461186647415161,review,0,0.5508062839508057,0,MODERATE_RISK,0.0,
BioSpread,AE282,0.4830848276615143,review,0,0.5243168771266937,0,LOW_RISK,0.0,
BioSpread,UNSEEN::AH239,0.19349676370620728,medium,0,0.6503038108348846,0,LOW_RISK,0.0,
BioSpread,UNSEEN::AC459,0.19349651038646698,medium,0,0.6503041982650757,0,LOW_RISK,0.0,
BioSpread,UNSEEN::AB962,0.19294245541095734,medium,0,0.6514205932617188,0,LOW_RISK,0.0,
BioSpread,UNSEEN::AH434,0.1934252679347992,medium,0,0.6504366397857666,0,LOW_RISK,0.0,
BioSpread,UNSEEN::AH256,0.19354191422462463,medium,0,0.6502107679843903,0,LOW_RISK,0.0,
BioSpread,UNSEEN::AH232,0.19349700212478638,medium,0,0.650303453207016,0,LOW_RISK,0.0,
BioSpread,UNSEEN::AF663,0.19347484409809113,medium,0,0.6503440141677856,0,LOW_RISK,0.0,
BioSpread,UNSEEN::AA108,0.1931849867105484,medium,0,0.6509946882724762,0,LOW_RISK,0.0,
BioSpread,UNSEEN::AG455,0.19348295032978058,medium,0,0.6503243744373322,0,LOW_RISK,0.0,
BioSpread,AC257,0.6715801954269409,review,0,0.5034851729869843,0,MODERATE_RISK,0.0,
BioSpread,AC451,0.6716099381446838,review,0,0.5035842657089233,0,MODERATE_RISK,0.0,
BioSpread,UNSEEN::AE659,0.19343392550945282,medium,0,0.6503742933273315,0,LOW_RISK,0.0,
BioSpread,UNSEEN::AG301,0.19349700212478638,medium,0,0.650303453207016,0,LOW_RISK,0.0,
BioSpread,UNSEEN::AH275,0.1935548633337021,medium,0,0.6501915454864502,0,LOW_RISK,0.0,
BioSpread,UNSEEN::AA861,0.19611932337284088,medium,0,0.648547887802124,0,LOW_RISK,0.0,
BioSpread,UNSEEN::AH247,0.19349651038646698,medium,0,0.6503041982650757,0,LOW_RISK,0.0,
BioSpread,UNSEEN::AH189,0.19349676370620728,medium,0,0.6503038108348846,0,LOW_RISK,0.0,
BioSpread,UNSEEN::AG797,0.19349651038646698,medium,0,0.6503041982650757,0,LOW_RISK,0.0,
BioSpread,UNSEEN::AB922,0.19302400946617126,medium,0,0.6512583494186401,0,LOW_RISK,0.0,
BioSpread,UNSEEN::AA813,0.19338397681713104,medium,0,0.6505791544914246,0,LOW_RISK,0.0,
BioSpread,UNSEEN::AD310,0.1933356523513794,medium,0,0.6505792737007141,0,LOW_RISK,0.0,
BioSpread,AF152,0.7017079591751099,review,0,0.5180497169494629,0,MODERATE_RISK,0.0,
BioSpread,AA230,0.6381785869598389,review,0,0.4987998604774475,0,MODERATE_RISK,0.0,
BioSpread,UNSEEN::AG006,0.19349676370620728,medium,0,0.6503038108348846,0,LOW_RISK,0.0,
BioSpread,AD158,0.7291340231895447,review,1,0.5240060389041901,0,MODERATE_RISK,0.0,
BioSpread,AF546,0.1735183298587799,medium,0,0.6849844753742218,0,LOW_RISK,0.0,
BioSpread,AB804,0.7479175329208374,review,0,0.559352695941925,0,MODERATE_RISK,0.0,
BioSpread,UNSEEN::AF235,0.19311808049678802,medium,0,0.6510066390037537,0,LOW_RISK,0.0,
BioSpread,AH311,0.1951107680797577,medium,0,0.6819258034229279,0,LOW_RISK,0.0,
BioSpread,UNSEEN::AF962,0.19343595206737518,medium,0,0.6504663825035095,0,LOW_RISK,0.0,
BioSpread,UNSEEN::AC652,0.19348271191120148,medium,0,0.6503247320652008,0,LOW_RISK,0.0,
BioSpread,UNSEEN::AB712,0.19281961023807526,medium,0,0.651656448841095,0,LOW_RISK,0.0,
BioSpread,UNSEEN::AF820,0.19349651038646698,medium,0,0.6503041982650757,0,LOW_RISK,0.0,
BioSpread,UNSEEN::AC862,0.1934264898300171,medium,0,0.650525689125061,0,LOW_RISK,0.0,
BioSpread,UNSEEN::AA804,0.1934833824634552,medium,0,0.650323897600174,0,LOW_RISK,0.0,
BioSpread,UNSEEN::AF945,0.19349604845046997,medium,0,0.6503055393695831,0,LOW_RISK,0.0,
BioSpread,AC035,0.5183731913566589,review,0,0.517746090888977,0,MODERATE_RISK,0.0,
BioSpread,AA752,0.7345237731933594,review,1,0.5339517295360565,0,MODERATE_RISK,0.0,
BioSpread,UNSEEN::AE308,0.19349651038646698,medium,0,0.6503041982650757,0,LOW_RISK,0.0,
BioSpread,AA021,0.7467435002326965,review,0,0.5478528141975403,0,MODERATE_RISK,0.0,
BioSpread,AG826,0.22336924076080322,medium,0,0.6540232002735138,0,LOW_RISK,0.0,
BioSpread,UNSEEN::AE327,0.1934337019920349,medium,0,0.6504473090171814,0,LOW_RISK,0.0,
BioSpread,UNSEEN::AF886,0.1934962421655655,medium,0,0.6503045856952667,0,LOW_RISK,0.0,
BioSpread,AG490,0.22344844043254852,medium,0,0.6539585292339325,0,LOW_RISK,0.0,
BioSpread,AB891,0.7216893434524536,review,0,0.5210816562175751,0,MODERATE_RISK,0.0,
BioSpread,AC187,0.6932708024978638,review,0,0.518529862165451,0,MODERATE_RISK,0.0,
BioSpread,UNSEEN::AE435,0.19347675144672394,medium,0,0.6503398716449738,0,LOW_RISK,0.0,
BioSpread,UNSEEN::AD996,0.19296769797801971,medium,0,0.6512849628925323,0,LOW_RISK,0.0,
BioSpread,AH021,0.22340446710586548,medium,0,0.6539944112300873,0,LOW_RISK,0.0,
BioSpread,UNSEEN::AE758,0.19348320364952087,medium,0,0.6503239870071411,0,LOW_RISK,0.0,
BioSpread,AD359,0.6199864149093628,review,0,0.49614810943603516,0,MODERATE_RISK,0.0,
BioSpread,AA346,0.745793879032135,review,1,0.5484933853149414,0,MODERATE_RISK,0.0,
BioSpread,UNSEEN::AD855,0.1935543566942215,medium,0,0.6501923203468323,0,LOW_RISK,0.0,
BioSpread,UNSEEN::AB876,0.19333814084529877,medium,0,0.6507085561752319,0,LOW_RISK,0.0,
BioSpread,UNSEEN::AB935,0.1934126317501068,medium,0,0.6504554450511932,0,LOW_RISK,0.0,
BioSpread,AD572,0.7002097368240356,review,1,0.5215254127979279,0,MODERATE_RISK,0.0,
BioSpread,UNSEEN::AH144,0.1934962421655655,medium,0,0.6503045856952667,0,LOW_RISK,0.0,
BioSpread,UNSEEN::AA858,0.19315284490585327,medium,0,0.6510247886180878,0,LOW_RISK,0.0,
BioSpread,AE813,0.7466857433319092,review,0,0.5557520389556885,0,MODERATE_RISK,0.0,
BioSpread,UNSEEN::AD077,0.19326435029506683,medium,0,0.6506800055503845,0,LOW_RISK,0.0,
BioSpread,AE519,0.26206672191619873,medium,0,0.6325178444385529,0,LOW_RISK,0.0,
BioSpread,AB564,0.5732541680335999,review,0,0.5037838220596313,0,MODERATE_RISK,0.0,
BioSpread,UNSEEN::AC754,0.19331404566764832,medium,0,0.650629311800003,0,LOW_RISK,0.0,
BioSpread,AD702,0.7486280798912048,review,0,0.5534625947475433,0,MODERATE_RISK,0.0,
BioSpread,AE381,0.5326651930809021,review,1,0.5157309174537659,0,MODERATE_RISK,0.0,
BioSpread,UNSEEN::AG307,0.1934257447719574,medium,0,0.6504359245300293,0,LOW_RISK,0.0,
BioSpread,UNSEEN::AF116,0.19348295032978058,medium,0,0.6503243744373322,0,LOW_RISK,0.0,
BioSpread,UNSEEN::AB488,0.19342604279518127,medium,0,0.6504355072975159,0,LOW_RISK,0.0,
BioSpread,UNSEEN::AB310,0.1931862086057663,medium,0,0.6510177552700043,0,LOW_RISK,0.0,
BioSpread,AH121,0.6766033172607422,review,0,0.5160666108131409,0,MODERATE_RISK,0.0,
BioSpread,AF255,0.5177775621414185,review,0,0.5289872586727142,0,MODERATE_RISK,0.0,
BioSpread,AH072,0.5928139686584473,review,0,0.5025177001953125,0,MODERATE_RISK,0.0,
BioSpread,UNSEEN::AE724,0.19335488975048065,medium,0,0.6505684852600098,0,LOW_RISK,0.0,
BioSpread,AD453,0.7474481463432312,review,0,0.5583532750606537,0,MODERATE_RISK,0.0,
BioSpread,UNSEEN::AC093,0.19244813919067383,medium,0,0.6523015797138214,0,LOW_RISK,0.0,
BioSpread,UNSEEN::AH250,0.1934962421655655,medium,0,0.6503045856952667,0,LOW_RISK,0.0,
BioSpread,AE536,0.7469404339790344,review,0,0.5538255572319031,0,MODERATE_RISK,0.0,
BioSpread,UNSEEN::AF613,0.1935483068227768,medium,0,0.6502899825572968,0,LOW_RISK,0.0,
BioSpread,UNSEEN::AC161,0.19337555766105652,medium,0,0.6505191028118134,0,LOW_RISK,0.0,
BioSpread,AB559,0.7473759651184082,review,1,0.5535731017589569,0,MODERATE_RISK,0.0,
BioSpread,AF956,0.5254271626472473,review,0,0.5141143798828125,0,MODERATE_RISK,0.0,
BioSpread,UNSEEN::AE809,0.19278015196323395,medium,0,0.6518087685108185,0,LOW_RISK,0.0,
BioSpread,UNSEEN::AH508,0.19349676370620728,medium,0,0.6503038108348846,0,LOW_RISK,0.0,
BioSpread,UNSEEN::AC526,0.1934962421655655,medium,0,0.6503045856952667,0,LOW_RISK,0.0,
BioSpread,UNSEEN::AD753,0.1934962421655655,medium,0,0.6503045856952667,0,LOW_RISK,0.0,
BioSpread,AB820,0.7431601881980896,review,0,0.554790735244751,0,MODERATE_RISK,0.0,
BioSpread,UNSEEN::AG030,0.19348344206809998,medium,0,0.6503235995769501,0,LOW_RISK,0.0,
BioSpread,UNSEEN::AC995,0.19341537356376648,medium,0,0.650564581155777,0,LOW_RISK,0.0,
BioSpread,AE827,0.26270410418510437,medium,0,0.6279069185256958,0,LOW_RISK,0.0,
BioSpread,AG454,0.6657796502113342,review,0,0.5031219124794006,0,MODERATE_RISK,0.0,
BioSpread,UNSEEN::AF113,0.19332921504974365,medium,0,0.6506983935832977,0,LOW_RISK,0.0,
BioSpread,UNSEEN::AC135,0.19349633157253265,medium,0,0.6503050923347473,0,LOW_RISK,0.0,
BioSpread,AC537,0.7057031393051147,review,0,0.5185041129589081,0,MODERATE_RISK,0.0,
BioSpread,AA942,0.7065627574920654,review,0,0.5145550668239594,0,MODERATE_RISK,0.0,
BioSpread,AD223,0.6516292095184326,review,0,0.507926344871521,0,MODERATE_RISK,0.0,
BioSpread,UNSEEN::AA916,0.19320902228355408,medium,0,0.6508531272411346,0,LOW_RISK,0.0,
BioSpread,UNSEEN::AE608,0.1929907649755478,medium,0,0.651274710893631,0,LOW_RISK,0.0,
BioSpread,UNSEEN::AF159,0.1933022290468216,medium,0,0.6507384181022644,0,LOW_RISK,0.0,
BioSpread,UNSEEN::AF689,0.1933407336473465,medium,0,0.6505780518054962,0,LOW_RISK,0.0,
BioSpread,UNSEEN::AA986,0.19349604845046997,medium,0,0.6503055393695831,0,LOW_RISK,0.0,
BioSpread,UNSEEN::AF343,0.19339847564697266,medium,0,0.6504765450954437,0,LOW_RISK,0.0,
BioSpread,UNSEEN::AB394,0.19341205060482025,medium,0,0.6504564881324768,0,LOW_RISK,0.0,
BioSpread,AA324,0.74470055103302,review,1,0.5445159375667572,0,MODERATE_RISK,0.0,
BioSpread,AD183,0.25592461228370667,medium,0,0.6320754289627075,0,LOW_RISK,0.0,
BioSpread,UNSEEN::AF860,0.19343778491020203,medium,0,0.650486171245575,0,LOW_RISK,0.0,
BioSpread,AB858,0.5642569065093994,review,0,0.5090491473674774,0,MODERATE_RISK,0.0,
BioSpread,AD040,0.6376686096191406,review,0,0.49649202823638916,0,MODERATE_RISK,0.0,
BioSpread,UNSEEN::AF724,0.19346658885478973,medium,0,0.6503512263298035,0,LOW_RISK,0.0,
BioSpread,UNSEEN::AC466,0.19348344206809998,medium,0,0.6503235995769501,0,LOW_RISK,0.0,
BioSpread,AE707,0.6447227597236633,review,0,0.5035127997398376,0,MODERATE_RISK,0.0,
BioSpread,AE144,0.19508978724479675,medium,0,0.6819429993629456,0,LOW_RISK,0.0,
BioSpread,AA323,0.7475391626358032,review,1,0.5483305156230927,0,MODERATE_RISK,0.0,
BioSpread,UNSEEN::AD770,0.19330056011676788,medium,0,0.6506493985652924,0,LOW_RISK,0.0,
BioSpread,AD071,0.22348369657993317,medium,0,0.653929740190506,0,LOW_RISK,0.0,
BioSpread,UNSEEN::AB831,0.1933385729789734,medium,0,0.6505953669548035,0,LOW_RISK,0.0,
BioSpread,AE922,0.7410253882408142,review,0,0.5469295680522919,0,MODERATE_RISK,0.0,
BioSpread,UNSEEN::AC206,0.19291605055332184,medium,0,0.6515143513679504,0,LOW_RISK,0.0,
BioSpread,UNSEEN::AG979,0.19349676370620728,medium,0,0.6503038108348846,0,LOW_RISK,0.0,
BioSpread,UNSEEN::AA354,0.19299766421318054,medium,0,0.6512936651706696,0,LOW_RISK,0.0,
BioSpread,UNSEEN::AC552,0.1935548633337021,medium,0,0.6501915454864502,0,LOW_RISK,0.0,
BioSpread,UNSEEN::AF119,0.19349700212478638,medium,0,0.650303453207016,0,LOW_RISK,0.0,
BioSpread,UNSEEN::AA468,0.19347116351127625,medium,0,0.6503643691539764,0,LOW_RISK,0.0,
BioSpread,UNSEEN::AB340,0.19288013875484467,medium,0,0.6515918970108032,0,LOW_RISK,0.0,
BioSpread,AC717,0.5233635306358337,review,0,0.5126286745071411,0,MODERATE_RISK,0.0,
BioSpread,AD204,0.7003507018089294,review,0,0.5163572132587433,0,MODERATE_RISK,0.0,
BioSpread,UNSEEN::AA391,0.19334138929843903,medium,0,0.6505886018276215,0,LOW_RISK,0.0,
BioSpread,UNSEEN::AH507,0.19349676370620728,medium,0,0.6503038108348846,0,LOW_RISK,0.0,
BioSpread,UNSEEN::AD176,0.19349700212478638,medium,0,0.650303453207016,0,LOW_RISK,0.0,
BioSpread,UNSEEN::AF338,0.19349676370620728,medium,0,0.6503038108348846,0,LOW_RISK,0.0,
BioSpread,UNSEEN::AE255,0.19344323873519897,medium,0,0.6503834128379822,0,LOW_RISK,0.0,
BioSpread,AB364,0.5318697094917297,review,0,0.5115548372268677,0,MODERATE_RISK,0.0,
BioSpread,AD067,0.7472566962242126,review,0,0.5599280297756195,0,MODERATE_RISK,0.0,
BioSpread,UNSEEN::AB627,0.19354090094566345,medium,0,0.650212287902832,0,LOW_RISK,0.0,
BioSpread,UNSEEN::AB166,0.19341184198856354,medium,0,0.6504566669464111,0,LOW_RISK,0.0,
BioSpread,UNSEEN::AG129,0.19339869916439056,medium,0,0.6504761874675751,0,LOW_RISK,0.0,
BioSpread,UNSEEN::AB301,0.19349700212478638,medium,0,0.650303453207016,0,LOW_RISK,0.0,
BioSpread,UNSEEN::AE662,0.19343043863773346,medium,0,0.6504024267196655,0,LOW_RISK,0.0,
BioSpread,UNSEEN::AC764,0.19349676370620728,medium,0,0.6503038108348846,0,LOW_RISK,0.0,
BioSpread,AB877,0.1950950175523758,medium,0,0.6819387078285217,0,LOW_RISK,0.0,
BioSpread,UNSEEN::AE089,0.1933857947587967,medium,0,0.6504953801631927,0,LOW_RISK,0.0,
BioSpread,AD829,0.642690896987915,review,0,0.48251163959503174,0,MODERATE_RISK,0.0,
BioSpread,AB709,0.7135468125343323,review,1,0.5247557759284973,0,MODERATE_RISK,0.0,
BioSpread,AD013,0.6581079363822937,review,0,0.5000110864639282,0,MODERATE_RISK,0.0,
BioSpread,AC797,0.5322534441947937,review,0,0.5145643353462219,0,MODERATE_RISK,0.0,
BioSpread,AG528,0.20536628365516663,medium,0,0.6741318106651306,0,LOW_RISK,0.0,
BioSpread,AB011,0.27341368794441223,medium,0,0.6228979527950287,0,LOW_RISK,0.0,
BioSpread,UNSEEN::AB345,0.19349651038646698,medium,0,0.6503041982650757,0,LOW_RISK,0.0,
BioSpread,UNSEEN::AD220,0.19354158639907837,medium,0,0.6502114236354828,0,LOW_RISK,0.0,
BioSpread,UNSEEN::AC026,0.19182464480400085,medium,0,0.6536940038204193,0,LOW_RISK,0.0,
BioSpread,UNSEEN::AE510,0.1934860199689865,medium,0,0.650432288646698,0,LOW_RISK,0.0,
BioSpread,UNSEEN::AH444,0.1933523267507553,medium,0,0.6505748629570007,0,LOW_RISK,0.0,
BioSpread,UNSEEN::AG489,0.1934960037469864,medium,0,0.6503049731254578,0,LOW_RISK,0.0,
BioSpread,UNSEEN::AA978,0.19333484768867493,medium,0,0.6506858468055725,0,LOW_RISK,0.0,
BioSpread,UNSEEN::AC505,0.19334138929843903,medium,0,0.6505886018276215,0,LOW_RISK,0.0,
BioSpread,AB869,0.6762675046920776,review,0,0.5152273774147034,0,MODERATE_RISK,0.0,
BioSpread,UNSEEN::AB191,0.19552859663963318,medium,0,0.6519507467746735,0,LOW_RISK,0.0,
BioSpread,AA577,0.7208355665206909,review,0,0.5235473215579987,0,MODERATE_RISK,0.0,
BioSpread,UNSEEN::AD784,0.19349651038646698,medium,0,0.6503041982650757,0,LOW_RISK,0.0,
BioSpread,UNSEEN::AD552,0.19347365200519562,medium,0,0.6503152549266815,0,LOW_RISK,0.0,
BioSpread,UNSEEN::AG154,0.1933138370513916,medium,0,0.6506296396255493,0,LOW_RISK,0.0,
BioSpread,AF537,0.7491681575775146,review,0,0.5574898719787598,0,MODERATE_RISK,0.0,
BioSpread,AE605,0.5541374683380127,review,0,0.5166345536708832,0,MODERATE_RISK,0.0,
BioSpread,AD760,0.5815288424491882,review,0,0.5022182464599609,0,MODERATE_RISK,0.0,
BioSpread,UNSEEN::AF926,0.19344323873519897,medium,0,0.6503834128379822,0,LOW_RISK,0.0,
BioSpread,UNSEEN::AD813,0.19342507421970367,medium,0,0.6504375636577606,0,LOW_RISK,0.0,
BioSpread,AB481,0.6801906228065491,review,0,0.516710489988327,0,MODERATE_RISK,0.0,
BioSpread,AA329,0.7464752793312073,review,0,0.5505514144897461,0,MODERATE_RISK,0.0,
BioSpread,AC607,0.5319180488586426,review,0,0.5115427672863007,0,MODERATE_RISK,0.0,
BioSpread,AC693,0.7115383148193359,review,0,0.518202006816864,0,MODERATE_RISK,0.0,
BioSpread,AC397,0.6682615280151367,review,0,0.49476486444473267,0,MODERATE_RISK,0.0,
BioSpread,AC099,0.7054122686386108,review,0,0.5220561921596527,0,MODERATE_RISK,0.0,
BioSpread,UNSEEN::AD208,0.19325771927833557,medium,0,0.6507409512996674,0,LOW_RISK,0.0,
BioSpread,AB663,0.4907742738723755,review,0,0.5214738249778748,0,LOW_RISK,0.0,
BioSpread,UNSEEN::AD274,0.19348295032978058,medium,0,0.6503243744373322,0,LOW_RISK,0.0,
BioSpread,AA678,0.25497427582740784,medium,0,0.6350466310977936,0,LOW_RISK,0.0,
BioSpread,UNSEEN::AF531,0.19347012042999268,medium,0,0.6503434181213379,0,LOW_RISK,0.0,
BioSpread,UNSEEN::AA347,0.1933940351009369,medium,0,0.6505115032196045,0,LOW_RISK,0.0,
BioSpread,UNSEEN::AA273,0.19341160356998444,medium,0,0.6504570245742798,0,LOW_RISK,0.0,
BioSpread,UNSEEN::AD121,0.19312025606632233,medium,0,0.6511303186416626,0,LOW_RISK,0.0,
BioSpread,UNSEEN::AC722,0.19343993067741394,medium,0,0.6505054831504822,0,LOW_RISK,0.0,
BioSpread,UNSEEN::AB182,0.19279514253139496,medium,0,0.6517257988452911,0,LOW_RISK,0.0,
BioSpread,AC374,0.6712861657142639,review,0,0.5042304694652557,0,MODERATE_RISK,0.0,
BioSpread,UNSEEN::AE279,0.19349676370620728,medium,0,0.6503038108348846,0,LOW_RISK,0.0,
BioSpread,UNSEEN::AA561,0.19349651038646698,medium,0,0.6503041982650757,0,LOW_RISK,0.0,
BioSpread,AC647,0.6805723309516907,review,0,0.5076238214969635,0,MODERATE_RISK,0.0,
BioSpread,UNSEEN::AG603,0.1935543566942215,medium,0,0.6501923203468323,0,LOW_RISK,0.0,
BioSpread,UNSEEN::AF243,0.19348695874214172,medium,0,0.6502954661846161,0,LOW_RISK,0.0,
BioSpread,UNSEEN::AB044,0.1924019306898117,medium,0,0.652502030134201,0,LOW_RISK,0.0,
BioSpread,AA282,0.7449394464492798,review,1,0.5465548634529114,0,MODERATE_RISK,0.0,
BioSpread,UNSEEN::AB298,0.19348344206809998,medium,0,0.6503235995769501,0,LOW_RISK,0.0,
BioSpread,AF634,0.5318337082862854,review,0,0.5115658640861511,0,MODERATE_RISK,0.0,
BioSpread,UNSEEN::AC842,0.19344300031661987,medium,0,0.6503837704658508,0,LOW_RISK,0.0,
BioSpread,UNSEEN::AD423,0.19338476657867432,medium,0,0.6504969298839569,0,LOW_RISK,0.0,
BioSpread,AE951,0.48301225900650024,review,0,0.5243442356586456,0,LOW_RISK,0.0,
BioSpread,UNSEEN::AG843,0.19349651038646698,medium,0,0.6503041982650757,0,LOW_RISK,0.0,
BioSpread,UNSEEN::AA081,0.1932639330625534,medium,0,0.6508068740367889,0,LOW_RISK,0.0,
BioSpread,UNSEEN::AG074,0.1935541033744812,medium,0,0.6501926779747009,0,LOW_RISK,0.0,
BioSpread,UNSEEN::AB615,0.19240634143352509,medium,0,0.6525120139122009,0,LOW_RISK,0.0,
BioSpread,AD962,0.6990571022033691,review,0,0.5149421393871307,0,MODERATE_RISK,0.0,
BioSpread,AC756,0.7119243144989014,review,0,0.518381655216217,0,MODERATE_RISK,0.0,
BioSpread,AB438,0.7471585273742676,review,0,0.5518162846565247,0,MODERATE_RISK,0.0,
BioSpread,AE068,0.6722568869590759,review,0,0.5127309262752533,0,MODERATE_RISK,0.0,
BioSpread,UNSEEN::AA066,0.19342553615570068,medium,0,0.650436282157898,0,LOW_RISK,0.0,
BioSpread,AB741,0.7424887418746948,review,1,0.5604634284973145,0,MODERATE_RISK,0.0,
BioSpread,AB721,0.7140727639198303,review,1,0.5221861898899078,0,MODERATE_RISK,0.0,
BioSpread,UNSEEN::AF942,0.19348371028900146,medium,0,0.6503232419490814,0,LOW_RISK,0.0,
BioSpread,UNSEEN::AB380,0.1933700144290924,medium,0,0.6506373584270477,0,LOW_RISK,0.0,
BioSpread,AC940,0.747450590133667,review,0,0.5576303005218506,0,MODERATE_RISK,0.0,
BioSpread,AA967,0.6896445155143738,review,0,0.5210176706314087,0,MODERATE_RISK,0.0,
BioSpread,UNSEEN::AA540,0.1934960037469864,medium,0,0.6503049731254578,0,LOW_RISK,0.0,
BioSpread,UNSEEN::AG506,0.19349700212478638,medium,0,0.650303453207016,0,LOW_RISK,0.0,
BioSpread,AB664,0.4618220329284668,review,0,0.5440185964107513,0,LOW_RISK,0.0,
BioSpread,UNSEEN::AB782,0.19337058067321777,medium,0,0.6505870223045349,0,LOW_RISK,0.0,
BioSpread,AF848,0.643258810043335,review,0,0.5066269934177399,0,MODERATE_RISK,0.0,
BioSpread,AA531,0.7434692978858948,review,1,0.5437043905258179,0,MODERATE_RISK,0.0,
BioSpread,UNSEEN::AD262,0.193398118019104,medium,0,0.6504772305488586,0,LOW_RISK,0.0,
BioSpread,UNSEEN::AF178,0.1934012770652771,medium,0,0.6505862474441528,0,LOW_RISK,0.0,
BioSpread,AF121,0.5732541680335999,review,0,0.5037838220596313,0,MODERATE_RISK,0.0,
BioSpread,AC844,0.7138541340827942,review,0,0.5283383131027222,0,MODERATE_RISK,0.0,
BioSpread,UNSEEN::AE074,0.1934962421655655,medium,0,0.6503045856952667,0,LOW_RISK,0.0,
BioSpread,UNSEEN::AD174,0.1934960037469864,medium,0,0.6503049731254578,0,LOW_RISK,0.0,
BioSpread,AC350,0.7024021148681641,review,0,0.5209368169307709,0,MODERATE_RISK,0.0,
BioSpread,AG810,0.27972689270973206,medium,0,0.6099100112915039,0,LOW_RISK,0.0,
BioSpread,UNSEEN::AF221,0.19349676370620728,medium,0,0.6503038108348846,0,LOW_RISK,0.0,
BioSpread,AC907,0.747734546661377,review,0,0.5970973074436188,0,MODERATE_RISK,0.0,
BioSpread,AB432,0.262730211019516,medium,0,0.6278885304927826,0,LOW_RISK,0.0,
BioSpread,UNSEEN::AG156,0.19342604279518127,medium,0,0.6504355072975159,0,LOW_RISK,0.0,
BioSpread,UNSEEN::AC234,0.1934962421655655,medium,0,0.6503045856952667,0,LOW_RISK,0.0,
BioSpread,AD105,0.4336352050304413,review,0,0.5501001179218292,0,LOW_RISK,0.0,
BioSpread,UNSEEN::AG294,0.19348138570785522,medium,0,0.6503285765647888,0,LOW_RISK,0.0,
BioSpread,UNSEEN::AE506,0.1934860199689865,medium,0,0.650432288646698,0,LOW_RISK,0.0,
BioSpread,UNSEEN::AG597,0.1935543566942215,medium,0,0.6501923203468323,0,LOW_RISK,0.0,
BioSpread,UNSEEN::AD606,0.1934962421655655,medium,0,0.6503045856952667,0,LOW_RISK,0.0,
BioSpread,AC775,0.7428761124610901,review,0,0.5493125319480896,0,MODERATE_RISK,0.0,
BioSpread,AF005,0.6329768896102905,review,0,0.4926493167877197,0,MODERATE_RISK,0.0,
BioSpread,UNSEEN::AF446,0.1935545951128006,medium,0,0.6501919627189636,0,LOW_RISK,0.0,
BioSpread,UNSEEN::AF774,0.19349539279937744,medium,0,0.6503071486949921,0,LOW_RISK,0.0,
BioSpread,UNSEEN::AG971,0.1934962421655655,medium,0,0.6503045856952667,0,LOW_RISK,0.0,
BioSpread,UNSEEN::AG038,0.1934833824634552,medium,0,0.650323897600174,0,LOW_RISK,0.0,
BioSpread,AB992,0.620131254196167,review,0,0.4961444139480591,0,MODERATE_RISK,0.0,
BioSpread,AB850,0.5689043402671814,review,0,0.5082792639732361,0,MODERATE_RISK,0.0,
BioSpread,AA089,0.7492908835411072,review,0,0.5644532740116119,0,MODERATE_RISK,0.0,
BioSpread,AC694,0.6060835719108582,review,1,0.49280399084091187,0,MODERATE_RISK,0.0,
BioSpread,AC664,0.6620074510574341,review,0,0.5125416815280914,0,MODERATE_RISK,0.0,
BioSpread,UNSEEN::AE799,0.1932428926229477,medium,0,0.6507637202739716,0,LOW_RISK,0.0,
BioSpread,AE025,0.6755909323692322,review,0,0.5043540298938751,0,MODERATE_RISK,0.0,
BioSpread,AE159,0.6017314791679382,review,0,0.5005868375301361,0,MODERATE_RISK,0.0,
BioSpread,AC014,0.6928368806838989,review,0,0.514318972826004,0,MODERATE_RISK,0.0,
BioSpread,AE640,0.6782007217407227,review,0,0.5042631030082703,0,MODERATE_RISK,0.0,
BioSpread,UNSEEN::AC225,0.19348670542240143,medium,0,0.6502958536148071,0,LOW_RISK,0.0,
BioSpread,AA703,0.6437429189682007,review,0,0.49399667978286743,0,MODERATE_RISK,0.0,
BioSpread,AG272,0.7155114412307739,review,0,0.5225179493427277,0,MODERATE_RISK,0.0,
BioSpread,UNSEEN::AC194,0.19342128932476044,medium,0,0.6504657566547394,0,LOW_RISK,0.0,
BioSpread,UNSEEN::AE964,0.19348271191120148,medium,0,0.6503247320652008,0,LOW_RISK,0.0,
BioSpread,UNSEEN::AB848,0.19349700212478638,medium,0,0.650303453207016,0,LOW_RISK,0.0,
BioSpread,AH401,0.22343964874744415,medium,0,0.6539656817913055,0,LOW_RISK,0.0,
BioSpread,UNSEEN::AC288,0.19309793412685394,medium,0,0.6510173380374908,0,LOW_RISK,0.0,
BioSpread,AH458,0.5337981581687927,review,0,0.5182705223560333,0,MODERATE_RISK,0.0,
BioSpread,AG862,0.4831719398498535,review,0,0.5242840349674225,0,LOW_RISK,0.0,
BioSpread,UNSEEN::AF112,0.19339869916439056,medium,0,0.6504761874675751,0,LOW_RISK,0.0,
BioSpread,AF332,0.4830993711948395,review,0,0.5243113934993744,0,LOW_RISK,0.0,
BioSpread,AC375,0.5011362433433533,review,0,0.5298251211643219,0,MODERATE_RISK,0.0,
BioSpread,UNSEEN::AF627,0.19349700212478638,medium,0,0.650303453207016,0,LOW_RISK,0.0,
BioSpread,AB696,0.2991512715816498,medium,0,0.609838604927063,0,LOW_RISK,0.0,
BioSpread,AE989,0.653537392616272,review,0,0.49976474046707153,0,MODERATE_RISK,0.0,
BioSpread,UNSEEN::AC561,0.19329380989074707,medium,0,0.6507107317447662,0,LOW_RISK,0.0,
BioSpread,AC888,0.7448500394821167,review,1,0.5544155240058899,0,MODERATE_RISK,0.0,
BioSpread,UNSEEN::AG984,0.19349651038646698,medium,0,0.6503041982650757,0,LOW_RISK,0.0,
BioSpread,UNSEEN::AF071,0.1934962421655655,medium,0,0.6503045856952667,0,LOW_RISK,0.0,
BioSpread,UNSEEN::AD327,0.1934962421655655,medium,0,0.6503045856952667,0,LOW_RISK,0.0,
BioSpread,UNSEEN::AE634,0.19342553615570068,medium,0,0.650436282157898,0,LOW_RISK,0.0,
BioSpread,UNSEEN::AD146,0.19348721206188202,medium,0,0.650295078754425,0,LOW_RISK,0.0,
BioSpread,AD957,0.6562494039535522,review,0,0.5035622715950012,0,MODERATE_RISK,0.0,
BioSpread,UNSEEN::AF788,0.19292901456356049,medium,0,0.6513544619083405,0,LOW_RISK,0.0,
BioSpread,UNSEEN::AD961,0.1932680457830429,medium,0,0.6507720053195953,0,LOW_RISK,0.0,
BioSpread,UNSEEN::AC419,0.19342651963233948,medium,0,0.6505254507064819,0,LOW_RISK,0.0,
BioSpread,UNSEEN::AA120,0.19289948046207428,medium,0,0.651533842086792,0,LOW_RISK,0.0,
BioSpread,AF360,0.2234572470188141,medium,0,0.6539513170719147,0,LOW_RISK,0.0,
BioSpread,UNSEEN::AA692,0.19343993067741394,medium,0,0.6505054831504822,0,LOW_RISK,0.0,
BioSpread,UNSEEN::AC400,0.1935483068227768,medium,0,0.6502899825572968,0,LOW_RISK,0.0,
BioSpread,UNSEEN::AD112,0.1933135986328125,medium,0,0.6506308019161224,0,LOW_RISK,0.0,
BioSpread,UNSEEN::AA444,0.19342225790023804,medium,0,0.6504869759082794,0,LOW_RISK,0.0,
BioSpread,AA964,0.7440629005432129,review,1,0.5474242269992828,0,MODERATE_RISK,0.0,
BioSpread,UNSEEN::AF707,0.19342878460884094,medium,0,0.6505446135997772,0,LOW_RISK,0.0,
BioSpread,AA099,0.6009654998779297,review,0,0.5006533563137054,0,MODERATE_RISK,0.0,
BioSpread,AH440,0.573245644569397,review,0,0.5037859380245209,0,MODERATE_RISK,0.0,
BioSpread,UNSEEN::AB408,0.19302703440189362,medium,0,0.6512856483459473,0,LOW_RISK,0.0,
BioSpread,UNSEEN::AH328,0.19349676370620728,medium,0,0.6503038108348846,0,LOW_RISK,0.0,
BioSpread,AF390,0.6646336317062378,review,0,0.5030810534954071,0,MODERATE_RISK,0.0,
BioSpread,UNSEEN::AB622,0.19405756890773773,medium,0,0.6494175791740417,0,LOW_RISK,0.0,
BioSpread,AD759,0.5152974724769592,review,0,0.5123140513896942,0,MODERATE_RISK,0.0,
BioSpread,UNSEEN::AB716,0.1973053216934204,medium,0,0.645642876625061,0,LOW_RISK,0.0,
BioSpread,AH316,0.22351013123989105,medium,0,0.6539081335067749,0,LOW_RISK,0.0,
BioSpread,UNSEEN::AD231,0.1934962421655655,medium,0,0.6503045856952667,0,LOW_RISK,0.0,
BioSpread,AC735,0.2706872224807739,medium,0,0.6230944991111755,0,LOW_RISK,0.0,
BioSpread,AD945,0.7109817862510681,review,0,0.5086844861507416,0,MODERATE_RISK,0.0,
BioSpread,UNSEEN::AC881,0.19321013987064362,medium,0,0.6509140431880951,0,LOW_RISK,0.0,
BioSpread,UNSEEN::AB569,0.19349056482315063,medium,0,0.6504024267196655,0,LOW_RISK,0.0,
BioSpread,UNSEEN::AG799,0.19347365200519562,medium,0,0.6503152549266815,0,LOW_RISK,0.0,
BioSpread,UNSEEN::AH156,0.1928934007883072,medium,0,0.6514200270175934,0,LOW_RISK,0.0,
BioSpread,AA552,0.744421124458313,review,0,0.5427291691303253,0,MODERATE_RISK,0.0,
BioSpread,UNSEEN::AG834,0.19337134063243866,medium,0,0.6505168974399567,0,LOW_RISK,0.0,
BioSpread,UNSEEN::AD947,0.1932133436203003,medium,0,0.6507302522659302,0,LOW_RISK,0.0,
BioSpread,UNSEEN::AF406,0.19333186745643616,medium,0,0.6505756080150604,0,LOW_RISK,0.0,
BioSpread,UNSEEN::AE811,0.19354090094566345,medium,0,0.650212287902832,0,LOW_RISK,0.0,
BioSpread,UNSEEN::AG956,0.19348223507404327,medium,0,0.6503260433673859,0,LOW_RISK,0.0,
BioSpread,UNSEEN::AB695,0.19243384897708893,medium,0,0.6524347066879272,0,LOW_RISK,0.0,
BioSpread,AC545,0.6971356868743896,review,0,0.5028402209281921,0,MODERATE_RISK,0.0,
BioSpread,UNSEEN::AA485,0.19326728582382202,medium,0,0.6507741808891296,0,LOW_RISK,0.0,
BioSpread,AG000,0.6334575414657593,review,0,0.4969446659088135,0,MODERATE_RISK,0.0,
BioSpread,UNSEEN::AA897,0.19349700212478638,medium,0,0.650303453207016,0,LOW_RISK,0.0,
BioSpread,UNSEEN::AG286,0.19355511665344238,medium,0,0.6501911878585815,0,LOW_RISK,0.0,
BioSpread,UNSEEN::AE135,0.19348371028900146,medium,0,0.6503232419490814,0,LOW_RISK,0.0,
BioSpread,UNSEEN::AA098,0.19355511665344238,medium,0,0.6501911878585815,0,LOW_RISK,0.0,
BioSpread,UNSEEN::AF186,0.1935548633337021,medium,0,0.6501915454864502,0,LOW_RISK,0.0,
BioSpread,UNSEEN::AB800,0.19349651038646698,medium,0,0.6503041982650757,0,LOW_RISK,0.0,
BioSpread,UNSEEN::AF662,0.1931498944759369,medium,0,0.6509324610233307,0,LOW_RISK,0.0,
BioSpread,UNSEEN::AC379,0.19347012042999268,medium,0,0.6503434181213379,0,LOW_RISK,0.0,
BioSpread,UNSEEN::AE979,0.1935548633337021,medium,0,0.6501915454864502,0,LOW_RISK,0.0,
BioSpread,UNSEEN::AH113,0.19328446686267853,medium,0,0.650701105594635,0,LOW_RISK,0.0,
BioSpread,AG682,0.39647164940834045,review,0,0.5699574947357178,0,LOW_RISK,0.0,
BioSpread,UNSEEN::AB063,0.19319768249988556,medium,0,0.6509238183498383,0,LOW_RISK,0.0,
BioSpread,UNSEEN::AB474,0.19349651038646698,medium,0,0.6503041982650757,0,LOW_RISK,0.0,
BioSpread,UNSEEN::AG451,0.1934826374053955,medium,0,0.6503250002861023,0,LOW_RISK,0.0,
BioSpread,UNSEEN::AC218,0.1933579295873642,medium,0,0.6505368649959564,0,LOW_RISK,0.0,
BioSpread,AB887,0.6893360614776611,review,0,0.5115160346031189,0,MODERATE_RISK,0.0,
BioSpread,AC686,0.6905426979064941,review,1,0.5182963907718658,0,MODERATE_RISK,0.0,
BioSpread,UNSEEN::AE227,0.1934085488319397,medium,0,0.6505756974220276,0,LOW_RISK,0.0,
BioSpread,AA605,0.5388621687889099,review,0,0.5102453231811523,0,MODERATE_RISK,0.0,
BioSpread,UNSEEN::AB383,0.19329792261123657,medium,0,0.650699645280838,0,LOW_RISK,0.0,
BioSpread,UNSEEN::AG537,0.19342604279518127,medium,0,0.6504355072975159,0,LOW_RISK,0.0,
BioSpread,AA638,0.5235868096351624,review,0,0.5136963725090027,0,MODERATE_RISK,0.0,
BioSpread,UNSEEN::AF404,0.19349676370620728,medium,0,0.6503038108348846,0,LOW_RISK,0.0,
BioSpread,UNSEEN::AE962,0.1935541033744812,medium,0,0.6501926779747009,0,LOW_RISK,0.0,
BioSpread,AC366,0.19508978724479675,medium,0,0.6819429993629456,0,LOW_RISK,0.0,
BioSpread,AC690,0.7218565940856934,review,1,0.5375754833221436,0,MODERATE_RISK,0.0,
BioSpread,UNSEEN::AH251,0.1935545951128006,medium,0,0.6501919627189636,0,LOW_RISK,0.0,
BioSpread,AB362,0.7100452184677124,review,0,0.5071258246898651,0,MODERATE_RISK,0.0,
BioSpread,UNSEEN::AC471,0.1934962421655655,medium,0,0.6503045856952667,0,LOW_RISK,0.0,
BioSpread,UNSEEN::AA956,0.19331806898117065,medium,0,0.6507904827594757,0,LOW_RISK,0.0,
BioSpread,AE560,0.4465654492378235,review,0,0.5537784993648529,0,LOW_RISK,0.0,
BioSpread,AH479,0.4520058035850525,review,0,0.541654646396637,0,LOW_RISK,0.0,
BioSpread,AC396,0.5152453184127808,review,0,0.5123284459114075,0,MODERATE_RISK,0.0,
BioSpread,AH428,0.48353129625320435,review,0,0.5325256288051605,0,LOW_RISK,0.0,
BioSpread,UNSEEN::AC284,0.1933828592300415,medium,0,0.6505386531352997,0,LOW_RISK,0.0,
BioSpread,AA519,0.734850287437439,review,1,0.5316394567489624,0,MODERATE_RISK,0.0,
BioSpread,AG967,0.22351013123989105,medium,0,0.6539081335067749,0,LOW_RISK,0.0,
BioSpread,UNSEEN::AG662,0.19349651038646698,medium,0,0.6503041982650757,0,LOW_RISK,0.0,
BioSpread,UNSEEN::AB758,0.1929863691329956,medium,0,0.6514198482036591,0,LOW_RISK,0.0,
BioSpread,AC180,0.6942722797393799,review,0,0.5135766565799713,0,MODERATE_RISK,0.0,
BioSpread,UNSEEN::AC266,0.1931895911693573,medium,0,0.6509639024734497,0,LOW_RISK,0.0,
BioSpread,UNSEEN::AB988,0.19348271191120148,medium,0,0.6503247320652008,0,LOW_RISK,0.0,
BioSpread,AA705,0.7137269973754883,review,0,0.5177932679653168,0,MODERATE_RISK,0.0,
BioSpread,AF995,0.4831429421901703,review,0,0.524294912815094,0,LOW_RISK,0.0,
BioSpread,UNSEEN::AH372,0.19349676370620728,medium,0,0.6503038108348846,0,LOW_RISK,0.0,
BioSpread,UNSEEN::AA817,0.19297097623348236,medium,0,0.6513519287109375,0,LOW_RISK,0.0,
BioSpread,AE643,0.6225394010543823,review,0,0.5080664753913879,0,MODERATE_RISK,0.0,
BioSpread,UNSEEN::AF139,0.19349700212478638,medium,0,0.650303453207016,0,LOW_RISK,0.0,
BioSpread,UNSEEN::AD211,0.1935483068227768,medium,0,0.6502899825572968,0,LOW_RISK,0.0,
BioSpread,UNSEEN::AG183,0.1935548633337021,medium,0,0.6501915454864502,0,LOW_RISK,0.0,
BioSpread,AD254,0.37270745635032654,review,0,0.5676279664039612,0,LOW_RISK,0.0,
BioSpread,UNSEEN::AE540,0.193134143948555,medium,0,0.6510485410690308,0,LOW_RISK,0.0,
BioSpread,UNSEEN::AA965,0.19657666981220245,medium,0,0.6473993360996246,0,LOW_RISK,0.0,
BioSpread,UNSEEN::AG846,0.19341208040714264,medium,0,0.6504562795162201,0,LOW_RISK,0.0,
BioSpread,UNSEEN::AB390,0.1931876540184021,medium,0,0.6509862542152405,0,LOW_RISK,0.0,
BioSpread,UNSEEN::AA935,0.19353169202804565,medium,0,0.6502031981945038,0,LOW_RISK,0.0,
BioSpread,AC293,0.7456406354904175,review,0,0.5485541522502899,0,MODERATE_RISK,0.0,
BioSpread,AB808,0.7481445074081421,review,0,0.55677530169487,0,MODERATE_RISK,0.0,
BioSpread,UNSEEN::AF136,0.19349071383476257,medium,0,0.650317907333374,0,LOW_RISK,0.0,
BioSpread,UNSEEN::AD658,0.1934250295162201,medium,0,0.6504370272159576,0,LOW_RISK,0.0,
BioSpread,UNSEEN::AG429,0.19313734769821167,medium,0,0.6510319411754608,0,LOW_RISK,0.0,
BioSpread,AC005,0.708002507686615,review,0,0.5183455944061279,0,MODERATE_RISK,0.0,
BioSpread,UNSEEN::AB827,0.19335198402404785,medium,0,0.6506190299987793,0,LOW_RISK,0.0,
BioSpread,UNSEEN::AG282,0.1933562457561493,medium,0,0.6506578922271729,0,LOW_RISK,0.0,
BioSpread,UNSEEN::AH501,0.19355511665344238,medium,0,0.6501911878585815,0,LOW_RISK,0.0,
BioSpread,AG883,0.5545501112937927,review,0,0.4993555545806885,0,MODERATE_RISK,0.0,
BioSpread,UNSEEN::AB055,0.1933315545320511,medium,0,0.6506489217281342,0,LOW_RISK,0.0,
BioSpread,AF580,0.4830993711948395,review,0,0.5243113934993744,0,LOW_RISK,0.0,
BioSpread,AB068,0.7112406492233276,review,0,0.5173925161361694,0,MODERATE_RISK,0.0,
BioSpread,AD571,0.6619958877563477,review,0,0.5125430226325989,0,MODERATE_RISK,0.0,
BioSpread,UNSEEN::AA506,0.19334711134433746,medium,0,0.6506495475769043,0,LOW_RISK,0.0,
BioSpread,AC030,0.743142306804657,review,1,0.5484299063682556,0,MODERATE_RISK,0.0,
BioSpread,UNSEEN::AF973,0.1934962421655655,medium,0,0.6503045856952667,0,LOW_RISK,0.0,
BioSpread,UNSEEN::AF651,0.19348670542240143,medium,0,0.6502958536148071,0,LOW_RISK,0.0,
BioSpread,UNSEEN::AA335,0.19347919523715973,medium,0,0.6503331065177917,0,LOW_RISK,0.0,
BioSpread,UNSEEN::AC016,0.1934112161397934,medium,0,0.650525689125061,0,LOW_RISK,0.0,
BioSpread,UNSEEN::AB669,0.19335465133190155,medium,0,0.6505688726902008,0,LOW_RISK,0.0,
BioSpread,AA103,0.7189499735832214,review,1,0.5265170335769653,0,MODERATE_RISK,0.0,
BioSpread,UNSEEN::AH514,0.19349651038646698,medium,0,0.6503041982650757,0,LOW_RISK,0.0,
BioSpread,UNSEEN::AB317,0.19339750707149506,medium,0,0.6505463421344757,0,LOW_RISK,0.0,
BioSpread,AC733,0.7091934084892273,review,1,0.5226680338382721,0,MODERATE_RISK,0.0,
BioSpread,AC470,0.66983562707901,review,0,0.5022092163562775,0,MODERATE_RISK,0.0,
BioSpread,UNSEEN::AH151,0.19334502518177032,medium,0,0.6505560576915741,0,LOW_RISK,0.0,
BioSpread,UNSEEN::AE562,0.19349676370620728,medium,0,0.6503038108348846,0,LOW_RISK,0.0,
BioSpread,AF609,0.7480598092079163,review,1,0.5553029775619507,0,MODERATE_RISK,0.0,
BioSpread,AE149,0.22344844043254852,medium,0,0.6539585292339325,0,LOW_RISK,0.0,
BioSpread,UNSEEN::AC321,0.191691055893898,medium,0,0.653720498085022,0,LOW_RISK,0.0,
BioSpread,UNSEEN::AF529,0.19345681369304657,medium,0,0.6503632068634033,0,LOW_RISK,0.0,
BioSpread,UNSEEN::AG280,0.19349676370620728,medium,0,0.6503038108348846,0,LOW_RISK,0.0,
BioSpread,AG075,0.22407834231853485,medium,0,0.6535110771656036,0,LOW_RISK,0.0,
BioSpread,UNSEEN::AF776,0.19349651038646698,medium,0,0.6503041982650757,0,LOW_RISK,0.0,
BioSpread,UNSEEN::AB321,0.1935548633337021,medium,0,0.6501915454864502,0,LOW_RISK,0.0,
BioSpread,UNSEEN::AD090,0.19334964454174042,medium,0,0.6505996882915497,0,LOW_RISK,0.0,
BioSpread,UNSEEN::AB491,0.19331365823745728,medium,0,0.6506305038928986,0,LOW_RISK,0.0,
BioSpread,UNSEEN::AG155,0.19349651038646698,medium,0,0.6503041982650757,0,LOW_RISK,0.0,
BioSpread,AC154,0.6850058436393738,review,1,0.5170747935771942,0,MODERATE_RISK,0.0,
BioSpread,AC156,0.5321899652481079,review,0,0.5131511688232422,0,MODERATE_RISK,0.0,
BioSpread,UNSEEN::AF096,0.1934962421655655,medium,0,0.6503045856952667,0,LOW_RISK,0.0,
BioSpread,UNSEEN::AA454,0.19095803797245026,medium,0,0.6557123363018036,0,LOW_RISK,0.0,
BioSpread,AD207,0.7021803855895996,review,0,0.5176958441734314,0,MODERATE_RISK,0.0,
BioSpread,AG723,0.529457151889801,review,0,0.5054705440998077,0,MODERATE_RISK,0.0,
BioSpread,AF365,0.4830848276615143,review,0,0.5243168771266937,0,LOW_RISK,0.0,
BioSpread,UNSEEN::AF710,0.1934356838464737,medium,0,0.650466799736023,0,LOW_RISK,0.0,
BioSpread,AB865,0.6590179204940796,review,0,0.5060800015926361,0,MODERATE_RISK,0.0,
BioSpread,AF787,0.6535499095916748,review,0,0.4997638463973999,0,MODERATE_RISK,0.0,
BioSpread,UNSEEN::AE714,0.19342052936553955,medium,0,0.6504668891429901,0,LOW_RISK,0.0,
BioSpread,UNSEEN::AD782,0.19349651038646698,medium,0,0.6503041982650757,0,LOW_RISK,0.0,
BioSpread,AA314,0.7472131848335266,review,0,0.5516410171985626,0,MODERATE_RISK,0.0,
BioSpread,UNSEEN::AB847,0.1934969574213028,medium,0,0.6503037214279175,0,LOW_RISK,0.0,
BioSpread,AC666,0.18114593625068665,medium,0,0.668887734413147,0,LOW_RISK,0.0,
BioSpread,UNSEEN::AD421,0.19347116351127625,medium,0,0.6503643691539764,0,LOW_RISK,0.0,
BioSpread,UNSEEN::AD511,0.1933366060256958,medium,0,0.6506190896034241,0,LOW_RISK,0.0,
BioSpread,AB736,0.6505630612373352,review,0,0.4997997283935547,0,MODERATE_RISK,0.0,
BioSpread,UNSEEN::AH364,0.19349676370620728,medium,0,0.6503038108348846,0,LOW_RISK,0.0,
BioSpread,AC370,0.6401138305664062,review,0,0.4967740774154663,0,MODERATE_RISK,0.0,
BioSpread,UNSEEN::AD783,0.19349651038646698,medium,0,0.6503041982650757,0,LOW_RISK,0.0,
BioSpread,UNSEEN::AF114,0.1932431161403656,medium,0,0.6508320569992065,0,LOW_RISK,0.0,
BioSpread,AH238,0.5152778029441833,review,0,0.5123190879821777,0,MODERATE_RISK,0.0,
BioSpread,AC525,0.6208237409591675,review,0,0.49495476484298706,0,MODERATE_RISK,0.0,
BioSpread,AB896,0.3549535870552063,review,0,0.5813626646995544,0,LOW_RISK,0.0,
BioSpread,UNSEEN::AD037,0.193544402718544,medium,0,0.6502514779567719,0,LOW_RISK,0.0,
BioSpread,AB525,0.5020157694816589,review,0,0.5295315980911255,0,MODERATE_RISK,0.0,
BioSpread,UNSEEN::AF570,0.19342949986457825,medium,0,0.6504044532775879,0,LOW_RISK,0.0,
BioSpread,UNSEEN::AA121,0.19256606698036194,medium,0,0.6520483791828156,0,LOW_RISK,0.0,
BioSpread,AE867,0.699403703212738,review,0,0.5096401274204254,0,MODERATE_RISK,0.0,
BioSpread,UNSEEN::AG879,0.1934962421655655,medium,0,0.6503045856952667,0,LOW_RISK,0.0,
BioSpread,UNSEEN::AF690,0.19349579513072968,medium,0,0.6503058969974518,0,LOW_RISK,0.0,
BioSpread,AB842,0.6400265693664551,review,0,0.4967697262763977,0,MODERATE_RISK,0.0,
BioSpread,UNSEEN::AA534,0.19349676370620728,medium,0,0.6503038108348846,0,LOW_RISK,0.0,
BioSpread,UNSEEN::AC081,0.19339053332805634,medium,0,0.6505144834518433,0,LOW_RISK,0.0,
BioSpread,UNSEEN::AD383,0.19349651038646698,medium,0,0.6503041982650757,0,LOW_RISK,0.0,
BioSpread,UNSEEN::AB075,0.1928209513425827,medium,0,0.6516309678554535,0,LOW_RISK,0.0,
BioSpread,UNSEEN::AF799,0.1934908628463745,medium,0,0.6503604054450989,0,LOW_RISK,0.0,
BioSpread,AA158,0.7092445492744446,review,0,0.5196992754936218,0,MODERATE_RISK,0.0,
BioSpread,UNSEEN::AD086,0.1934102326631546,medium,0,0.6504609286785126,0,LOW_RISK,0.0,
BioSpread,UNSEEN::AB963,0.1934891939163208,medium,0,0.6503399908542633,0,LOW_RISK,0.0,
BioSpread,UNSEEN::AG042,0.19349651038646698,medium,0,0.6503041982650757,0,LOW_RISK,0.0,
BioSpread,UNSEEN::AG661,0.19348670542240143,medium,0,0.6502958536148071,0,LOW_RISK,0.0,
BioSpread,UNSEEN::AA632,0.1932901293039322,medium,0,0.6507928371429443,0,LOW_RISK,0.0,
BioSpread,UNSEEN::AB053,0.19334088265895844,medium,0,0.6505893468856812,0,LOW_RISK,0.0,
BioSpread,UNSEEN::AC063,0.1934960037469864,medium,0,0.6503049731254578,0,LOW_RISK,0.0,
BioSpread,UNSEEN::AA408,0.19346150755882263,medium,0,0.6503638029098511,0,LOW_RISK,0.0,
BioSpread,AC863,0.731831967830658,review,0,0.541922926902771,0,MODERATE_RISK,0.0,
BioSpread,AA742,0.6917282938957214,review,1,0.5073927342891693,0,MODERATE_RISK,0.0,
BioSpread,UNSEEN::AE459,0.19348271191120148,medium,0,0.6503247320652008,0,LOW_RISK,0.0,
BioSpread,UNSEEN::AA292,0.1934252679347992,medium,0,0.6504366397857666,0,LOW_RISK,0.0,
BioSpread,AB494,0.6796320080757141,review,0,0.5052376687526703,0,MODERATE_RISK,0.0,
BioSpread,UNSEEN::AA787,0.1935541033744812,medium,0,0.6501926779747009,0,LOW_RISK,0.0,
BioSpread,UNSEEN::AD875,0.19348670542240143,medium,0,0.6502958536148071,0,LOW_RISK,0.0,
BioSpread,AB433,0.6891000866889954,review,0,0.5160168409347534,0,MODERATE_RISK,0.0,
BioSpread,AB843,0.2632162272930145,medium,0,0.6228204369544983,0,LOW_RISK,0.0,
BioSpread,UNSEEN::AF372,0.1935543566942215,medium,0,0.6501923203468323,0,LOW_RISK,0.0,
BioSpread,UNSEEN::AB898,0.19323325157165527,medium,0,0.6507497131824493,0,LOW_RISK,0.0,
BioSpread,UNSEEN::AE174,0.19342227280139923,medium,0,0.6504867970943451,0,LOW_RISK,0.0,
BioSpread,AC113,0.6687623262405396,review,1,0.5061915218830109,0,MODERATE_RISK,0.0,
BioSpread,UNSEEN::AG281,0.19346584379673004,medium,0,0.6503957509994507,0,LOW_RISK,0.0,
BioSpread,UNSEEN::AD083,0.19333744049072266,medium,0,0.6507100462913513,0,LOW_RISK,0.0,
BioSpread,AA165,0.6672946810722351,review,0,0.5031279027462006,0,MODERATE_RISK,0.0,
BioSpread,UNSEEN::AH075,0.19610360264778137,medium,0,0.6529061794281006,0,LOW_RISK,0.0,
BioSpread,AH336,0.7096736431121826,review,0,0.5177459716796875,0,MODERATE_RISK,0.0,
BioSpread,AC536,0.7170377373695374,review,1,0.5222695767879486,0,MODERATE_RISK,0.0,
BioSpread,UNSEEN::AF836,0.1933278739452362,medium,0,0.6506087481975555,0,LOW_RISK,0.0,
BioSpread,AA359,0.7485014796257019,review,0,0.5546521842479706,0,MODERATE_RISK,0.0,
BioSpread,UNSEEN::AC103,0.19349676370620728,medium,0,0.6503038108348846,0,LOW_RISK,0.0,
BioSpread,UNSEEN::AA825,0.19320093095302582,medium,0,0.6508899331092834,0,LOW_RISK,0.0,
BioSpread,AD621,0.42590847611427307,review,0,0.5601745843887329,0,LOW_RISK,0.0,
BioSpread,UNSEEN::AB863,0.19335541129112244,medium,0,0.6505677103996277,0,LOW_RISK,0.0,
BioSpread,AA349,0.7453759908676147,review,1,0.5508670806884766,0,MODERATE_RISK,0.0,
BioSpread,AE546,0.532168447971344,review,0,0.5114894211292267,0,MODERATE_RISK,0.0,
BioSpread,UNSEEN::AF653,0.1934960037469864,medium,0,0.6503049731254578,0,LOW_RISK,0.0,
BioSpread,UNSEEN::AH291,0.1934962421655655,medium,0,0.6503045856952667,0,LOW_RISK,0.0,
BioSpread,AC856,0.6178662776947021,review,0,0.49953144788742065,0,MODERATE_RISK,0.0,
BioSpread,AE136,0.5317978858947754,review,0,0.5115797519683838,0,MODERATE_RISK,0.0,
BioSpread,AA923,0.744735062122345,review,0,0.5421766638755798,0,MODERATE_RISK,0.0,
BioSpread,AA607,0.6664475202560425,review,0,0.5110203623771667,0,MODERATE_RISK,0.0,
BioSpread,AE801,0.26267117261886597,medium,0,0.6279284954071045,0,LOW_RISK,0.0,
BioSpread,UNSEEN::AC977,0.1926157921552658,medium,0,0.6520950496196747,0,LOW_RISK,0.0,
BioSpread,AG192,0.7466981410980225,review,0,0.5629792511463165,0,MODERATE_RISK,0.0,
BioSpread,AH438,0.2234572470188141,medium,0,0.6539513170719147,0,LOW_RISK,0.0,
BioSpread,UNSEEN::AA489,0.1934962421655655,medium,0,0.6503045856952667,0,LOW_RISK,0.0,
BioSpread,UNSEEN::AC132,0.19343595206737518,medium,0,0.6504663825035095,0,LOW_RISK,0.0,
BioSpread,AA622,0.7461833953857422,review,1,0.544933021068573,0,MODERATE_RISK,0.0,
BioSpread,AG057,0.5083741545677185,review,0,0.52154341340065,0,MODERATE_RISK,0.0,
BioSpread,AG172,0.3183564245700836,medium,0,0.6005564033985138,0,LOW_RISK,0.0,
BioSpread,AC295,0.7446100115776062,review,0,0.5436100959777832,0,MODERATE_RISK,0.0,
BioSpread,UNSEEN::AF478,0.19339847564697266,medium,0,0.6504765450954437,0,LOW_RISK,0.0,
BioSpread,UNSEEN::AG840,0.19338932633399963,medium,0,0.6504670083522797,0,LOW_RISK,0.0,
BioSpread,UNSEEN::AA191,0.19307734072208405,medium,0,0.6510793566703796,0,LOW_RISK,0.0,
BioSpread,UNSEEN::AB792,0.1934828758239746,medium,0,0.6503246426582336,0,LOW_RISK,0.0,
BioSpread,UNSEEN::AE114,0.19341236352920532,medium,0,0.6504558622837067,0,LOW_RISK,0.0,
BioSpread,UNSEEN::AG396,0.19349651038646698,medium,0,0.6503041982650757,0,LOW_RISK,0.0,
BioSpread,AC309,0.7437779307365417,review,1,0.5495808124542236,0,MODERATE_RISK,0.0,
BioSpread,UNSEEN::AB065,0.19312050938606262,medium,0,0.6510968208312988,0,LOW_RISK,0.0,
BioSpread,UNSEEN::AG502,0.19348320364952087,medium,0,0.6503239870071411,0,LOW_RISK,0.0,
BioSpread,UNSEEN::AG499,0.19349676370620728,medium,0,0.6503038108348846,0,LOW_RISK,0.0,
BioSpread,UNSEEN::AG939,0.19336579740047455,medium,0,0.6506104171276093,0,LOW_RISK,0.0,
BioSpread,UNSEEN::AC929,0.1933852732181549,medium,0,0.6504961550235748,0,LOW_RISK,0.0,
BioSpread,UNSEEN::AB973,0.19297945499420166,medium,0,0.65139040350914,0,LOW_RISK,0.0,
BioSpread,UNSEEN::AE205,0.193457692861557,medium,0,0.6503850221633911,0,LOW_RISK,0.0,
BioSpread,UNSEEN::AC928,0.19341236352920532,medium,0,0.6504558622837067,0,LOW_RISK,0.0,
BioSpread,UNSEEN::AE342,0.19341236352920532,medium,0,0.6504558622837067,0,LOW_RISK,0.0,
BioSpread,UNSEEN::AC101,0.19340088963508606,medium,0,0.6504955887794495,0,LOW_RISK,0.0,
BioSpread,UNSEEN::AG220,0.1934986561536789,medium,0,0.6504139006137848,0,LOW_RISK,0.0,
BioSpread,AB413,0.7176646590232849,review,1,0.5224039852619171,0,MODERATE_RISK,0.0,
BioSpread,UNSEEN::AC991,0.1934962421655655,medium,0,0.6503045856952667,0,LOW_RISK,0.0,
BioSpread,UNSEEN::AA971,0.19289322197437286,medium,0,0.6514217555522919,0,LOW_RISK,0.0,
BioSpread,UNSEEN::AE803,0.19324171543121338,medium,0,0.6507727205753326,0,LOW_RISK,0.0,
BioSpread,AD809,0.17207196354866028,medium,0,0.6835476458072662,0,LOW_RISK,0.0,
BioSpread,UNSEEN::AD095,0.1934962421655655,medium,0,0.6503045856952667,0,LOW_RISK,0.0,
BioSpread,UNSEEN::AE479,0.19310398399829865,medium,0,0.6510986089706421,0,LOW_RISK,0.0,
BioSpread,AA330,0.7466831803321838,review,0,0.5510626137256622,0,MODERATE_RISK,0.0,
BioSpread,AC982,0.50748211145401,review,0,0.5157307386398315,0,MODERATE_RISK,0.0,
BioSpread,UNSEEN::AE276,0.19342486560344696,medium,0,0.6505056023597717,0,LOW_RISK,0.0,
BioSpread,UNSEEN::AG925,0.19349651038646698,medium,0,0.6503041982650757,0,LOW_RISK,0.0,
BioSpread,UNSEEN::AF259,0.19355511665344238,medium,0,0.6501911878585815,0,LOW_RISK,0.0,
BioSpread,AD594,0.6710666418075562,review,0,0.506550669670105,0,MODERATE_RISK,0.0,
BioSpread,AF303,0.22344844043254852,medium,0,0.6539585292339325,0,LOW_RISK,0.0,
BioSpread,AE458,0.5968345403671265,review,0,0.5084349811077118,0,MODERATE_RISK,0.0,
BioSpread,AC007,0.6861254572868347,review,0,0.5038287341594696,0,MODERATE_RISK,0.0,
BioSpread,UNSEEN::AC207,0.1932602971792221,medium,0,0.6507093906402588,0,LOW_RISK,0.0,
BioSpread,UNSEEN::AD831,0.19346937537193298,medium,0,0.6503445506095886,0,LOW_RISK,0.0,
BioSpread,UNSEEN::AC039,0.19354858994483948,medium,0,0.6502059102058411,0,LOW_RISK,0.0,
BioSpread,UNSEEN::AD995,0.1934019774198532,medium,0,0.6505847573280334,0,LOW_RISK,0.0,
BioSpread,UNSEEN::AA542,0.19341634213924408,medium,0,0.6504234075546265,0,LOW_RISK,0.0,
BioSpread,UNSEEN::AD156,0.19336099922657013,medium,0,0.6505846977233887,0,LOW_RISK,0.0,
BioSpread,UNSEEN::AB174,0.19325846433639526,medium,0,0.6507143080234528,0,LOW_RISK,0.0,
BioSpread,AE730,0.7456929683685303,review,0,0.5558699667453766,0,MODERATE_RISK,0.0,
BioSpread,UNSEEN::AB678,0.1934962421655655,medium,0,0.6503045856952667,0,LOW_RISK,0.0,
BioSpread,UNSEEN::AE200,0.19342434406280518,medium,0,0.6505061686038971,0,LOW_RISK,0.0,
BioSpread,AH402,0.42752453684806824,review,0,0.5595518946647644,0,LOW_RISK,0.0,
BioSpread,UNSEEN::AB471,0.19335651397705078,medium,0,0.6506574749946594,0,LOW_RISK,0.0,
BioSpread,UNSEEN::AC557,0.19349676370620728,medium,0,0.6503038108348846,0,LOW_RISK,0.0,
BioSpread,AG432,0.6376898288726807,review,0,0.4964916706085205,0,MODERATE_RISK,0.0,
BioSpread,UNSEEN::AD113,0.19325746595859528,medium,0,0.6507413387298584,0,LOW_RISK,0.0,
BioSpread,UNSEEN::AD368,0.19349700212478638,medium,0,0.650303453207016,0,LOW_RISK,0.0,
BioSpread,AD033,0.6086374521255493,review,0,0.5082738697528839,0,MODERATE_RISK,0.0,
BioSpread,AC874,0.6508136987686157,review,0,0.5001289546489716,0,MODERATE_RISK,0.0,
BioSpread,UNSEEN::AA169,0.19334492087364197,medium,0,0.6506551504135132,0,LOW_RISK,0.0,
BioSpread,UNSEEN::AE746,0.1934257447719574,medium,0,0.6504359245300293,0,LOW_RISK,0.0,
BioSpread,AD924,0.22351013123989105,medium,0,0.6539081335067749,0,LOW_RISK,0.0,
BioSpread,AD601,0.653689980506897,review,0,0.49626708030700684,0,MODERATE_RISK,0.0,
BioSpread,UNSEEN::AF416,0.19339686632156372,medium,0,0.6505477726459503,0,LOW_RISK,0.0,
BioSpread,AB015,0.4502357840538025,review,0,0.5736369490623474,0,LOW_RISK,0.0,
BioSpread,UNSEEN::AB372,0.19338853657245636,medium,0,0.650604784488678,0,LOW_RISK,0.0,
BioSpread,AD278,0.6863690614700317,review,0,0.5127800703048706,0,MODERATE_RISK,0.0,
BioSpread,AD468,0.4697704613208771,review,0,0.5542404651641846,0,LOW_RISK,0.0,
BioSpread,AA830,0.743212878704071,review,0,0.5603077411651611,0,MODERATE_RISK,0.0,
BioSpread,UNSEEN::AD983,0.19313101470470428,medium,0,0.650933176279068,0,LOW_RISK,0.0,
BioSpread,AD461,0.7186415195465088,review,0,0.5188673138618469,0,MODERATE_RISK,0.0,
BioSpread,AA218,0.6855316758155823,review,0,0.5148077607154846,0,MODERATE_RISK,0.0,
BioSpread,AC846,0.5295364260673523,review,0,0.5054467618465424,0,MODERATE_RISK,0.0,
BioSpread,UNSEEN::AA925,0.19348320364952087,medium,0,0.6503239870071411,0,LOW_RISK,0.0,
BioSpread,AE702,0.22340446710586548,medium,0,0.6539944112300873,0,LOW_RISK,0.0,
BioSpread,UNSEEN::AG442,0.1934252679347992,medium,0,0.6504366397857666,0,LOW_RISK,0.0,
BioSpread,AD343,0.2620388865470886,medium,0,0.632730633020401,0,LOW_RISK,0.0,
BioSpread,AC654,0.6943070292472839,review,1,0.5115567743778229,0,MODERATE_RISK,0.0,
BioSpread,UNSEEN::AH262,0.1935548633337021,medium,0,0.6501915454864502,0,LOW_RISK,0.0,
BioSpread,UNSEEN::AH333,0.1934962421655655,medium,0,0.6503045856952667,0,LOW_RISK,0.0,
BioSpread,UNSEEN::AA493,0.19319689273834229,medium,0,0.6510241627693176,0,LOW_RISK,0.0,
BioSpread,AC726,0.7450852394104004,review,0,0.5598645210266113,0,MODERATE_RISK,0.0,
BioSpread,UNSEEN::AE092,0.19346937537193298,medium,0,0.6503445506095886,0,LOW_RISK,0.0,
BioSpread,AA018,0.7437611222267151,review,1,0.5459933280944824,0,MODERATE_RISK,0.0,
BioSpread,UNSEEN::AE514,0.19349676370620728,medium,0,0.6503038108348846,0,LOW_RISK,0.0,
BioSpread,AD139,0.3549535870552063,review,0,0.5813626646995544,0,LOW_RISK,0.0,
BioSpread,AA593,0.746435284614563,review,0,0.5498253703117371,0,MODERATE_RISK,0.0,
BioSpread,UNSEEN::AC747,0.19328166544437408,medium,0,0.6507517099380493,0,LOW_RISK,0.0,
BioSpread,UNSEEN::AC986,0.19340857863426208,medium,0,0.6505754888057709,0,LOW_RISK,0.0,
BioSpread,AC429,0.19508978724479675,medium,0,0.6819429993629456,0,LOW_RISK,0.0,
BioSpread,AA976,0.7138928174972534,review,0,0.519068032503128,0,MODERATE_RISK,0.0,
BioSpread,UNSEEN::AF600,0.19349700212478638,medium,0,0.650303453207016,0,LOW_RISK,0.0,
BioSpread,UNSEEN::AA388,0.19352839887142181,medium,0,0.6502310633659363,0,LOW_RISK,0.0,
BioSpread,UNSEEN::AF601,0.19342532753944397,medium,0,0.6504371762275696,0,LOW_RISK,0.0,
BioSpread,AD221,0.2795959413051605,medium,0,0.6178610026836395,0,LOW_RISK,0.0,
BioSpread,AC992,0.2623699903488159,medium,0,0.6301445960998535,0,LOW_RISK,0.0,
BioSpread,UNSEEN::AC727,0.1927853524684906,medium,0,0.6516025364398956,0,LOW_RISK,0.0,
BioSpread,UNSEEN::AA665,0.19326671957969666,medium,0,0.6508505046367645,0,LOW_RISK,0.0,
BioSpread,UNSEEN::AH517,0.1934962421655655,medium,0,0.6503045856952667,0,LOW_RISK,0.0,
BioSpread,UNSEEN::AF631,0.19307254254817963,medium,0,0.6510814428329468,0,LOW_RISK,0.0,
BioSpread,UNSEEN::AA469,0.19316385686397552,medium,0,0.651053249835968,0,LOW_RISK,0.0,
BioSpread,UNSEEN::AE899,0.1934347003698349,medium,0,0.6504457592964172,0,LOW_RISK,0.0,
BioSpread,UNSEEN::AD072,0.19346210360527039,medium,0,0.6504224538803101,0,LOW_RISK,0.0,
BioSpread,AF554,0.5467869639396667,review,0,0.5088163018226624,0,MODERATE_RISK,0.0,
BioSpread,AD539,0.5789585709571838,review,0,0.5072486996650696,0,MODERATE_RISK,0.0,
BioSpread,AE260,0.6535280346870422,review,0,0.49976545572280884,0,MODERATE_RISK,0.0,
BioSpread,AF784,0.4830993711948395,review,0,0.5243113934993744,0,LOW_RISK,0.0,
BioSpread,UNSEEN::AD351,0.19342459738254547,medium,0,0.6504383087158203,0,LOW_RISK,0.0,
BioSpread,UNSEEN::AE211,0.19339022040367126,medium,0,0.65046226978302,0,LOW_RISK,0.0,
BioSpread,UNSEEN::AD626,0.19319157302379608,medium,0,0.6508626341819763,0,LOW_RISK,0.0,
BioSpread,AE237,0.6748812794685364,review,0,0.5053915977478027,0,MODERATE_RISK,0.0,
BioSpread,AB660,0.4830557703971863,review,0,0.5243278443813324,0,LOW_RISK,0.0,
BioSpread,UNSEEN::AC614,0.19331318140029907,medium,0,0.6506318747997284,0,LOW_RISK,0.0,
BioSpread,UNSEEN::AF811,0.19331586360931396,medium,0,0.6506496965885162,0,LOW_RISK,0.0,
BioSpread,UNSEEN::AB198,0.1934252679347992,medium,0,0.6504366397857666,0,LOW_RISK,0.0,
BioSpread,AH339,0.22351013123989105,medium,0,0.6539081335067749,0,LOW_RISK,0.0,
BioSpread,UNSEEN::AE418,0.19342993199825287,medium,0,0.6504031717777252,0,LOW_RISK,0.0,
BioSpread,AA739,0.7450757026672363,review,1,0.5422489643096924,0,MODERATE_RISK,0.0,
BioSpread,AD785,0.7045554518699646,review,0,0.5120965540409088,0,MODERATE_RISK,0.0,
BioSpread,UNSEEN::AB316,0.19342878460884094,medium,0,0.6505446135997772,0,LOW_RISK,0.0,
BioSpread,AD332,0.6690610647201538,review,0,0.5042019784450531,0,MODERATE_RISK,0.0,
BioSpread,UNSEEN::AF015,0.19340886175632477,medium,0,0.6505067646503448,0,LOW_RISK,0.0,
BioSpread,UNSEEN::AG922,0.1934356838464737,medium,0,0.650466799736023,0,LOW_RISK,0.0,
BioSpread,UNSEEN::AA949,0.19341236352920532,medium,0,0.6504558622837067,0,LOW_RISK,0.0,
BioSpread,UNSEEN::AC681,0.19308899343013763,medium,0,0.6511394679546356,0,LOW_RISK,0.0,
BioSpread,UNSEEN::AC494,0.19349676370620728,medium,0,0.6503038108348846,0,LOW_RISK,0.0,
BioSpread,UNSEEN::AC765,0.19355511665344238,medium,0,0.6501911878585815,0,LOW_RISK,0.0,
BioSpread,UNSEEN::AF986,0.19337773323059082,medium,0,0.6505750715732574,0,LOW_RISK,0.0,
BioSpread,UNSEEN::AE040,0.19354110956192017,medium,0,0.6502119600772858,0,LOW_RISK,0.0,
BioSpread,UNSEEN::AA288,0.193309023976326,medium,0,0.6507802903652191,0,LOW_RISK,0.0,
BioSpread,UNSEEN::AG293,0.19346927106380463,medium,0,0.6503573060035706,0,LOW_RISK,0.0,
BioSpread,UNSEEN::AD387,0.19341208040714264,medium,0,0.6504562795162201,0,LOW_RISK,0.0,
BioSpread,AB150,0.7013028264045715,review,0,0.5044146776199341,0,MODERATE_RISK,0.0,
BioSpread,UNSEEN::AH148,0.19348271191120148,medium,0,0.6503247320652008,0,LOW_RISK,0.0,
BioSpread,UNSEEN::AG116,0.19342604279518127,medium,0,0.6504355072975159,0,LOW_RISK,0.0,
BioSpread,UNSEEN::AA556,0.1920047104358673,medium,0,0.6533658802509308,0,LOW_RISK,0.0,
BioSpread,UNSEEN::AF020,0.19349700212478638,medium,0,0.650303453207016,0,LOW_RISK,0.0,
BioSpread,AF213,0.31713950634002686,medium,0,0.6009705364704132,0,LOW_RISK,0.0,
BioSpread,UNSEEN::AF781,0.19354110956192017,medium,0,0.6502119600772858,0,LOW_RISK,0.0,
BioSpread,UNSEEN::AD689,0.1934962421655655,medium,0,0.6503045856952667,0,LOW_RISK,0.0,
BioSpread,AA398,0.7428603768348694,review,0,0.5491370558738708,0,MODERATE_RISK,0.0,
BioSpread,UNSEEN::AE153,0.1935541033744812,medium,0,0.6501926779747009,0,LOW_RISK,0.0,
BioSpread,AA266,0.5954028964042664,review,0,0.5033324956893921,0,MODERATE_RISK,0.0,
BioSpread,AC486,0.6485486626625061,review,0,0.49877142906188965,0,MODERATE_RISK,0.0,
BioSpread,UNSEEN::AF400,0.1934593766927719,medium,0,0.6504723727703094,0,LOW_RISK,0.0,
BioSpread,UNSEEN::AA674,0.1926739513874054,medium,0,0.6519201993942261,0,LOW_RISK,0.0,
BioSpread,AC163,0.7425094246864319,review,0,0.5490008890628815,0,MODERATE_RISK,0.0,
BioSpread,UNSEEN::AF674,0.19349651038646698,medium,0,0.6503041982650757,0,LOW_RISK,0.0,
BioSpread,UNSEEN::AF095,0.19348371028900146,medium,0,0.6503232419490814,0,LOW_RISK,0.0,
BioSpread,AE261,0.6673424243927002,review,0,0.5016729235649109,0,MODERATE_RISK,0.0,
BioSpread,UNSEEN::AH459,0.1935548633337021,medium,0,0.6501915454864502,0,LOW_RISK,0.0,
BioSpread,UNSEEN::AD134,0.19349676370620728,medium,0,0.6503038108348846,0,LOW_RISK,0.0,
BioSpread,UNSEEN::AB196,0.19337910413742065,medium,0,0.6505104601383209,0,LOW_RISK,0.0,
BioSpread,UNSEEN::AD903,0.19347365200519562,medium,0,0.6503152549266815,0,LOW_RISK,0.0,
BioSpread,AA283,0.742328405380249,review,0,0.5505444407463074,0,MODERATE_RISK,0.0,
BioSpread,UNSEEN::AC574,0.19334134459495544,medium,0,0.650588870048523,0,LOW_RISK,0.0,
BioSpread,AE233,0.7338589429855347,review,1,0.5304720401763916,0,MODERATE_RISK,0.0,
BioSpread,UNSEEN::AD550,0.19343645870685577,medium,0,0.6504656374454498,0,LOW_RISK,0.0,
BioSpread,AB460,0.7439262866973877,review,1,0.5444635450839996,0,MODERATE_RISK,0.0,
BioSpread,AA562,0.7139748334884644,review,0,0.5260592103004456,0,MODERATE_RISK,0.0,
BioSpread,UNSEEN::AB699,0.19347012042999268,medium,0,0.6503434181213379,0,LOW_RISK,0.0,
BioSpread,AB161,0.7459551095962524,review,1,0.546244353055954,0,MODERATE_RISK,0.0,
BioSpread,AF496,0.6403290033340454,review,0,0.4967808723449707,0,MODERATE_RISK,0.0,
BioSpread,AB774,0.6509172916412354,review,0,0.4994312524795532,0,MODERATE_RISK,0.0,
BioSpread,AC688,0.6989163160324097,review,0,0.513653576374054,0,MODERATE_RISK,0.0,
BioSpread,UNSEEN::AD987,0.19349676370620728,medium,0,0.6503038108348846,0,LOW_RISK,0.0,
BioSpread,UNSEEN::AC521,0.19349700212478638,medium,0,0.650303453207016,0,LOW_RISK,0.0,
BioSpread,AD328,0.7475859522819519,review,0,0.5508853197097778,0,MODERATE_RISK,0.0,
BioSpread,UNSEEN::AG894,0.19349700212478638,medium,0,0.650303453207016,0,LOW_RISK,0.0,
BioSpread,AB012,0.5459187626838684,review,0,0.5089944303035736,0,MODERATE_RISK,0.0,
BioSpread,AB902,0.6668230891227722,review,0,0.5055463314056396,0,MODERATE_RISK,0.0,
BioSpread,UNSEEN::AA172,0.18977317214012146,medium,0,0.6590029299259186,0,LOW_RISK,0.0,
BioSpread,AE484,0.6657224297523499,review,0,0.5026918947696686,0,MODERATE_RISK,0.0,
BioSpread,UNSEEN::AG698,0.1934252679347992,medium,0,0.6504366397857666,0,LOW_RISK,0.0,
BioSpread,UNSEEN::AH341,0.19349651038646698,medium,0,0.6503041982650757,0,LOW_RISK,0.0,
BioSpread,AA623,0.7451314330101013,review,0,0.5451706051826477,0,MODERATE_RISK,0.0,
BioSpread,AA865,0.6918029189109802,review,0,0.5133297145366669,0,MODERATE_RISK,0.0,
BioSpread,AH412,0.4831574559211731,review,0,0.5242894887924194,0,LOW_RISK,0.0,
BioSpread,UNSEEN::AD443,0.19179116189479828,medium,0,0.6540067791938782,0,LOW_RISK,0.0,
BioSpread,UNSEEN::AF742,0.19325394928455353,medium,0,0.6507938802242279,0,LOW_RISK,0.0,
BioSpread,UNSEEN::AA748,0.19341658055782318,medium,0,0.6504230499267578,0,LOW_RISK,0.0,
BioSpread,UNSEEN::AF963,0.1935405284166336,medium,0,0.6502140760421753,0,LOW_RISK,0.0,
BioSpread,UNSEEN::AA789,0.1934773474931717,medium,0,0.6503377556800842,0,LOW_RISK,0.0,
BioSpread,UNSEEN::AB651,0.1934962421655655,medium,0,0.6503045856952667,0,LOW_RISK,0.0,
BioSpread,AD747,0.6639146208763123,review,0,0.50120609998703,0,MODERATE_RISK,0.0,
BioSpread,UNSEEN::AG612,0.19349676370620728,medium,0,0.6503038108348846,0,LOW_RISK,0.0,
BioSpread,AE064,0.2234572470188141,medium,0,0.6539513170719147,0,LOW_RISK,0.0,
BioSpread,UNSEEN::AF440,0.19339774549007416,medium,0,0.6504782438278198,0,LOW_RISK,0.0,
BioSpread,UNSEEN::AE756,0.19348320364952087,medium,0,0.6503239870071411,0,LOW_RISK,0.0,
BioSpread,AH187,0.22341325879096985,medium,0,0.6539872586727142,0,LOW_RISK,0.0,
BioSpread,UNSEEN::AD344,0.1934700906276703,medium,0,0.650343656539917,0,LOW_RISK,0.0,
BioSpread,UNSEEN::AE816,0.19346822798252106,medium,0,0.650347501039505,0,LOW_RISK,0.0,
BioSpread,UNSEEN::AC603,0.19342412054538727,medium,0,0.6504396200180054,0,LOW_RISK,0.0,
BioSpread,UNSEEN::AC962,0.19311930239200592,medium,0,0.651115208864212,0,LOW_RISK,0.0,
BioSpread,UNSEEN::AA946,0.19327372312545776,medium,0,0.6506895422935486,0,LOW_RISK,0.0,
BioSpread,UNSEEN::AD132,0.1934131234884262,medium,0,0.6505456268787384,0,LOW_RISK,0.0,
BioSpread,AC711,0.530474066734314,review,1,0.5270529985427856,0,MODERATE_RISK,0.0,
BioSpread,UNSEEN::AD032,0.19325940310955048,medium,0,0.6507796049118042,0,LOW_RISK,0.0,
BioSpread,AA005,0.7036014795303345,review,0,0.520782858133316,0,MODERATE_RISK,0.0,
BioSpread,AC495,0.692327618598938,review,0,0.5189671814441681,0,MODERATE_RISK,0.0,
BioSpread,UNSEEN::AC019,0.19401006400585175,medium,0,0.6494849026203156,0,LOW_RISK,0.0,
BioSpread,UNSEEN::AF364,0.19404816627502441,medium,0,0.6494284868240356,0,LOW_RISK,0.0,
BioSpread,UNSEEN::AG160,0.1935541033744812,medium,0,0.6501926779747009,0,LOW_RISK,0.0,
BioSpread,UNSEEN::AE145,0.19349700212478638,medium,0,0.650303453207016,0,LOW_RISK,0.0,
BioSpread,UNSEEN::AE718,0.1934962421655655,medium,0,0.6503045856952667,0,LOW_RISK,0.0,
BioSpread,AG126,0.2419663816690445,medium,0,0.653337150812149,0,LOW_RISK,0.0,
BioSpread,UNSEEN::AD956,0.19349166750907898,medium,0,0.6503158211708069,0,LOW_RISK,0.0,
BioSpread,AD774,0.6425934433937073,review,0,0.49706870317459106,0,MODERATE_RISK,0.0,
BioSpread,UNSEEN::AH135,0.19348371028900146,medium,0,0.6503232419490814,0,LOW_RISK,0.0,
BioSpread,UNSEEN::AB908,0.19349676370620728,medium,0,0.6503038108348846,0,LOW_RISK,0.0,
BioSpread,UNSEEN::AA637,0.19341160356998444,medium,0,0.6504570245742798,0,LOW_RISK,0.0,
BioSpread,AH138,0.5971754193305969,review,0,0.5269092321395874,0,MODERATE_RISK,0.0,
BioSpread,AD358,0.7415021061897278,review,0,0.5597842037677765,0,MODERATE_RISK,0.0,
BioSpread,AB675,0.6980449557304382,review,0,0.513111025094986,0,MODERATE_RISK,0.0,
BioSpread,AA067,0.7476567625999451,review,0,0.5570741891860962,0,MODERATE_RISK,0.0,
BioSpread,AD306,0.7133316397666931,review,0,0.5197612345218658,0,MODERATE_RISK,0.0,
BioSpread,UNSEEN::AE062,0.19339969754219055,medium,0,0.6505655646324158,0,LOW_RISK,0.0,
BioSpread,AA225,0.48298314213752747,review,0,0.5243552327156067,0,LOW_RISK,0.0,
BioSpread,UNSEEN::AF007,0.1935483068227768,medium,0,0.6502899825572968,0,LOW_RISK,0.0,
BioSpread,UNSEEN::AG060,0.19349676370620728,medium,0,0.6503038108348846,0,LOW_RISK,0.0,
BioSpread,AF228,0.619921088218689,review,0,0.496157169342041,0,MODERATE_RISK,0.0,
BioSpread,UNSEEN::AB073,0.19322717189788818,medium,0,0.6508329808712006,0,LOW_RISK,0.0,
BioSpread,AC827,0.17153410613536835,medium,0,0.6893974542617798,0,LOW_RISK,0.0,
BioSpread,AD485,0.7335770726203918,review,1,0.5330813527107239,0,MODERATE_RISK,0.0,
BioSpread,UNSEEN::AB273,0.19349165260791779,medium,0,0.6503821909427643,0,LOW_RISK,0.0,
BioSpread,AH019,0.5098205804824829,review,0,0.5135431885719299,0,MODERATE_RISK,0.0,
BioSpread,AA036,0.7072576880455017,review,0,0.5156530141830444,0,MODERATE_RISK,0.0,
BioSpread,UNSEEN::AE570,0.19341866672039032,medium,0,0.650471568107605,0,LOW_RISK,0.0,
BioSpread,UNSEEN::AB049,0.19296595454216003,medium,0,0.6514093577861786,0,LOW_RISK,0.0,
BioSpread,UNSEEN::AD148,0.19349552690982819,medium,0,0.650330662727356,0,LOW_RISK,0.0,
BioSpread,AE548,0.7450418472290039,review,1,0.5560992956161499,0,MODERATE_RISK,0.0,
BioSpread,AA979,0.7289102077484131,review,0,0.525254100561142,0,MODERATE_RISK,0.0,
BioSpread,UNSEEN::AG434,0.19320090115070343,medium,0,0.6508161127567291,0,LOW_RISK,0.0,
BioSpread,UNSEEN::AE412,0.19326844811439514,medium,0,0.6508408486843109,0,LOW_RISK,0.0,
BioSpread,UNSEEN::AF451,0.19340744614601135,medium,0,0.6505101025104523,0,LOW_RISK,0.0,
BioSpread,UNSEEN::AB287,0.19333340227603912,medium,0,0.6506083905696869,0,LOW_RISK,0.0,
BioSpread,UNSEEN::AE274,0.19349651038646698,medium,0,0.6503041982650757,0,LOW_RISK,0.0,
BioSpread,UNSEEN::AF048,0.19349651038646698,medium,0,0.6503041982650757,0,LOW_RISK,0.0,
BioSpread,UNSEEN::AD007,0.1933232992887497,medium,0,0.6506390869617462,0,LOW_RISK,0.0,
BioSpread,UNSEEN::AB215,0.1934962421655655,medium,0,0.6503045856952667,0,LOW_RISK,0.0,
BioSpread,UNSEEN::AG957,0.19349651038646698,medium,0,0.6503041982650757,0,LOW_RISK,0.0,
BioSpread,AD516,0.4831429421901703,review,0,0.524294912815094,0,LOW_RISK,0.0,
BioSpread,UNSEEN::AF778,0.19334112107753754,medium,0,0.6505890190601349,0,LOW_RISK,0.0,
BioSpread,UNSEEN::AB144,0.1934252679347992,medium,0,0.6504366397857666,0,LOW_RISK,0.0,
BioSpread,AB258,0.677528440952301,review,1,0.5055993795394897,0,MODERATE_RISK,0.0,
BioSpread,AC439,0.6985390782356262,review,0,0.5158320367336273,0,MODERATE_RISK,0.0,
BioSpread,UNSEEN::AB023,0.19329136610031128,medium,0,0.6506368815898895,0,LOW_RISK,0.0,
BioSpread,AA074,0.6177494525909424,review,0,0.509932667016983,0,MODERATE_RISK,0.0,
BioSpread,AG874,0.6586991548538208,review,0,0.5053158104419708,0,MODERATE_RISK,0.0,
BioSpread,AA765,0.6161695718765259,review,1,0.5121297538280487,0,MODERATE_RISK,0.0,
BioSpread,UNSEEN::AB697,0.1933133900165558,medium,0,0.650699257850647,0,LOW_RISK,0.0,
BioSpread,UNSEEN::AE503,0.19341257214546204,medium,0,0.6504557132720947,0,LOW_RISK,0.0,
BioSpread,UNSEEN::AC700,0.1934421956539154,medium,0,0.6505246460437775,0,LOW_RISK,0.0,
BioSpread,AF348,0.5542659163475037,review,0,0.498171329498291,0,MODERATE_RISK,0.0,
BioSpread,AE578,0.653537392616272,review,0,0.49976474046707153,0,MODERATE_RISK,0.0,
BioSpread,AB944,0.7442597150802612,review,0,0.5572551786899567,0,MODERATE_RISK,0.0,
BioSpread,UNSEEN::AD342,0.19320935010910034,medium,0,0.6508821547031403,0,LOW_RISK,0.0,
BioSpread,AA316,0.7454251050949097,review,1,0.5489324331283569,0,MODERATE_RISK,0.0,
BioSpread,AB171,0.7487858533859253,review,1,0.5569842457771301,0,MODERATE_RISK,0.0,
BioSpread,UNSEEN::AA712,0.19334647059440613,medium,0,0.650720089673996,0,LOW_RISK,0.0,
BioSpread,UNSEEN::AE499,0.19348320364952087,medium,0,0.6503239870071411,0,LOW_RISK,0.0,
BioSpread,AA356,0.7456657886505127,review,1,0.5460642278194427,0,MODERATE_RISK,0.0,
BioSpread,UNSEEN::AE328,0.1934960037469864,medium,0,0.6503049731254578,0,LOW_RISK,0.0,
BioSpread,AE142,0.7034434676170349,review,0,0.5174340903759003,0,MODERATE_RISK,0.0,
BioSpread,UNSEEN::AB279,0.19334882497787476,medium,0,0.6506952047348022,0,LOW_RISK,0.0,
BioSpread,AG265,0.4830993711948395,review,0,0.5243113934993744,0,LOW_RISK,0.0,
BioSpread,AC942,0.7072367072105408,review,0,0.5086934566497803,0,MODERATE_RISK,0.0,
BioSpread,AD458,0.5446906685829163,review,0,0.5133643448352814,0,MODERATE_RISK,0.0,
BioSpread,UNSEEN::AG094,0.1934962421655655,medium,0,0.6503045856952667,0,LOW_RISK,0.0,
BioSpread,UNSEEN::AE532,0.19348371028900146,medium,0,0.6503232419490814,0,LOW_RISK,0.0,
BioSpread,UNSEEN::AG325,0.1934257447719574,medium,0,0.6504359245300293,0,LOW_RISK,0.0,
BioSpread,UNSEEN::AC010,0.1935541033744812,medium,0,0.6501926779747009,0,LOW_RISK,0.0,
BioSpread,UNSEEN::AB376,0.1932385414838791,medium,0,0.6508625745773315,0,LOW_RISK,0.0,
BioSpread,AE109,0.7443884015083313,review,1,0.5500855445861816,0,MODERATE_RISK,0.0,
BioSpread,UNSEEN::AA727,0.19342482089996338,medium,0,0.650437980890274,0,LOW_RISK,0.0,
BioSpread,UNSEEN::AA220,0.19342488050460815,medium,0,0.6505053639411926,0,LOW_RISK,0.0,
BioSpread,AE604,0.7236478924751282,review,1,0.5209015309810638,0,MODERATE_RISK,0.0,
BioSpread,AA308,0.7204095125198364,review,0,0.5276488959789276,0,MODERATE_RISK,0.0,
BioSpread,UNSEEN::AB211,0.19335488975048065,medium,0,0.6505684852600098,0,LOW_RISK,0.0,
BioSpread,UNSEEN::AD003,0.19341236352920532,medium,0,0.6504558622837067,0,LOW_RISK,0.0,
BioSpread,AB056,0.7276277542114258,review,1,0.5242837071418762,0,MODERATE_RISK,0.0,
BioSpread,UNSEEN::AD887,0.19349074363708496,medium,0,0.6503184139728546,0,LOW_RISK,0.0,
BioSpread,UNSEEN::AH124,0.1935541033744812,medium,0,0.6501926779747009,0,LOW_RISK,0.0,
BioSpread,UNSEEN::AG163,0.19341108202934265,medium,0,0.650458574295044,0,LOW_RISK,0.0,
BioSpread,AC804,0.48301225900650024,review,0,0.5243442356586456,0,LOW_RISK,0.0,
BioSpread,UNSEEN::AF130,0.19338500499725342,medium,0,0.650496780872345,0,LOW_RISK,0.0,
BioSpread,UNSEEN::AF149,0.19335439801216125,medium,0,0.6505692899227142,0,LOW_RISK,0.0,
BioSpread,AA178,0.743857204914093,review,0,0.5481040477752686,0,MODERATE_RISK,0.0,
BioSpread,AA064,0.48348376154899597,review,0,0.5241962671279907,0,LOW_RISK,0.0,
BioSpread,UNSEEN::AE346,0.19349676370620728,medium,0,0.6503038108348846,0,LOW_RISK,0.0,
BioSpread,UNSEEN::AE850,0.19349676370620728,medium,0,0.6503038108348846,0,LOW_RISK,0.0,
BioSpread,UNSEEN::AA544,0.1934962421655655,medium,0,0.6503045856952667,0,LOW_RISK,0.0,
BioSpread,UNSEEN::AA948,0.19355511665344238,medium,0,0.6501911878585815,0,LOW_RISK,0.0,
BioSpread,UNSEEN::AA591,0.19346818327903748,medium,0,0.6503781676292419,0,LOW_RISK,0.0,
BioSpread,AF441,0.22140255570411682,medium,0,0.6645302772521973,0,LOW_RISK,0.0,
BioSpread,AB275,0.7431684136390686,review,0,0.5498124659061432,0,MODERATE_RISK,0.0,
BioSpread,UNSEEN::AF039,0.19349651038646698,medium,0,0.6503041982650757,0,LOW_RISK,0.0,
BioSpread,AC629,0.7472974061965942,review,0,0.5525664389133453,0,MODERATE_RISK,0.0,
BioSpread,AE415,0.7189130783081055,review,1,0.5192601680755615,0,MODERATE_RISK,0.0,
BioSpread,AG298,0.7460936903953552,review,0,0.5531386733055115,0,MODERATE_RISK,0.0,
BioSpread,UNSEEN::AA843,0.19349651038646698,medium,0,0.6503041982650757,0,LOW_RISK,0.0,
BioSpread,AD402,0.7477942109107971,review,0,0.5573557317256927,0,MODERATE_RISK,0.0,
BioSpread,UNSEEN::AG725,0.19341397285461426,medium,0,0.6505679488182068,0,LOW_RISK,0.0,
BioSpread,UNSEEN::AA127,0.1926519125699997,medium,0,0.6520624160766602,0,LOW_RISK,0.0,
BioSpread,UNSEEN::AE073,0.19344323873519897,medium,0,0.6503834128379822,0,LOW_RISK,0.0,
BioSpread,AF719,0.48301225900650024,review,0,0.5243442356586456,0,LOW_RISK,0.0,
BioSpread,AC773,0.7126286625862122,review,0,0.517906904220581,0,MODERATE_RISK,0.0,
BioSpread,AF432,0.6568129658699036,review,0,0.518006294965744,0,MODERATE_RISK,0.0,
BioSpread,UNSEEN::AE528,0.19349579513072968,medium,0,0.6503058969974518,0,LOW_RISK,0.0,
BioSpread,UNSEEN::AG212,0.19343538582324982,medium,0,0.6505354940891266,0,LOW_RISK,0.0,
BioSpread,UNSEEN::AE085,0.19349633157253265,medium,0,0.6503050923347473,0,LOW_RISK,0.0,
BioSpread,AG312,0.7279099822044373,review,0,0.5289125144481659,0,MODERATE_RISK,0.0,
BioSpread,AG114,0.5397770404815674,review,0,0.5131365954875946,0,MODERATE_RISK,0.0,
BioSpread,AE160,0.5969075560569763,review,0,0.5008237957954407,0,MODERATE_RISK,0.0,
BioSpread,UNSEEN::AA918,0.19349651038646698,medium,0,0.6503041982650757,0,LOW_RISK,0.0,
BioSpread,AF386,0.6004546880722046,review,0,0.5152677297592163,0,MODERATE_RISK,0.0,
BioSpread,AF910,0.6934928894042969,review,0,0.5092499852180481,0,MODERATE_RISK,0.0,
BioSpread,UNSEEN::AE012,0.1934962421655655,medium,0,0.6503045856952667,0,LOW_RISK,0.0,
BioSpread,UNSEEN::AA487,0.19338665902614594,medium,0,0.6505169570446014,0,LOW_RISK,0.0,
BioSpread,AC890,0.5648239850997925,review,0,0.5120439827442169,0,MODERATE_RISK,0.0,
BioSpread,UNSEEN::AC373,0.1930088847875595,medium,0,0.6513388454914093,0,LOW_RISK,0.0,
BioSpread,AG315,0.6836522817611694,review,0,0.5035701394081116,0,MODERATE_RISK,0.0,
BioSpread,UNSEEN::AH108,0.1935543566942215,medium,0,0.6501923203468323,0,LOW_RISK,0.0,
BioSpread,AD481,0.7080010771751404,review,0,0.5217649638652802,0,MODERATE_RISK,0.0,
BioSpread,AB642,0.7450010180473328,review,0,0.548865795135498,0,MODERATE_RISK,0.0,
BioSpread,UNSEEN::AA687,0.1934693157672882,medium,0,0.6503448188304901,0,LOW_RISK,0.0,
BioSpread,UNSEEN::AE473,0.19342434406280518,medium,0,0.6505061686038971,0,LOW_RISK,0.0,
BioSpread,AG424,0.4830412268638611,review,0,0.5243333280086517,0,LOW_RISK,0.0,
BioSpread,AF033,0.6435438394546509,review,0,0.49904966354370117,0,MODERATE_RISK,0.0,
BioSpread,UNSEEN::AC388,0.19342553615570068,medium,0,0.650436282157898,0,LOW_RISK,0.0,
BioSpread,UNSEEN::AF198,0.1934695988893509,medium,0,0.6503442227840424,0,LOW_RISK,0.0,
BioSpread,UNSEEN::AH426,0.19349651038646698,medium,0,0.6503041982650757,0,LOW_RISK,0.0,
BioSpread,UNSEEN::AA299,0.19320794939994812,medium,0,0.6508231163024902,0,LOW_RISK,0.0,
BioSpread,UNSEEN::AC446,0.19342875480651855,medium,0,0.6505448520183563,0,LOW_RISK,0.0,
BioSpread,UNSEEN::AH471,0.19349676370620728,medium,0,0.6503038108348846,0,LOW_RISK,0.0,
BioSpread,UNSEEN::AC149,0.193350687623024,medium,0,0.6505785882472992,0,LOW_RISK,0.0,
BioSpread,AH390,0.5906078815460205,review,1,0.5176901817321777,0,MODERATE_RISK,0.0,
BioSpread,UNSEEN::AA402,0.1898491382598877,medium,0,0.6582193970680237,0,LOW_RISK,0.0,
BioSpread,AC948,0.6986916661262512,review,1,0.5184372067451477,0,MODERATE_RISK,0.0,
BioSpread,AD818,0.6897950172424316,review,1,0.5130358636379242,0,MODERATE_RISK,0.0,
BioSpread,UNSEEN::AG852,0.19349700212478638,medium,0,0.650303453207016,0,LOW_RISK,0.0,
BioSpread,UNSEEN::AC434,0.19335860013961792,medium,0,0.6506772637367249,0,LOW_RISK,0.0,
BioSpread,AE256,0.22346603870391846,medium,0,0.6539441645145416,0,LOW_RISK,0.0,
BioSpread,AF686,0.7504070401191711,review,1,0.5615934431552887,0,MODERATE_RISK,0.0,
BioSpread,UNSEEN::AA533,0.19331571459770203,medium,0,0.6507183313369751,0,LOW_RISK,0.0,
BioSpread,UNSEEN::AD805,0.19349651038646698,medium,0,0.6503041982650757,0,LOW_RISK,0.0,
BioSpread,AC100,0.7069671750068665,review,0,0.5140670537948608,0,MODERATE_RISK,0.0,
BioSpread,AF154,0.6387884616851807,review,0,0.4982432723045349,0,MODERATE_RISK,0.0,
BioSpread,UNSEEN::AF210,0.19347038865089417,medium,0,0.6503430306911469,0,LOW_RISK,0.0,
BioSpread,AD533,0.7028611302375793,review,0,0.5085770785808563,0,MODERATE_RISK,0.0,
BioSpread,AF453,0.6882504820823669,review,0,0.49681657552719116,0,MODERATE_RISK,0.0,
BioSpread,AA888,0.6746674180030823,review,0,0.517819732427597,0,MODERATE_RISK,0.0,
BioSpread,AE772,0.6766204237937927,review,0,0.5197764039039612,0,MODERATE_RISK,0.0,
BioSpread,UNSEEN::AE168,0.1933104246854782,medium,0,0.6506753861904144,0,LOW_RISK,0.0,
BioSpread,AF383,0.7151728272438049,review,0,0.5192719101905823,0,MODERATE_RISK,0.0,
BioSpread,UNSEEN::AB237,0.19239071011543274,medium,0,0.6526812314987183,0,LOW_RISK,0.0,
BioSpread,UNSEEN::AE769,0.1934250295162201,medium,0,0.6504370272159576,0,LOW_RISK,0.0,
BioSpread,UNSEEN::AE869,0.19342248141765594,medium,0,0.6504433751106262,0,LOW_RISK,0.0,
BioSpread,UNSEEN::AB924,0.1929153949022293,medium,0,0.6513969600200653,0,LOW_RISK,0.0,
BioSpread,UNSEEN::AC639,0.19337378442287445,medium,0,0.65053591132164,0,LOW_RISK,0.0,
BioSpread,UNSEEN::AG788,0.19349700212478638,medium,0,0.650303453207016,0,LOW_RISK,0.0,
BioSpread,UNSEEN::AF539,0.1933939903974533,medium,0,0.6504870355129242,0,LOW_RISK,0.0,
BioSpread,UNSEEN::AA075,0.19339920580387115,medium,0,0.650475412607193,0,LOW_RISK,0.0,
BioSpread,UNSEEN::AE072,0.19349651038646698,medium,0,0.6503041982650757,0,LOW_RISK,0.0,
BioSpread,UNSEEN::AE196,0.19349651038646698,medium,0,0.6503041982650757,0,LOW_RISK,0.0,
BioSpread,UNSEEN::AF791,0.19309568405151367,medium,0,0.6511572599411011,0,LOW_RISK,0.0,
BioSpread,UNSEEN::AF076,0.19349700212478638,medium,0,0.650303453207016,0,LOW_RISK,0.0,
BioSpread,AG202,0.6636521220207214,review,0,0.5009137392044067,0,MODERATE_RISK,0.0,
BioSpread,UNSEEN::AF173,0.19349700212478638,medium,0,0.650303453207016,0,LOW_RISK,0.0,
BioSpread,AF247,0.1950950175523758,medium,0,0.6819387078285217,0,LOW_RISK,0.0,
BioSpread,UNSEEN::AH478,0.19355511665344238,medium,0,0.6501911878585815,0,LOW_RISK,0.0,
BioSpread,UNSEEN::AF773,0.19349651038646698,medium,0,0.6503041982650757,0,LOW_RISK,0.0,
BioSpread,UNSEEN::AA743,0.19338521361351013,medium,0,0.6504964232444763,0,LOW_RISK,0.0,
BioSpread,AE147,0.5880354046821594,review,0,0.512247234582901,0,MODERATE_RISK,0.0,
BioSpread,AE555,0.5152391791343689,review,0,0.5123320817947388,0,MODERATE_RISK,0.0,
BioSpread,UNSEEN::AH104,0.19349676370620728,medium,0,0.6503038108348846,0,LOW_RISK,0.0,
BioSpread,UNSEEN::AG891,0.1934962421655655,medium,0,0.6503045856952667,0,LOW_RISK,0.0,
BioSpread,UNSEEN::AF829,0.19347268342971802,medium,0,0.6504523456096649,0,LOW_RISK,0.0,
BioSpread,UNSEEN::AG136,0.1934257447719574,medium,0,0.6504359245300293,0,LOW_RISK,0.0,
BioSpread,UNSEEN::AD012,0.19345681369304657,medium,0,0.6503632068634033,0,LOW_RISK,0.0,
BioSpread,UNSEEN::AA821,0.19731563329696655,medium,0,0.6457994282245636,0,LOW_RISK,0.0,
BioSpread,AD194,0.7454333901405334,review,1,0.5514808893203735,0,MODERATE_RISK,0.0,
BioSpread,UNSEEN::AH027,0.19334088265895844,medium,0,0.6505893468856812,0,LOW_RISK,0.0,
BioSpread,AF636,0.623112142086029,review,0,0.5129795372486115,0,MODERATE_RISK,0.0,
BioSpread,AB361,0.7208631634712219,review,0,0.5187991559505463,0,MODERATE_RISK,0.0,
BioSpread,AC826,0.2234572470188141,medium,0,0.6539513170719147,0,LOW_RISK,0.0,
BioSpread,UNSEEN::AH070,0.19342507421970367,medium,0,0.6504375636577606,0,LOW_RISK,0.0,
BioSpread,UNSEEN::AF094,0.19349633157253265,medium,0,0.6503050923347473,0,LOW_RISK,0.0,
BioSpread,AB803,0.6597268581390381,review,0,0.5052601993083954,0,MODERATE_RISK,0.0,
BioSpread,UNSEEN::AA882,0.19295498728752136,medium,0,0.651402473449707,0,LOW_RISK,0.0,
BioSpread,AD726,0.7105015516281128,review,0,0.5213958919048309,0,MODERATE_RISK,0.0,
BioSpread,UNSEEN::AD008,0.19347012042999268,medium,0,0.6503434181213379,0,LOW_RISK,0.0,
BioSpread,AG710,0.5515984892845154,review,0,0.5112866759300232,0,MODERATE_RISK,0.0,
BioSpread,UNSEEN::AC277,0.19341976940631866,medium,0,0.6505362689495087,0,LOW_RISK,0.0,
BioSpread,AF184,0.4631558954715729,review,0,0.5274016261100769,0,LOW_RISK,0.0,
BioSpread,AD087,0.7017706036567688,review,0,0.513743132352829,0,MODERATE_RISK,0.0,
BioSpread,AE685,0.6335134506225586,review,0,0.503516674041748,0,MODERATE_RISK,0.0,
BioSpread,UNSEEN::AC221,0.19348670542240143,medium,0,0.6502958536148071,0,LOW_RISK,0.0,
BioSpread,UNSEEN::AD427,0.19336313009262085,medium,0,0.6505796015262604,0,LOW_RISK,0.0,
BioSpread,AA514,0.7301686406135559,review,1,0.530931144952774,0,MODERATE_RISK,0.0,
BioSpread,UNSEEN::AE127,0.1934960037469864,medium,0,0.6503049731254578,0,LOW_RISK,0.0,
BioSpread,UNSEEN::AE322,0.19252319633960724,medium,0,0.6522177159786224,0,LOW_RISK,0.0,
BioSpread,UNSEEN::AC003,0.19339892268180847,medium,0,0.6504760384559631,0,LOW_RISK,0.0,
BioSpread,UNSEEN::AB691,0.19341184198856354,medium,0,0.6504566669464111,0,LOW_RISK,0.0,
BioSpread,UNSEEN::AG258,0.19333301484584808,medium,0,0.6505527198314667,0,LOW_RISK,0.0,
BioSpread,UNSEEN::AF695,0.19337910413742065,medium,0,0.6505104601383209,0,LOW_RISK,0.0,
BioSpread,UNSEEN::AD604,0.19342434406280518,medium,0,0.6505061686038971,0,LOW_RISK,0.0,
BioSpread,AD590,0.6892516016960144,review,1,0.5091221928596497,0,MODERATE_RISK,0.0,
BioSpread,UNSEEN::AB439,0.1935393065214157,medium,0,0.6502165198326111,0,LOW_RISK,0.0,
BioSpread,AA154,0.7036374807357788,review,0,0.5178265869617462,0,MODERATE_RISK,0.0,
BioSpread,UNSEEN::AD430,0.19346937537193298,medium,0,0.6503445506095886,0,LOW_RISK,0.0,
BioSpread,AA212,0.711630642414093,review,0,0.5197211503982544,0,MODERATE_RISK,0.0,
BioSpread,UNSEEN::AF656,0.19355511665344238,medium,0,0.6501911878585815,0,LOW_RISK,0.0,
BioSpread,UNSEEN::AG594,0.19349700212478638,medium,0,0.650303453207016,0,LOW_RISK,0.0,
BioSpread,AB740,0.7484331727027893,review,1,0.5567016303539276,0,MODERATE_RISK,0.0,
BioSpread,AD534,0.4831429421901703,review,0,0.524294912815094,0,LOW_RISK,0.0,
BioSpread,UNSEEN::AB959,0.19348295032978058,medium,0,0.6503243744373322,0,LOW_RISK,0.0,
BioSpread,UNSEEN::AG619,0.19349700212478638,medium,0,0.650303453207016,0,LOW_RISK,0.0,
BioSpread,UNSEEN::AB845,0.19343018531799316,medium,0,0.6504027843475342,0,LOW_RISK,0.0,
BioSpread,UNSEEN::AA721,0.19349676370620728,medium,0,0.6503038108348846,0,LOW_RISK,0.0,
BioSpread,AG158,0.5410242676734924,review,0,0.5097730457782745,0,MODERATE_RISK,0.0,
BioSpread,AF472,0.7482301592826843,review,0,0.5643372535705566,0,MODERATE_RISK,0.0,
BioSpread,AC570,0.7457302212715149,review,0,0.5512113273143768,0,MODERATE_RISK,0.0,
BioSpread,AG720,0.46312516927719116,review,0,0.5274141728878021,0,LOW_RISK,0.0,
BioSpread,UNSEEN::AC859,0.19349651038646698,medium,0,0.6503041982650757,0,LOW_RISK,0.0,
BioSpread,AA831,0.7408630847930908,review,1,0.5458189249038696,0,MODERATE_RISK,0.0,
BioSpread,UNSEEN::AA527,0.19311968982219696,medium,0,0.651100218296051,0,LOW_RISK,0.0,
BioSpread,AG592,0.1951107680797577,medium,0,0.6819258034229279,0,LOW_RISK,0.0,
BioSpread,AF387,0.5466181635856628,review,0,0.5118571519851685,0,MODERATE_RISK,0.0,
BioSpread,UNSEEN::AA025,0.19319255650043488,medium,0,0.6508064568042755,0,LOW_RISK,0.0,
BioSpread,UNSEEN::AB708,0.19349651038646698,medium,0,0.6503041982650757,0,LOW_RISK,0.0,
BioSpread,UNSEEN::AG747,0.19348670542240143,medium,0,0.6502958536148071,0,LOW_RISK,0.0,
BioSpread,UNSEEN::AE345,0.19349651038646698,medium,0,0.6503041982650757,0,LOW_RISK,0.0,
BioSpread,AC242,0.7441583871841431,review,0,0.5443948209285736,0,MODERATE_RISK,0.0,
BioSpread,UNSEEN::AF254,0.1934257447719574,medium,0,0.6504359245300293,0,LOW_RISK,0.0,
BioSpread,AC279,0.6652788519859314,review,0,0.5013003945350647,0,MODERATE_RISK,0.0,
BioSpread,UNSEEN::AA629,0.1934179812669754,medium,0,0.6504538655281067,0,LOW_RISK,0.0,
BioSpread,UNSEEN::AC382,0.19348371028900146,medium,0,0.6503232419490814,0,LOW_RISK,0.0,
BioSpread,UNSEEN::AB540,0.19343991577625275,medium,0,0.6505056917667389,0,LOW_RISK,0.0,
BioSpread,UNSEEN::AE468,0.1931915432214737,medium,0,0.6509856581687927,0,LOW_RISK,0.0,
BioSpread,UNSEEN::AE146,0.19349700212478638,medium,0,0.650303453207016,0,LOW_RISK,0.0,
BioSpread,UNSEEN::AD761,0.19320979714393616,medium,0,0.6509346961975098,0,LOW_RISK,0.0,
BioSpread,AA159,0.714009165763855,review,0,0.5227974653244019,0,MODERATE_RISK,0.0,
BioSpread,UNSEEN::AF102,0.1934960037469864,medium,0,0.6503049731254578,0,LOW_RISK,0.0,
BioSpread,UNSEEN::AE480,0.1929999440908432,medium,0,0.651285856962204,0,LOW_RISK,0.0,
BioSpread,AD976,0.7287046313285828,review,0,0.5342164635658264,0,MODERATE_RISK,0.0,
BioSpread,UNSEEN::AC080,0.19340600073337555,medium,0,0.6504704058170319,0,LOW_RISK,0.0,
BioSpread,UNSEEN::AG870,0.19327107071876526,medium,0,0.6507210731506348,0,LOW_RISK,0.0,
BioSpread,UNSEEN::AD503,0.1934243142604828,medium,0,0.6504387259483337,0,LOW_RISK,0.0,
BioSpread,UNSEEN::AE715,0.19332236051559448,medium,0,0.6507093906402588,0,LOW_RISK,0.0,
BioSpread,UNSEEN::AH385,0.19347012042999268,medium,0,0.6503434181213379,0,LOW_RISK,0.0,
BioSpread,UNSEEN::AB990,0.1935545951128006,medium,0,0.6501919627189636,0,LOW_RISK,0.0,
BioSpread,AG675,0.6199755668640137,review,0,0.49614959955215454,0,MODERATE_RISK,0.0,
BioSpread,AB292,0.6786884665489197,review,0,0.5054851770401001,0,MODERATE_RISK,0.0,
BioSpread,UNSEEN::AF068,0.1934833824634552,medium,0,0.650323897600174,0,LOW_RISK,0.0,
BioSpread,UNSEEN::AB493,0.19348299503326416,medium,0,0.6503248810768127,0,LOW_RISK,0.0,
BioSpread,AC155,0.5555557012557983,review,0,0.5091303884983063,0,MODERATE_RISK,0.0,
BioSpread,UNSEEN::AH221,0.19339920580387115,medium,0,0.650475412607193,0,LOW_RISK,0.0,
BioSpread,AF081,0.5407609343528748,review,0,0.510814756155014,0,MODERATE_RISK,0.0,
BioSpread,UNSEEN::AE022,0.1934698224067688,medium,0,0.6503440737724304,0,LOW_RISK,0.0,
BioSpread,UNSEEN::AA853,0.19274073839187622,medium,0,0.6516945958137512,0,LOW_RISK,0.0,
BioSpread,AD315,0.6968878507614136,review,0,0.5159248411655426,0,MODERATE_RISK,0.0,
BioSpread,UNSEEN::AD673,0.19346222281455994,medium,0,0.650362104177475,0,LOW_RISK,0.0,
BioSpread,UNSEEN::AF199,0.19342507421970367,medium,0,0.6504375636577606,0,LOW_RISK,0.0,
BioSpread,UNSEEN::AD260,0.19343993067741394,medium,0,0.6505054831504822,0,LOW_RISK,0.0,
BioSpread,AG048,0.26260894536972046,medium,0,0.6293854713439941,0,LOW_RISK,0.0,
BioSpread,UNSEEN::AE559,0.19340430200099945,medium,0,0.6505354642868042,0,LOW_RISK,0.0,
BioSpread,AA837,0.7463144659996033,review,1,0.550715446472168,0,MODERATE_RISK,0.0,
BioSpread,UNSEEN::AG085,0.19341208040714264,medium,0,0.6504562795162201,0,LOW_RISK,0.0,
BioSpread,AF053,0.25101590156555176,medium,0,0.6402670741081238,0,LOW_RISK,0.0,
BioSpread,UNSEEN::AA047,0.1933460533618927,medium,0,0.6506330370903015,0,LOW_RISK,0.0,
BioSpread,UNSEEN::AA785,0.19348371028900146,medium,0,0.6503232419490814,0,LOW_RISK,0.0,
BioSpread,AD480,0.6903362274169922,review,0,0.509984016418457,0,MODERATE_RISK,0.0,
BioSpread,AE485,0.6698055863380432,review,0,0.49906736612319946,0,MODERATE_RISK,0.0,
BioSpread,AF614,0.6636648178100586,review,0,0.5009143352508545,0,MODERATE_RISK,0.0,
BioSpread,UNSEEN::AB970,0.1934109479188919,medium,0,0.6505263447761536,0,LOW_RISK,0.0,
BioSpread,UNSEEN::AG246,0.19339799880981445,medium,0,0.6505457758903503,0,LOW_RISK,0.0,
BioSpread,AG399,0.4831429421901703,review,0,0.524294912815094,0,LOW_RISK,0.0,
BioSpread,AD059,0.7442740797996521,review,0,0.5525561571121216,0,MODERATE_RISK,0.0,
BioSpread,UNSEEN::AE181,0.19347365200519562,medium,0,0.6503152549266815,0,LOW_RISK,0.0,
BioSpread,AB945,0.7441604733467102,review,0,0.5492662191390991,0,MODERATE_RISK,0.0,
BioSpread,AB303,0.6761728525161743,review,0,0.5165669322013855,0,MODERATE_RISK,0.0,
BioSpread,UNSEEN::AG790,0.1935545951128006,medium,0,0.6501919627189636,0,LOW_RISK,0.0,
BioSpread,AB428,0.582497775554657,review,0,0.5180850923061371,0,MODERATE_RISK,0.0,
BioSpread,UNSEEN::AC428,0.19354158639907837,medium,0,0.6502114236354828,0,LOW_RISK,0.0,
BioSpread,AF961,0.22351013123989105,medium,0,0.6539081335067749,0,LOW_RISK,0.0,
BioSpread,UNSEEN::AA365,0.19339941442012787,medium,0,0.650454580783844,0,LOW_RISK,0.0,
BioSpread,UNSEEN::AA987,0.1934521198272705,medium,0,0.6503932178020477,0,LOW_RISK,0.0,
BioSpread,AF665,0.7084715962409973,review,0,0.5186632573604584,0,MODERATE_RISK,0.0,
BioSpread,AE362,0.4831574559211731,review,0,0.5242894887924194,0,LOW_RISK,0.0,
BioSpread,AA570,0.44531500339508057,review,0,0.5529219806194305,0,LOW_RISK,0.0,
BioSpread,AC056,0.7070131301879883,review,0,0.518487423658371,0,MODERATE_RISK,0.0,
BioSpread,AG686,0.21103394031524658,medium,0,0.6699106693267822,0,LOW_RISK,0.0,
BioSpread,AF408,0.4966270327568054,review,0,0.5293032824993134,0,LOW_RISK,0.0,
BioSpread,UNSEEN::AG742,0.1932820826768875,medium,0,0.6507758796215057,0,LOW_RISK,0.0,
BioSpread,AE980,0.2551521062850952,medium,0,0.6341533958911896,0,LOW_RISK,0.0,
BioSpread,AG683,0.7526289224624634,review,0,0.5860373079776764,0,MODERATE_RISK,0.0,
BioSpread,UNSEEN::AD641,0.19319583475589752,medium,0,0.6508842408657074,0,LOW_RISK,0.0,
BioSpread,UNSEEN::AD681,0.19340373575687408,medium,0,0.6504897177219391,0,LOW_RISK,0.0,
BioSpread,AE133,0.6079192757606506,review,0,0.5076172947883606,0,MODERATE_RISK,0.0,
BioSpread,UNSEEN::AD307,0.19783249497413635,medium,0,0.6446104943752289,0,LOW_RISK,0.0,
BioSpread,UNSEEN::AF131,0.19348344206809998,medium,0,0.6503235995769501,0,LOW_RISK,0.0,
BioSpread,UNSEEN::AD099,0.1934758424758911,medium,0,0.6503600478172302,0,LOW_RISK,0.0,
BioSpread,UNSEEN::AF732,0.19341236352920532,medium,0,0.6504558622837067,0,LOW_RISK,0.0,
BioSpread,UNSEEN::AE305,0.19345656037330627,medium,0,0.6503635942935944,0,LOW_RISK,0.0,
BioSpread,AD837,0.691957414150238,review,0,0.5045807063579559,0,MODERATE_RISK,0.0,
BioSpread,AE492,0.5872028470039368,review,0,0.5102684497833252,0,MODERATE_RISK,0.0,
BioSpread,AF676,0.34766966104507446,review,0,0.5943010747432709,0,LOW_RISK,0.0,
BioSpread,AB822,0.7300591468811035,review,0,0.5305511951446533,0,MODERATE_RISK,0.0,
BioSpread,UNSEEN::AA044,0.19354191422462463,medium,0,0.6502107679843903,0,LOW_RISK,0.0,
BioSpread,AA252,0.43517249822616577,review,0,0.5331314504146576,0,LOW_RISK,0.0,
BioSpread,UNSEEN::AA340,0.1934119164943695,medium,0,0.6504571437835693,0,LOW_RISK,0.0,
BioSpread,AC803,0.6406774520874023,review,0,0.4981442093849182,0,MODERATE_RISK,0.0,
BioSpread,AE457,0.7488541007041931,review,0,0.56398144364357,0,MODERATE_RISK,0.0,
BioSpread,UNSEEN::AG817,0.1934971958398819,medium,0,0.6503931283950806,0,LOW_RISK,0.0,
BioSpread,UNSEEN::AB255,0.19309428334236145,medium,0,0.6509847342967987,0,LOW_RISK,0.0,
BioSpread,UNSEEN::AF016,0.19339895248413086,medium,0,0.650475800037384,0,LOW_RISK,0.0,
BioSpread,AA345,0.7432482242584229,review,1,0.5469721853733063,0,MODERATE_RISK,0.0,
BioSpread,UNSEEN::AG494,0.19335421919822693,medium,0,0.6506381928920746,0,LOW_RISK,0.0,
BioSpread,UNSEEN::AE116,0.19327956438064575,medium,0,0.6507503092288971,0,LOW_RISK,0.0,
BioSpread,AE672,0.6969890594482422,review,0,0.5156306326389313,0,MODERATE_RISK,0.0,
BioSpread,AE427,0.6636258959770203,review,1,0.5075218975543976,0,MODERATE_RISK,0.0,
BioSpread,AE157,0.6011934280395508,review,0,0.5006385743618011,0,MODERATE_RISK,0.0,
BioSpread,AA595,0.745215654373169,review,0,0.5455422699451447,0,MODERATE_RISK,0.0,
BioSpread,AA295,0.743488073348999,review,1,0.546316385269165,0,MODERATE_RISK,0.0,
BioSpread,AF248,0.4531519114971161,review,0,0.5473662912845612,0,LOW_RISK,0.0,
BioSpread,AA634,0.6788235306739807,review,0,0.5055808424949646,0,MODERATE_RISK,0.0,
BioSpread,AF098,0.7476748824119568,review,0,0.5645337402820587,0,MODERATE_RISK,0.0,
BioSpread,UNSEEN::AE296,0.1928083896636963,medium,0,0.6516268253326416,0,LOW_RISK,0.0,
BioSpread,AB570,0.4831138551235199,review,0,0.5243059396743774,0,LOW_RISK,0.0,
BioSpread,UNSEEN::AC197,0.1934962421655655,medium,0,0.6503045856952667,0,LOW_RISK,0.0,
BioSpread,UNSEEN::AE405,0.1932007223367691,medium,0,0.6509965062141418,0,LOW_RISK,0.0,
BioSpread,AF954,0.721892237663269,review,0,0.5240658521652222,0,MODERATE_RISK,0.0,
BioSpread,AG131,0.7130966186523438,review,0,0.5180899500846863,0,MODERATE_RISK,0.0,
BioSpread,UNSEEN::AC059,0.1934739202260971,medium,0,0.6503148674964905,0,LOW_RISK,0.0,
BioSpread,UNSEEN::AD561,0.1934960037469864,medium,0,0.6503049731254578,0,LOW_RISK,0.0,
BioSpread,UNSEEN::AC899,0.19328902661800385,medium,0,0.6507768332958221,0,LOW_RISK,0.0,
BioSpread,UNSEEN::AA491,0.19348448514938354,medium,0,0.6503445506095886,0,LOW_RISK,0.0,
BioSpread,UNSEEN::AC626,0.19342945516109467,medium,0,0.6504039168357849,0,LOW_RISK,0.0,
BioSpread,UNSEEN::AH477,0.1934962421655655,medium,0,0.6503045856952667,0,LOW_RISK,0.0,
BioSpread,UNSEEN::AC871,0.19341236352920532,medium,0,0.6504558622837067,0,LOW_RISK,0.0,
BioSpread,UNSEEN::AC673,0.19349651038646698,medium,0,0.6503041982650757,0,LOW_RISK,0.0,
BioSpread,UNSEEN::AA309,0.19341464340686798,medium,0,0.6505665183067322,0,LOW_RISK,0.0,
BioSpread,UNSEEN::AG961,0.19349579513072968,medium,0,0.6503058969974518,0,LOW_RISK,0.0,
BioSpread,UNSEEN::AF904,0.19342553615570068,medium,0,0.650436282157898,0,LOW_RISK,0.0,
BioSpread,AE043,0.6559653282165527,review,0,0.4989287853240967,0,MODERATE_RISK,0.0,
BioSpread,AA442,0.7471727728843689,review,1,0.5488495826721191,0,MODERATE_RISK,0.0,
BioSpread,UNSEEN::AE552,0.19406086206436157,medium,0,0.649409681558609,0,LOW_RISK,0.0,
BioSpread,UNSEEN::AG684,0.19348320364952087,medium,0,0.6503239870071411,0,LOW_RISK,0.0,
BioSpread,UNSEEN::AB937,0.19341160356998444,medium,0,0.6504570245742798,0,LOW_RISK,0.0,
BioSpread,AD074,0.6158979535102844,review,0,0.508309930562973,0,MODERATE_RISK,0.0,
BioSpread,AC408,0.7445229887962341,review,0,0.5459295511245728,0,MODERATE_RISK,0.0,
BioSpread,UNSEEN::AE464,0.19349651038646698,medium,0,0.6503041982650757,0,LOW_RISK,0.0,
BioSpread,UNSEEN::AC198,0.19349676370620728,medium,0,0.6503038108348846,0,LOW_RISK,0.0,
BioSpread,UNSEEN::AA333,0.19335944950580597,medium,0,0.6506324410438538,0,LOW_RISK,0.0,
BioSpread,AB503,0.6199646592140198,review,0,0.4961511492729187,0,MODERATE_RISK,0.0,
BioSpread,UNSEEN::AB231,0.1932975947856903,medium,0,0.6507508456707001,0,LOW_RISK,0.0,
BioSpread,UNSEEN::AF620,0.19347870349884033,medium,0,0.6503536701202393,0,LOW_RISK,0.0,
BioSpread,UNSEEN::AA090,0.19348670542240143,medium,0,0.6502958536148071,0,LOW_RISK,0.0,
BioSpread,UNSEEN::AE712,0.1933281123638153,medium,0,0.6506083309650421,0,LOW_RISK,0.0,
BioSpread,UNSEEN::AG561,0.19347310066223145,medium,0,0.6503839790821075,0,LOW_RISK,0.0,
BioSpread,UNSEEN::AF616,0.193409726023674,medium,0,0.6504616737365723,0,LOW_RISK,0.0,
BioSpread,AC222,0.7472288608551025,review,1,0.5833888351917267,0,MODERATE_RISK,0.0,
BioSpread,AC216,0.7508460283279419,review,1,0.5551166534423828,0,MODERATE_RISK,0.0,
BioSpread,UNSEEN::AA055,0.19349251687526703,medium,0,0.6503133177757263,0,LOW_RISK,0.0,
BioSpread,UNSEEN::AC651,0.19354084134101868,medium,0,0.6502125561237335,0,LOW_RISK,0.0,
BioSpread,UNSEEN::AC461,0.19341184198856354,medium,0,0.6504566669464111,0,LOW_RISK,0.0,
BioSpread,UNSEEN::AE770,0.19347012042999268,medium,0,0.6503434181213379,0,LOW_RISK,0.0,
BioSpread,UNSEEN::AG210,0.1933128982782364,medium,0,0.6507250964641571,0,LOW_RISK,0.0,
BioSpread,UNSEEN::AB297,0.19355511665344238,medium,0,0.6501911878585815,0,LOW_RISK,0.0,
BioSpread,UNSEEN::AF127,0.19349700212478638,medium,0,0.650303453207016,0,LOW_RISK,0.0,
BioSpread,UNSEEN::AB610,0.1934960037469864,medium,0,0.6503049731254578,0,LOW_RISK,0.0,
BioSpread,UNSEEN::AD041,0.19341400265693665,medium,0,0.6504726409912109,0,LOW_RISK,0.0,
BioSpread,AC919,0.6494861245155334,review,0,0.5074946582317352,0,MODERATE_RISK,0.0,
BioSpread,UNSEEN::AG380,0.1934117078781128,medium,0,0.6504375636577606,0,LOW_RISK,0.0,
BioSpread,UNSEEN::AE437,0.1928240954875946,medium,0,0.6516740024089813,0,LOW_RISK,0.0,
BioSpread,AC040,0.7085434794425964,review,0,0.5232801735401154,0,MODERATE_RISK,0.0,
BioSpread,AA932,0.5196427702903748,review,0,0.5184022784233093,0,MODERATE_RISK,0.0,
BioSpread,UNSEEN::AF870,0.19341184198856354,medium,0,0.6504566669464111,0,LOW_RISK,0.0,
BioSpread,AB867,0.6944478750228882,review,0,0.5170516967773438,0,MODERATE_RISK,0.0,
BioSpread,UNSEEN::AD149,0.1934831440448761,medium,0,0.6503242552280426,0,LOW_RISK,0.0,
BioSpread,AH347,0.2235013097524643,medium,0,0.6539153158664703,0,LOW_RISK,0.0,
BioSpread,UNSEEN::AE290,0.19349700212478638,medium,0,0.650303453207016,0,LOW_RISK,0.0,
BioSpread,UNSEEN::AE595,0.1934962421655655,medium,0,0.6503045856952667,0,LOW_RISK,0.0,
BioSpread,UNSEEN::AC349,0.1933855414390564,medium,0,0.6504957675933838,0,LOW_RISK,0.0,
BioSpread,AD124,0.4830848276615143,review,0,0.5243168771266937,0,LOW_RISK,0.0,
BioSpread,UNSEEN::AD109,0.19338050484657288,medium,0,0.6505266427993774,0,LOW_RISK,0.0,
BioSpread,AD116,0.6788121461868286,review,0,0.5127536952495575,0,MODERATE_RISK,0.0,
BioSpread,AE162,0.7489878535270691,review,0,0.5608455538749695,0,MODERATE_RISK,0.0,
BioSpread,UNSEEN::AF574,0.19348232448101044,medium,0,0.6503928899765015,0,LOW_RISK,0.0,
BioSpread,AF138,0.2797397971153259,medium,0,0.60990110039711,0,LOW_RISK,0.0,
BioSpread,UNSEEN::AD446,0.19340303540229797,medium,0,0.6505455374717712,0,LOW_RISK,0.0,
BioSpread,UNSEEN::AB613,0.19308900833129883,medium,0,0.6511388123035431,0,LOW_RISK,0.0,
BioSpread,UNSEEN::AA726,0.19342482089996338,medium,0,0.650437980890274,0,LOW_RISK,0.0,
BioSpread,UNSEEN::AC215,0.19349651038646698,medium,0,0.6503041982650757,0,LOW_RISK,0.0,
BioSpread,UNSEEN::AH375,0.19355511665344238,medium,0,0.6501911878585815,0,LOW_RISK,0.0,
BioSpread,UNSEEN::AC895,0.1934962421655655,medium,0,0.6503045856952667,0,LOW_RISK,0.0,
BioSpread,AG177,0.5645700693130493,review,0,0.5057054162025452,0,MODERATE_RISK,0.0,
BioSpread,AF323,0.22340446710586548,medium,0,0.6539944112300873,0,LOW_RISK,0.0,
BioSpread,AC800,0.2625430226325989,medium,0,0.6294283270835876,0,LOW_RISK,0.0,
BioSpread,AA343,0.7419579029083252,review,0,0.5484872758388519,0,MODERATE_RISK,0.0,
BioSpread,AA327,0.7450957298278809,review,0,0.5472738146781921,0,MODERATE_RISK,0.0,
BioSpread,UNSEEN::AD674,0.19346098601818085,medium,0,0.6503645777702332,0,LOW_RISK,0.0,
BioSpread,AG510,0.22346603870391846,medium,0,0.6539441645145416,0,LOW_RISK,0.0,
BioSpread,UNSEEN::AC698,0.1934828758239746,medium,0,0.6503246426582336,0,LOW_RISK,0.0,
BioSpread,UNSEEN::AG694,0.19348223507404327,medium,0,0.6503260433673859,0,LOW_RISK,0.0,
BioSpread,UNSEEN::AC729,0.1930287927389145,medium,0,0.6513519287109375,0,LOW_RISK,0.0,
BioSpread,UNSEEN::AH317,0.1934962421655655,medium,0,0.6503045856952667,0,LOW_RISK,0.0,
BioSpread,AC671,0.7476376891136169,review,0,0.5517603754997253,0,MODERATE_RISK,0.0,
BioSpread,AE488,0.26316162943840027,medium,0,0.6276152431964874,0,LOW_RISK,0.0,
BioSpread,AC660,0.21826185286045074,medium,0,0.6678231656551361,0,LOW_RISK,0.0,
BioSpread,UNSEEN::AE713,0.19347012042999268,medium,0,0.6503434181213379,0,LOW_RISK,0.0,
BioSpread,AC534,0.7126830220222473,review,0,0.517473578453064,0,MODERATE_RISK,0.0,
BioSpread,AB679,0.7411251068115234,review,0,0.5531272292137146,0,MODERATE_RISK,0.0,
BioSpread,UNSEEN::AE218,0.19355444610118866,medium,0,0.6501927673816681,0,LOW_RISK,0.0,
BioSpread,UNSEEN::AA048,0.19442947208881378,medium,0,0.6512078046798706,0,LOW_RISK,0.0,
BioSpread,AC090,0.7299200296401978,review,0,0.5422140955924988,0,MODERATE_RISK,0.0,
BioSpread,UNSEEN::AD750,0.19348271191120148,medium,0,0.6503247320652008,0,LOW_RISK,0.0,
BioSpread,UNSEEN::AC878,0.1934257447719574,medium,0,0.6504359245300293,0,LOW_RISK,0.0,
BioSpread,AA608,0.6644701957702637,review,0,0.5018569231033325,0,MODERATE_RISK,0.0,
BioSpread,AE432,0.4830703139305115,review,0,0.5243223309516907,0,LOW_RISK,0.0,
BioSpread,UNSEEN::AB126,0.19341941177845,medium,0,0.6504937708377838,0,LOW_RISK,0.0,
BioSpread,AF482,0.5325141549110413,review,0,0.5114067792892456,0,MODERATE_RISK,0.0,
BioSpread,UNSEEN::AG688,0.19349651038646698,medium,0,0.6503041982650757,0,LOW_RISK,0.0,
BioSpread,UNSEEN::AG525,0.19349676370620728,medium,0,0.6503038108348846,0,LOW_RISK,0.0,
BioSpread,AB568,0.6462104916572571,review,0,0.5086315870285034,0,MODERATE_RISK,0.0,
BioSpread,AF226,0.22348369657993317,medium,0,0.653929740190506,0,LOW_RISK,0.0,
BioSpread,UNSEEN::AG139,0.19347143173217773,medium,0,0.650363951921463,0,LOW_RISK,0.0,
BioSpread,UNSEEN::AA207,0.19338458776474,medium,0,0.6504978239536285,0,LOW_RISK,0.0,
BioSpread,UNSEEN::AC444,0.19339920580387115,medium,0,0.650475412607193,0,LOW_RISK,0.0,
BioSpread,UNSEEN::AF970,0.19355511665344238,medium,0,0.6501911878585815,0,LOW_RISK,0.0,
BioSpread,UNSEEN::AD811,0.1934700906276703,medium,0,0.650343656539917,0,LOW_RISK,0.0,
BioSpread,UNSEEN::AB358,0.19325441122055054,medium,0,0.6507923305034637,0,LOW_RISK,0.0,
BioSpread,AD578,0.7271485328674316,review,1,0.5396831631660461,0,MODERATE_RISK,0.0,
BioSpread,UNSEEN::AC130,0.19349554181098938,medium,0,0.6503062844276428,0,LOW_RISK,0.0,
BioSpread,UNSEEN::AA954,0.19348320364952087,medium,0,0.6503239870071411,0,LOW_RISK,0.0,
BioSpread,UNSEEN::AB389,0.19343338906764984,medium,0,0.6504432260990143,0,LOW_RISK,0.0,
BioSpread,UNSEEN::AC285,0.19337661564350128,medium,0,0.6506469547748566,0,LOW_RISK,0.0,
BioSpread,AH435,0.2233428657054901,medium,0,0.6540447473526001,0,LOW_RISK,0.0,
BioSpread,UNSEEN::AC041,0.19318769872188568,medium,0,0.6510300040245056,0,LOW_RISK,0.0,
BioSpread,AB601,0.7478435039520264,review,0,0.5585058927536011,0,MODERATE_RISK,0.0,
BioSpread,AF812,0.7438677549362183,review,0,0.5590634942054749,0,MODERATE_RISK,0.0,
BioSpread,UNSEEN::AF711,0.19349272549152374,medium,0,0.6503557562828064,0,LOW_RISK,0.0,
BioSpread,UNSEEN::AF291,0.1935463398694992,medium,0,0.6502707600593567,0,LOW_RISK,0.0,
BioSpread,AD926,0.4631405472755432,review,0,0.5274079144001007,0,LOW_RISK,0.0,
BioSpread,UNSEEN::AF355,0.1934962421655655,medium,0,0.6503045856952667,0,LOW_RISK,0.0,
BioSpread,UNSEEN::AD240,0.1935545951128006,medium,0,0.6501919627189636,0,LOW_RISK,0.0,
BioSpread,UNSEEN::AE470,0.1932571828365326,medium,0,0.6507417559623718,0,LOW_RISK,0.0,
BioSpread,AD584,0.7479103803634644,review,0,0.5519703328609467,0,MODERATE_RISK,0.0,
BioSpread,UNSEEN::AF055,0.19342553615570068,medium,0,0.650436282157898,0,LOW_RISK,0.0,
BioSpread,UNSEEN::AF522,0.1932297646999359,medium,0,0.6507832705974579,0,LOW_RISK,0.0,
BioSpread,AA338,0.7451138496398926,review,1,0.5442880094051361,0,MODERATE_RISK,0.0,
BioSpread,UNSEEN::AD532,0.1933269202709198,medium,0,0.6506789028644562,0,LOW_RISK,0.0,
BioSpread,AC115,0.5162802934646606,review,0,0.5120672583580017,0,MODERATE_RISK,0.0,
BioSpread,UNSEEN::AD695,0.19349676370620728,medium,0,0.6503038108348846,0,LOW_RISK,0.0,
BioSpread,UNSEEN::AB916,0.19349461793899536,medium,0,0.6503083109855652,0,LOW_RISK,0.0,
BioSpread,AA926,0.22348369657993317,medium,0,0.653929740190506,0,LOW_RISK,0.0,
BioSpread,UNSEEN::AE420,0.19348344206809998,medium,0,0.6503235995769501,0,LOW_RISK,0.0,
BioSpread,UNSEEN::AA189,0.19349700212478638,medium,0,0.650303453207016,0,LOW_RISK,0.0,
BioSpread,UNSEEN::AE918,0.19329296052455902,medium,0,0.6507813334465027,0,LOW_RISK,0.0,
BioSpread,UNSEEN::AF429,0.1933170109987259,medium,0,0.6506730020046234,0,LOW_RISK,0.0,
BioSpread,AB324,0.5747219324111938,review,0,0.5084831416606903,0,MODERATE_RISK,0.0,
BioSpread,UNSEEN::AB934,0.19349676370620728,medium,0,0.6503038108348846,0,LOW_RISK,0.0,
BioSpread,UNSEEN::AE150,0.19349700212478638,medium,0,0.650303453207016,0,LOW_RISK,0.0,
BioSpread,AA401,0.7274609804153442,review,1,0.5328428149223328,0,MODERATE_RISK,0.0,
BioSpread,UNSEEN::AA755,0.19354282319545746,medium,0,0.6502317190170288,0,LOW_RISK,0.0,
BioSpread,UNSEEN::AE118,0.19324098527431488,medium,0,0.6508818566799164,0,LOW_RISK,0.0,
BioSpread,AA170,0.7443598508834839,review,0,0.5439513623714447,0,MODERATE_RISK,0.0,
BioSpread,UNSEEN::AE030,0.19304311275482178,medium,0,0.6512922048568726,0,LOW_RISK,0.0,
BioSpread,UNSEEN::AC367,0.19355477392673492,medium,0,0.6501918435096741,0,LOW_RISK,0.0,
BioSpread,UNSEEN::AB450,0.19348344206809998,medium,0,0.6503235995769501,0,LOW_RISK,0.0,
BioSpread,UNSEEN::AE565,0.1933789998292923,medium,0,0.6505474746227264,0,LOW_RISK,0.0,
BioSpread,AB229,0.7453818917274475,review,1,0.545981377363205,0,MODERATE_RISK,0.0,
BioSpread,UNSEEN::AB021,0.1935541033744812,medium,0,0.6501926779747009,0,LOW_RISK,0.0,
BioSpread,UNSEEN::AB343,0.1932738721370697,medium,0,0.6507893800735474,0,LOW_RISK,0.0,
BioSpread,AE404,0.5926000475883484,review,0,0.5049638748168945,0,MODERATE_RISK,0.0,
BioSpread,UNSEEN::AE343,0.19348670542240143,medium,0,0.6502958536148071,0,LOW_RISK,0.0,
BioSpread,UNSEEN::AB604,0.19324840605258942,medium,0,0.6508191227912903,0,LOW_RISK,0.0,
BioSpread,UNSEEN::AF057,0.19349676370620728,medium,0,0.6503038108348846,0,LOW_RISK,0.0,
BioSpread,UNSEEN::AB834,0.19321469962596893,medium,0,0.6508334577083588,0,LOW_RISK,0.0,
BioSpread,UNSEEN::AE728,0.1934962421655655,medium,0,0.6503045856952667,0,LOW_RISK,0.0,
BioSpread,AA436,0.7467128038406372,review,1,0.5470804572105408,0,MODERATE_RISK,0.0,
BioSpread,UNSEEN::AG324,0.19348344206809998,medium,0,0.6503235995769501,0,LOW_RISK,0.0,
BioSpread,UNSEEN::AG124,0.1935483068227768,medium,0,0.6502899825572968,0,LOW_RISK,0.0,
BioSpread,AG670,0.2880209982395172,medium,0,0.6262964606285095,0,LOW_RISK,0.0,
BioSpread,UNSEEN::AB713,0.19311945140361786,medium,0,0.6510544717311859,0,LOW_RISK,0.0,
BioSpread,AB557,0.7099253535270691,review,1,0.522520899772644,0,MODERATE_RISK,0.0,
BioSpread,UNSEEN::AE436,0.1934962421655655,medium,0,0.6503045856952667,0,LOW_RISK,0.0,
BioSpread,AA781,0.6731018424034119,review,1,0.5125135183334351,0,MODERATE_RISK,0.0,
BioSpread,AB957,0.7467925548553467,review,0,0.5513398349285126,0,MODERATE_RISK,0.0,
BioSpread,UNSEEN::AG582,0.1935449093580246,medium,0,0.6501835584640503,0,LOW_RISK,0.0,
BioSpread,AB442,0.6949958205223083,review,1,0.5209488570690155,0,MODERATE_RISK,0.0,
BioSpread,UNSEEN::AD036,0.1930241882801056,medium,0,0.6513152420520782,0,LOW_RISK,0.0,
BioSpread,UNSEEN::AC848,0.19347038865089417,medium,0,0.6503430306911469,0,LOW_RISK,0.0,
BioSpread,AC058,0.6670176386833191,review,0,0.5016891956329346,0,MODERATE_RISK,0.0,
BioSpread,UNSEEN::AD824,0.1930660903453827,medium,0,0.6511507928371429,0,LOW_RISK,0.0,
BioSpread,AE551,0.670713484287262,review,0,0.5094936490058899,0,MODERATE_RISK,0.0,
BioSpread,UNSEEN::AG568,0.19338907301425934,medium,0,0.6504673957824707,0,LOW_RISK,0.0,
BioSpread,UNSEEN::AA320,0.1929895132780075,medium,0,0.6513878703117371,0,LOW_RISK,0.0,
BioSpread,UNSEEN::AF645,0.19349676370620728,medium,0,0.6503038108348846,0,LOW_RISK,0.0,
BioSpread,UNSEEN::AH371,0.1934826374053955,medium,0,0.6503250002861023,0,LOW_RISK,0.0,
BioSpread,UNSEEN::AG663,0.19349651038646698,medium,0,0.6503041982650757,0,LOW_RISK,0.0,
BioSpread,AD506,0.6616494059562683,review,0,0.5087614357471466,0,MODERATE_RISK,0.0,
BioSpread,UNSEEN::AC422,0.19334138929843903,medium,0,0.6505886018276215,0,LOW_RISK,0.0,
BioSpread,UNSEEN::AD117,0.19335465133190155,medium,0,0.6505688726902008,0,LOW_RISK,0.0,
BioSpread,UNSEEN::AD700,0.19348320364952087,medium,0,0.6503239870071411,0,LOW_RISK,0.0,
BioSpread,AG746,0.566825807094574,review,0,0.4989982843399048,0,MODERATE_RISK,0.0,
BioSpread,UNSEEN::AG495,0.19324807822704315,medium,0,0.6508705317974091,0,LOW_RISK,0.0,
BioSpread,AC524,0.674564003944397,review,0,0.5053897202014923,0,MODERATE_RISK,0.0,
BioSpread,AG024,0.5155395865440369,review,0,0.5122582912445068,0,MODERATE_RISK,0.0,
BioSpread,AD691,0.22343964874744415,medium,0,0.6539656817913055,0,LOW_RISK,0.0,
BioSpread,AE006,0.1705993413925171,medium,0,0.6906937658786774,0,LOW_RISK,0.0,
BioSpread,AC542,0.7455827593803406,review,0,0.5475064516067505,0,MODERATE_RISK,0.0,
BioSpread,AF582,0.7422996759414673,review,0,0.5534825921058655,0,MODERATE_RISK,0.0,
BioSpread,AC798,0.5913642048835754,review,0,0.5080100893974304,0,MODERATE_RISK,0.0,
BioSpread,UNSEEN::AB234,0.1935545951128006,medium,0,0.6501919627189636,0,LOW_RISK,0.0,
BioSpread,UNSEEN::AB617,0.19349676370620728,medium,0,0.6503038108348846,0,LOW_RISK,0.0,
BioSpread,UNSEEN::AB942,0.1935548633337021,medium,0,0.6501915454864502,0,LOW_RISK,0.0,
BioSpread,AC134,0.7473841309547424,review,0,0.5598392188549042,0,MODERATE_RISK,0.0,
BioSpread,AD524,0.4831138551235199,review,0,0.5243059396743774,0,LOW_RISK,0.0,
BioSpread,AF315,0.6054691672325134,review,0,0.5004725158214569,0,MODERATE_RISK,0.0,
BioSpread,AD434,0.5402384400367737,review,0,0.514848381280899,0,MODERATE_RISK,0.0,
BioSpread,UNSEEN::AB088,0.19334441423416138,medium,0,0.6506989002227783,0,LOW_RISK,0.0,
BioSpread,UNSEEN::AE695,0.19346988201141357,medium,0,0.6503437757492065,0,LOW_RISK,0.0,
BioSpread,AB072,0.7326538562774658,review,1,0.5278312861919403,0,MODERATE_RISK,0.0,
BioSpread,UNSEEN::AH253,0.19349676370620728,medium,0,0.6503038108348846,0,LOW_RISK,0.0,
BioSpread,AD665,0.6341330409049988,review,0,0.5073246359825134,0,MODERATE_RISK,0.0,
BioSpread,AF185,0.6381152868270874,review,0,0.49851810932159424,0,MODERATE_RISK,0.0,
BioSpread,UNSEEN::AB163,0.1932976245880127,medium,0,0.6507692337036133,0,LOW_RISK,0.0,
BioSpread,UNSEEN::AB216,0.1934962421655655,medium,0,0.6503045856952667,0,LOW_RISK,0.0,
BioSpread,AC710,0.3341379761695862,review,0,0.5894956588745117,0,LOW_RISK,0.0,
BioSpread,UNSEEN::AE819,0.19337573647499084,medium,0,0.6505516469478607,0,LOW_RISK,0.0,
BioSpread,UNSEEN::AF920,0.19335465133190155,medium,0,0.6505688726902008,0,LOW_RISK,0.0,
BioSpread,UNSEEN::AA471,0.19342553615570068,medium,0,0.650436282157898,0,LOW_RISK,0.0,
BioSpread,AG199,0.6615170240402222,review,0,0.5114110112190247,0,MODERATE_RISK,0.0,
BioSpread,AB872,0.7495101094245911,review,0,0.5568284094333649,0,MODERATE_RISK,0.0,
BioSpread,UNSEEN::AF334,0.19341179728507996,medium,0,0.6504569053649902,0,LOW_RISK,0.0,
BioSpread,AF644,0.6512967944145203,review,0,0.504387766122818,0,MODERATE_RISK,0.0,
BioSpread,UNSEEN::AA394,0.19340011477470398,medium,0,0.6504967510700226,0,LOW_RISK,0.0,
BioSpread,UNSEEN::AC569,0.1933278739452362,medium,0,0.6506087481975555,0,LOW_RISK,0.0,
BioSpread,UNSEEN::AA569,0.1934252679347992,medium,0,0.6504366397857666,0,LOW_RISK,0.0,
BioSpread,AC661,0.6568151116371155,review,0,0.5062365233898163,0,MODERATE_RISK,0.0,
BioSpread,UNSEEN::AD089,0.19341591000556946,medium,0,0.6504274606704712,0,LOW_RISK,0.0,
BioSpread,UNSEEN::AE884,0.1932300478219986,medium,0,0.6508517861366272,0,LOW_RISK,0.0,
BioSpread,UNSEEN::AA511,0.19342604279518127,medium,0,0.6504355072975159,0,LOW_RISK,0.0,
BioSpread,AD600,0.679798424243927,review,1,0.5162424147129059,0,MODERATE_RISK,0.0,
BioSpread,AD163,0.699975848197937,review,0,0.515414834022522,0,MODERATE_RISK,0.0,
BioSpread,AE509,0.6352880597114563,review,0,0.497394859790802,0,MODERATE_RISK,0.0,
BioSpread,UNSEEN::AG604,0.1935543566942215,medium,0,0.6501923203468323,0,LOW_RISK,0.0,
BioSpread,UNSEEN::AE198,0.19349651038646698,medium,0,0.6503041982650757,0,LOW_RISK,0.0,
BioSpread,AC151,0.16943345963954926,medium,0,0.6950038373470306,0,LOW_RISK,0.0,
BioSpread,UNSEEN::AH376,0.1934962421655655,medium,0,0.6503045856952667,0,LOW_RISK,0.0,
BioSpread,AA751,0.7224884033203125,review,0,0.5217544436454773,0,MODERATE_RISK,0.0,
BioSpread,AC549,0.4831138551235199,review,0,0.5243059396743774,0,LOW_RISK,0.0,
BioSpread,UNSEEN::AA210,0.1934962421655655,medium,0,0.6503045856952667,0,LOW_RISK,0.0,
BioSpread,UNSEEN::AC250,0.1934962421655655,medium,0,0.6503045856952667,0,LOW_RISK,0.0,
BioSpread,UNSEEN::AB247,0.19342553615570068,medium,0,0.650436282157898,0,LOW_RISK,0.0,
BioSpread,AB914,0.5540213584899902,review,0,0.5079461932182312,0,MODERATE_RISK,0.0,
BioSpread,UNSEEN::AG999,0.19349676370620728,medium,0,0.6503038108348846,0,LOW_RISK,0.0,
BioSpread,UNSEEN::AG516,0.1932756006717682,medium,0,0.6507094502449036,0,LOW_RISK,0.0,
BioSpread,UNSEEN::AG652,0.19341208040714264,medium,0,0.6504562795162201,0,LOW_RISK,0.0,
BioSpread,AA199,0.6675896644592285,review,0,0.5106092393398285,0,MODERATE_RISK,0.0,
BioSpread,UNSEEN::AE680,0.19349700212478638,medium,0,0.650303453207016,0,LOW_RISK,0.0,
BioSpread,UNSEEN::AG391,0.1934647113084793,medium,0,0.6503987014293671,0,LOW_RISK,0.0,
BioSpread,UNSEEN::AD469,0.1935545951128006,medium,0,0.6501919627189636,0,LOW_RISK,0.0,
BioSpread,UNSEEN::AD920,0.1934960037469864,medium,0,0.6503049731254578,0,LOW_RISK,0.0,
BioSpread,AF088,0.635170578956604,review,0,0.4973922371864319,0,MODERATE_RISK,0.0,
BioSpread,UNSEEN::AD039,0.1935543566942215,medium,0,0.6501923203468323,0,LOW_RISK,0.0,
BioSpread,UNSEEN::AE547,0.19349651038646698,medium,0,0.6503041982650757,0,LOW_RISK,0.0,
BioSpread,AE186,0.5731671452522278,review,0,0.501177042722702,0,MODERATE_RISK,0.0,
BioSpread,AB541,0.7459084987640381,review,0,0.552117794752121,0,MODERATE_RISK,0.0,
BioSpread,UNSEEN::AD715,0.19340203702449799,medium,0,0.650448739528656,0,LOW_RISK,0.0,
BioSpread,UNSEEN::AB960,0.19349415600299835,medium,0,0.6503096222877502,0,LOW_RISK,0.0,
BioSpread,UNSEEN::AA032,0.18509535491466522,medium,0,0.667589396238327,0,LOW_RISK,0.0,
BioSpread,AC774,0.7477619051933289,review,0,0.5534365773200989,0,MODERATE_RISK,0.0,
BioSpread,AE944,0.6719140410423279,review,0,0.5064320862293243,0,MODERATE_RISK,0.0,
BioSpread,UNSEEN::AG575,0.19348371028900146,medium,0,0.6503232419490814,0,LOW_RISK,0.0,
BioSpread,AD241,0.6864362955093384,review,0,0.5103873610496521,0,MODERATE_RISK,0.0,
BioSpread,UNSEEN::AG881,0.19349651038646698,medium,0,0.6503041982650757,0,LOW_RISK,0.0,
BioSpread,UNSEEN::AD069,0.19340327382087708,medium,0,0.6504959464073181,0,LOW_RISK,0.0,
BioSpread,UNSEEN::AH149,0.19339820742607117,medium,0,0.6504769325256348,0,LOW_RISK,0.0,
BioSpread,AA202,0.6581555008888245,review,0,0.5083373785018921,0,MODERATE_RISK,0.0,
BioSpread,UNSEEN::AA438,0.1932767778635025,medium,0,0.6508331596851349,0,LOW_RISK,0.0,
BioSpread,AA114,0.721333920955658,review,1,0.5250082015991211,0,MODERATE_RISK,0.0,
BioSpread,AE318,0.7140974998474121,review,0,0.523694634437561,0,MODERATE_RISK,0.0,
BioSpread,UNSEEN::AF306,0.19349676370620728,medium,0,0.6503038108348846,0,LOW_RISK,0.0,
BioSpread,AD374,0.4830703139305115,review,0,0.5243223309516907,0,LOW_RISK,0.0,
BioSpread,UNSEEN::AH069,0.1934831440448761,medium,0,0.6503242552280426,0,LOW_RISK,0.0,
BioSpread,AF269,0.7037602066993713,review,0,0.5232177376747131,0,MODERATE_RISK,0.0,
BioSpread,UNSEEN::AC359,0.1931740641593933,medium,0,0.650894045829773,0,LOW_RISK,0.0,
BioSpread,UNSEEN::AH055,0.19347038865089417,medium,0,0.6503430306911469,0,LOW_RISK,0.0,
BioSpread,UNSEEN::AA495,0.19349651038646698,medium,0,0.6503041982650757,0,LOW_RISK,0.0,
BioSpread,UNSEEN::AG858,0.1934833824634552,medium,0,0.650323897600174,0,LOW_RISK,0.0,
BioSpread,UNSEEN::AA481,0.19349579513072968,medium,0,0.6503058969974518,0,LOW_RISK,0.0,
BioSpread,UNSEEN::AH060,0.19348320364952087,medium,0,0.6503239870071411,0,LOW_RISK,0.0,
BioSpread,UNSEEN::AE453,0.19342553615570068,medium,0,0.650436282157898,0,LOW_RISK,0.0,
BioSpread,UNSEEN::AE325,0.19349651038646698,medium,0,0.6503041982650757,0,LOW_RISK,0.0,
BioSpread,AC577,0.7462612986564636,review,0,0.5525684356689453,0,MODERATE_RISK,0.0,
BioSpread,UNSEEN::AG132,0.19330811500549316,medium,0,0.6507247388362885,0,LOW_RISK,0.0,
BioSpread,UNSEEN::AD568,0.19336140155792236,medium,0,0.6505064070224762,0,LOW_RISK,0.0,
BioSpread,UNSEEN::AD428,0.1934960037469864,medium,0,0.6503049731254578,0,LOW_RISK,0.0,
BioSpread,UNSEEN::AA321,0.19314351677894592,medium,0,0.6510690152645111,0,LOW_RISK,0.0,
BioSpread,UNSEEN::AF278,0.19342553615570068,medium,0,0.650436282157898,0,LOW_RISK,0.0,
BioSpread,AF043,0.7490003108978271,review,0,0.5524283051490784,0,MODERATE_RISK,0.0,
BioSpread,AF333,0.5321503281593323,review,0,0.5114935040473938,0,MODERATE_RISK,0.0,
BioSpread,AB238,0.7192273139953613,review,1,0.5266086757183075,0,MODERATE_RISK,0.0,
BioSpread,UNSEEN::AH022,0.19339847564697266,medium,0,0.6504765450954437,0,LOW_RISK,0.0,
BioSpread,UNSEEN::AD819,0.19337664544582367,medium,0,0.6504824757575989,0,LOW_RISK,0.0,
BioSpread,UNSEEN::AE967,0.19348271191120148,medium,0,0.6503247320652008,0,LOW_RISK,0.0,
BioSpread,UNSEEN::AA118,0.1925981044769287,medium,0,0.6521461009979248,0,LOW_RISK,0.0,
BioSpread,AB768,0.6311347484588623,review,0,0.5030036270618439,0,MODERATE_RISK,0.0,
BioSpread,AC105,0.7206191420555115,review,1,0.5259929001331329,0,MODERATE_RISK,0.0,
BioSpread,AD989,0.6199864149093628,review,0,0.49614810943603516,0,MODERATE_RISK,0.0,
BioSpread,UNSEEN::AD873,0.1933855414390564,medium,0,0.6504957675933838,0,LOW_RISK,0.0,
BioSpread,UNSEEN::AB597,0.19333907961845398,medium,0,0.6505945920944214,0,LOW_RISK,0.0,
BioSpread,UNSEEN::AE018,0.1931346207857132,medium,0,0.6509245336055756,0,LOW_RISK,0.0,
BioSpread,AD927,0.4631405472755432,review,0,0.5274079144001007,0,LOW_RISK,0.0,
BioSpread,UNSEEN::AA484,0.19328813254833221,medium,0,0.6508115828037262,0,LOW_RISK,0.0,
BioSpread,UNSEEN::AG962,0.1934962421655655,medium,0,0.6503045856952667,0,LOW_RISK,0.0,
BioSpread,UNSEEN::AB261,0.1933765560388565,medium,0,0.6504827737808228,0,LOW_RISK,0.0,
BioSpread,UNSEEN::AC868,0.19337211549282074,medium,0,0.6505157351493835,0,LOW_RISK,0.0,
BioSpread,AA597,0.6399857401847839,review,0,0.5031389892101288,0,MODERATE_RISK,0.0,
BioSpread,AA698,0.7249400615692139,review,1,0.5226108431816101,0,MODERATE_RISK,0.0,
BioSpread,AC057,0.6674298048019409,review,0,0.5029044449329376,0,MODERATE_RISK,0.0,
BioSpread,UNSEEN::AA392,0.19348669052124023,medium,0,0.6503635346889496,0,LOW_RISK,0.0,
BioSpread,UNSEEN::AH485,0.1934252679347992,medium,0,0.6504366397857666,0,LOW_RISK,0.0,
BioSpread,UNSEEN::AE928,0.1921958178281784,medium,0,0.653023898601532,0,LOW_RISK,0.0,
BioSpread,UNSEEN::AC435,0.19354166090488434,medium,0,0.6502111554145813,0,LOW_RISK,0.0,
BioSpread,AB379,0.507219672203064,review,0,0.5148381888866425,0,MODERATE_RISK,0.0,
BioSpread,AD038,0.6296330094337463,review,0,0.5011300444602966,0,MODERATE_RISK,0.0,
BioSpread,UNSEEN::AC303,0.19306308031082153,medium,0,0.6511621475219727,0,LOW_RISK,0.0,
BioSpread,UNSEEN::AH510,0.1934962421655655,medium,0,0.6503045856952667,0,LOW_RISK,0.0,
BioSpread,AG108,0.7377840876579285,review,0,0.5934518575668335,0,MODERATE_RISK,0.0,
BioSpread,AC360,0.27640363574028015,medium,0,0.6285964548587799,0,LOW_RISK,0.0,
BioSpread,UNSEEN::AB739,0.19340507686138153,medium,0,0.650492399930954,0,LOW_RISK,0.0,
BioSpread,UNSEEN::AA711,0.19332554936408997,medium,0,0.6506263017654419,0,LOW_RISK,0.0,
BioSpread,UNSEEN::AD500,0.1935541033744812,medium,0,0.6501926779747009,0,LOW_RISK,0.0,
BioSpread,UNSEEN::AH015,0.1935545951128006,medium,0,0.6501919627189636,0,LOW_RISK,0.0,
BioSpread,AA240,0.1871076375246048,medium,0,0.68231400847435,0,LOW_RISK,0.0,
BioSpread,UNSEEN::AE067,0.1932685226202011,medium,0,0.6507018208503723,0,LOW_RISK,0.0,
BioSpread,AC230,0.501255214214325,review,0,0.5297828614711761,0,MODERATE_RISK,0.0,
BioSpread,AA434,0.7485443353652954,review,1,0.5516664385795593,0,MODERATE_RISK,0.0,
BioSpread,AG614,0.5644120573997498,review,0,0.507463127374649,0,MODERATE_RISK,0.0,
BioSpread,UNSEEN::AG355,0.19349515438079834,medium,0,0.650373786687851,0,LOW_RISK,0.0,
BioSpread,UNSEEN::AC404,0.1934960037469864,medium,0,0.6503049731254578,0,LOW_RISK,0.0,
BioSpread,UNSEEN::AE033,0.19349676370620728,medium,0,0.6503038108348846,0,LOW_RISK,0.0,
BioSpread,UNSEEN::AD381,0.1934962421655655,medium,0,0.6503045856952667,0,LOW_RISK,0.0,
BioSpread,UNSEEN::AA550,0.19349700212478638,medium,0,0.650303453207016,0,LOW_RISK,0.0,
BioSpread,UNSEEN::AG320,0.19336552917957306,medium,0,0.6505987048149109,0,LOW_RISK,0.0,
BioSpread,AE298,0.6535217761993408,review,0,0.49976587295532227,0,MODERATE_RISK,0.0,
BioSpread,AA045,0.7459241151809692,review,1,0.5500814020633698,0,MODERATE_RISK,0.0,
BioSpread,UNSEEN::AF953,0.1934962421655655,medium,0,0.6503045856952667,0,LOW_RISK,0.0,
BioSpread,UNSEEN::AE583,0.19299742579460144,medium,0,0.6513662338256836,0,LOW_RISK,0.0,
BioSpread,UNSEEN::AG448,0.19349651038646698,medium,0,0.6503041982650757,0,LOW_RISK,0.0,
BioSpread,UNSEEN::AD518,0.19242607057094574,medium,0,0.6524326503276825,0,LOW_RISK,0.0,
BioSpread,UNSEEN::AG401,0.19348721206188202,medium,0,0.650295078754425,0,LOW_RISK,0.0,
BioSpread,UNSEEN::AF438,0.19347038865089417,medium,0,0.6503430306911469,0,LOW_RISK,0.0,
BioSpread,AF563,0.7448415160179138,review,1,0.5465317368507385,0,MODERATE_RISK,0.0,
BioSpread,UNSEEN::AE477,0.19349676370620728,medium,0,0.6503038108348846,0,LOW_RISK,0.0,
BioSpread,UNSEEN::AA115,0.1934962421655655,medium,0,0.6503045856952667,0,LOW_RISK,0.0,
BioSpread,UNSEEN::AF067,0.1932591199874878,medium,0,0.65071240067482,0,LOW_RISK,0.0,
BioSpread,UNSEEN::AC354,0.19349651038646698,medium,0,0.6503041982650757,0,LOW_RISK,0.0,
BioSpread,UNSEEN::AB770,0.19341160356998444,medium,0,0.6504570245742798,0,LOW_RISK,0.0,
BioSpread,AF521,0.5755231976509094,review,0,0.5060951709747314,0,MODERATE_RISK,0.0,
BioSpread,AH220,0.20922720432281494,medium,0,0.6712534129619598,0,LOW_RISK,0.0,
BioSpread,AD454,0.6535405516624451,review,0,0.4997645616531372,0,MODERATE_RISK,0.0,
BioSpread,AA525,0.7453610301017761,review,1,0.5446783304214478,0,MODERATE_RISK,0.0,
BioSpread,UNSEEN::AE267,0.19348670542240143,medium,0,0.6502958536148071,0,LOW_RISK,0.0,
BioSpread,AE556,0.5916876196861267,review,0,0.5114928185939789,0,MODERATE_RISK,0.0,
BioSpread,UNSEEN::AB694,0.1928962618112564,medium,0,0.6515350937843323,0,LOW_RISK,0.0,
BioSpread,AA452,0.7469536066055298,review,1,0.5490114092826843,0,MODERATE_RISK,0.0,
BioSpread,UNSEEN::AA362,0.19321560859680176,medium,0,0.6508496403694153,0,LOW_RISK,0.0,
BioSpread,UNSEEN::AF887,0.19339895248413086,medium,0,0.650475800037384,0,LOW_RISK,0.0,
BioSpread,UNSEEN::AC348,0.1934252679347992,medium,0,0.6504366397857666,0,LOW_RISK,0.0,
BioSpread,AE939,0.4617876410484314,review,0,0.5440323054790497,0,LOW_RISK,0.0,
BioSpread,UNSEEN::AA385,0.19344724714756012,medium,0,0.6503544747829437,0,LOW_RISK,0.0,
BioSpread,UNSEEN::AG848,0.19348295032978058,medium,0,0.6503243744373322,0,LOW_RISK,0.0,
BioSpread,UNSEEN::AC275,0.19349929690361023,medium,0,0.6504123210906982,0,LOW_RISK,0.0,
BioSpread,UNSEEN::AG047,0.19349317252635956,medium,0,0.6503544449806213,0,LOW_RISK,0.0,
BioSpread,AF749,0.5381429195404053,review,0,0.5261572897434235,0,MODERATE_RISK,0.0,
BioSpread,UNSEEN::AH503,0.1935541033744812,medium,0,0.6501926779747009,0,LOW_RISK,0.0,
BioSpread,UNSEEN::AG135,0.19342809915542603,medium,0,0.6505462825298309,0,LOW_RISK,0.0,
BioSpread,AG274,0.6199646592140198,review,0,0.4961511492729187,0,MODERATE_RISK,0.0,
BioSpread,AD253,0.5584242343902588,review,0,0.506548285484314,0,MODERATE_RISK,0.0,
BioSpread,UNSEEN::AA037,0.19312991201877594,medium,0,0.6511365175247192,0,LOW_RISK,0.0,
BioSpread,UNSEEN::AE656,0.19334551692008972,medium,0,0.6505553424358368,0,LOW_RISK,0.0,
BioSpread,AB508,0.5387402176856995,review,0,0.5102802217006683,0,MODERATE_RISK,0.0,
BioSpread,AG146,0.6434294581413269,review,0,0.49849826097488403,0,MODERATE_RISK,0.0,
BioSpread,AC546,0.26256081461906433,medium,0,0.6296186149120331,0,LOW_RISK,0.0,
BioSpread,AD153,0.35000476241111755,review,0,0.5796932578086853,0,LOW_RISK,0.0,
BioSpread,AC476,0.678917646408081,review,0,0.515383392572403,0,MODERATE_RISK,0.0,
BioSpread,UNSEEN::AH039,0.1934962421655655,medium,0,0.6503045856952667,0,LOW_RISK,0.0,
BioSpread,UNSEEN::AA933,0.19354158639907837,medium,0,0.6502114236354828,0,LOW_RISK,0.0,
BioSpread,AF318,0.5820639133453369,review,0,0.5077941119670868,0,MODERATE_RISK,0.0,
BioSpread,UNSEEN::AG944,0.1934962421655655,medium,0,0.6503045856952667,0,LOW_RISK,0.0,
BioSpread,UNSEEN::AC810,0.19270026683807373,medium,0,0.6516683399677277,0,LOW_RISK,0.0,
BioSpread,AF106,0.662036657333374,review,0,0.5125381648540497,0,MODERATE_RISK,0.0,
BioSpread,UNSEEN::AB551,0.1934962421655655,medium,0,0.6503045856952667,0,LOW_RISK,0.0,
BioSpread,UNSEEN::AC131,0.19349651038646698,medium,0,0.6503041982650757,0,LOW_RISK,0.0,
BioSpread,UNSEEN::AE371,0.19328495860099792,medium,0,0.6507003605365753,0,LOW_RISK,0.0,
BioSpread,UNSEEN::AC932,0.193350687623024,medium,0,0.6505981087684631,0,LOW_RISK,0.0,
BioSpread,UNSEEN::AG760,0.1934833824634552,medium,0,0.650323897600174,0,LOW_RISK,0.0,
BioSpread,UNSEEN::AA126,0.19284693896770477,medium,0,0.651634693145752,0,LOW_RISK,0.0,
BioSpread,AG942,0.5089131593704224,review,0,0.5222344696521759,0,MODERATE_RISK,0.0,
BioSpread,UNSEEN::AB919,0.19342176616191864,medium,0,0.6504758894443512,0,LOW_RISK,0.0,
BioSpread,AC802,0.2928449809551239,medium,0,0.6108189821243286,0,LOW_RISK,0.0,
BioSpread,UNSEEN::AC073,0.1931755393743515,medium,0,0.6509666740894318,0,LOW_RISK,0.0,
BioSpread,AB972,0.7421983480453491,review,0,0.5605945289134979,0,MODERATE_RISK,0.0,
BioSpread,UNSEEN::AH497,0.19354110956192017,medium,0,0.6502119600772858,0,LOW_RISK,0.0,
BioSpread,UNSEEN::AG768,0.19349633157253265,medium,0,0.6503050923347473,0,LOW_RISK,0.0,
BioSpread,UNSEEN::AF382,0.1934962421655655,medium,0,0.6503045856952667,0,LOW_RISK,0.0,
BioSpread,UNSEEN::AA737,0.19355511665344238,medium,0,0.6501911878585815,0,LOW_RISK,0.0,
BioSpread,UNSEEN::AG916,0.19349651038646698,medium,0,0.6503041982650757,0,LOW_RISK,0.0,
BioSpread,AB583,0.2801806628704071,medium,0,0.6183513700962067,0,LOW_RISK,0.0,
BioSpread,UNSEEN::AC175,0.19341208040714264,medium,0,0.6504562795162201,0,LOW_RISK,0.0,
BioSpread,AB081,0.744190514087677,review,0,0.5564033389091492,0,MODERATE_RISK,0.0,
BioSpread,UNSEEN::AD389,0.19334138929843903,medium,0,0.6505886018276215,0,LOW_RISK,0.0,
BioSpread,UNSEEN::AD411,0.19345837831497192,medium,0,0.6503833532333374,0,LOW_RISK,0.0,
BioSpread,UNSEEN::AH236,0.19348344206809998,medium,0,0.6503235995769501,0,LOW_RISK,0.0,
BioSpread,UNSEEN::AE461,0.19349651038646698,medium,0,0.6503041982650757,0,LOW_RISK,0.0,
BioSpread,UNSEEN::AE651,0.1934078484773636,medium,0,0.6504857242107391,0,LOW_RISK,0.0,
BioSpread,UNSEEN::AA458,0.19211481511592865,medium,0,0.6532669067382812,0,LOW_RISK,0.0,
BioSpread,AG595,0.7478966116905212,review,0,0.570427656173706,0,MODERATE_RISK,0.0,
BioSpread,UNSEEN::AG251,0.1934960037469864,medium,0,0.6503049731254578,0,LOW_RISK,0.0,
BioSpread,AC457,0.6968181729316711,review,0,0.5155689716339111,0,MODERATE_RISK,0.0,
BioSpread,UNSEEN::AF877,0.19348081946372986,medium,0,0.6503294408321381,0,LOW_RISK,0.0,
BioSpread,UNSEEN::AG963,0.1934962421655655,medium,0,0.6503045856952667,0,LOW_RISK,0.0,
BioSpread,UNSEEN::AF704,0.1934257447719574,medium,0,0.6504359245300293,0,LOW_RISK,0.0,
BioSpread,AD181,0.5597673654556274,review,0,0.5202437043190002,0,MODERATE_RISK,0.0,
BioSpread,AE400,0.6335909366607666,review,0,0.4968476891517639,0,MODERATE_RISK,0.0,
BioSpread,UNSEEN::AB547,0.19716064631938934,medium,0,0.6532487273216248,0,LOW_RISK,0.0,
BioSpread,UNSEEN::AB714,0.19298164546489716,medium,0,0.6513640880584717,0,LOW_RISK,0.0,
BioSpread,UNSEEN::AG095,0.19349651038646698,medium,0,0.6503041982650757,0,LOW_RISK,0.0,
BioSpread,UNSEEN::AF731,0.19349676370620728,medium,0,0.6503038108348846,0,LOW_RISK,0.0,
BioSpread,AF011,0.7479974031448364,review,0,0.5558210015296936,0,MODERATE_RISK,0.0,
BioSpread,UNSEEN::AG704,0.19339598715305328,medium,0,0.6504825353622437,0,LOW_RISK,0.0,
BioSpread,UNSEEN::AA886,0.19284428656101227,medium,0,0.6516997814178467,0,LOW_RISK,0.0,
BioSpread,AC677,0.7455820441246033,review,0,0.5451937615871429,0,MODERATE_RISK,0.0,
BioSpread,AD209,0.24324044585227966,medium,0,0.6426444053649902,0,LOW_RISK,0.0,
BioSpread,UNSEEN::AH354,0.1934257447719574,medium,0,0.6504359245300293,0,LOW_RISK,0.0,
BioSpread,UNSEEN::AA416,0.1934962421655655,medium,0,0.6503045856952667,0,LOW_RISK,0.0,
BioSpread,UNSEEN::AH468,0.19349651038646698,medium,0,0.6503041982650757,0,LOW_RISK,0.0,
BioSpread,UNSEEN::AF001,0.19341184198856354,medium,0,0.6504566669464111,0,LOW_RISK,0.0,
BioSpread,UNSEEN::AE051,0.19349579513072968,medium,0,0.6503058969974518,0,LOW_RISK,0.0,
BioSpread,AF274,0.6535436511039734,review,0,0.4997643232345581,0,MODERATE_RISK,0.0,
BioSpread,AA768,0.7469959259033203,review,0,0.5547628998756409,0,MODERATE_RISK,0.0,
BioSpread,UNSEEN::AC750,0.19336122274398804,medium,0,0.6506156325340271,0,LOW_RISK,0.0,
BioSpread,AF545,0.16945764422416687,medium,0,0.6948894262313843,0,LOW_RISK,0.0,
BioSpread,AH270,0.6201367378234863,review,0,0.496143639087677,0,MODERATE_RISK,0.0,
BioSpread,UNSEEN::AD413,0.19334164261817932,medium,0,0.6505882143974304,0,LOW_RISK,0.0,
BioSpread,UNSEEN::AE946,0.19349579513072968,medium,0,0.6503058969974518,0,LOW_RISK,0.0,
BioSpread,UNSEEN::AH301,0.1934962421655655,medium,0,0.6503045856952667,0,LOW_RISK,0.0,
BioSpread,AA411,0.7467328906059265,review,1,0.5513854324817657,0,MODERATE_RISK,0.0,
BioSpread,AC326,0.6535342931747437,review,0,0.49976497888565063,0,MODERATE_RISK,0.0,
BioSpread,UNSEEN::AG915,0.19346988201141357,medium,0,0.6503437757492065,0,LOW_RISK,0.0,
BioSpread,UNSEEN::AH017,0.1934962421655655,medium,0,0.6503045856952667,0,LOW_RISK,0.0,
BioSpread,UNSEEN::AE486,0.1935545951128006,medium,0,0.6501919627189636,0,LOW_RISK,0.0,
BioSpread,AC999,0.5345247387886047,review,0,0.5109412372112274,0,MODERATE_RISK,0.0,
BioSpread,UNSEEN::AB544,0.19317767024040222,medium,0,0.6508698165416718,0,LOW_RISK,0.0,
BioSpread,AD880,0.22388102114200592,medium,0,0.6540088057518005,0,LOW_RISK,0.0,
BioSpread,UNSEEN::AA439,0.19280530512332916,medium,0,0.6518010795116425,0,LOW_RISK,0.0,
BioSpread,AA164,0.6641570329666138,review,0,0.5025870501995087,0,MODERATE_RISK,0.0,
BioSpread,AA973,0.72933030128479,review,0,0.5265163779258728,0,MODERATE_RISK,0.0,
BioSpread,AE161,0.6008287072181702,review,0,0.5006693601608276,0,MODERATE_RISK,0.0,
BioSpread,UNSEEN::AG497,0.1935548633337021,medium,0,0.6501915454864502,0,LOW_RISK,0.0,
BioSpread,AB114,0.7430476546287537,review,1,0.5489906072616577,0,MODERATE_RISK,0.0,
BioSpread,AE164,0.5968862771987915,review,0,0.5008212029933929,0,MODERATE_RISK,0.0,
BioSpread,UNSEEN::AF831,0.1932891607284546,medium,0,0.6507654190063477,0,LOW_RISK,0.0,
BioSpread,AD735,0.6754565834999084,review,0,0.5021397173404694,0,MODERATE_RISK,0.0,
BioSpread,UNSEEN::AA186,0.1935133934020996,medium,0,0.6502549946308136,0,LOW_RISK,0.0,
BioSpread,UNSEEN::AE807,0.19273486733436584,medium,0,0.6518385708332062,0,LOW_RISK,0.0,
BioSpread,AB554,0.17296433448791504,medium,0,0.6862319111824036,0,LOW_RISK,0.0,
BioSpread,AB649,0.685052216053009,review,0,0.5064833760261536,0,MODERATE_RISK,0.0,
BioSpread,UNSEEN::AG012,0.19275541603565216,medium,0,0.6517311036586761,0,LOW_RISK,0.0,
BioSpread,UNSEEN::AD450,0.20104998350143433,medium,0,0.6515976786613464,0,LOW_RISK,0.0,
BioSpread,UNSEEN::AG368,0.193308487534523,medium,0,0.6507292091846466,0,LOW_RISK,0.0,
BioSpread,UNSEEN::AE247,0.19338414072990417,medium,0,0.650566041469574,0,LOW_RISK,0.0,
BioSpread,AA515,0.7350628972053528,review,1,0.5304115414619446,0,MODERATE_RISK,0.0,
BioSpread,UNSEEN::AB059,0.19291146099567413,medium,0,0.6515218913555145,0,LOW_RISK,0.0,
BioSpread,UNSEEN::AC941,0.19335174560546875,medium,0,0.6506192088127136,0,LOW_RISK,0.0,
BioSpread,UNSEEN::AD582,0.19009988009929657,medium,0,0.657130092382431,0,LOW_RISK,0.0,
BioSpread,AB350,0.6617602109909058,review,0,0.4999052882194519,0,MODERATE_RISK,0.0,
BioSpread,UNSEEN::AH067,0.19349651038646698,medium,0,0.6503041982650757,0,LOW_RISK,0.0,
BioSpread,UNSEEN::AB170,0.19346727430820465,medium,0,0.6503495872020721,0,LOW_RISK,0.0,
BioSpread,UNSEEN::AA815,0.19296978414058685,medium,0,0.6515819430351257,0,LOW_RISK,0.0,
BioSpread,AH214,0.22348369657993317,medium,0,0.653929740190506,0,LOW_RISK,0.0,
BioSpread,UNSEEN::AC974,0.19342604279518127,medium,0,0.6504355072975159,0,LOW_RISK,0.0,
BioSpread,UNSEEN::AB399,0.1934962421655655,medium,0,0.6503045856952667,0,LOW_RISK,0.0,
BioSpread,AF027,0.5236811637878418,review,0,0.51433464884758,0,MODERATE_RISK,0.0,
BioSpread,AF687,0.7533486485481262,review,0,0.56910440325737,0,MODERATE_RISK,0.0,
BioSpread,UNSEEN::AF464,0.19332841038703918,medium,0,0.6506079435348511,0,LOW_RISK,0.0,
BioSpread,AE275,0.5030689835548401,review,0,0.5319957733154297,0,MODERATE_RISK,0.0,
BioSpread,AG737,0.6350107192993164,review,0,0.49622076749801636,0,MODERATE_RISK,0.0,
BioSpread,AA795,0.7454177141189575,review,0,0.5545602440834045,0,MODERATE_RISK,0.0,
BioSpread,UNSEEN::AH455,0.19345681369304657,medium,0,0.6503632068634033,0,LOW_RISK,0.0,
BioSpread,UNSEEN::AC343,0.19333818554878235,medium,0,0.6506396234035492,0,LOW_RISK,0.0,
BioSpread,UNSEEN::AD010,0.19335393607616425,medium,0,0.6505705416202545,0,LOW_RISK,0.0,
BioSpread,UNSEEN::AE673,0.19330644607543945,medium,0,0.6507109999656677,0,LOW_RISK,0.0,
BioSpread,AF888,0.7527689933776855,review,0,0.5806351900100708,0,MODERATE_RISK,0.0,
BioSpread,AC493,0.7360420227050781,review,0,0.5620623230934143,0,MODERATE_RISK,0.0,
BioSpread,UNSEEN::AG261,0.19349676370620728,medium,0,0.6503038108348846,0,LOW_RISK,0.0,
BioSpread,UNSEEN::AC906,0.19349651038646698,medium,0,0.6503041982650757,0,LOW_RISK,0.0,
BioSpread,AB644,0.7460530996322632,review,1,0.5552164018154144,0,MODERATE_RISK,0.0,
BioSpread,AA855,0.7449907660484314,review,0,0.5456459522247314,0,MODERATE_RISK,0.0,
BioSpread,AC769,0.6839243769645691,review,0,0.4941803812980652,0,MODERATE_RISK,0.0,
BioSpread,AC876,0.6462267637252808,review,0,0.49899089336395264,0,MODERATE_RISK,0.0,
BioSpread,UNSEEN::AH106,0.1935543566942215,medium,0,0.6501923203468323,0,LOW_RISK,0.0,
BioSpread,UNSEEN::AG144,0.19348344206809998,medium,0,0.6503235995769501,0,LOW_RISK,0.0,
BioSpread,AC855,0.6230573654174805,review,0,0.49926066398620605,0,MODERATE_RISK,0.0,
BioSpread,AC998,0.6379721164703369,review,0,0.49650341272354126,0,MODERATE_RISK,0.0,
BioSpread,AH242,0.6960452795028687,review,0,0.5230103135108948,0,MODERATE_RISK,0.0,
BioSpread,AC818,0.6460770964622498,review,0,0.5011114776134491,0,MODERATE_RISK,0.0,
BioSpread,AB927,0.7239367365837097,review,0,0.5241930484771729,0,MODERATE_RISK,0.0,
BioSpread,AF399,0.6695282459259033,review,0,0.5101267099380493,0,MODERATE_RISK,0.0,
BioSpread,AG215,0.255459189414978,medium,0,0.6344683170318604,0,LOW_RISK,0.0,
BioSpread,UNSEEN::AE394,0.19348669052124023,medium,0,0.6503635346889496,0,LOW_RISK,0.0,
BioSpread,UNSEEN::AA643,0.19349651038646698,medium,0,0.6503041982650757,0,LOW_RISK,0.0,
BioSpread,AF584,0.17330248653888702,medium,0,0.685818612575531,0,LOW_RISK,0.0,
BioSpread,AD915,0.6052629947662354,review,0,0.5028032064437866,0,MODERATE_RISK,0.0,
BioSpread,AG775,0.4631865620613098,review,0,0.5273890495300293,0,LOW_RISK,0.0,
BioSpread,AG130,0.6696441769599915,review,0,0.5101316869258881,0,MODERATE_RISK,0.0,
BioSpread,AH206,0.4831719398498535,review,0,0.5242840349674225,0,LOW_RISK,0.0,
BioSpread,AD580,0.3585096299648285,review,0,0.5817756652832031,0,LOW_RISK,0.0,
BioSpread,AF525,0.22344844043254852,medium,0,0.6539585292339325,0,LOW_RISK,0.0,
BioSpread,UNSEEN::AF155,0.1934250295162201,medium,0,0.6504370272159576,0,LOW_RISK,0.0,
BioSpread,UNSEEN::AG920,0.1934250295162201,medium,0,0.6504370272159576,0,LOW_RISK,0.0,
BioSpread,UNSEEN::AH461,0.19349700212478638,medium,0,0.650303453207016,0,LOW_RISK,0.0,
BioSpread,UNSEEN::AH029,0.1934960037469864,medium,0,0.6503049731254578,0,LOW_RISK,0.0,
BioSpread,AC903,0.4830703139305115,review,0,0.5243223309516907,0,LOW_RISK,0.0,
BioSpread,UNSEEN::AD377,0.1934962421655655,medium,0,0.6503045856952667,0,LOW_RISK,0.0,
BioSpread,UNSEEN::AE805,0.19312478601932526,medium,0,0.650911420583725,0,LOW_RISK,0.0,
BioSpread,UNSEEN::AE424,0.19347518682479858,medium,0,0.6504029929637909,0,LOW_RISK,0.0,
BioSpread,UNSEEN::AC739,0.19332045316696167,medium,0,0.6506903171539307,0,LOW_RISK,0.0,
BioSpread,UNSEEN::AC028,0.19332705438137054,medium,0,0.6507033407688141,0,LOW_RISK,0.0,
BioSpread,AH302,0.19873133301734924,medium,0,0.6791555285453796,0,LOW_RISK,0.0,
BioSpread,UNSEEN::AA224,0.1935545951128006,medium,0,0.6501919627189636,0,LOW_RISK,0.0,
BioSpread,UNSEEN::AE812,0.1934960037469864,medium,0,0.6503049731254578,0,LOW_RISK,0.0,
BioSpread,UNSEEN::AG809,0.19355511665344238,medium,0,0.6501911878585815,0,LOW_RISK,0.0,
BioSpread,UNSEEN::AE626,0.19349700212478638,medium,0,0.650303453207016,0,LOW_RISK,0.0,
BioSpread,UNSEEN::AC083,0.19344528019428253,medium,0,0.6504331529140472,0,LOW_RISK,0.0,
BioSpread,AF568,0.7110154032707214,review,0,0.5257160067558289,0,MODERATE_RISK,0.0,
BioSpread,AE901,0.3936727046966553,review,0,0.5631106793880463,0,LOW_RISK,0.0,
BioSpread,AB133,0.7449179291725159,review,0,0.5480905473232269,0,MODERATE_RISK,0.0,
BioSpread,UNSEEN::AG664,0.19348180294036865,medium,0,0.6503272950649261,0,LOW_RISK,0.0,
BioSpread,UNSEEN::AD742,0.1934962421655655,medium,0,0.6503045856952667,0,LOW_RISK,0.0,
BioSpread,UNSEEN::AB218,0.19349651038646698,medium,0,0.6503041982650757,0,LOW_RISK,0.0,
BioSpread,AF669,0.5231011509895325,review,0,0.5185040533542633,0,MODERATE_RISK,0.0,
BioSpread,UNSEEN::AE796,0.19355511665344238,medium,0,0.6501911878585815,0,LOW_RISK,0.0,
BioSpread,UNSEEN::AD203,0.19348344206809998,medium,0,0.6503235995769501,0,LOW_RISK,0.0,
BioSpread,AG100,0.17387405037879944,medium,0,0.6841788291931152,0,LOW_RISK,0.0,
BioSpread,UNSEEN::AA344,0.19312706589698792,medium,0,0.6511237919330597,0,LOW_RISK,0.0,
BioSpread,UNSEEN::AF427,0.19348344206809998,medium,0,0.6503235995769501,0,LOW_RISK,0.0,
BioSpread,UNSEEN::AB402,0.19341184198856354,medium,0,0.6504566669464111,0,LOW_RISK,0.0,
BioSpread,UNSEEN::AD528,0.19349463284015656,medium,0,0.6503088772296906,0,LOW_RISK,0.0,
BioSpread,UNSEEN::AH243,0.19349651038646698,medium,0,0.6503041982650757,0,LOW_RISK,0.0,
BioSpread,AE773,0.7496464848518372,review,0,0.5551162362098694,0,MODERATE_RISK,0.0,
BioSpread,AE317,0.6717983484268188,review,0,0.5035236179828644,0,MODERATE_RISK,0.0,
BioSpread,UNSEEN::AE825,0.1935548633337021,medium,0,0.6501915454864502,0,LOW_RISK,0.0,
BioSpread,UNSEEN::AC576,0.19349651038646698,medium,0,0.6503041982650757,0,LOW_RISK,0.0,
BioSpread,AD850,0.6609394550323486,review,0,0.5059585273265839,0,MODERATE_RISK,0.0,
BioSpread,UNSEEN::AF955,0.19341208040714264,medium,0,0.6504562795162201,0,LOW_RISK,0.0,
BioSpread,AD648,0.6613357067108154,review,0,0.5010090470314026,0,MODERATE_RISK,0.0,
BioSpread,UNSEEN::AA393,0.19348669052124023,medium,0,0.6503635346889496,0,LOW_RISK,0.0,
BioSpread,UNSEEN::AG260,0.19349700212478638,medium,0,0.650303453207016,0,LOW_RISK,0.0,
BioSpread,UNSEEN::AC123,0.19338004291057587,medium,0,0.6505394577980042,0,LOW_RISK,0.0,
BioSpread,UNSEEN::AB349,0.19340653717517853,medium,0,0.6505546867847443,0,LOW_RISK,0.0,
BioSpread,UNSEEN::AA173,0.1913902908563614,medium,0,0.6548793315887451,0,LOW_RISK,0.0,
BioSpread,AG203,0.4831429421901703,review,0,0.524294912815094,0,LOW_RISK,0.0,
BioSpread,UNSEEN::AE087,0.19349633157253265,medium,0,0.6503050923347473,0,LOW_RISK,0.0,
BioSpread,AG389,0.7461132407188416,review,0,0.5560461282730103,0,MODERATE_RISK,0.0,
BioSpread,UNSEEN::AG002,0.19342459738254547,medium,0,0.6504383087158203,0,LOW_RISK,0.0,
BioSpread,AG554,0.6060696840286255,review,0,0.5039989948272705,0,MODERATE_RISK,0.0,
BioSpread,AE313,0.6917502284049988,review,0,0.5128525495529175,0,MODERATE_RISK,0.0,
BioSpread,UNSEEN::AE141,0.19349651038646698,medium,0,0.6503041982650757,0,LOW_RISK,0.0,
BioSpread,UNSEEN::AG721,0.19331827759742737,medium,0,0.6506689488887787,0,LOW_RISK,0.0,
BioSpread,AG660,0.46309447288513184,review,0,0.5274267494678497,0,LOW_RISK,0.0,
BioSpread,UNSEEN::AH387,0.1934962421655655,medium,0,0.6503045856952667,0,LOW_RISK,0.0,
BioSpread,UNSEEN::AH012,0.19316159188747406,medium,0,0.6508843302726746,0,LOW_RISK,0.0,
BioSpread,AC594,0.6091198325157166,review,0,0.5084675848484039,0,MODERATE_RISK,0.0,
BioSpread,UNSEEN::AE206,0.1935548633337021,medium,0,0.6501915454864502,0,LOW_RISK,0.0,
BioSpread,AF147,0.7460910081863403,review,0,0.5484614074230194,0,MODERATE_RISK,0.0,
BioSpread,AA161,0.7093577980995178,review,0,0.5156948268413544,0,MODERATE_RISK,0.0,
BioSpread,AE516,0.22347486019134521,medium,0,0.6539369523525238,0,LOW_RISK,0.0,
BioSpread,UNSEEN::AD840,0.19349700212478638,medium,0,0.650303453207016,0,LOW_RISK,0.0,
BioSpread,AB057,0.7153164744377136,review,0,0.5242319405078888,0,MODERATE_RISK,0.0,
BioSpread,UNSEEN::AA697,0.19321662187576294,medium,0,0.6508206725120544,0,LOW_RISK,0.0,
BioSpread,AB857,0.6535436511039734,review,0,0.4997643232345581,0,MODERATE_RISK,0.0,
BioSpread,AA424,0.7445230484008789,review,1,0.5464195609092712,0,MODERATE_RISK,0.0,
BioSpread,UNSEEN::AC695,0.1931159794330597,medium,0,0.651118129491806,0,LOW_RISK,0.0,
BioSpread,UNSEEN::AC062,0.19342227280139923,medium,0,0.6504867970943451,0,LOW_RISK,0.0,
BioSpread,UNSEEN::AC399,0.19355511665344238,medium,0,0.6501911878585815,0,LOW_RISK,0.0,
BioSpread,AC472,0.7474303841590881,review,0,0.5560356080532074,0,MODERATE_RISK,0.0,
BioSpread,AF909,0.661835253238678,review,0,0.5032946765422821,0,MODERATE_RISK,0.0,
BioSpread,UNSEEN::AG895,0.19406086206436157,medium,0,0.649409681558609,0,LOW_RISK,0.0,
BioSpread,AC162,0.5784525871276855,review,0,0.5008643269538879,0,MODERATE_RISK,0.0,
BioSpread,AD972,0.7451538443565369,review,0,0.5918904840946198,0,MODERATE_RISK,0.0,
BioSpread,UNSEEN::AB571,0.19349651038646698,medium,0,0.6503041982650757,0,LOW_RISK,0.0,
BioSpread,UNSEEN::AF037,0.19334164261817932,medium,0,0.6505882143974304,0,LOW_RISK,0.0,
BioSpread,UNSEEN::AG543,0.19348295032978058,medium,0,0.6503243744373322,0,LOW_RISK,0.0,
BioSpread,AD585,0.17598900198936462,medium,0,0.6767197251319885,0,LOW_RISK,0.0,
BioSpread,UNSEEN::AF682,0.19349676370620728,medium,0,0.6503038108348846,0,LOW_RISK,0.0,
BioSpread,UNSEEN::AD065,0.19349651038646698,medium,0,0.6503041982650757,0,LOW_RISK,0.0,
BioSpread,UNSEEN::AF958,0.1934252679347992,medium,0,0.6504366397857666,0,LOW_RISK,0.0,
BioSpread,AD780,0.4635829031467438,review,0,0.5272602438926697,0,LOW_RISK,0.0,
BioSpread,UNSEEN::AD188,0.1931483894586563,medium,0,0.6510327756404877,0,LOW_RISK,0.0,
BioSpread,AA729,0.3695228099822998,review,0,0.578707754611969,0,LOW_RISK,0.0,
BioSpread,AE299,0.7150516510009766,review,0,0.5188507437705994,0,MODERATE_RISK,0.0,
BioSpread,UNSEEN::AE284,0.1932431161403656,medium,0,0.6508320569992065,0,LOW_RISK,0.0,
BioSpread,UNSEEN::AE843,0.19332236051559448,medium,0,0.6507093906402588,0,LOW_RISK,0.0,
BioSpread,UNSEEN::AC708,0.19347038865089417,medium,0,0.6503430306911469,0,LOW_RISK,0.0,
BioSpread,AC420,0.5249648690223694,review,0,0.5129216313362122,0,MODERATE_RISK,0.0,
BioSpread,AF271,0.5585962533950806,review,0,0.5175845623016357,0,MODERATE_RISK,0.0,
BioSpread,AA563,0.7545519471168518,review,1,0.5817560851573944,0,MODERATE_RISK,0.0,
BioSpread,AB780,0.6183574795722961,review,0,0.5011276006698608,0,MODERATE_RISK,0.0,
BioSpread,AE341,0.7472274303436279,review,0,0.5489530563354492,0,MODERATE_RISK,0.0,
BioSpread,AG072,0.4631098508834839,review,0,0.5274204313755035,0,LOW_RISK,0.0,
BioSpread,UNSEEN::AE209,0.1934252679347992,medium,0,0.6504366397857666,0,LOW_RISK,0.0,
BioSpread,UNSEEN::AA655,0.19335488975048065,medium,0,0.6505684852600098,0,LOW_RISK,0.0,
BioSpread,AA352,0.7449113130569458,review,1,0.5539929270744324,0,MODERATE_RISK,0.0,
BioSpread,UNSEEN::AA612,0.19349676370620728,medium,0,0.6503038108348846,0,LOW_RISK,0.0,
BioSpread,AG772,0.22348369657993317,medium,0,0.653929740190506,0,LOW_RISK,0.0,
BioSpread,AB527,0.7006415128707886,review,0,0.516319066286087,0,MODERATE_RISK,0.0,
BioSpread,UNSEEN::AC918,0.1934962421655655,medium,0,0.6503045856952667,0,LOW_RISK,0.0,
BioSpread,AC795,0.6199429035186768,review,0,0.49615418910980225,0,MODERATE_RISK,0.0,
BioSpread,AA059,0.290375679731369,medium,0,0.6094636619091034,0,LOW_RISK,0.0,
BioSpread,UNSEEN::AC685,0.19342604279518127,medium,0,0.6504355072975159,0,LOW_RISK,0.0,
BioSpread,UNSEEN::AD195,0.19283829629421234,medium,0,0.6516055166721344,0,LOW_RISK,0.0,
BioSpread,UNSEEN::AD512,0.19348295032978058,medium,0,0.6503243744373322,0,LOW_RISK,0.0,
BioSpread,AC742,0.39276576042175293,review,0,0.5496594905853271,0,LOW_RISK,0.0,
BioSpread,UNSEEN::AD431,0.1934960037469864,medium,0,0.6503049731254578,0,LOW_RISK,0.0,
BioSpread,AB146,0.7173100113868713,review,0,0.5163781940937042,0,MODERATE_RISK,0.0,
BioSpread,AC914,0.6613330245018005,review,0,0.4987906217575073,0,MODERATE_RISK,0.0,
BioSpread,UNSEEN::AE864,0.1934250295162201,medium,0,0.6504370272159576,0,LOW_RISK,0.0,
BioSpread,AC571,0.7441275715827942,review,0,0.5593501031398773,0,MODERATE_RISK,0.0,
BioSpread,UNSEEN::AD815,0.1932910978794098,medium,0,0.6506363749504089,0,LOW_RISK,0.0,
BioSpread,UNSEEN::AB463,0.1935543566942215,medium,0,0.6501923203468323,0,LOW_RISK,0.0,
BioSpread,AC380,0.2554650604724884,medium,0,0.6323804557323456,0,LOW_RISK,0.0,
BioSpread,AF702,0.6568151116371155,review,0,0.5062365233898163,0,MODERATE_RISK,0.0,
BioSpread,UNSEEN::AC029,0.19342553615570068,medium,0,0.650436282157898,0,LOW_RISK,0.0,
BioSpread,UNSEEN::AF283,0.1935548633337021,medium,0,0.6501915454864502,0,LOW_RISK,0.0,
BioSpread,UNSEEN::AD670,0.19349510967731476,medium,0,0.6503075063228607,0,LOW_RISK,0.0,
BioSpread,AB506,0.5454800128936768,review,0,0.5189878344535828,0,MODERATE_RISK,0.0,
BioSpread,UNSEEN::AH413,0.19343852996826172,medium,0,0.6505088210105896,0,LOW_RISK,0.0,
BioSpread,AD634,0.646513044834137,review,0,0.4938814043998718,0,MODERATE_RISK,0.0,
BioSpread,AD046,0.5087026357650757,review,0,0.5275543034076691,0,MODERATE_RISK,0.0,
BioSpread,AC127,0.6368035674095154,review,0,0.5011086761951447,0,MODERATE_RISK,0.0,
BioSpread,UNSEEN::AG697,0.1932431161403656,medium,0,0.6508320569992065,0,LOW_RISK,0.0,
BioSpread,AF792,0.5914111733436584,review,0,0.5027560293674469,0,MODERATE_RISK,0.0,
BioSpread,AG521,0.6637821197509766,review,0,0.500925600528717,0,MODERATE_RISK,0.0,
BioSpread,UNSEEN::AC291,0.1933964043855667,medium,0,0.6504622101783752,0,LOW_RISK,0.0,
BioSpread,UNSEEN::AC033,0.19340750575065613,medium,0,0.6505590677261353,0,LOW_RISK,0.0,
BioSpread,AG064,0.5970528721809387,review,0,0.5084055066108704,0,MODERATE_RISK,0.0,
BioSpread,UNSEEN::AA298,0.1934058666229248,medium,0,0.6505143642425537,0,LOW_RISK,0.0,
BioSpread,AC630,0.7437493205070496,review,0,0.5548946857452393,0,MODERATE_RISK,0.0,
BioSpread,UNSEEN::AH217,0.19349676370620728,medium,0,0.6503038108348846,0,LOW_RISK,0.0,
BioSpread,AD419,0.23447751998901367,medium,0,0.663531482219696,0,LOW_RISK,0.0,
BioSpread,UNSEEN::AB406,0.19257737696170807,medium,0,0.6520885825157166,0,LOW_RISK,0.0,
BioSpread,UNSEEN::AC389,0.1934257447719574,medium,0,0.6504359245300293,0,LOW_RISK,0.0,
BioSpread,UNSEEN::AA651,0.1934356838464737,medium,0,0.650466799736023,0,LOW_RISK,0.0,
BioSpread,AC585,0.6500537395477295,review,0,0.4975327253341675,0,MODERATE_RISK,0.0,
BioSpread,UNSEEN::AA272,0.19346937537193298,medium,0,0.6503445506095886,0,LOW_RISK,0.0,
BioSpread,UNSEEN::AD654,0.1933584362268448,medium,0,0.6505361199378967,0,LOW_RISK,0.0,
BioSpread,AB790,0.5048757791519165,review,0,0.5205315053462982,0,MODERATE_RISK,0.0,
BioSpread,UNSEEN::AF608,0.19349700212478638,medium,0,0.650303453207016,0,LOW_RISK,0.0,
BioSpread,AF513,0.59344083070755,review,0,0.5027357041835785,0,MODERATE_RISK,0.0,
BioSpread,UNSEEN::AE558,0.19346025586128235,medium,0,0.6504030525684357,0,LOW_RISK,0.0,
BioSpread,UNSEEN::AA907,0.1931275725364685,medium,0,0.6510573625564575,0,LOW_RISK,0.0,
BioSpread,UNSEEN::AA762,0.1934177279472351,medium,0,0.6504736244678497,0,LOW_RISK,0.0,
BioSpread,UNSEEN::AH313,0.19342553615570068,medium,0,0.650436282157898,0,LOW_RISK,0.0,
BioSpread,AE189,0.49466508626937866,review,0,0.5456407368183136,0,LOW_RISK,0.0,
BioSpread,AC228,0.5447922945022583,review,1,0.5232439935207367,0,MODERATE_RISK,0.0,
BioSpread,AH362,0.4831429421901703,review,0,0.524294912815094,0,LOW_RISK,0.0,
BioSpread,UNSEEN::AG560,0.19349676370620728,medium,0,0.6503038108348846,0,LOW_RISK,0.0,
BioSpread,UNSEEN::AF557,0.19341208040714264,medium,0,0.6504562795162201,0,LOW_RISK,0.0,
BioSpread,UNSEEN::AA100,0.19264467060565948,medium,0,0.6520344913005829,0,LOW_RISK,0.0,
BioSpread,UNSEEN::AE170,0.1934960037469864,medium,0,0.6503049731254578,0,LOW_RISK,0.0,
BioSpread,UNSEEN::AE529,0.19348041713237762,medium,0,0.650330662727356,0,LOW_RISK,0.0,
BioSpread,UNSEEN::AF693,0.19342227280139923,medium,0,0.6504867970943451,0,LOW_RISK,0.0,
BioSpread,AF844,0.6122006773948669,review,0,0.5152778625488281,0,MODERATE_RISK,0.0,
BioSpread,UNSEEN::AG145,0.19349676370620728,medium,0,0.6503038108348846,0,LOW_RISK,0.0,
BioSpread,UNSEEN::AC136,0.1933465451002121,medium,0,0.6506757140159607,0,LOW_RISK,0.0,
BioSpread,AB682,0.7467560768127441,review,0,0.5566201210021973,0,MODERATE_RISK,0.0,
BioSpread,AE754,0.6004546880722046,review,0,0.5152677297592163,0,MODERATE_RISK,0.0,
BioSpread,UNSEEN::AF652,0.19406086206436157,medium,0,0.649409681558609,0,LOW_RISK,0.0,
BioSpread,UNSEEN::AH208,0.19341208040714264,medium,0,0.6504562795162201,0,LOW_RISK,0.0,
BioSpread,UNSEEN::AC178,0.19349676370620728,medium,0,0.6503038108348846,0,LOW_RISK,0.0,
BioSpread,UNSEEN::AD275,0.19348320364952087,medium,0,0.6503239870071411,0,LOW_RISK,0.0,
BioSpread,AG433,0.7512658834457397,review,0,0.5576799809932709,0,MODERATE_RISK,0.0,
BioSpread,UNSEEN::AF407,0.19348344206809998,medium,0,0.6503235995769501,0,LOW_RISK,0.0,
BioSpread,AF823,0.6639752984046936,review,0,0.5009518563747406,0,MODERATE_RISK,0.0,
BioSpread,UNSEEN::AC706,0.19328634440898895,medium,0,0.6507395803928375,0,LOW_RISK,0.0,
BioSpread,UNSEEN::AF436,0.19351470470428467,medium,0,0.6502519845962524,0,LOW_RISK,0.0,
BioSpread,AG520,0.7387575507164001,review,0,0.5566902458667755,0,MODERATE_RISK,0.0,
BioSpread,UNSEEN::AG255,0.19349397718906403,medium,0,0.6503104865550995,0,LOW_RISK,0.0,
BioSpread,AG892,0.5927127599716187,review,0,0.5028115808963776,0,MODERATE_RISK,0.0,
BioSpread,UNSEEN::AB515,0.19342604279518127,medium,0,0.6504355072975159,0,LOW_RISK,0.0,
BioSpread,AF515,0.7486580610275269,review,0,0.5504535734653473,0,MODERATE_RISK,0.0,
BioSpread,UNSEEN::AF849,0.1934126317501068,medium,0,0.6504554450511932,0,LOW_RISK,0.0,
BioSpread,UNSEEN::AE961,0.1935541033744812,medium,0,0.6501926779747009,0,LOW_RISK,0.0,
BioSpread,UNSEEN::AD371,0.19341208040714264,medium,0,0.6504562795162201,0,LOW_RISK,0.0,
BioSpread,AD309,0.7446852922439575,review,0,0.5487627387046814,0,MODERATE_RISK,0.0,
BioSpread,AD618,0.633069634437561,review,0,0.4968189001083374,0,MODERATE_RISK,0.0,
BioSpread,UNSEEN::AE014,0.19348695874214172,medium,0,0.6502954661846161,0,LOW_RISK,0.0,
BioSpread,AA449,0.7472487092018127,review,1,0.5497189164161682,0,MODERATE_RISK,0.0,
BioSpread,AE055,0.6579186916351318,review,0,0.5050879418849945,0,MODERATE_RISK,0.0,
BioSpread,UNSEEN::AD269,0.1934252679347992,medium,0,0.6504366397857666,0,LOW_RISK,0.0,
BioSpread,UNSEEN::AB315,0.1934257447719574,medium,0,0.6504359245300293,0,LOW_RISK,0.0,
BioSpread,UNSEEN::AC631,0.19342221319675446,medium,0,0.6504437923431396,0,LOW_RISK,0.0,
BioSpread,UNSEEN::AF371,0.19339895248413086,medium,0,0.650475800037384,0,LOW_RISK,0.0,
BioSpread,AG628,0.4162079989910126,review,0,0.5652413666248322,0,LOW_RISK,0.0,
BioSpread,UNSEEN::AB295,0.19348721206188202,medium,0,0.650295078754425,0,LOW_RISK,0.0,
BioSpread,AE447,0.682804524898529,review,0,0.5086568593978882,0,MODERATE_RISK,0.0,
BioSpread,UNSEEN::AF999,0.19348180294036865,medium,0,0.6503272950649261,0,LOW_RISK,0.0,
BioSpread,UNSEEN::AE518,0.1932883858680725,medium,0,0.6508118808269501,0,LOW_RISK,0.0,
BioSpread,AE720,0.6471438407897949,review,0,0.49388206005096436,0,MODERATE_RISK,0.0,
BioSpread,UNSEEN::AD862,0.19331738352775574,medium,0,0.6507391929626465,0,LOW_RISK,0.0,
BioSpread,UNSEEN::AC772,0.1971971094608307,medium,0,0.6551000475883484,0,LOW_RISK,0.0,
BioSpread,UNSEEN::AG884,0.19336526095867157,medium,0,0.6505991220474243,0,LOW_RISK,0.0,
BioSpread,UNSEEN::AH160,0.1933857947587967,medium,0,0.6504953801631927,0,LOW_RISK,0.0,
BioSpread,AA662,0.7067133188247681,review,0,0.525552898645401,0,MODERATE_RISK,0.0,
BioSpread,UNSEEN::AB447,0.19313016533851624,medium,0,0.6510768532752991,0,LOW_RISK,0.0,
BioSpread,UNSEEN::AG512,0.19349651038646698,medium,0,0.6503041982650757,0,LOW_RISK,0.0,
BioSpread,UNSEEN::AD617,0.19355511665344238,medium,0,0.6501911878585815,0,LOW_RISK,0.0,
BioSpread,UNSEEN::AG867,0.1934962421655655,medium,0,0.6503045856952667,0,LOW_RISK,0.0,
BioSpread,AE738,0.46307918429374695,review,0,0.5274329781532288,0,LOW_RISK,0.0,
BioSpread,AC406,0.7227509021759033,review,0,0.5230289697647095,0,MODERATE_RISK,0.0,
BioSpread,UNSEEN::AF589,0.19349651038646698,medium,0,0.6503041982650757,0,LOW_RISK,0.0,
BioSpread,AG309,0.5318758487701416,review,0,0.5115543305873871,0,MODERATE_RISK,0.0,
BioSpread,AA237,0.6942148804664612,review,1,0.5105558335781097,0,MODERATE_RISK,0.0,
BioSpread,UNSEEN::AG225,0.1933852732181549,medium,0,0.6504961550235748,0,LOW_RISK,0.0,
BioSpread,AD324,0.22344844043254852,medium,0,0.6539585292339325,0,LOW_RISK,0.0,
BioSpread,UNSEEN::AC024,0.1927831918001175,medium,0,0.6516569554805756,0,LOW_RISK,0.0,
BioSpread,AF279,0.4582793414592743,review,0,0.5555881559848785,0,LOW_RISK,0.0,
BioSpread,UNSEEN::AG133,0.19336247444152832,medium,0,0.6505069434642792,0,LOW_RISK,0.0,
BioSpread,UNSEEN::AH303,0.1934962421655655,medium,0,0.6503045856952667,0,LOW_RISK,0.0,
BioSpread,UNSEEN::AG291,0.1934703290462494,medium,0,0.6503432989120483,0,LOW_RISK,0.0,
BioSpread,UNSEEN::AD902,0.1935548633337021,medium,0,0.6501915454864502,0,LOW_RISK,0.0,
BioSpread,UNSEEN::AG699,0.1934962421655655,medium,0,0.6503045856952667,0,LOW_RISK,0.0,
BioSpread,UNSEEN::AH361,0.19349676370620728,medium,0,0.6503038108348846,0,LOW_RISK,0.0,
BioSpread,UNSEEN::AH441,0.1935548633337021,medium,0,0.6501915454864502,0,LOW_RISK,0.0,
BioSpread,AF204,0.733785092830658,review,0,0.540099561214447,0,MODERATE_RISK,0.0,
BioSpread,UNSEEN::AD173,0.19328181445598602,medium,0,0.6508209407329559,0,LOW_RISK,0.0,
BioSpread,UNSEEN::AG119,0.1934024840593338,medium,0,0.650447428226471,0,LOW_RISK,0.0,
BioSpread,UNSEEN::AD693,0.19406086206436157,medium,0,0.649409681558609,0,LOW_RISK,0.0,
BioSpread,AE974,0.725134015083313,review,1,0.5267456769943237,0,MODERATE_RISK,0.0,
BioSpread,UNSEEN::AC981,0.1935545951128006,medium,0,0.6501919627189636,0,LOW_RISK,0.0,
BioSpread,AD492,0.6557632684707642,review,0,0.5042478144168854,0,MODERATE_RISK,0.0,
BioSpread,UNSEEN::AH293,0.19349651038646698,medium,0,0.6503041982650757,0,LOW_RISK,0.0,
BioSpread,UNSEEN::AD876,0.19348695874214172,medium,0,0.6502954661846161,0,LOW_RISK,0.0,
BioSpread,AA571,0.4690282940864563,review,0,0.532707691192627,0,LOW_RISK,0.0,
BioSpread,AF335,0.6925567984580994,review,0,0.5134301781654358,0,MODERATE_RISK,0.0,
BioSpread,AG722,0.6492817997932434,review,0,0.5022080838680267,0,MODERATE_RISK,0.0,
BioSpread,UNSEEN::AH421,0.19346937537193298,medium,0,0.6503445506095886,0,LOW_RISK,0.0,
BioSpread,UNSEEN::AC584,0.1934252679347992,medium,0,0.6504366397857666,0,LOW_RISK,0.0,
BioSpread,UNSEEN::AE829,0.1935548633337021,medium,0,0.6501915454864502,0,LOW_RISK,0.0,
BioSpread,UNSEEN::AF581,0.19348669052124023,medium,0,0.6503635346889496,0,LOW_RISK,0.0,
BioSpread,AA250,0.5030539631843567,review,0,0.5320011377334595,0,MODERATE_RISK,0.0,
BioSpread,UNSEEN::AD901,0.19349676370620728,medium,0,0.6503038108348846,0,LOW_RISK,0.0,
BioSpread,UNSEEN::AB367,0.19355399906635284,medium,0,0.6501932144165039,0,LOW_RISK,0.0,
BioSpread,UNSEEN::AC884,0.19342295825481415,medium,0,0.6504426300525665,0,LOW_RISK,0.0,
BioSpread,AC635,0.7455759644508362,review,0,0.5493363440036774,0,MODERATE_RISK,0.0,
BioSpread,AC167,0.7155098915100098,review,0,0.5141612887382507,0,MODERATE_RISK,0.0,
BioSpread,UNSEEN::AE955,0.19346937537193298,medium,0,0.6503445506095886,0,LOW_RISK,0.0,
BioSpread,UNSEEN::AC763,0.19355511665344238,medium,0,0.6501911878585815,0,LOW_RISK,0.0,
BioSpread,AF511,0.22331653535366058,medium,0,0.6540662050247192,0,LOW_RISK,0.0,
BioSpread,AG680,0.4979018270969391,review,0,0.5309061706066132,0,LOW_RISK,0.0,
BioSpread,UNSEEN::AE511,0.19349540770053864,medium,0,0.6503694653511047,0,LOW_RISK,0.0,
BioSpread,AD382,0.6816654205322266,review,0,0.5061465799808502,0,MODERATE_RISK,0.0,
BioSpread,UNSEEN::AH399,0.1935545951128006,medium,0,0.6501919627189636,0,LOW_RISK,0.0,
BioSpread,UNSEEN::AD290,0.19329634308815002,medium,0,0.6506790816783905,0,LOW_RISK,0.0,
BioSpread,AD294,0.6954197883605957,review,0,0.5153864026069641,0,MODERATE_RISK,0.0,
BioSpread,UNSEEN::AB731,0.19322876632213593,medium,0,0.650836318731308,0,LOW_RISK,0.0,
BioSpread,AE614,0.17387449741363525,medium,0,0.6840899288654327,0,LOW_RISK,0.0,
BioSpread,UNSEEN::AH400,0.1935543566942215,medium,0,0.6501923203468323,0,LOW_RISK,0.0,
BioSpread,AE126,0.5537794232368469,review,0,0.510014533996582,0,MODERATE_RISK,0.0,
BioSpread,AA849,0.745021402835846,review,0,0.5491153597831726,0,MODERATE_RISK,0.0,
BioSpread,AE926,0.6012687087059021,review,0,0.5019614994525909,0,MODERATE_RISK,0.0,
BioSpread,UNSEEN::AG514,0.1933826506137848,medium,0,0.6506381928920746,0,LOW_RISK,0.0,
BioSpread,AB681,0.7452253103256226,review,0,0.5459754765033722,0,MODERATE_RISK,0.0,
BioSpread,UNSEEN::AF576,0.1971960812807083,medium,0,0.6460014283657074,0,LOW_RISK,0.0,
BioSpread,AF224,0.49167072772979736,review,1,0.53531813621521,0,LOW_RISK,0.0,
BioSpread,AC540,0.7442281246185303,review,1,0.549994945526123,0,MODERATE_RISK,0.0,
BioSpread,AD931,0.7509244680404663,review,1,0.572345644235611,0,MODERATE_RISK,0.0,
BioSpread,UNSEEN::AG828,0.19335488975048065,medium,0,0.6505684852600098,0,LOW_RISK,0.0,
BioSpread,UNSEEN::AA233,0.19342416524887085,medium,0,0.6505070626735687,0,LOW_RISK,0.0,
BioSpread,UNSEEN::AE241,0.19333215057849884,medium,0,0.6505752503871918,0,LOW_RISK,0.0,
BioSpread,AH310,0.5243323445320129,review,0,0.5150583982467651,0,MODERATE_RISK,0.0,
BioSpread,AA353,0.7456560730934143,review,0,0.5442567467689514,0,MODERATE_RISK,0.0,
BioSpread,UNSEEN::AA110,0.19216278195381165,medium,0,0.6526917815208435,0,LOW_RISK,0.0,
BioSpread,AD066,0.22347486019134521,medium,0,0.6539369523525238,0,LOW_RISK,0.0,
BioSpread,UNSEEN::AG927,0.19349700212478638,medium,0,0.650303453207016,0,LOW_RISK,0.0,
BioSpread,UNSEEN::AF703,0.19343778491020203,medium,0,0.650486171245575,0,LOW_RISK,0.0,
BioSpread,UNSEEN::AD399,0.19319850206375122,medium,0,0.6509046256542206,0,LOW_RISK,0.0,
BioSpread,UNSEEN::AD567,0.19342966377735138,medium,0,0.6504035890102386,0,LOW_RISK,0.0,
BioSpread,UNSEEN::AA264,0.19337373971939087,medium,0,0.6505361795425415,0,LOW_RISK,0.0,
BioSpread,AF607,0.6796092987060547,review,1,0.5063720941543579,0,MODERATE_RISK,0.0,
BioSpread,UNSEEN::AD073,0.19339847564697266,medium,0,0.6504765450954437,0,LOW_RISK,0.0,
BioSpread,UNSEEN::AE857,0.19343329966068268,medium,0,0.6505405604839325,0,LOW_RISK,0.0,
BioSpread,UNSEEN::AG143,0.19341160356998444,medium,0,0.6504570245742798,0,LOW_RISK,0.0,
BioSpread,UNSEEN::AB546,0.1933409422636032,medium,0,0.6505899131298065,0,LOW_RISK,0.0,
BioSpread,AD838,0.7134979963302612,review,0,0.5116491317749023,0,MODERATE_RISK,0.0,
BioSpread,AD242,0.4754633605480194,review,0,0.5389142334461212,0,LOW_RISK,0.0,
BioSpread,UNSEEN::AE655,0.19349676370620728,medium,0,0.6503038108348846,0,LOW_RISK,0.0,
BioSpread,UNSEEN::AA412,0.19349651038646698,medium,0,0.6503041982650757,0,LOW_RISK,0.0,
BioSpread,AE059,0.6740731596946716,review,0,0.5071993768215179,0,MODERATE_RISK,0.0,
BioSpread,AA694,0.6909704208374023,review,1,0.5133410692214966,0,MODERATE_RISK,0.0,
BioSpread,AD198,0.68144690990448,review,0,0.5054742991924286,0,MODERATE_RISK,0.0,
BioSpread,UNSEEN::AD246,0.19342553615570068,medium,0,0.650436282157898,0,LOW_RISK,0.0,
BioSpread,UNSEEN::AA477,0.19349700212478638,medium,0,0.650303453207016,0,LOW_RISK,0.0,
BioSpread,UNSEEN::AD361,0.1934230625629425,medium,0,0.6504855751991272,0,LOW_RISK,0.0,
BioSpread,UNSEEN::AH274,0.19349676370620728,medium,0,0.6503038108348846,0,LOW_RISK,0.0,
BioSpread,UNSEEN::AB013,0.19349515438079834,medium,0,0.650373786687851,0,LOW_RISK,0.0,
BioSpread,UNSEEN::AG112,0.19349700212478638,medium,0,0.650303453207016,0,LOW_RISK,0.0,
BioSpread,AG379,0.7437751889228821,review,0,0.5555420815944672,0,MODERATE_RISK,0.0,
BioSpread,AB445,0.7297121286392212,review,0,0.5285269916057587,0,MODERATE_RISK,0.0,
BioSpread,UNSEEN::AC709,0.19338272511959076,medium,0,0.6505694389343262,0,LOW_RISK,0.0,
BioSpread,UNSEEN::AF957,0.19337162375450134,medium,0,0.6505164504051208,0,LOW_RISK,0.0,
BioSpread,AF150,0.6094947457313538,review,0,0.501844733953476,0,MODERATE_RISK,0.0,
BioSpread,UNSEEN::AC829,0.19348344206809998,medium,0,0.6503235995769501,0,LOW_RISK,0.0,
BioSpread,AF330,0.5668577551841736,review,0,0.49899202585220337,0,MODERATE_RISK,0.0,
BioSpread,UNSEEN::AE450,0.1926848292350769,medium,0,0.6520977318286896,0,LOW_RISK,0.0,
BioSpread,UNSEEN::AA746,0.19292452931404114,medium,0,0.6514595448970795,0,LOW_RISK,0.0,
BioSpread,AD256,0.18497906625270844,medium,0,0.6827533841133118,0,LOW_RISK,0.0,
BioSpread,AD401,0.6329724788665771,review,0,0.49264973402023315,0,MODERATE_RISK,0.0,
BioSpread,AG964,0.6365660429000854,review,0,0.510503739118576,0,MODERATE_RISK,0.0,
BioSpread,AA564,0.25607210397720337,medium,0,0.6350237727165222,0,LOW_RISK,0.0,
BioSpread,AC517,0.6546056866645813,review,1,0.5006000399589539,0,MODERATE_RISK,0.0,
BioSpread,AD027,0.7220484018325806,review,0,0.5219555795192719,0,MODERATE_RISK,0.0,
BioSpread,UNSEEN::AC219,0.1934960037469864,medium,0,0.6503049731254578,0,LOW_RISK,0.0,
BioSpread,AF087,0.22348369657993317,medium,0,0.653929740190506,0,LOW_RISK,0.0,
BioSpread,UNSEEN::AC089,0.1934962421655655,medium,0,0.6503045856952667,0,LOW_RISK,0.0,
BioSpread,AC116,0.5792254209518433,review,0,0.49831318855285645,0,MODERATE_RISK,0.0,
BioSpread,AC294,0.7453737258911133,review,0,0.5532820224761963,0,MODERATE_RISK,0.0,
BioSpread,AD849,0.24750980734825134,medium,0,0.6468123495578766,0,LOW_RISK,0.0,
BioSpread,UNSEEN::AF951,0.1934904009103775,medium,0,0.6503611207008362,0,LOW_RISK,0.0,
BioSpread,AF578,0.7458746433258057,review,0,0.5518360137939453,0,MODERATE_RISK,0.0,
BioSpread,AA050,0.7308623194694519,review,1,0.5332334935665131,0,MODERATE_RISK,0.0,
BioSpread,UNSEEN::AF300,0.1934252679347992,medium,0,0.6504366397857666,0,LOW_RISK,0.0,
BioSpread,AB884,0.4979018270969391,review,0,0.5309061706066132,0,LOW_RISK,0.0,
BioSpread,AB897,0.7102974057197571,review,0,0.5219507813453674,0,MODERATE_RISK,0.0,
BioSpread,UNSEEN::AB475,0.19341184198856354,medium,0,0.6504566669464111,0,LOW_RISK,0.0,
BioSpread,UNSEEN::AH030,0.1934962421655655,medium,0,0.6503045856952667,0,LOW_RISK,0.0,
BioSpread,UNSEEN::AE423,0.19348205626010895,medium,0,0.6503269374370575,0,LOW_RISK,0.0,
BioSpread,AH145,0.4831719398498535,review,0,0.5242840349674225,0,LOW_RISK,0.0,
BioSpread,UNSEEN::AG610,0.19349676370620728,medium,0,0.6503038108348846,0,LOW_RISK,0.0,
BioSpread,AC411,0.7476347088813782,review,0,0.5519666075706482,0,MODERATE_RISK,0.0,
BioSpread,AA776,0.22351013123989105,medium,0,0.6539081335067749,0,LOW_RISK,0.0,
BioSpread,UNSEEN::AC186,0.19349700212478638,medium,0,0.650303453207016,0,LOW_RISK,0.0,
BioSpread,AB672,0.7472951412200928,review,1,0.5576055645942688,0,MODERATE_RISK,0.0,
BioSpread,UNSEEN::AA599,0.19291287660598755,medium,0,0.6514394879341125,0,LOW_RISK,0.0,
BioSpread,AD683,0.6100431680679321,review,0,0.5198021531105042,0,MODERATE_RISK,0.0,
BioSpread,UNSEEN::AG503,0.1934960037469864,medium,0,0.6503049731254578,0,LOW_RISK,0.0,
BioSpread,UNSEEN::AE179,0.19348271191120148,medium,0,0.6503247320652008,0,LOW_RISK,0.0,
BioSpread,UNSEEN::AH324,0.19349651038646698,medium,0,0.6503041982650757,0,LOW_RISK,0.0,
BioSpread,UNSEEN::AF302,0.1934836506843567,medium,0,0.6503234803676605,0,LOW_RISK,0.0,
BioSpread,UNSEEN::AG954,0.1934962421655655,medium,0,0.6503045856952667,0,LOW_RISK,0.0,
BioSpread,UNSEEN::AE795,0.19306886196136475,medium,0,0.6511881649494171,0,LOW_RISK,0.0,
BioSpread,UNSEEN::AE315,0.19259627163410187,medium,0,0.6518432199954987,0,LOW_RISK,0.0,
BioSpread,AF066,0.6552252769470215,review,0,0.5025108754634857,0,MODERATE_RISK,0.0,
BioSpread,AH267,0.6008148789405823,review,0,0.5006653070449829,0,MODERATE_RISK,0.0,
BioSpread,UNSEEN::AF901,0.1934838891029358,medium,0,0.650412917137146,0,LOW_RISK,0.0,
BioSpread,AH178,0.20546163618564606,medium,0,0.6740558743476868,0,LOW_RISK,0.0,
BioSpread,AF324,0.49065759778022766,review,0,0.5215164124965668,0,LOW_RISK,0.0,
BioSpread,UNSEEN::AB351,0.19349651038646698,medium,0,0.6503041982650757,0,LOW_RISK,0.0,
BioSpread,AB530,0.7482891082763672,review,0,0.5552650690078735,0,MODERATE_RISK,0.0,
BioSpread,UNSEEN::AF671,0.19321516156196594,medium,0,0.6508241295814514,0,LOW_RISK,0.0,
BioSpread,UNSEEN::AH181,0.19349651038646698,medium,0,0.6503041982650757,0,LOW_RISK,0.0,
BioSpread,AC201,0.7221211791038513,review,0,0.5271292328834534,0,MODERATE_RISK,0.0,
BioSpread,UNSEEN::AB562,0.19348320364952087,medium,0,0.6503239870071411,0,LOW_RISK,0.0,
BioSpread,UNSEEN::AD078,0.1934831440448761,medium,0,0.6503242552280426,0,LOW_RISK,0.0,
BioSpread,UNSEEN::AB003,0.19354474544525146,medium,0,0.6501844227313995,0,LOW_RISK,0.0,
BioSpread,UNSEEN::AG696,0.19339397549629211,medium,0,0.6505064070224762,0,LOW_RISK,0.0,
BioSpread,AG479,0.4830703139305115,review,0,0.5243223309516907,0,LOW_RISK,0.0,
BioSpread,AA065,0.48301225900650024,review,0,0.5243442356586456,0,LOW_RISK,0.0,
BioSpread,AF069,0.6960629224777222,review,1,0.508569061756134,0,MODERATE_RISK,0.0,
BioSpread,AC148,0.7270336151123047,review,0,0.5266008675098419,0,MODERATE_RISK,0.0,
BioSpread,UNSEEN::AF573,0.19343993067741394,medium,0,0.6505054831504822,0,LOW_RISK,0.0,
BioSpread,UNSEEN::AG377,0.19349700212478638,medium,0,0.650303453207016,0,LOW_RISK,0.0,
BioSpread,AE911,0.22425054013729095,medium,0,0.6533844172954559,0,LOW_RISK,0.0,
BioSpread,AA968,0.7233037352561951,review,0,0.5214044749736786,0,MODERATE_RISK,0.0,
BioSpread,AA920,0.7145481109619141,review,0,0.5171468257904053,0,MODERATE_RISK,0.0,
BioSpread,AF075,0.24302491545677185,medium,0,0.6499279141426086,0,LOW_RISK,0.0,
BioSpread,AC095,0.7138312458992004,review,1,0.5144327282905579,0,MODERATE_RISK,0.0,
BioSpread,UNSEEN::AG123,0.19346988201141357,medium,0,0.6503437757492065,0,LOW_RISK,0.0,
BioSpread,AD143,0.6614446043968201,review,0,0.5087601542472839,0,MODERATE_RISK,0.0,
BioSpread,AB563,0.5679741501808167,review,0,0.5004838705062866,0,MODERATE_RISK,0.0,
BioSpread,UNSEEN::AH182,0.19349676370620728,medium,0,0.6503038108348846,0,LOW_RISK,0.0,
BioSpread,AH511,0.22348369657993317,medium,0,0.653929740190506,0,LOW_RISK,0.0,
BioSpread,UNSEEN::AD006,0.1931571066379547,medium,0,0.6509664356708527,0,LOW_RISK,0.0,
BioSpread,AA435,0.7446209192276001,review,1,0.546167254447937,0,MODERATE_RISK,0.0,
BioSpread,UNSEEN::AB162,0.19349676370620728,medium,0,0.6503038108348846,0,LOW_RISK,0.0,
BioSpread,AG134,0.7440669536590576,review,0,0.5591890811920166,0,MODERATE_RISK,0.0,
BioSpread,AG524,0.7479580044746399,review,0,0.5651703774929047,0,MODERATE_RISK,0.0,
BioSpread,AB071,0.7262413501739502,review,1,0.5270867049694061,0,MODERATE_RISK,0.0,
BioSpread,AA483,0.6505357623100281,review,0,0.49881380796432495,0,MODERATE_RISK,0.0,
BioSpread,AA788,0.6507631540298462,review,0,0.5110185444355011,0,MODERATE_RISK,0.0,
BioSpread,UNSEEN::AE507,0.19326092302799225,medium,0,0.650852382183075,0,LOW_RISK,0.0,
BioSpread,AC499,0.4830557703971863,review,0,0.5243278443813324,0,LOW_RISK,0.0,
BioSpread,UNSEEN::AE463,0.19349651038646698,medium,0,0.6503041982650757,0,LOW_RISK,0.0,
BioSpread,AF740,0.299363911151886,medium,0,0.6096785664558411,0,LOW_RISK,0.0,
BioSpread,AG106,0.285093754529953,medium,0,0.6153615713119507,0,LOW_RISK,0.0,
BioSpread,UNSEEN::AG615,0.1935543566942215,medium,0,0.6501923203468323,0,LOW_RISK,0.0,
BioSpread,UNSEEN::AD900,0.19349676370620728,medium,0,0.6503038108348846,0,LOW_RISK,0.0,
BioSpread,UNSEEN::AG485,0.19331172108650208,medium,0,0.6506788432598114,0,LOW_RISK,0.0,
BioSpread,UNSEEN::AF467,0.19349700212478638,medium,0,0.650303453207016,0,LOW_RISK,0.0,
BioSpread,AC365,0.26729539036750793,medium,0,0.6290339827537537,0,LOW_RISK,0.0,
BioSpread,UNSEEN::AB819,0.19304196536540985,medium,0,0.6511465311050415,0,LOW_RISK,0.0,
BioSpread,UNSEEN::AD975,0.19342604279518127,medium,0,0.6504355072975159,0,LOW_RISK,0.0,
BioSpread,UNSEEN::AE286,0.19349651038646698,medium,0,0.6503041982650757,0,LOW_RISK,0.0,
BioSpread,UNSEEN::AD966,0.1933383345603943,medium,0,0.650663822889328,0,LOW_RISK,0.0,
BioSpread,AB653,0.6993560791015625,review,0,0.5159825086593628,0,MODERATE_RISK,0.0,
BioSpread,AA132,0.5639342665672302,review,0,0.5073752105236053,0,MODERATE_RISK,0.0,
BioSpread,UNSEEN::AG453,0.1934158205986023,medium,0,0.650497317314148,0,LOW_RISK,0.0,
BioSpread,UNSEEN::AC954,0.1934962421655655,medium,0,0.6503045856952667,0,LOW_RISK,0.0,
BioSpread,UNSEEN::AD953,0.19349651038646698,medium,0,0.6503041982650757,0,LOW_RISK,0.0,
BioSpread,UNSEEN::AF058,0.19349676370620728,medium,0,0.6503038108348846,0,LOW_RISK,0.0,
BioSpread,UNSEEN::AG417,0.19349676370620728,medium,0,0.6503038108348846,0,LOW_RISK,0.0,
BioSpread,UNSEEN::AE498,0.19346854090690613,medium,0,0.6504134237766266,0,LOW_RISK,0.0,
BioSpread,AF717,0.7311228513717651,review,0,0.5295572280883789,0,MODERATE_RISK,0.0,
BioSpread,UNSEEN::AB757,0.19347040355205536,medium,0,0.6503543853759766,0,LOW_RISK,0.0,
BioSpread,UNSEEN::AH353,0.19342851638793945,medium,0,0.6504067480564117,0,LOW_RISK,0.0,
BioSpread,AF377,0.6329637765884399,review,0,0.49265044927597046,0,MODERATE_RISK,0.0,
BioSpread,UNSEEN::AC329,0.19342532753944397,medium,0,0.6504371762275696,0,LOW_RISK,0.0,
BioSpread,UNSEEN::AC454,0.19323499500751495,medium,0,0.6508737802505493,0,LOW_RISK,0.0,
BioSpread,UNSEEN::AD733,0.19349651038646698,medium,0,0.6503041982650757,0,LOW_RISK,0.0,
BioSpread,UNSEEN::AB874,0.19339825212955475,medium,0,0.6505014300346375,0,LOW_RISK,0.0,
BioSpread,AC069,0.7216404676437378,review,0,0.5182003378868103,0,MODERATE_RISK,0.0,
BioSpread,UNSEEN::AB224,0.19314590096473694,medium,0,0.6510787010192871,0,LOW_RISK,0.0,
BioSpread,UNSEEN::AF856,0.19348344206809998,medium,0,0.6503235995769501,0,LOW_RISK,0.0,
BioSpread,UNSEEN::AA446,0.19341184198856354,medium,0,0.6504566669464111,0,LOW_RISK,0.0,
BioSpread,UNSEEN::AA732,0.19323545694351196,medium,0,0.6507655680179596,0,LOW_RISK,0.0,
BioSpread,AA474,0.7429520487785339,review,0,0.5413709282875061,0,MODERATE_RISK,0.0,
BioSpread,UNSEEN::AB167,0.19299250841140747,medium,0,0.651409924030304,0,LOW_RISK,0.0,
BioSpread,UNSEEN::AD631,0.19343018531799316,medium,0,0.6504027843475342,0,LOW_RISK,0.0,
BioSpread,AB293,0.6337210536003113,review,0,0.49684780836105347,0,MODERATE_RISK,0.0,
BioSpread,UNSEEN::AE262,0.1933855414390564,medium,0,0.6504957675933838,0,LOW_RISK,0.0,
BioSpread,AF345,0.6380372643470764,review,0,0.49722427129745483,0,MODERATE_RISK,0.0,
BioSpread,AA702,0.6481950879096985,review,0,0.4977017641067505,0,MODERATE_RISK,0.0,
BioSpread,UNSEEN::AA027,0.19566065073013306,medium,0,0.6501361727714539,0,LOW_RISK,0.0,
BioSpread,UNSEEN::AA364,0.19168519973754883,medium,0,0.653652012348175,0,LOW_RISK,0.0,
BioSpread,UNSEEN::AG736,0.19332686066627502,medium,0,0.6506794095039368,0,LOW_RISK,0.0,
BioSpread,UNSEEN::AG234,0.19348344206809998,medium,0,0.6503235995769501,0,LOW_RISK,0.0,
BioSpread,UNSEEN::AG751,0.19349700212478638,medium,0,0.650303453207016,0,LOW_RISK,0.0,
BioSpread,AA152,0.7264764308929443,review,0,0.5251812934875488,0,MODERATE_RISK,0.0,
BioSpread,AD264,0.7182815670967102,review,0,0.5282244980335236,0,MODERATE_RISK,0.0,
BioSpread,UNSEEN::AE767,0.1935541033744812,medium,0,0.6501926779747009,0,LOW_RISK,0.0,
BioSpread,AG531,0.6356973052024841,review,0,0.50404292345047,0,MODERATE_RISK,0.0,
BioSpread,AB784,0.4540424048900604,review,0,0.5352056622505188,0,LOW_RISK,0.0,
BioSpread,AE542,0.2994696795940399,medium,0,0.609612911939621,0,LOW_RISK,0.0,
BioSpread,UNSEEN::AA287,0.19328193366527557,medium,0,0.6506954431533813,0,LOW_RISK,0.0,
BioSpread,AG431,0.6511867046356201,review,0,0.5030796527862549,0,MODERATE_RISK,0.0,
BioSpread,UNSEEN::AA909,0.1934962421655655,medium,0,0.6503045856952667,0,LOW_RISK,0.0,
BioSpread,AG357,0.1950950175523758,medium,0,0.6819387078285217,0,LOW_RISK,0.0,
BioSpread,UNSEEN::AE166,0.19349604845046997,medium,0,0.6503055393695831,0,LOW_RISK,0.0,
BioSpread,UNSEEN::AH203,0.19345727562904358,medium,0,0.6503421068191528,0,LOW_RISK,0.0,
BioSpread,UNSEEN::AE810,0.1934960037469864,medium,0,0.6503049731254578,0,LOW_RISK,0.0,
BioSpread,UNSEEN::AE501,0.19349700212478638,medium,0,0.650303453207016,0,LOW_RISK,0.0,
BioSpread,AC872,0.673351526260376,review,0,0.5009444952011108,0,MODERATE_RISK,0.0,
BioSpread,AB966,0.7411670088768005,review,0,0.5548447072505951,0,MODERATE_RISK,0.0,
BioSpread,AG207,0.7459607124328613,review,0,0.5545305609703064,0,MODERATE_RISK,0.0,
BioSpread,AA337,0.7426013946533203,review,0,0.5465412735939026,0,MODERATE_RISK,0.0,
BioSpread,UNSEEN::AA125,0.19325746595859528,medium,0,0.6507413387298584,0,LOW_RISK,0.0,
BioSpread,AC483,0.5478653311729431,review,0,0.5108929872512817,0,MODERATE_RISK,0.0,
BioSpread,AC102,0.7299404740333557,review,0,0.5258533656597137,0,MODERATE_RISK,0.0,
BioSpread,AA142,0.7121931314468384,review,0,0.5215312540531158,0,MODERATE_RISK,0.0,
BioSpread,UNSEEN::AB983,0.19334088265895844,medium,0,0.6505893468856812,0,LOW_RISK,0.0,
BioSpread,UNSEEN::AG247,0.1933252513408661,medium,0,0.6506586968898773,0,LOW_RISK,0.0,
BioSpread,UNSEEN::AA024,0.19330015778541565,medium,0,0.6507764458656311,0,LOW_RISK,0.0,
BioSpread,UNSEEN::AE978,0.1934962421655655,medium,0,0.6503045856952667,0,LOW_RISK,0.0,
BioSpread,UNSEEN::AF448,0.19341208040714264,medium,0,0.6504562795162201,0,LOW_RISK,0.0,
BioSpread,UNSEEN::AE384,0.19281069934368134,medium,0,0.6517722308635712,0,LOW_RISK,0.0,
BioSpread,UNSEEN::AG715,0.19349676370620728,medium,0,0.6503038108348846,0,LOW_RISK,0.0,
BioSpread,AB127,0.7080496549606323,review,0,0.5279945135116577,0,MODERATE_RISK,0.0,
BioSpread,UNSEEN::AE774,0.19333145022392273,medium,0,0.6506748199462891,0,LOW_RISK,0.0,
BioSpread,UNSEEN::AE383,0.19320888817310333,medium,0,0.6508841514587402,0,LOW_RISK,0.0,
BioSpread,UNSEEN::AH052,0.1934155821800232,medium,0,0.6504961848258972,0,LOW_RISK,0.0,
BioSpread,AB594,0.515475332736969,review,0,0.5138896405696869,0,MODERATE_RISK,0.0,
BioSpread,AB885,0.7455009818077087,review,0,0.5541105270385742,0,MODERATE_RISK,0.0,
BioSpread,UNSEEN::AE840,0.19325314462184906,medium,0,0.650864988565445,0,LOW_RISK,0.0,
BioSpread,AD367,0.539423942565918,review,0,0.5131764709949493,0,MODERATE_RISK,0.0,
BioSpread,AF030,0.6869668960571289,review,0,0.5155133008956909,0,MODERATE_RISK,0.0,
BioSpread,AA276,0.7462934851646423,review,1,0.5469371974468231,0,MODERATE_RISK,0.0,
BioSpread,AD261,0.62519371509552,review,0,0.5004430115222931,0,MODERATE_RISK,0.0,
BioSpread,AA839,0.745047926902771,review,0,0.5501728951931,0,MODERATE_RISK,0.0,
BioSpread,AG300,0.4831574559211731,review,0,0.5242894887924194,0,LOW_RISK,0.0,
BioSpread,AB472,0.6349970698356628,review,0,0.5012190341949463,0,MODERATE_RISK,0.0,
BioSpread,UNSEEN::AB308,0.1934833824634552,medium,0,0.650323897600174,0,LOW_RISK,0.0,
BioSpread,UNSEEN::AG908,0.19355511665344238,medium,0,0.6501911878585815,0,LOW_RISK,0.0,
BioSpread,AE520,0.6073770523071289,review,0,0.5056658089160919,0,MODERATE_RISK,0.0,
BioSpread,UNSEEN::AH287,0.19329257309436798,medium,0,0.6507132649421692,0,LOW_RISK,0.0,
BioSpread,AA609,0.7505499720573425,review,1,0.5608110129833221,0,MODERATE_RISK,0.0,
BioSpread,UNSEEN::AG877,0.19349700212478638,medium,0,0.650303453207016,0,LOW_RISK,0.0,
BioSpread,AB631,0.7475988864898682,review,1,0.5536688268184662,0,MODERATE_RISK,0.0,
BioSpread,AA535,0.7079917192459106,review,0,0.5211364030838013,0,MODERATE_RISK,0.0,
BioSpread,UNSEEN::AG914,0.19349676370620728,medium,0,0.6503038108348846,0,LOW_RISK,0.0,
BioSpread,AF802,0.1712660938501358,medium,0,0.6823196113109589,0,LOW_RISK,0.0,
BioSpread,UNSEEN::AA869,0.19348271191120148,medium,0,0.6503247320652008,0,LOW_RISK,0.0,
BioSpread,UNSEEN::AF450,0.19341208040714264,medium,0,0.6504562795162201,0,LOW_RISK,0.0,
BioSpread,UNSEEN::AA688,0.19349651038646698,medium,0,0.6503041982650757,0,LOW_RISK,0.0,
BioSpread,UNSEEN::AF714,0.1934739202260971,medium,0,0.6503148674964905,0,LOW_RISK,0.0,
BioSpread,UNSEEN::AE938,0.19406086206436157,medium,0,0.649409681558609,0,LOW_RISK,0.0,
BioSpread,UNSEEN::AG601,0.19345328211784363,medium,0,0.6503710150718689,0,LOW_RISK,0.0,
BioSpread,AC641,0.21968182921409607,medium,0,0.6655001044273376,0,LOW_RISK,0.0,
BioSpread,UNSEEN::AG635,0.19349651038646698,medium,0,0.6503041982650757,0,LOW_RISK,0.0,
BioSpread,UNSEEN::AG885,0.19348371028900146,medium,0,0.6503232419490814,0,LOW_RISK,0.0,
BioSpread,UNSEEN::AG943,0.19349651038646698,medium,0,0.6503041982650757,0,LOW_RISK,0.0,
BioSpread,UNSEEN::AH277,0.19349651038646698,medium,0,0.6503041982650757,0,LOW_RISK,0.0,
BioSpread,UNSEEN::AG330,0.1934962421655655,medium,0,0.6503045856952667,0,LOW_RISK,0.0,
BioSpread,UNSEEN::AH006,0.19306422770023346,medium,0,0.6512596011161804,0,LOW_RISK,0.0,
BioSpread,UNSEEN::AD441,0.19340811669826508,medium,0,0.6505330502986908,0,LOW_RISK,0.0,
BioSpread,UNSEEN::AB214,0.19349700212478638,medium,0,0.650303453207016,0,LOW_RISK,0.0,
BioSpread,AB886,0.6507636904716492,review,0,0.4990861415863037,0,MODERATE_RISK,0.0,
BioSpread,AF100,0.7429928183555603,review,0,0.5470855534076691,0,MODERATE_RISK,0.0,
BioSpread,UNSEEN::AC402,0.19348721206188202,medium,0,0.650295078754425,0,LOW_RISK,0.0,
BioSpread,AD985,0.20568789541721344,medium,0,0.6739004254341125,0,LOW_RISK,0.0,
BioSpread,UNSEEN::AC892,0.1933581829071045,medium,0,0.6505365073680878,0,LOW_RISK,0.0,
BioSpread,AA279,0.7455750703811646,review,1,0.5458431243896484,0,MODERATE_RISK,0.0,
BioSpread,AF108,0.6835540533065796,review,0,0.5153403282165527,0,MODERATE_RISK,0.0,
BioSpread,UNSEEN::AA107,0.19285476207733154,medium,0,0.6515288949012756,0,LOW_RISK,0.0,
BioSpread,AB982,0.674679696559906,review,0,0.5023676156997681,0,MODERATE_RISK,0.0,
BioSpread,AE251,0.5331795811653137,review,0,0.5112526714801788,0,MODERATE_RISK,0.0,
BioSpread,AB978,0.7449471354484558,review,1,0.5466707348823547,0,MODERATE_RISK,0.0,
BioSpread,AF442,0.2828340232372284,medium,0,0.6129845082759857,0,LOW_RISK,0.0,
BioSpread,UNSEEN::AD084,0.1933767944574356,medium,0,0.6505770981311798,0,LOW_RISK,0.0,
BioSpread,AA166,0.6637368202209473,review,0,0.5009230673313141,0,MODERATE_RISK,0.0,
BioSpread,UNSEEN::AC256,0.19339892268180847,medium,0,0.6504760384559631,0,LOW_RISK,0.0,
BioSpread,UNSEEN::AH132,0.19349651038646698,medium,0,0.6503041982650757,0,LOW_RISK,0.0,
BioSpread,AC177,0.49258744716644287,review,0,0.5311686396598816,0,LOW_RISK,0.0,
BioSpread,AA553,0.7460300326347351,review,1,0.5467801094055176,0,MODERATE_RISK,0.0,
BioSpread,AE717,0.7149518132209778,review,0,0.5122686922550201,0,MODERATE_RISK,0.0,
BioSpread,AC114,0.584712564945221,review,0,0.49879759550094604,0,MODERATE_RISK,0.0,
BioSpread,UNSEEN::AG248,0.1934962421655655,medium,0,0.6503045856952667,0,LOW_RISK,0.0,
BioSpread,UNSEEN::AB033,0.19334957003593445,medium,0,0.6505575180053711,0,LOW_RISK,0.0,
BioSpread,AF981,0.26270410418510437,medium,0,0.6279069185256958,0,LOW_RISK,0.0,
BioSpread,UNSEEN::AA836,0.19326862692832947,medium,0,0.6508272588253021,0,LOW_RISK,0.0,
BioSpread,AB621,0.7455580234527588,review,0,0.5486159324645996,0,MODERATE_RISK,0.0,
BioSpread,UNSEEN::AH177,0.1935545951128006,medium,0,0.6501919627189636,0,LOW_RISK,0.0,
BioSpread,UNSEEN::AD292,0.19314955174922943,medium,0,0.6509957909584045,0,LOW_RISK,0.0,
BioSpread,UNSEEN::AG302,0.19349700212478638,medium,0,0.650303453207016,0,LOW_RISK,0.0,
BioSpread,UNSEEN::AG087,0.19348381459712982,medium,0,0.6503461599349976,0,LOW_RISK,0.0,
BioSpread,AC150,0.6620988845825195,review,0,0.5005818903446198,0,MODERATE_RISK,0.0,
BioSpread,UNSEEN::AA631,0.1932450532913208,medium,0,0.6508520543575287,0,LOW_RISK,0.0,
BioSpread,AB365,0.4830412268638611,review,0,0.5243333280086517,0,LOW_RISK,0.0,
BioSpread,AG190,0.656895101070404,review,0,0.5062384903430939,0,MODERATE_RISK,0.0,
BioSpread,UNSEEN::AG474,0.19339895248413086,medium,0,0.650475800037384,0,LOW_RISK,0.0,
BioSpread,UNSEEN::AB505,0.19348204135894775,medium,0,0.6503934860229492,0,LOW_RISK,0.0,
BioSpread,AE550,0.5466909408569336,review,0,0.5333704948425293,0,MODERATE_RISK,0.0,
BioSpread,AD357,0.5627787113189697,review,0,0.5134000182151794,0,MODERATE_RISK,0.0,
BioSpread,UNSEEN::AE557,0.19316373765468597,medium,0,0.6510792672634125,0,LOW_RISK,0.0,
BioSpread,UNSEEN::AH229,0.19348271191120148,medium,0,0.6503247320652008,0,LOW_RISK,0.0,
BioSpread,UNSEEN::AB048,0.19310982525348663,medium,0,0.6510911285877228,0,LOW_RISK,0.0,
BioSpread,UNSEEN::AG058,0.19349700212478638,medium,0,0.650303453207016,0,LOW_RISK,0.0,
BioSpread,AA733,0.2757362425327301,medium,0,0.6307697296142578,0,LOW_RISK,0.0,
BioSpread,UNSEEN::AB139,0.1934962421655655,medium,0,0.6503045856952667,0,LOW_RISK,0.0,
BioSpread,AE426,0.7459319829940796,review,0,0.5560700297355652,0,MODERATE_RISK,0.0,
BioSpread,UNSEEN::AD339,0.19320885837078094,medium,0,0.6508843898773193,0,LOW_RISK,0.0,
BioSpread,UNSEEN::AA644,0.1934567242860794,medium,0,0.6503637135028839,0,LOW_RISK,0.0,
BioSpread,UNSEEN::AF346,0.19336393475532532,medium,0,0.6505783796310425,0,LOW_RISK,0.0,
BioSpread,UNSEEN::AC701,0.1934962421655655,medium,0,0.6503045856952667,0,LOW_RISK,0.0,
BioSpread,AB984,0.6596272587776184,review,0,0.49070900678634644,0,MODERATE_RISK,0.0,
BioSpread,UNSEEN::AC098,0.19337348639965057,medium,0,0.6505365371704102,0,LOW_RISK,0.0,
BioSpread,UNSEEN::AG333,0.19348670542240143,medium,0,0.6502958536148071,0,LOW_RISK,0.0,
BioSpread,AB296,0.6336044073104858,review,0,0.49684619903564453,0,MODERATE_RISK,0.0,
BioSpread,AG285,0.26250165700912476,medium,0,0.6280478239059448,0,LOW_RISK,0.0,
BioSpread,AB500,0.48496130108833313,review,0,0.5355027914047241,0,LOW_RISK,0.0,
BioSpread,AG419,0.23862822353839874,medium,0,0.6538651287555695,0,LOW_RISK,0.0,
BioSpread,UNSEEN::AE913,0.1934250295162201,medium,0,0.6504370272159576,0,LOW_RISK,0.0,
BioSpread,UNSEEN::AG855,0.19349651038646698,medium,0,0.6503041982650757,0,LOW_RISK,0.0,
BioSpread,AA740,0.46300238370895386,review,0,0.5274644494056702,0,LOW_RISK,0.0,
BioSpread,UNSEEN::AF984,0.19355511665344238,medium,0,0.6501911878585815,0,LOW_RISK,0.0,
BioSpread,AD930,0.6638689637184143,review,0,0.5123899579048157,0,MODERATE_RISK,0.0,
BioSpread,AD283,0.6369639039039612,review,0,0.5031297504901886,0,MODERATE_RISK,0.0,
BioSpread,UNSEEN::AF688,0.19344781339168549,medium,0,0.6503961980342865,0,LOW_RISK,0.0,
BioSpread,AB795,0.6616871356964111,review,0,0.5016101896762848,0,MODERATE_RISK,0.0,
BioSpread,AD885,0.6722899079322815,review,0,0.5039781033992767,0,MODERATE_RISK,0.0,
BioSpread,UNSEEN::AE820,0.19352488219738007,medium,0,0.6502388119697571,0,LOW_RISK,0.0,
BioSpread,AD398,0.671067476272583,review,0,0.4991213083267212,0,MODERATE_RISK,0.0,
BioSpread,UNSEEN::AD235,0.19349651038646698,medium,0,0.6503041982650757,0,LOW_RISK,0.0,
BioSpread,UNSEEN::AE117,0.1935543566942215,medium,0,0.6501923203468323,0,LOW_RISK,0.0,
BioSpread,UNSEEN::AF375,0.19337017834186554,medium,0,0.6505206823348999,0,LOW_RISK,0.0,
BioSpread,UNSEEN::AB548,0.1934356838464737,medium,0,0.650466799736023,0,LOW_RISK,0.0,
BioSpread,UNSEEN::AB866,0.19349676370620728,medium,0,0.6503038108348846,0,LOW_RISK,0.0,
BioSpread,UNSEEN::AF878,0.19348320364952087,medium,0,0.6503239870071411,0,LOW_RISK,0.0,
BioSpread,UNSEEN::AC538,0.1935541033744812,medium,0,0.6501926779747009,0,LOW_RISK,0.0,
BioSpread,AA409,0.7462751865386963,review,1,0.5510197877883911,0,MODERATE_RISK,0.0,
BioSpread,UNSEEN::AB762,0.1934250295162201,medium,0,0.6504370272159576,0,LOW_RISK,0.0,
BioSpread,AB894,0.6010190844535828,review,0,0.500642716884613,0,MODERATE_RISK,0.0,
BioSpread,UNSEEN::AC465,0.1934356838464737,medium,0,0.650466799736023,0,LOW_RISK,0.0,
BioSpread,UNSEEN::AA961,0.19272330403327942,medium,0,0.6515589654445648,0,LOW_RISK,0.0,
BioSpread,UNSEEN::AD923,0.19406086206436157,medium,0,0.649409681558609,0,LOW_RISK,0.0,
BioSpread,AA016,0.6829133033752441,review,0,0.49371159076690674,0,MODERATE_RISK,0.0,
BioSpread,AF587,0.6047537922859192,review,0,0.5076042413711548,0,MODERATE_RISK,0.0,
BioSpread,AD740,0.4830848276615143,review,0,0.5243168771266937,0,LOW_RISK,0.0,
BioSpread,AC325,0.22348369657993317,medium,0,0.653929740190506,0,LOW_RISK,0.0,
BioSpread,UNSEEN::AC307,0.1933741420507431,medium,0,0.6505418419837952,0,LOW_RISK,0.0,
BioSpread,UNSEEN::AC936,0.19355255365371704,medium,0,0.6501968502998352,0,LOW_RISK,0.0,
BioSpread,AC352,0.6578526496887207,review,1,0.5062395334243774,0,MODERATE_RISK,0.0,
BioSpread,UNSEEN::AH043,0.19349700212478638,medium,0,0.650303453207016,0,LOW_RISK,0.0,
BioSpread,UNSEEN::AF646,0.19342604279518127,medium,0,0.6504355072975159,0,LOW_RISK,0.0,
BioSpread,UNSEEN::AA307,0.19327478110790253,medium,0,0.6508323848247528,0,LOW_RISK,0.0,
BioSpread,UNSEEN::AB852,0.19329342246055603,medium,0,0.650730550289154,0,LOW_RISK,0.0,
BioSpread,AE854,0.6669042706489563,review,0,0.5061249434947968,0,MODERATE_RISK,0.0,
BioSpread,UNSEEN::AC547,0.1931212693452835,medium,0,0.6509444713592529,0,LOW_RISK,0.0,
BioSpread,UNSEEN::AD886,0.1934058964252472,medium,0,0.6504171788692474,0,LOW_RISK,0.0,
BioSpread,UNSEEN::AD538,0.1933281123638153,medium,0,0.6506083309650421,0,LOW_RISK,0.0,
BioSpread,AD687,0.6537076234817505,review,0,0.4997783303260803,0,MODERATE_RISK,0.0,
BioSpread,AA339,0.611488938331604,review,0,0.5006216764450073,0,MODERATE_RISK,0.0,
BioSpread,AE917,0.6792982220649719,review,0,0.5037928521633148,0,MODERATE_RISK,0.0,
BioSpread,UNSEEN::AA834,0.19346459209918976,medium,0,0.6503680944442749,0,LOW_RISK,0.0,
BioSpread,UNSEEN::AE472,0.1934344470500946,medium,0,0.6504461467266083,0,LOW_RISK,0.0,
BioSpread,AF713,0.6011325716972351,review,0,0.5024740397930145,0,MODERATE_RISK,0.0,
BioSpread,UNSEEN::AD410,0.19346986711025238,medium,0,0.6504346430301666,0,LOW_RISK,0.0,
BioSpread,AE021,0.17755696177482605,medium,0,0.6888533234596252,0,LOW_RISK,0.0,
BioSpread,UNSEEN::AB995,0.1935545951128006,medium,0,0.6501919627189636,0,LOW_RISK,0.0,
BioSpread,UNSEEN::AF260,0.1935545951128006,medium,0,0.6501919627189636,0,LOW_RISK,0.0,
BioSpread,AA456,0.7192493081092834,review,0,0.5245254635810852,0,MODERATE_RISK,0.0,
BioSpread,UNSEEN::AC819,0.19348371028900146,medium,0,0.6503232419490814,0,LOW_RISK,0.0,
BioSpread,AH122,0.5816687345504761,review,0,0.505729079246521,0,MODERATE_RISK,0.0,
BioSpread,UNSEEN::AF165,0.1934276670217514,medium,0,0.6504684686660767,0,LOW_RISK,0.0,
BioSpread,UNSEEN::AA575,0.1927235871553421,medium,0,0.6518448889255524,0,LOW_RISK,0.0,
BioSpread,UNSEEN::AC241,0.19340157508850098,medium,0,0.6504814624786377,0,LOW_RISK,0.0,
BioSpread,AB159,0.7461249232292175,review,1,0.5471156537532806,0,MODERATE_RISK,0.0,
BioSpread,AC153,0.6230564117431641,review,0,0.512984573841095,0,MODERATE_RISK,0.0,
BioSpread,UNSEEN::AF287,0.19337134063243866,medium,0,0.6505168974399567,0,LOW_RISK,0.0,
BioSpread,AE896,0.5318940281867981,review,0,0.5115501880645752,0,MODERATE_RISK,0.0,
BioSpread,AD137,0.5515881776809692,review,0,0.5112896263599396,0,MODERATE_RISK,0.0,
BioSpread,AC036,0.6199592351913452,review,0,0.496151864528656,0,MODERATE_RISK,0.0,
BioSpread,UNSEEN::AF241,0.19349651038646698,medium,0,0.6503041982650757,0,LOW_RISK,0.0,
BioSpread,UNSEEN::AA500,0.19349700212478638,medium,0,0.650303453207016,0,LOW_RISK,0.0,
BioSpread,AG671,0.4831283986568451,review,0,0.5243004262447357,0,LOW_RISK,0.0,
BioSpread,AE630,0.4631558954715729,review,0,0.5274016261100769,0,LOW_RISK,0.0,
BioSpread,UNSEEN::AB314,0.19349651038646698,medium,0,0.6503041982650757,0,LOW_RISK,0.0,
BioSpread,UNSEEN::AB457,0.19341658055782318,medium,0,0.6504230499267578,0,LOW_RISK,0.0,
BioSpread,AF350,0.2796366810798645,medium,0,0.6099723875522614,0,LOW_RISK,0.0,
BioSpread,AB468,0.6971129179000854,review,1,0.5152276754379272,0,MODERATE_RISK,0.0,
BioSpread,UNSEEN::AG505,0.19349700212478638,medium,0,0.650303453207016,0,LOW_RISK,0.0,
BioSpread,UNSEEN::AE786,0.19349651038646698,medium,0,0.6503041982650757,0,LOW_RISK,0.0,
BioSpread,UNSEEN::AD754,0.19349651038646698,medium,0,0.6503041982650757,0,LOW_RISK,0.0,
BioSpread,UNSEEN::AG896,0.1935541033744812,medium,0,0.6501926779747009,0,LOW_RISK,0.0,
BioSpread,UNSEEN::AF239,0.19339747726917267,medium,0,0.6505466103553772,0,LOW_RISK,0.0,
BioSpread,AC886,0.5873665809631348,review,0,0.5065120756626129,0,MODERATE_RISK,0.0,
BioSpread,AC501,0.5398048758506775,review,0,0.5126230120658875,0,MODERATE_RISK,0.0,
BioSpread,UNSEEN::AF758,0.1935541033744812,medium,0,0.6501926779747009,0,LOW_RISK,0.0,
BioSpread,UNSEEN::AA617,0.19294467568397522,medium,0,0.651473194360733,0,LOW_RISK,0.0,
BioSpread,UNSEEN::AA187,0.19347289204597473,medium,0,0.6503909230232239,0,LOW_RISK,0.0,
BioSpread,AG224,0.6831445097923279,review,0,0.5095308423042297,0,MODERATE_RISK,0.0,
BioSpread,AH053,0.5250141024589539,review,0,0.5129030644893646,0,MODERATE_RISK,0.0,
BioSpread,AB600,0.7455760836601257,review,0,0.5468398034572601,0,MODERATE_RISK,0.0,
BioSpread,AD795,0.2796495854854584,medium,0,0.609963446855545,0,LOW_RISK,0.0,
BioSpread,UNSEEN::AG802,0.1934960037469864,medium,0,0.6503049731254578,0,LOW_RISK,0.0,
BioSpread,UNSEEN::AH422,0.1934252679347992,medium,0,0.6504366397857666,0,LOW_RISK,0.0,
BioSpread,UNSEEN::AD270,0.19334612786769867,medium,0,0.6506452560424805,0,LOW_RISK,0.0,
BioSpread,AD296,0.6628873348236084,review,0,0.5013851821422577,0,MODERATE_RISK,0.0,
BioSpread,AD493,0.6558974385261536,review,0,0.5041395425796509,0,MODERATE_RISK,0.0,
BioSpread,AA576,0.7451317310333252,review,0,0.5467605590820312,0,MODERATE_RISK,0.0,
BioSpread,UNSEEN::AH431,0.1934252679347992,medium,0,0.6504366397857666,0,LOW_RISK,0.0,
BioSpread,AG673,0.4831429421901703,review,0,0.524294912815094,0,LOW_RISK,0.0,
BioSpread,UNSEEN::AG519,0.1935545951128006,medium,0,0.6501919627189636,0,LOW_RISK,0.0,
BioSpread,UNSEEN::AE425,0.19326308369636536,medium,0,0.6508080065250397,0,LOW_RISK,0.0,
BioSpread,UNSEEN::AG526,0.1933259516954422,medium,0,0.6506129205226898,0,LOW_RISK,0.0,
BioSpread,UNSEEN::AB124,0.19349651038646698,medium,0,0.6503041982650757,0,LOW_RISK,0.0,
BioSpread,UNSEEN::AB975,0.19333161413669586,medium,0,0.6507173180580139,0,LOW_RISK,0.0,
BioSpread,AB815,0.7354101538658142,review,0,0.5575917959213257,0,MODERATE_RISK,0.0,
BioSpread,AB671,0.6467211842536926,review,0,0.503689169883728,0,MODERATE_RISK,0.0,
BioSpread,UNSEEN::AA523,0.19223210215568542,medium,0,0.6528047621250153,0,LOW_RISK,0.0,
BioSpread,AC231,0.5327833890914917,review,0,0.5120568573474884,0,MODERATE_RISK,0.0,
BioSpread,UNSEEN::AF969,0.19355511665344238,medium,0,0.6501911878585815,0,LOW_RISK,0.0,
BioSpread,UNSEEN::AF640,0.19349651038646698,medium,0,0.6503041982650757,0,LOW_RISK,0.0,
BioSpread,AD535,0.686598002910614,review,0,0.5172349214553833,0,MODERATE_RISK,0.0,
BioSpread,UNSEEN::AH450,0.1934373378753662,medium,0,0.6504874527454376,0,LOW_RISK,0.0,
BioSpread,UNSEEN::AE815,0.19349561631679535,medium,0,0.6503067910671234,0,LOW_RISK,0.0,
BioSpread,AG383,0.48301225900650024,review,0,0.5243442356586456,0,LOW_RISK,0.0,
BioSpread,UNSEEN::AH213,0.19349651038646698,medium,0,0.6503041982650757,0,LOW_RISK,0.0,
BioSpread,AE407,0.7048854827880859,review,0,0.5232242047786713,0,MODERATE_RISK,0.0,
BioSpread,UNSEEN::AD899,0.1935548633337021,medium,0,0.6501915454864502,0,LOW_RISK,0.0,
BioSpread,UNSEEN::AD551,0.19331444799900055,medium,0,0.6506294906139374,0,LOW_RISK,0.0,
BioSpread,AA900,0.26238229870796204,medium,0,0.6299358010292053,0,LOW_RISK,0.0,
BioSpread,UNSEEN::AC927,0.1931556761264801,medium,0,0.6510204672813416,0,LOW_RISK,0.0,
BioSpread,UNSEEN::AE761,0.19311779737472534,medium,0,0.6510070860385895,0,LOW_RISK,0.0,
BioSpread,UNSEEN::AA455,0.1933852732181549,medium,0,0.6504961550235748,0,LOW_RISK,0.0,
BioSpread,AB319,0.6965718865394592,review,1,0.5180797874927521,0,MODERATE_RISK,0.0,
BioSpread,AF514,0.7408955693244934,review,0,0.553228110074997,0,MODERATE_RISK,0.0,
BioSpread,UNSEEN::AA106,0.1923385113477707,medium,0,0.6526312232017517,0,LOW_RISK,0.0,
BioSpread,AD499,0.4830848276615143,review,0,0.5243168771266937,0,LOW_RISK,0.0,
BioSpread,AC851,0.22344844043254852,medium,0,0.6539585292339325,0,LOW_RISK,0.0,
BioSpread,AF779,0.1950950175523758,medium,0,0.6819387078285217,0,LOW_RISK,0.0,
BioSpread,UNSEEN::AE653,0.19341236352920532,medium,0,0.6504558622837067,0,LOW_RISK,0.0,
BioSpread,AC689,0.7480722069740295,review,0,0.5512099862098694,0,MODERATE_RISK,0.0,
BioSpread,UNSEEN::AD107,0.1933986395597458,medium,0,0.650476485490799,0,LOW_RISK,0.0,
BioSpread,AA572,0.4831864833831787,review,0,0.5242785215377808,0,LOW_RISK,0.0,
BioSpread,UNSEEN::AC812,0.19340780377388,medium,0,0.6504862010478973,0,LOW_RISK,0.0,
BioSpread,UNSEEN::AD922,0.19349651038646698,medium,0,0.6503041982650757,0,LOW_RISK,0.0,
BioSpread,UNSEEN::AB577,0.19347339868545532,medium,0,0.6503156423568726,0,LOW_RISK,0.0,
BioSpread,UNSEEN::AC432,0.19349651038646698,medium,0,0.6503041982650757,0,LOW_RISK,0.0,
BioSpread,UNSEEN::AF162,0.19349651038646698,medium,0,0.6503041982650757,0,LOW_RISK,0.0,
BioSpread,AH470,0.22333410382270813,medium,0,0.6540518999099731,0,LOW_RISK,0.0,
BioSpread,UNSEEN::AA459,0.19325214624404907,medium,0,0.6508939266204834,0,LOW_RISK,0.0,
BioSpread,UNSEEN::AC832,0.19341208040714264,medium,0,0.6504562795162201,0,LOW_RISK,0.0,
BioSpread,UNSEEN::AC181,0.19309312105178833,medium,0,0.6512109041213989,0,LOW_RISK,0.0,
BioSpread,UNSEEN::AC885,0.19322973489761353,medium,0,0.6508524417877197,0,LOW_RISK,0.0,
BioSpread,AD311,0.7448347210884094,review,0,0.5495270192623138,0,MODERATE_RISK,0.0,
BioSpread,UNSEEN::AB206,0.1934828758239746,medium,0,0.6503246426582336,0,LOW_RISK,0.0,
BioSpread,AC202,0.7260289788246155,review,1,0.5295648276805878,0,MODERATE_RISK,0.0,
BioSpread,AB320,0.7144950032234192,review,0,0.5172814726829529,0,MODERATE_RISK,0.0,
BioSpread,UNSEEN::AC793,0.19406086206436157,medium,0,0.649409681558609,0,LOW_RISK,0.0,
BioSpread,UNSEEN::AB892,0.19353151321411133,medium,0,0.6502040922641754,0,LOW_RISK,0.0,
BioSpread,UNSEEN::AG569,0.19338907301425934,medium,0,0.6504673957824707,0,LOW_RISK,0.0,
BioSpread,AA928,0.6669041514396667,review,0,0.5021351873874664,0,MODERATE_RISK,0.0,
BioSpread,UNSEEN::AB830,0.19346822798252106,medium,0,0.650347501039505,0,LOW_RISK,0.0,
BioSpread,AE057,0.6636713743209839,review,0,0.5009135007858276,0,MODERATE_RISK,0.0,
BioSpread,UNSEEN::AF054,0.19349676370620728,medium,0,0.6503038108348846,0,LOW_RISK,0.0,
BioSpread,UNSEEN::AE358,0.19318725168704987,medium,0,0.6508744060993195,0,LOW_RISK,0.0,
BioSpread,AD893,0.4831574559211731,review,0,0.5242894887924194,0,LOW_RISK,0.0,
BioSpread,UNSEEN::AG658,0.19320546090602875,medium,0,0.6508532464504242,0,LOW_RISK,0.0,
BioSpread,UNSEEN::AH050,0.19309799373149872,medium,0,0.6509514153003693,0,LOW_RISK,0.0,
BioSpread,UNSEEN::AE613,0.1935541033744812,medium,0,0.6501926779747009,0,LOW_RISK,0.0,
BioSpread,AG544,0.6648987531661987,review,0,0.5050199031829834,0,MODERATE_RISK,0.0,
BioSpread,UNSEEN::AD793,0.19406086206436157,medium,0,0.649409681558609,0,LOW_RISK,0.0,
BioSpread,UNSEEN::AF223,0.1934962421655655,medium,0,0.6503045856952667,0,LOW_RISK,0.0,
BioSpread,AC338,0.6532039046287537,review,0,0.5005781650543213,0,MODERATE_RISK,0.0,
BioSpread,UNSEEN::AE248,0.19333186745643616,medium,0,0.6505756080150604,0,LOW_RISK,0.0,
BioSpread,UNSEEN::AB099,0.19348695874214172,medium,0,0.6502954661846161,0,LOW_RISK,0.0,
BioSpread,UNSEEN::AG945,0.19349651038646698,medium,0,0.6503041982650757,0,LOW_RISK,0.0,
BioSpread,UNSEEN::AF575,0.1934700906276703,medium,0,0.650343656539917,0,LOW_RISK,0.0,
BioSpread,UNSEEN::AE002,0.1933579295873642,medium,0,0.6505368649959564,0,LOW_RISK,0.0,
BioSpread,UNSEEN::AH388,0.1934962421655655,medium,0,0.6503045856952667,0,LOW_RISK,0.0,
BioSpread,UNSEEN::AG257,0.19349700212478638,medium,0,0.650303453207016,0,LOW_RISK,0.0,
BioSpread,AF864,0.4987228214740753,review,0,0.5164181590080261,0,LOW_RISK,0.0,
BioSpread,AC245,0.7450644373893738,review,0,0.5462961792945862,0,MODERATE_RISK,0.0,
BioSpread,UNSEEN::AE870,0.19339895248413086,medium,0,0.650475800037384,0,LOW_RISK,0.0,
BioSpread,UNSEEN::AD234,0.1934962421655655,medium,0,0.6503045856952667,0,LOW_RISK,0.0,
BioSpread,UNSEEN::AE238,0.19349651038646698,medium,0,0.6503041982650757,0,LOW_RISK,0.0,
BioSpread,UNSEEN::AG735,0.19349651038646698,medium,0,0.6503041982650757,0,LOW_RISK,0.0,
BioSpread,AG983,0.46317121386528015,review,0,0.5273953378200531,0,LOW_RISK,0.0,
BioSpread,UNSEEN::AG924,0.1934962421655655,medium,0,0.6503045856952667,0,LOW_RISK,0.0,
BioSpread,UNSEEN::AC813,0.19348371028900146,medium,0,0.6503232419490814,0,LOW_RISK,0.0,
BioSpread,UNSEEN::AD935,0.1935548633337021,medium,0,0.6501915454864502,0,LOW_RISK,0.0,
BioSpread,UNSEEN::AA864,0.19349700212478638,medium,0,0.650303453207016,0,LOW_RISK,0.0,
BioSpread,UNSEEN::AA109,0.19293344020843506,medium,0,0.6514411270618439,0,LOW_RISK,0.0,
BioSpread,UNSEEN::AD259,0.19348320364952087,medium,0,0.6503239870071411,0,LOW_RISK,0.0,
BioSpread,AC407,0.7100579142570496,review,0,0.5165718197822571,0,MODERATE_RISK,0.0,
BioSpread,AD623,0.22336044907569885,medium,0,0.6540303826332092,0,LOW_RISK,0.0,
BioSpread,UNSEEN::AH157,0.19404616951942444,medium,0,0.6494332551956177,0,LOW_RISK,0.0,
BioSpread,AG446,0.7534874677658081,review,1,0.5679974257946014,0,MODERATE_RISK,0.0,
BioSpread,UNSEEN::AE589,0.1934962421655655,medium,0,0.6503045856952667,0,LOW_RISK,0.0,
BioSpread,UNSEEN::AD408,0.19333824515342712,medium,0,0.6506393253803253,0,LOW_RISK,0.0,
BioSpread,UNSEEN::AB281,0.19348229467868805,medium,0,0.6503265798091888,0,LOW_RISK,0.0,
BioSpread,UNSEEN::AE077,0.19329316914081573,medium,0,0.6507812142372131,0,LOW_RISK,0.0,
BioSpread,UNSEEN::AB490,0.19349651038646698,medium,0,0.6503041982650757,0,LOW_RISK,0.0,
BioSpread,AA255,0.4368397891521454,review,0,0.5361777245998383,0,LOW_RISK,0.0,
BioSpread,UNSEEN::AE571,0.19347143173217773,medium,0,0.650363951921463,0,LOW_RISK,0.0,
BioSpread,AC157,0.5539416074752808,review,0,0.5099932551383972,0,MODERATE_RISK,0.0,
BioSpread,AE708,0.7284091114997864,review,0,0.5422243475914001,0,MODERATE_RISK,0.0,
BioSpread,UNSEEN::AE968,0.19349700212478638,medium,0,0.650303453207016,0,LOW_RISK,0.0,
BioSpread,UNSEEN::AF966,0.19340217113494873,medium,0,0.650516152381897,0,LOW_RISK,0.0,
BioSpread,UNSEEN::AC224,0.19300813972949982,medium,0,0.6511172652244568,0,LOW_RISK,0.0,
BioSpread,AB595,0.7455899715423584,review,1,0.5453236401081085,0,MODERATE_RISK,0.0,
BioSpread,AF123,0.6249399185180664,review,0,0.5034028887748718,0,MODERATE_RISK,0.0,
BioSpread,UNSEEN::AF518,0.1934971958398819,medium,0,0.6503931283950806,0,LOW_RISK,0.0,
BioSpread,UNSEEN::AC867,0.19349700212478638,medium,0,0.650303453207016,0,LOW_RISK,0.0,
BioSpread,AB148,0.657070517539978,review,1,0.5075888633728027,0,MODERATE_RISK,0.0,
BioSpread,AF720,0.4830993711948395,review,0,0.5243113934993744,0,LOW_RISK,0.0,
BioSpread,AD472,0.613233745098114,review,0,0.5011535286903381,0,MODERATE_RISK,0.0,
BioSpread,AC427,0.350612610578537,review,0,0.5766689777374268,0,LOW_RISK,0.0,
BioSpread,AG011,0.4831429421901703,review,0,0.524294912815094,0,LOW_RISK,0.0,
BioSpread,UNSEEN::AF666,0.19355511665344238,medium,0,0.6501911878585815,0,LOW_RISK,0.0,
BioSpread,UNSEEN::AF040,0.1935279369354248,medium,0,0.6502315402030945,0,LOW_RISK,0.0,
BioSpread,UNSEEN::AH484,0.1935548633337021,medium,0,0.6501915454864502,0,LOW_RISK,0.0,
BioSpread,UNSEEN::AF783,0.19349651038646698,medium,0,0.6503041982650757,0,LOW_RISK,0.0,
BioSpread,UNSEEN::AC183,0.19341354072093964,medium,0,0.6504767537117004,0,LOW_RISK,0.0,
BioSpread,AB905,0.670254111289978,review,0,0.50315922498703,0,MODERATE_RISK,0.0,
BioSpread,UNSEEN::AF134,0.1934356838464737,medium,0,0.650466799736023,0,LOW_RISK,0.0,
BioSpread,AC176,0.6199809908866882,review,0,0.49614888429641724,0,MODERATE_RISK,0.0,
BioSpread,UNSEEN::AC270,0.19348448514938354,medium,0,0.6503445506095886,0,LOW_RISK,0.0,
BioSpread,UNSEEN::AE682,0.34275591373443604,review,0,0.5603440999984741,0,LOW_RISK,0.0,
BioSpread,AG159,0.4908178746700287,review,0,0.5227391421794891,0,LOW_RISK,0.0,
BioSpread,AB646,0.7448447942733765,review,1,0.555322676897049,0,MODERATE_RISK,0.0,
BioSpread,AB728,0.7440094947814941,review,0,0.552916944026947,0,MODERATE_RISK,0.0,
BioSpread,UNSEEN::AB965,0.19313094019889832,medium,0,0.6510711312294006,0,LOW_RISK,0.0,
BioSpread,UNSEEN::AA204,0.19345630705356598,medium,0,0.6503639817237854,0,LOW_RISK,0.0,
BioSpread,UNSEEN::AF899,0.1935545951128006,medium,0,0.6501919627189636,0,LOW_RISK,0.0,
BioSpread,UNSEEN::AA719,0.19344323873519897,medium,0,0.6503834128379822,0,LOW_RISK,0.0,
BioSpread,UNSEEN::AB325,0.19341236352920532,medium,0,0.6504558622837067,0,LOW_RISK,0.0,
BioSpread,AF602,0.6335864663124084,review,0,0.4968481659889221,0,MODERATE_RISK,0.0,
BioSpread,UNSEEN::AD439,0.19349651038646698,medium,0,0.6503041982650757,0,LOW_RISK,0.0,
BioSpread,AD655,0.694364607334137,review,0,0.512409120798111,0,MODERATE_RISK,0.0,
BioSpread,UNSEEN::AA234,0.19348320364952087,medium,0,0.6503239870071411,0,LOW_RISK,0.0,
BioSpread,AH483,0.6008148789405823,review,0,0.5006653070449829,0,MODERATE_RISK,0.0,
BioSpread,AH299,0.5971754193305969,review,0,0.5269092321395874,0,MODERATE_RISK,0.0,
BioSpread,UNSEEN::AA041,0.19349676370620728,medium,0,0.6503038108348846,0,LOW_RISK,0.0,
BioSpread,AG337,0.6925045847892761,review,0,0.4986000657081604,0,MODERATE_RISK,0.0,
BioSpread,AF086,0.680749237537384,review,0,0.5073994100093842,0,MODERATE_RISK,0.0,
BioSpread,UNSEEN::AB092,0.19333063066005707,medium,0,0.6506467759609222,0,LOW_RISK,0.0,
BioSpread,UNSEEN::AG729,0.1934962421655655,medium,0,0.6503045856952667,0,LOW_RISK,0.0,
BioSpread,UNSEEN::AC424,0.19349651038646698,medium,0,0.6503041982650757,0,LOW_RISK,0.0,
BioSpread,AF828,0.5254802703857422,review,0,0.5144838690757751,0,MODERATE_RISK,0.0,
BioSpread,AE703,0.24201707541942596,medium,0,0.6386516690254211,0,LOW_RISK,0.0,
BioSpread,UNSEEN::AG025,0.19338199496269226,medium,0,0.6505469083786011,0,LOW_RISK,0.0,
BioSpread,UNSEEN::AG326,0.19348344206809998,medium,0,0.6503235995769501,0,LOW_RISK,0.0,
BioSpread,UNSEEN::AA809,0.19349700212478638,medium,0,0.650303453207016,0,LOW_RISK,0.0,
BioSpread,UNSEEN::AE661,0.19355511665344238,medium,0,0.6501911878585815,0,LOW_RISK,0.0,
BioSpread,UNSEEN::AG147,0.19345982372760773,medium,0,0.6504035294055939,0,LOW_RISK,0.0,
BioSpread,UNSEEN::AG931,0.19348344206809998,medium,0,0.6503235995769501,0,LOW_RISK,0.0,
BioSpread,UNSEEN::AF950,0.19342553615570068,medium,0,0.650436282157898,0,LOW_RISK,0.0,
BioSpread,UNSEEN::AD543,0.19355511665344238,medium,0,0.6501911878585815,0,LOW_RISK,0.0,
BioSpread,AD603,0.6646216511726379,review,0,0.5033920109272003,0,MODERATE_RISK,0.0,
BioSpread,AE039,0.6383183002471924,review,0,0.49751824140548706,0,MODERATE_RISK,0.0,
BioSpread,UNSEEN::AF207,0.19343827664852142,medium,0,0.6504854261875153,0,LOW_RISK,0.0,
BioSpread,UNSEEN::AG716,0.19349676370620728,medium,0,0.6503038108348846,0,LOW_RISK,0.0,
BioSpread,UNSEEN::AA226,0.1935545951128006,medium,0,0.6501919627189636,0,LOW_RISK,0.0,
BioSpread,UNSEEN::AB208,0.1934962421655655,medium,0,0.6503045856952667,0,LOW_RISK,0.0,
BioSpread,AB400,0.532168447971344,review,0,0.5114894211292267,0,MODERATE_RISK,0.0,
BioSpread,AG456,0.7482851147651672,review,1,0.5694087147712708,0,MODERATE_RISK,0.0,
BioSpread,AE334,0.7059487700462341,review,1,0.5175608098506927,0,MODERATE_RISK,0.0,
BioSpread,UNSEEN::AG270,0.1934702843427658,medium,0,0.6503435373306274,0,LOW_RISK,0.0,
BioSpread,UNSEEN::AD933,0.1933986395597458,medium,0,0.650476485490799,0,LOW_RISK,0.0,
BioSpread,UNSEEN::AA214,0.19345605373382568,medium,0,0.6503643691539764,0,LOW_RISK,0.0,
BioSpread,UNSEEN::AD284,0.1934257447719574,medium,0,0.6504359245300293,0,LOW_RISK,0.0,
BioSpread,AA358,0.7451891899108887,review,0,0.555788516998291,0,MODERATE_RISK,0.0,
BioSpread,AB143,0.704834520816803,review,0,0.5169002413749695,0,MODERATE_RISK,0.0,
BioSpread,UNSEEN::AE745,0.19306069612503052,medium,0,0.6511109173297882,0,LOW_RISK,0.0,
BioSpread,UNSEEN::AA663,0.19291262328624725,medium,0,0.6515184938907623,0,LOW_RISK,0.0,
BioSpread,AA872,0.4830993711948395,review,0,0.5243113934993744,0,LOW_RISK,0.0,
BioSpread,AG567,0.35412925481796265,review,0,0.5841858983039856,0,LOW_RISK,0.0,
BioSpread,UNSEEN::AA537,0.19213707745075226,medium,0,0.6529366672039032,0,LOW_RISK,0.0,
BioSpread,UNSEEN::AG731,0.19336748123168945,medium,0,0.6506184637546539,0,LOW_RISK,0.0,
BioSpread,UNSEEN::AH028,0.19342482089996338,medium,0,0.650437980890274,0,LOW_RISK,0.0,
BioSpread,UNSEEN::AG115,0.1931922286748886,medium,0,0.6509833037853241,0,LOW_RISK,0.0,
BioSpread,UNSEEN::AH045,0.19349700212478638,medium,0,0.650303453207016,0,LOW_RISK,0.0,
BioSpread,AD520,0.5322433114051819,review,0,0.514091432094574,0,MODERATE_RISK,0.0,
BioSpread,UNSEEN::AA807,0.19331195950508118,medium,0,0.6506786644458771,0,LOW_RISK,0.0,
BioSpread,AB443,0.7314575910568237,review,1,0.5283198952674866,0,MODERATE_RISK,0.0,
BioSpread,AC861,0.743678092956543,review,0,0.5505374073982239,0,MODERATE_RISK,0.0,
BioSpread,AE203,0.6551904678344727,review,0,0.5025136470794678,0,MODERATE_RISK,0.0,
BioSpread,UNSEEN::AE289,0.1934962421655655,medium,0,0.6503045856952667,0,LOW_RISK,0.0,
BioSpread,AF103,0.6746366024017334,review,0,0.5142728388309479,0,MODERATE_RISK,0.0,
BioSpread,UNSEEN::AB801,0.1934962421655655,medium,0,0.6503045856952667,0,LOW_RISK,0.0,
BioSpread,AD088,0.4831138551235199,review,0,0.5243059396743774,0,LOW_RISK,0.0,
BioSpread,AC305,0.7467976808547974,review,1,0.5499652922153473,0,MODERATE_RISK,0.0,
BioSpread,AC462,0.6997765302658081,review,0,0.5200714468955994,0,MODERATE_RISK,0.0,
BioSpread,UNSEEN::AF938,0.1932622194290161,medium,0,0.650805652141571,0,LOW_RISK,0.0,
BioSpread,UNSEEN::AE927,0.19349929690361023,medium,0,0.6504123210906982,0,LOW_RISK,0.0,
BioSpread,AE004,0.5016992688179016,review,0,0.5409899353981018,0,MODERATE_RISK,0.0,
BioSpread,AB611,0.1950950175523758,medium,0,0.6819387078285217,0,LOW_RISK,0.0,
BioSpread,UNSEEN::AE220,0.19341544806957245,medium,0,0.6504287719726562,0,LOW_RISK,0.0,
BioSpread,AB242,0.6974326968193054,review,0,0.5204016864299774,0,MODERATE_RISK,0.0,
BioSpread,UNSEEN::AG637,0.19314655661582947,medium,0,0.6510757207870483,0,LOW_RISK,0.0,
BioSpread,AG066,0.4831429421901703,review,0,0.524294912815094,0,LOW_RISK,0.0,
BioSpread,AF617,0.4831429421901703,review,0,0.524294912815094,0,LOW_RISK,0.0,
BioSpread,AE657,0.6049596071243286,review,0,0.5005166530609131,0,MODERATE_RISK,0.0,
BioSpread,AC497,0.6199646592140198,review,0,0.4961511492729187,0,MODERATE_RISK,0.0,
BioSpread,AB735,0.7231046557426453,review,0,0.5210444331169128,0,MODERATE_RISK,0.0,
BioSpread,UNSEEN::AH038,0.1934962421655655,medium,0,0.6503045856952667,0,LOW_RISK,0.0,
BioSpread,UNSEEN::AE797,0.19332841038703918,medium,0,0.6506079435348511,0,LOW_RISK,0.0,
BioSpread,UNSEEN::AD657,0.1934971958398819,medium,0,0.6503931283950806,0,LOW_RISK,0.0,
BioSpread,AB904,0.22400102019309998,medium,0,0.6531255543231964,0,LOW_RISK,0.0,
BioSpread,AB524,0.6872097849845886,review,0,0.5129790306091309,0,MODERATE_RISK,0.0,
BioSpread,UNSEEN::AG767,0.19348295032978058,medium,0,0.6503243744373322,0,LOW_RISK,0.0,
BioSpread,UNSEEN::AC276,0.1934434026479721,medium,0,0.6503835320472717,0,LOW_RISK,0.0,
BioSpread,UNSEEN::AB363,0.1934257447719574,medium,0,0.6504359245300293,0,LOW_RISK,0.0,
BioSpread,UNSEEN::AA700,0.19329991936683655,medium,0,0.650719165802002,0,LOW_RISK,0.0,
BioSpread,AH493,0.538180947303772,review,0,0.5261451900005341,0,MODERATE_RISK,0.0,
BioSpread,AB329,0.6573213338851929,review,0,0.4986915588378906,0,MODERATE_RISK,0.0,
BioSpread,AA568,0.5322403311729431,review,0,0.5114672780036926,0,MODERATE_RISK,0.0,
BioSpread,AB007,0.7482531070709229,review,0,0.5549497604370117,0,MODERATE_RISK,0.0,
BioSpread,AB514,0.48293957114219666,review,0,0.5243716835975647,0,LOW_RISK,0.0,
BioSpread,UNSEEN::AD553,0.19340729713439941,medium,0,0.6504138708114624,0,LOW_RISK,0.0,
BioSpread,AB440,0.7046306729316711,review,0,0.5216367840766907,0,MODERATE_RISK,0.0,
BioSpread,UNSEEN::AD362,0.19342434406280518,medium,0,0.6505063474178314,0,LOW_RISK,0.0,
BioSpread,UNSEEN::AH453,0.19349579513072968,medium,0,0.6503058969974518,0,LOW_RISK,0.0,
BioSpread,UNSEEN::AA300,0.19284524023532867,medium,0,0.6515506505966187,0,LOW_RISK,0.0,
BioSpread,AF739,0.6535217761993408,review,0,0.49976587295532227,0,MODERATE_RISK,0.0,
BioSpread,AA208,0.7076845765113831,review,0,0.5211472809314728,0,MODERATE_RISK,0.0,
BioSpread,UNSEEN::AB818,0.1930827796459198,medium,0,0.6510381102561951,0,LOW_RISK,0.0,
BioSpread,AE681,0.2092125117778778,medium,0,0.6712649762630463,0,LOW_RISK,0.0,
BioSpread,AG350,0.5139572620391846,review,0,0.5061495006084442,0,MODERATE_RISK,0.0,
BioSpread,UNSEEN::AC088,0.1931755691766739,medium,0,0.6508640646934509,0,LOW_RISK,0.0,
BioSpread,UNSEEN::AF405,0.1932687610387802,medium,0,0.6507202088832855,0,LOW_RISK,0.0,
BioSpread,UNSEEN::AF490,0.1934962421655655,medium,0,0.6503045856952667,0,LOW_RISK,0.0,
BioSpread,AA970,0.7463855743408203,review,0,0.5538815855979919,0,MODERATE_RISK,0.0,
BioSpread,AB878,0.5597896575927734,review,0,0.5101466178894043,0,MODERATE_RISK,0.0,
BioSpread,AC518,0.6692598462104797,review,0,0.5033021867275238,0,MODERATE_RISK,0.0,
BioSpread,AE048,0.6699445247650146,review,0,0.4994972348213196,0,MODERATE_RISK,0.0,
BioSpread,UNSEEN::AG581,0.1934739202260971,medium,0,0.6503148674964905,0,LOW_RISK,0.0,
BioSpread,UNSEEN::AB344,0.1933261752128601,medium,0,0.6506810486316681,0,LOW_RISK,0.0,
BioSpread,UNSEEN::AG754,0.19335465133190155,medium,0,0.6505688726902008,0,LOW_RISK,0.0,
BioSpread,UNSEEN::AC261,0.19348250329494476,medium,0,0.6503256559371948,0,LOW_RISK,0.0,
BioSpread,AA019,0.7455020546913147,review,0,0.5486178994178772,0,MODERATE_RISK,0.0,
BioSpread,UNSEEN::AH365,0.19349651038646698,medium,0,0.6503041982650757,0,LOW_RISK,0.0,
BioSpread,AC504,0.74440997838974,review,0,0.5510347783565521,0,MODERATE_RISK,0.0,
BioSpread,AF431,0.7437434196472168,review,0,0.5651520192623138,0,MODERATE_RISK,0.0,
BioSpread,AG709,0.22342205047607422,medium,0,0.6539800763130188,0,LOW_RISK,0.0,
BioSpread,AF312,0.6199592351913452,review,0,0.496151864528656,0,MODERATE_RISK,0.0,
BioSpread,AC897,0.7381635308265686,review,0,0.5531646013259888,0,MODERATE_RISK,0.0,
BioSpread,UNSEEN::AE402,0.19335724413394928,medium,0,0.6506754159927368,0,LOW_RISK,0.0,
BioSpread,AC296,0.7432379722595215,review,0,0.5444846749305725,0,MODERATE_RISK,0.0,
BioSpread,UNSEEN::AH194,0.19348320364952087,medium,0,0.6503239870071411,0,LOW_RISK,0.0,
BioSpread,UNSEEN::AE903,0.19339443743228912,medium,0,0.6505059003829956,0,LOW_RISK,0.0,
BioSpread,UNSEEN::AE224,0.19329696893692017,medium,0,0.6507704555988312,0,LOW_RISK,0.0,
BioSpread,UNSEEN::AG938,0.1935541033744812,medium,0,0.6501926779747009,0,LOW_RISK,0.0,
BioSpread,AB260,0.28998491168022156,medium,0,0.616254985332489,0,LOW_RISK,0.0,
BioSpread,AE490,0.46307918429374695,review,0,0.5274329781532288,0,LOW_RISK,0.0,
BioSpread,AE300,0.6636698842048645,review,0,0.5009141564369202,0,MODERATE_RISK,0.0,
BioSpread,UNSEEN::AF035,0.19341208040714264,medium,0,0.6504562795162201,0,LOW_RISK,0.0,
BioSpread,UNSEEN::AA969,0.19349700212478638,medium,0,0.650303453207016,0,LOW_RISK,0.0,
BioSpread,UNSEEN::AE246,0.1933159977197647,medium,0,0.6507178843021393,0,LOW_RISK,0.0,
BioSpread,UNSEEN::AA030,0.19348223507404327,medium,0,0.6503260433673859,0,LOW_RISK,0.0,
BioSpread,AA206,0.6931706666946411,review,0,0.5133827328681946,0,MODERATE_RISK,0.0,
BioSpread,UNSEEN::AF675,0.1935548633337021,medium,0,0.6501915454864502,0,LOW_RISK,0.0,
BioSpread,AC724,0.7480362057685852,review,0,0.5483477711677551,0,MODERATE_RISK,0.0,
BioSpread,UNSEEN::AD827,0.19346988201141357,medium,0,0.6503437757492065,0,LOW_RISK,0.0,
BioSpread,UNSEEN::AA494,0.1934962421655655,medium,0,0.6503045856952667,0,LOW_RISK,0.0,
BioSpread,UNSEEN::AG865,0.1934960037469864,medium,0,0.6503049731254578,0,LOW_RISK,0.0,
BioSpread,AE897,0.7234390377998352,review,0,0.5471677780151367,0,MODERATE_RISK,0.0,
BioSpread,UNSEEN::AB930,0.19349515438079834,medium,0,0.650373786687851,0,LOW_RISK,0.0,
BioSpread,AC208,0.7144590616226196,review,0,0.5236816704273224,0,MODERATE_RISK,0.0,
BioSpread,UNSEEN::AE242,0.19349651038646698,medium,0,0.6503041982650757,0,LOW_RISK,0.0,
BioSpread,AF304,0.5441485643386841,review,0,0.4927763342857361,0,MODERATE_RISK,0.0,
BioSpread,UNSEEN::AH192,0.1935541033744812,medium,0,0.6501926779747009,0,LOW_RISK,0.0,
BioSpread,UNSEEN::AE331,0.1932889223098755,medium,0,0.6506415009498596,0,LOW_RISK,0.0,
BioSpread,AA905,0.6969202756881714,review,0,0.5157390832901001,0,MODERATE_RISK,0.0,
BioSpread,UNSEEN::AE372,0.19335445761680603,medium,0,0.6505697965621948,0,LOW_RISK,0.0,
BioSpread,AA130,0.7162069082260132,review,0,0.5153586864471436,0,MODERATE_RISK,0.0,
BioSpread,UNSEEN::AE054,0.1934962421655655,medium,0,0.6503045856952667,0,LOW_RISK,0.0,
BioSpread,UNSEEN::AB668,0.1934960037469864,medium,0,0.6503049731254578,0,LOW_RISK,0.0,
BioSpread,AD978,0.6674152612686157,review,0,0.5032374262809753,0,MODERATE_RISK,0.0,
BioSpread,AC909,0.745997965335846,review,0,0.5534060001373291,0,MODERATE_RISK,0.0,
BioSpread,UNSEEN::AD498,0.1934962421655655,medium,0,0.6503045856952667,0,LOW_RISK,0.0,
BioSpread,UNSEEN::AA611,0.19319994747638702,medium,0,0.6508563458919525,0,LOW_RISK,0.0,
BioSpread,UNSEEN::AA501,0.1934347003698349,medium,0,0.6504457592964172,0,LOW_RISK,0.0,
BioSpread,UNSEEN::AD807,0.19349651038646698,medium,0,0.6503041982650757,0,LOW_RISK,0.0,
BioSpread,UNSEEN::AC433,0.19342434406280518,medium,0,0.6505061686038971,0,LOW_RISK,0.0,
BioSpread,AA068,0.7445509433746338,review,0,0.5537203550338745,0,MODERATE_RISK,0.0,
BioSpread,UNSEEN::AD857,0.19355420768260956,medium,0,0.6501931548118591,0,LOW_RISK,0.0,
BioSpread,AF101,0.6746328473091125,review,0,0.515098363161087,0,MODERATE_RISK,0.0,
BioSpread,AC588,0.5729367733001709,review,0,0.4981343150138855,0,MODERATE_RISK,0.0,
BioSpread,AB987,0.547431468963623,review,0,0.5102956593036652,0,MODERATE_RISK,0.0,
BioSpread,UNSEEN::AD909,0.19295336306095123,medium,0,0.6513549387454987,0,LOW_RISK,0.0,
BioSpread,UNSEEN::AF299,0.1934884488582611,medium,0,0.6503832340240479,0,LOW_RISK,0.0,
BioSpread,UNSEEN::AA852,0.1934196799993515,medium,0,0.6504933536052704,0,LOW_RISK,0.0,
BioSpread,AC568,0.6963213682174683,review,0,0.5142300426959991,0,MODERATE_RISK,0.0,
BioSpread,UNSEEN::AG150,0.19348371028900146,medium,0,0.6503232419490814,0,LOW_RISK,0.0,
BioSpread,AG214,0.46303310990333557,review,0,0.5274518728256226,0,LOW_RISK,0.0,
BioSpread,UNSEEN::AG950,0.1935543566942215,medium,0,0.6501923203468323,0,LOW_RISK,0.0,
BioSpread,AC945,0.4730584919452667,review,0,0.516008585691452,0,LOW_RISK,0.0,
BioSpread,UNSEEN::AE919,0.19349651038646698,medium,0,0.6503041982650757,0,LOW_RISK,0.0,
BioSpread,AG463,0.1798131912946701,medium,0,0.6712336838245392,0,LOW_RISK,0.0,
BioSpread,AB507,0.5977882742881775,review,0,0.5040594637393951,0,MODERATE_RISK,0.0,
BioSpread,AE336,0.624626636505127,review,0,0.5038169920444489,0,MODERATE_RISK,0.0,
BioSpread,AA231,0.6852753162384033,review,0,0.5099468529224396,0,MODERATE_RISK,0.0,
BioSpread,AF326,0.2741435170173645,medium,0,0.6216276586055756,0,LOW_RISK,0.0,
BioSpread,UNSEEN::AE020,0.19349676370620728,medium,0,0.6503038108348846,0,LOW_RISK,0.0,
BioSpread,AB352,0.6434420943260193,review,0,0.49808168411254883,0,MODERATE_RISK,0.0,
BioSpread,UNSEEN::AH439,0.1934559941291809,medium,0,0.6503656506538391,0,LOW_RISK,0.0,
BioSpread,UNSEEN::AD820,0.1934828758239746,medium,0,0.6503246426582336,0,LOW_RISK,0.0,
BioSpread,UNSEEN::AD803,0.19341140985488892,medium,0,0.650457888841629,0,LOW_RISK,0.0,
BioSpread,AD579,0.7286702990531921,review,0,0.543623149394989,0,MODERATE_RISK,0.0,
BioSpread,AE792,0.6736897826194763,review,0,0.5071521103382111,0,MODERATE_RISK,0.0,
BioSpread,UNSEEN::AD436,0.1934250295162201,medium,0,0.6504370272159576,0,LOW_RISK,0.0,
BioSpread,UNSEEN::AA796,0.19349604845046997,medium,0,0.6503055393695831,0,LOW_RISK,0.0,
BioSpread,AG174,0.5968345403671265,review,0,0.5084349811077118,0,MODERATE_RISK,0.0,
BioSpread,AG271,0.22332529723644257,medium,0,0.6540590822696686,0,LOW_RISK,0.0,
BioSpread,AE047,0.7473066449165344,review,0,0.5565458834171295,0,MODERATE_RISK,0.0,
BioSpread,AD596,0.6272055506706238,review,1,0.5055775940418243,0,MODERATE_RISK,0.0,
BioSpread,UNSEEN::AE078,0.19337446987628937,medium,0,0.6506776809692383,0,LOW_RISK,0.0,
BioSpread,UNSEEN::AD440,0.19349651038646698,medium,0,0.6503041982650757,0,LOW_RISK,0.0,
BioSpread,UNSEEN::AE581,0.19209526479244232,medium,0,0.6529372036457062,0,LOW_RISK,0.0,
BioSpread,AB578,0.6497591137886047,review,0,0.5077046155929565,0,MODERATE_RISK,0.0,
BioSpread,UNSEEN::AC752,0.1934833824634552,medium,0,0.650323897600174,0,LOW_RISK,0.0,
BioSpread,UNSEEN::AF847,0.1934962421655655,medium,0,0.6503045856952667,0,LOW_RISK,0.0,
BioSpread,AF295,0.6374690532684326,review,0,0.49648571014404297,0,MODERATE_RISK,0.0,
BioSpread,AA798,0.7427859902381897,review,0,0.568658709526062,0,MODERATE_RISK,0.0,
BioSpread,UNSEEN::AC192,0.1935545951128006,medium,0,0.6501919627189636,0,LOW_RISK,0.0,
BioSpread,UNSEEN::AG273,0.19345727562904358,medium,0,0.6504525244235992,0,LOW_RISK,0.0,
BioSpread,AE212,0.6702737808227539,review,0,0.5004251003265381,0,MODERATE_RISK,0.0,
BioSpread,AF289,0.7056223154067993,review,0,0.5129526257514954,0,MODERATE_RISK,0.0,
BioSpread,AC377,0.27208858728408813,medium,0,0.6230774223804474,0,LOW_RISK,0.0,
BioSpread,UNSEEN::AH381,0.19349651038646698,medium,0,0.6503041982650757,0,LOW_RISK,0.0,
BioSpread,AG418,0.5313405990600586,review,0,0.5248069763183594,0,MODERATE_RISK,0.0,
BioSpread,AB172,0.7485005855560303,review,1,0.552582859992981,0,MODERATE_RISK,0.0,
BioSpread,UNSEEN::AH155,0.1935545951128006,medium,0,0.6501919627189636,0,LOW_RISK,0.0,
BioSpread,UNSEEN::AB101,0.19348721206188202,medium,0,0.650295078754425,0,LOW_RISK,0.0,
BioSpread,UNSEEN::AF004,0.19348901510238647,medium,0,0.6502893567085266,0,LOW_RISK,0.0,
BioSpread,AE000,0.5388796925544739,review,0,0.5102414488792419,0,MODERATE_RISK,0.0,
BioSpread,UNSEEN::AC808,0.1933693140745163,medium,0,0.6506390273571014,0,LOW_RISK,0.0,
BioSpread,AB738,0.7399705052375793,review,0,0.5555781722068787,0,MODERATE_RISK,0.0,
BioSpread,AC670,0.7455790638923645,review,1,0.5468051433563232,0,MODERATE_RISK,0.0,
BioSpread,AG470,0.45368072390556335,review,0,0.5471802949905396,0,LOW_RISK,0.0,
BioSpread,UNSEEN::AB448,0.19283990561962128,medium,0,0.6516953408718109,0,LOW_RISK,0.0,
BioSpread,UNSEEN::AA488,0.19329795241355896,medium,0,0.6508197486400604,0,LOW_RISK,0.0,
BioSpread,UNSEEN::AH095,0.19340886175632477,medium,0,0.6505067646503448,0,LOW_RISK,0.0,
BioSpread,UNSEEN::AH079,0.1934960037469864,medium,0,0.6503049731254578,0,LOW_RISK,0.0,
BioSpread,UNSEEN::AC244,0.19326432049274445,medium,0,0.6507924497127533,0,LOW_RISK,0.0,
BioSpread,UNSEEN::AG437,0.1932273805141449,medium,0,0.6509021818637848,0,LOW_RISK,0.0,
BioSpread,AB783,0.2632187008857727,medium,0,0.6231324672698975,0,LOW_RISK,0.0,
BioSpread,UNSEEN::AF756,0.19349651038646698,medium,0,0.6503041982650757,0,LOW_RISK,0.0,
BioSpread,UNSEEN::AG792,0.19348344206809998,medium,0,0.6503235995769501,0,LOW_RISK,0.0,
BioSpread,UNSEEN::AG643,0.19349651038646698,medium,0,0.6503041982650757,0,LOW_RISK,0.0,
BioSpread,UNSEEN::AH228,0.19349676370620728,medium,0,0.6503038108348846,0,LOW_RISK,0.0,
BioSpread,AF548,0.46307918429374695,review,0,0.5274329781532288,0,LOW_RISK,0.0,
BioSpread,AE222,0.5762498378753662,review,0,0.5256595611572266,0,MODERATE_RISK,0.0,
BioSpread,UNSEEN::AE228,0.1931113302707672,medium,0,0.6511850357055664,0,LOW_RISK,0.0,
BioSpread,AB673,0.6173186302185059,review,0,0.5057953000068665,0,MODERATE_RISK,0.0,
BioSpread,UNSEEN::AF642,0.19349651038646698,medium,0,0.6503041982650757,0,LOW_RISK,0.0,
BioSpread,UNSEEN::AG734,0.19348320364952087,medium,0,0.6503239870071411,0,LOW_RISK,0.0,
BioSpread,UNSEEN::AC741,0.19274058938026428,medium,0,0.6518904268741608,0,LOW_RISK,0.0,
BioSpread,UNSEEN::AE874,0.1934695988893509,medium,0,0.6503442227840424,0,LOW_RISK,0.0,
BioSpread,UNSEEN::AC453,0.1934962421655655,medium,0,0.6503045856952667,0,LOW_RISK,0.0,
BioSpread,UNSEEN::AE667,0.19335895776748657,medium,0,0.6505352854728699,0,LOW_RISK,0.0,
BioSpread,AD172,0.4907686412334442,review,0,0.5222456455230713,0,LOW_RISK,0.0,
BioSpread,AF083,0.35985615849494934,review,0,0.580927699804306,0,LOW_RISK,0.0,
BioSpread,UNSEEN::AG043,0.19349651038646698,medium,0,0.6503041982650757,0,LOW_RISK,0.0,
BioSpread,AB788,0.7462373375892639,review,0,0.5723266303539276,0,MODERATE_RISK,0.0,
BioSpread,AG812,0.6535342931747437,review,0,0.49976497888565063,0,MODERATE_RISK,0.0,
BioSpread,UNSEEN::AH314,0.19346988201141357,medium,0,0.6503437757492065,0,LOW_RISK,0.0,
BioSpread,AB131,0.7465483546257019,review,1,0.5544608235359192,0,MODERATE_RISK,0.0,
BioSpread,AH033,0.6685935854911804,review,0,0.4991433620452881,0,MODERATE_RISK,0.0,
BioSpread,UNSEEN::AD470,0.1934960037469864,medium,0,0.6503049731254578,0,LOW_RISK,0.0,
BioSpread,UNSEEN::AE291,0.1934252679347992,medium,0,0.6504366397857666,0,LOW_RISK,0.0,
BioSpread,UNSEEN::AG175,0.19349651038646698,medium,0,0.6503041982650757,0,LOW_RISK,0.0,
BioSpread,UNSEEN::AA465,0.19340886175632477,medium,0,0.6505067646503448,0,LOW_RISK,0.0,
BioSpread,UNSEEN::AC416,0.19333969056606293,medium,0,0.6506606936454773,0,LOW_RISK,0.0,
BioSpread,UNSEEN::AD348,0.19349700212478638,medium,0,0.650303453207016,0,LOW_RISK,0.0,
BioSpread,AF233,0.6815608143806458,review,0,0.5162101686000824,0,MODERATE_RISK,0.0,
BioSpread,UNSEEN::AC087,0.19312439858913422,medium,0,0.6510579586029053,0,LOW_RISK,0.0,
BioSpread,AC158,0.17362160980701447,medium,0,0.685330867767334,0,LOW_RISK,0.0,
BioSpread,UNSEEN::AF670,0.19332337379455566,medium,0,0.6505617499351501,0,LOW_RISK,0.0,
BioSpread,AC840,0.4830703139305115,review,0,0.5243223309516907,0,LOW_RISK,0.0,
BioSpread,AC064,0.4830993711948395,review,0,0.5243113934993744,0,LOW_RISK,0.0,
BioSpread,AE561,0.2627432644367218,medium,0,0.6278793513774872,0,LOW_RISK,0.0,
BioSpread,AA062,0.6894168853759766,review,0,0.5164201259613037,0,MODERATE_RISK,0.0,
BioSpread,AE757,0.22343964874744415,medium,0,0.6539656817913055,0,LOW_RISK,0.0,
BioSpread,AD244,0.7477120161056519,review,0,0.563043624162674,0,MODERATE_RISK,0.0,
BioSpread,AE599,0.7431545257568359,review,0,0.5468712151050568,0,MODERATE_RISK,0.0,
BioSpread,UNSEEN::AE452,0.19342251121997833,medium,0,0.6504865884780884,0,LOW_RISK,0.0,
BioSpread,AA996,0.7411593198776245,review,0,0.5408596396446228,0,MODERATE_RISK,0.0,
BioSpread,AG717,0.22348369657993317,medium,0,0.653929740190506,0,LOW_RISK,0.0,
BioSpread,AE603,0.6918118596076965,review,1,0.5086561143398285,0,MODERATE_RISK,0.0,
BioSpread,AE105,0.717511773109436,review,0,0.5184317529201508,0,MODERATE_RISK,0.0,
BioSpread,AB620,0.7448441386222839,review,0,0.5465874075889587,0,MODERATE_RISK,0.0,
BioSpread,AB584,0.22348369657993317,medium,0,0.653929740190506,0,LOW_RISK,0.0,
BioSpread,UNSEEN::AA823,0.1934286653995514,medium,0,0.6504904925823212,0,LOW_RISK,0.0,
BioSpread,UNSEEN::AC984,0.19348721206188202,medium,0,0.650295078754425,0,LOW_RISK,0.0,
BioSpread,UNSEEN::AE011,0.19349651038646698,medium,0,0.6503041982650757,0,LOW_RISK,0.0,
BioSpread,UNSEEN::AD993,0.19327275454998016,medium,0,0.650810956954956,0,LOW_RISK,0.0,
BioSpread,UNSEEN::AD786,0.19349676370620728,medium,0,0.6503038108348846,0,LOW_RISK,0.0,
BioSpread,UNSEEN::AA713,0.19349676370620728,medium,0,0.6503038108348846,0,LOW_RISK,0.0,
BioSpread,AF344,0.7069241404533386,review,1,0.5193348228931427,0,MODERATE_RISK,0.0,
BioSpread,UNSEEN::AA315,0.1951359361410141,medium,0,0.6505868136882782,0,LOW_RISK,0.0,
BioSpread,UNSEEN::AF903,0.19354084134101868,medium,0,0.6502125561237335,0,LOW_RISK,0.0,
BioSpread,UNSEEN::AA993,0.19349700212478638,medium,0,0.650303453207016,0,LOW_RISK,0.0,
BioSpread,AB686,0.7177330255508423,review,0,0.5237696468830109,0,MODERATE_RISK,0.0,
BioSpread,UNSEEN::AB409,0.19333261251449585,medium,0,0.6506093442440033,0,LOW_RISK,0.0,
BioSpread,AG580,0.18273968994617462,medium,0,0.6662508249282837,0,LOW_RISK,0.0,
BioSpread,UNSEEN::AA960,0.19340352714061737,medium,0,0.6504424512386322,0,LOW_RISK,0.0,
BioSpread,UNSEEN::AD977,0.19349700212478638,medium,0,0.650303453207016,0,LOW_RISK,0.0,
BioSpread,UNSEEN::AH073,0.19339920580387115,medium,0,0.650475412607193,0,LOW_RISK,0.0,
BioSpread,UNSEEN::AD170,0.1934884488582611,medium,0,0.6503832340240479,0,LOW_RISK,0.0,
BioSpread,AD682,0.26267117261886597,medium,0,0.6279284954071045,0,LOW_RISK,0.0,
BioSpread,UNSEEN::AE019,0.19350184500217438,medium,0,0.6502708494663239,0,LOW_RISK,0.0,
BioSpread,AG179,0.4830848276615143,review,0,0.5243168771266937,0,LOW_RISK,0.0,
BioSpread,UNSEEN::AE621,0.1934702843427658,medium,0,0.6503435373306274,0,LOW_RISK,0.0,
BioSpread,AB366,0.22344844043254852,medium,0,0.6539585292339325,0,LOW_RISK,0.0,
BioSpread,UNSEEN::AA854,0.1934252679347992,medium,0,0.6504366397857666,0,LOW_RISK,0.0,
BioSpread,AF914,0.2709151804447174,medium,0,0.6250495612621307,0,LOW_RISK,0.0,
BioSpread,UNSEEN::AD874,0.1932031512260437,medium,0,0.6508229076862335,0,LOW_RISK,0.0,
BioSpread,UNSEEN::AB811,0.193468376994133,medium,0,0.6503476500511169,0,LOW_RISK,0.0,
BioSpread,AH024,0.48589685559272766,review,0,0.53520867228508,0,LOW_RISK,0.0,
BioSpread,UNSEEN::AA939,0.19348295032978058,medium,0,0.6503243744373322,0,LOW_RISK,0.0,
BioSpread,UNSEEN::AA645,0.19339895248413086,medium,0,0.650475800037384,0,LOW_RISK,0.0,
BioSpread,UNSEEN::AB844,0.1933276206254959,medium,0,0.6506091356277466,0,LOW_RISK,0.0,
BioSpread,AC357,0.7208155989646912,review,1,0.5286645293235779,0,MODERATE_RISK,0.0,
BioSpread,AG889,0.4628642499446869,review,0,0.5275209844112396,0,LOW_RISK,0.0,
BioSpread,UNSEEN::AF583,0.19349651038646698,medium,0,0.6503041982650757,0,LOW_RISK,0.0,
BioSpread,UNSEEN::AG579,0.19330450892448425,medium,0,0.6506163775920868,0,LOW_RISK,0.0,
BioSpread,UNSEEN::AE152,0.1934962421655655,medium,0,0.6503045856952667,0,LOW_RISK,0.0,
BioSpread,UNSEEN::AB415,0.1932976096868515,medium,0,0.65076944231987,0,LOW_RISK,0.0,
BioSpread,AE931,0.7108914852142334,review,0,0.5176251232624054,0,MODERATE_RISK,0.0,
BioSpread,AF504,0.6199537515640259,review,0,0.4961526393890381,0,MODERATE_RISK,0.0,
BioSpread,UNSEEN::AA822,0.19340284168720245,medium,0,0.6505701839923859,0,LOW_RISK,0.0,
BioSpread,UNSEEN::AG195,0.1935548633337021,medium,0,0.6501915454864502,0,LOW_RISK,0.0,
BioSpread,UNSEEN::AH130,0.1934962421655655,medium,0,0.6503045856952667,0,LOW_RISK,0.0,
BioSpread,UNSEEN::AE784,0.19344227015972137,medium,0,0.6503854691982269,0,LOW_RISK,0.0,
BioSpread,AH061,0.19873133301734924,medium,0,0.6791555285453796,0,LOW_RISK,0.0,
BioSpread,AE906,0.25478866696357727,medium,0,0.635936975479126,0,LOW_RISK,0.0,
BioSpread,UNSEEN::AF599,0.19342488050460815,medium,0,0.6505053639411926,0,LOW_RISK,0.0,
BioSpread,AC480,0.5543603897094727,review,0,0.5214775204658508,0,MODERATE_RISK,0.0,
BioSpread,AF865,0.5402310490608215,review,0,0.5226448476314545,0,MODERATE_RISK,0.0,
BioSpread,AA936,0.6473493576049805,review,0,0.5075489580631256,0,MODERATE_RISK,0.0,
BioSpread,UNSEEN::AB299,0.1934702843427658,medium,0,0.6503435373306274,0,LOW_RISK,0.0,
BioSpread,AE687,0.6979917287826538,review,0,0.5179727673530579,0,MODERATE_RISK,0.0,
BioSpread,AF667,0.5973283648490906,review,0,0.5077154338359833,0,MODERATE_RISK,0.0,
BioSpread,AF990,0.5332841873168945,review,0,0.5131316184997559,0,MODERATE_RISK,0.0,
BioSpread,AE752,0.2234572470188141,medium,0,0.6539513170719147,0,LOW_RISK,0.0,
BioSpread,UNSEEN::AH016,0.1934962421655655,medium,0,0.6503045856952667,0,LOW_RISK,0.0,
BioSpread,AB042,0.7466312050819397,review,0,0.546752542257309,0,MODERATE_RISK,0.0,
BioSpread,UNSEEN::AD542,0.19355511665344238,medium,0,0.6501911878585815,0,LOW_RISK,0.0,
BioSpread,UNSEEN::AA138,0.19348695874214172,medium,0,0.6502954661846161,0,LOW_RISK,0.0,
BioSpread,UNSEEN::AF153,0.19335860013961792,medium,0,0.6506772637367249,0,LOW_RISK,0.0,
BioSpread,UNSEEN::AH233,0.19348344206809998,medium,0,0.6503235995769501,0,LOW_RISK,0.0,
BioSpread,UNSEEN::AG829,0.19337213039398193,medium,0,0.6506569087505341,0,LOW_RISK,0.0,
BioSpread,UNSEEN::AB090,0.19348344206809998,medium,0,0.6503235995769501,0,LOW_RISK,0.0,
BioSpread,UNSEEN::AE886,0.19347038865089417,medium,0,0.6503430306911469,0,LOW_RISK,0.0,
BioSpread,AD708,0.6784512996673584,review,0,0.5106771886348724,0,MODERATE_RISK,0.0,
BioSpread,AD624,0.5397939085960388,review,0,0.5100415647029877,0,MODERATE_RISK,0.0,
BioSpread,AG191,0.6480035185813904,review,0,0.49773210287094116,0,MODERATE_RISK,0.0,
BioSpread,UNSEEN::AE696,0.19331784546375275,medium,0,0.6505967378616333,0,LOW_RISK,0.0,
BioSpread,AB466,0.28278130292892456,medium,0,0.618556559085846,0,LOW_RISK,0.0,
BioSpread,AB421,0.5248597264289856,review,0,0.5080000460147858,0,MODERATE_RISK,0.0,
BioSpread,AD302,0.48393988609313965,review,0,0.5240543782711029,0,LOW_RISK,0.0,
BioSpread,AF050,0.28222113847732544,medium,0,0.6188828945159912,0,LOW_RISK,0.0,
BioSpread,AD103,0.7466785907745361,review,0,0.5562670528888702,0,MODERATE_RISK,0.0,
BioSpread,UNSEEN::AA404,0.19269858300685883,medium,0,0.6519162654876709,0,LOW_RISK,0.0,
BioSpread,UNSEEN::AD001,0.19406086206436157,medium,0,0.649409681558609,0,LOW_RISK,0.0,
BioSpread,AB918,0.7440250515937805,review,0,0.5449332296848297,0,MODERATE_RISK,0.0,
BioSpread,UNSEEN::AE113,0.19346968829631805,medium,0,0.6503446698188782,0,LOW_RISK,0.0,
BioSpread,UNSEEN::AB354,0.19343778491020203,medium,0,0.650486171245575,0,LOW_RISK,0.0,
BioSpread,UNSEEN::AC267,0.19327527284622192,medium,0,0.6508301198482513,0,LOW_RISK,0.0,
BioSpread,UNSEEN::AB387,0.19349651038646698,medium,0,0.6503041982650757,0,LOW_RISK,0.0,
BioSpread,UNSEEN::AC822,0.19348371028900146,medium,0,0.6503232419490814,0,LOW_RISK,0.0,
BioSpread,UNSEEN::AF339,0.1934109479188919,medium,0,0.6505263447761536,0,LOW_RISK,0.0,
BioSpread,UNSEEN::AB469,0.19306185841560364,medium,0,0.6511265933513641,0,LOW_RISK,0.0,
BioSpread,UNSEEN::AE184,0.19349700212478638,medium,0,0.650303453207016,0,LOW_RISK,0.0,
BioSpread,UNSEEN::AA642,0.19349651038646698,medium,0,0.6503041982650757,0,LOW_RISK,0.0,
BioSpread,UNSEEN::AD817,0.19299578666687012,medium,0,0.6512404084205627,0,LOW_RISK,0.0,
BioSpread,AC751,0.749240517616272,review,0,0.5571112036705017,0,MODERATE_RISK,0.0,
BioSpread,AD836,0.6201258301734924,review,0,0.4961451292037964,0,MODERATE_RISK,0.0,
BioSpread,UNSEEN::AC896,0.1934962421655655,medium,0,0.6503045856952667,0,LOW_RISK,0.0,
BioSpread,AE675,0.6828505992889404,review,0,0.5155415534973145,0,MODERATE_RISK,0.0,
BioSpread,AG445,0.7519571185112,review,1,0.5618126392364502,0,MODERATE_RISK,0.0,
BioSpread,UNSEEN::AC961,0.19306950271129608,medium,0,0.6511832177639008,0,LOW_RISK,0.0,
BioSpread,UNSEEN::AD557,0.19341179728507996,medium,0,0.6504569053649902,0,LOW_RISK,0.0,
BioSpread,UNSEEN::AH100,0.19348344206809998,medium,0,0.6503235995769501,0,LOW_RISK,0.0,
BioSpread,UNSEEN::AC908,0.1933300793170929,medium,0,0.6506838500499725,0,LOW_RISK,0.0,
BioSpread,UNSEEN::AB706,0.19320981204509735,medium,0,0.650934487581253,0,LOW_RISK,0.0,
BioSpread,AA261,0.6789448857307434,review,0,0.4963768720626831,0,MODERATE_RISK,0.0,
BioSpread,UNSEEN::AG084,0.1934860348701477,medium,0,0.6504320800304413,0,LOW_RISK,0.0,
BioSpread,UNSEEN::AF859,0.1933857947587967,medium,0,0.6504953801631927,0,LOW_RISK,0.0,
BioSpread,UNSEEN::AC761,0.1934971958398819,medium,0,0.6503931283950806,0,LOW_RISK,0.0,
BioSpread,UNSEEN::AF977,0.19349651038646698,medium,0,0.6503041982650757,0,LOW_RISK,0.0,
BioSpread,UNSEEN::AC809,0.19289225339889526,medium,0,0.6514115333557129,0,LOW_RISK,0.0,
BioSpread,AG252,0.21594347059726715,medium,0,0.6692252159118652,0,LOW_RISK,0.0,
BioSpread,AB531,0.7204058170318604,review,0,0.5225660502910614,0,MODERATE_RISK,0.0,
BioSpread,AG137,0.46125486493110657,review,1,0.5475217700004578,0,LOW_RISK,0.0,
BioSpread,AD821,0.22343964874744415,medium,0,0.6539656817913055,0,LOW_RISK,0.0,
BioSpread,UNSEEN::AA620,0.19313675165176392,medium,0,0.6510675847530365,0,LOW_RISK,0.0,
BioSpread,UNSEEN::AB938,0.1934962421655655,medium,0,0.6503045856952667,0,LOW_RISK,0.0,
BioSpread,UNSEEN::AC870,0.19349676370620728,medium,0,0.6503038108348846,0,LOW_RISK,0.0,
BioSpread,UNSEEN::AE726,0.1934252679347992,medium,0,0.6504366397857666,0,LOW_RISK,0.0,
BioSpread,AD364,0.674255907535553,review,0,0.5016397535800934,0,MODERATE_RISK,0.0,
BioSpread,AA601,0.5166307091712952,review,1,0.5472962856292725,0,MODERATE_RISK,0.0,
BioSpread,UNSEEN::AG616,0.19342553615570068,medium,0,0.650436282157898,0,LOW_RISK,0.0,
BioSpread,UNSEEN::AA725,0.19351425766944885,medium,0,0.650252491235733,0,LOW_RISK,0.0,
BioSpread,AG422,0.5515881776809692,review,0,0.5112896263599396,0,MODERATE_RISK,0.0,
BioSpread,AC436,0.4908229410648346,review,0,0.5232475101947784,0,LOW_RISK,0.0,
BioSpread,UNSEEN::AG861,0.19349651038646698,medium,0,0.6503041982650757,0,LOW_RISK,0.0,
BioSpread,AA275,0.7445271015167236,review,1,0.5452181696891785,0,MODERATE_RISK,0.0,
BioSpread,AD029,0.5325796604156494,review,0,0.5130590796470642,0,MODERATE_RISK,0.0,
BioSpread,UNSEEN::AH429,0.1935545951128006,medium,0,0.6501919627189636,0,LOW_RISK,0.0,
BioSpread,UNSEEN::AG574,0.1934962421655655,medium,0,0.6503045856952667,0,LOW_RISK,0.0,
BioSpread,UNSEEN::AB153,0.19339776039123535,medium,0,0.6505459547042847,0,LOW_RISK,0.0,
BioSpread,UNSEEN::AC398,0.19355511665344238,medium,0,0.6501911878585815,0,LOW_RISK,0.0,
BioSpread,UNSEEN::AG739,0.19343993067741394,medium,0,0.6505054831504822,0,LOW_RISK,0.0,
BioSpread,AH119,0.6000965237617493,review,0,0.5037182867527008,0,MODERATE_RISK,0.0,
BioSpread,UNSEEN::AA355,0.19353999197483063,medium,0,0.6502150595188141,0,LOW_RISK,0.0,
BioSpread,UNSEEN::AF822,0.19349651038646698,medium,0,0.6503041982650757,0,LOW_RISK,0.0,
BioSpread,AF941,0.33261966705322266,review,0,0.5811808109283447,0,LOW_RISK,0.0,
BioSpread,AG773,0.2275526076555252,medium,0,0.6602285802364349,0,LOW_RISK,0.0,
BioSpread,UNSEEN::AA368,0.1934024840593338,medium,0,0.650447428226471,0,LOW_RISK,0.0,
BioSpread,UNSEEN::AG926,0.19345656037330627,medium,0,0.6503635942935944,0,LOW_RISK,0.0,
BioSpread,AG001,0.6426061987876892,review,0,0.5040818750858307,0,MODERATE_RISK,0.0,
BioSpread,UNSEEN::AC170,0.19336757063865662,medium,0,0.6506876349449158,0,LOW_RISK,0.0,
BioSpread,UNSEEN::AB485,0.19282996654510498,medium,0,0.6516371369361877,0,LOW_RISK,0.0,
BioSpread,UNSEEN::AF158,0.1934833824634552,medium,0,0.650323897600174,0,LOW_RISK,0.0,
BioSpread,UNSEEN::AH382,0.1934962421655655,medium,0,0.6503045856952667,0,LOW_RISK,0.0,
BioSpread,UNSEEN::AF305,0.19349676370620728,medium,0,0.6503038108348846,0,LOW_RISK,0.0,
BioSpread,UNSEEN::AF232,0.19920077919960022,medium,0,0.6492730677127838,0,LOW_RISK,0.0,
BioSpread,AD523,0.6093624234199524,review,0,0.5081192553043365,0,MODERATE_RISK,0.0,
BioSpread,AA497,0.550638735294342,review,0,0.5066222548484802,0,MODERATE_RISK,0.0,
BioSpread,AC410,0.7480656504631042,review,1,0.5500648617744446,0,MODERATE_RISK,0.0,
BioSpread,AD763,0.6228973865509033,review,1,0.5104745924472809,0,MODERATE_RISK,0.0,
BioSpread,AG695,0.6124137043952942,review,0,0.5071510076522827,0,MODERATE_RISK,0.0,
BioSpread,AD928,0.5152520537376404,review,0,0.5123277008533478,0,MODERATE_RISK,0.0,
BioSpread,UNSEEN::AG447,0.19349700212478638,medium,0,0.650303453207016,0,LOW_RISK,0.0,
BioSpread,UNSEEN::AA052,0.19327807426452637,medium,0,0.6506793797016144,0,LOW_RISK,0.0,
BioSpread,UNSEEN::AB456,0.19349700212478638,medium,0,0.650303453207016,0,LOW_RISK,0.0,
BioSpread,UNSEEN::AB723,0.19334088265895844,medium,0,0.6505893468856812,0,LOW_RISK,0.0,
BioSpread,UNSEEN::AB270,0.19351470470428467,medium,0,0.6502512097358704,0,LOW_RISK,0.0,
BioSpread,UNSEEN::AE438,0.19348223507404327,medium,0,0.6503260433673859,0,LOW_RISK,0.0,
BioSpread,AA735,0.7472288608551025,review,0,0.5492909252643585,0,MODERATE_RISK,0.0,
BioSpread,UNSEEN::AB291,0.19349676370620728,medium,0,0.6503038108348846,0,LOW_RISK,0.0,
BioSpread,UNSEEN::AA078,0.19348371028900146,medium,0,0.6503232419490814,0,LOW_RISK,0.0,
BioSpread,UNSEEN::AD743,0.19298794865608215,medium,0,0.6514073312282562,0,LOW_RISK,0.0,
BioSpread,AD998,0.530571699142456,review,0,0.5124707221984863,0,MODERATE_RISK,0.0,
BioSpread,AF270,0.5515571236610413,review,0,0.5112985670566559,0,MODERATE_RISK,0.0,
BioSpread,AD286,0.6405171155929565,review,0,0.49763864278793335,0,MODERATE_RISK,0.0,
BioSpread,UNSEEN::AG989,0.1934962421655655,medium,0,0.6503045856952667,0,LOW_RISK,0.0,
BioSpread,AC067,0.7104018926620483,review,0,0.5105623006820679,0,MODERATE_RISK,0.0,
BioSpread,UNSEEN::AC528,0.19335515797138214,medium,0,0.6505680680274963,0,LOW_RISK,0.0,
BioSpread,AG873,0.5427038073539734,review,0,0.5157376229763031,0,MODERATE_RISK,0.0,
BioSpread,AD969,0.7380611896514893,review,0,0.5504099428653717,0,MODERATE_RISK,0.0,
BioSpread,UNSEEN::AF775,0.19349651038646698,medium,0,0.6503041982650757,0,LOW_RISK,0.0,
BioSpread,UNSEEN::AC512,0.19331274926662445,medium,0,0.6507006883621216,0,LOW_RISK,0.0,
BioSpread,AF913,0.22351013123989105,medium,0,0.6539081335067749,0,LOW_RISK,0.0,
BioSpread,AE185,0.5153103470802307,review,0,0.512309730052948,0,MODERATE_RISK,0.0,
BioSpread,UNSEEN::AD564,0.19342604279518127,medium,0,0.6504355072975159,0,LOW_RISK,0.0,
BioSpread,UNSEEN::AD810,0.19349676370620728,medium,0,0.6503038108348846,0,LOW_RISK,0.0,
BioSpread,UNSEEN::AF041,0.1935543566942215,medium,0,0.6501923203468323,0,LOW_RISK,0.0,
BioSpread,UNSEEN::AC683,0.19329118728637695,medium,0,0.6506367921829224,0,LOW_RISK,0.0,
BioSpread,UNSEEN::AH226,0.19349554181098938,medium,0,0.6503062844276428,0,LOW_RISK,0.0,
BioSpread,UNSEEN::AG226,0.1934727132320404,medium,0,0.6503173112869263,0,LOW_RISK,0.0,
BioSpread,UNSEEN::AE875,0.19322970509529114,medium,0,0.6507827341556549,0,LOW_RISK,0.0,
BioSpread,UNSEEN::AE735,0.19355511665344238,medium,0,0.6501911878585815,0,LOW_RISK,0.0,
BioSpread,UNSEEN::AD724,0.19336552917957306,medium,0,0.6505987048149109,0,LOW_RISK,0.0,
BioSpread,UNSEEN::AF677,0.19349651038646698,medium,0,0.6503041982650757,0,LOW_RISK,0.0,
BioSpread,AC182,0.7262881398200989,review,0,0.5240532457828522,0,MODERATE_RISK,0.0,
BioSpread,UNSEEN::AE664,0.1934116631746292,medium,0,0.650457501411438,0,LOW_RISK,0.0,
BioSpread,UNSEEN::AG266,0.19348695874214172,medium,0,0.6502954661846161,0,LOW_RISK,0.0,
BioSpread,AE617,0.46307918429374695,review,0,0.5274329781532288,0,LOW_RISK,0.0,
BioSpread,AB000,0.7014105916023254,review,0,0.5170220732688904,0,MODERATE_RISK,0.0,
BioSpread,UNSEEN::AA322,0.1925157755613327,medium,0,0.6525112092494965,0,LOW_RISK,0.0,
BioSpread,UNSEEN::AE387,0.193219393491745,medium,0,0.650770515203476,0,LOW_RISK,0.0,
BioSpread,AB418,0.5515984892845154,review,0,0.5112866759300232,0,MODERATE_RISK,0.0,
BioSpread,AG464,0.5392158031463623,review,0,0.5118133425712585,0,MODERATE_RISK,0.0,
BioSpread,AE912,0.6972609162330627,review,0,0.5060606300830841,0,MODERATE_RISK,0.0,
BioSpread,UNSEEN::AB997,0.1934126317501068,medium,0,0.6504554450511932,0,LOW_RISK,0.0,
BioSpread,UNSEEN::AD808,0.19342553615570068,medium,0,0.650436282157898,0,LOW_RISK,0.0,
BioSpread,UNSEEN::AD599,0.19349651038646698,medium,0,0.6503041982650757,0,LOW_RISK,0.0,
BioSpread,AC506,0.7451196908950806,review,0,0.5530121624469757,0,MODERATE_RISK,0.0,
BioSpread,UNSEEN::AA341,0.1934259682893753,medium,0,0.6505515575408936,0,LOW_RISK,0.0,
BioSpread,UNSEEN::AA709,0.1933702528476715,medium,0,0.6505204141139984,0,LOW_RISK,0.0,
BioSpread,UNSEEN::AG620,0.19348695874214172,medium,0,0.6502954661846161,0,LOW_RISK,0.0,
BioSpread,UNSEEN::AB875,0.1934960037469864,medium,0,0.6503049731254578,0,LOW_RISK,0.0,
BioSpread,UNSEEN::AG711,0.1935548633337021,medium,0,0.6501915454864502,0,LOW_RISK,0.0,
BioSpread,AH469,0.22336924076080322,medium,0,0.6540232002735138,0,LOW_RISK,0.0,
BioSpread,UNSEEN::AB005,0.1931958943605423,medium,0,0.650885283946991,0,LOW_RISK,0.0,
BioSpread,UNSEEN::AG222,0.19332768023014069,medium,0,0.6506096422672272,0,LOW_RISK,0.0,
BioSpread,UNSEEN::AE208,0.1934962421655655,medium,0,0.6503045856952667,0,LOW_RISK,0.0,
BioSpread,AC308,0.7144724726676941,review,0,0.5228449106216431,0,MODERATE_RISK,0.0,
BioSpread,UNSEEN::AF128,0.19349700212478638,medium,0,0.650303453207016,0,LOW_RISK,0.0,
BioSpread,AB111,0.6843330264091492,review,1,0.522345632314682,0,MODERATE_RISK,0.0,
BioSpread,UNSEEN::AA718,0.19329330325126648,medium,0,0.6506558060646057,0,LOW_RISK,0.0,
BioSpread,UNSEEN::AD115,0.19349151849746704,medium,0,0.6503346264362335,0,LOW_RISK,0.0,
BioSpread,UNSEEN::AC555,0.1934356838464737,medium,0,0.650466799736023,0,LOW_RISK,0.0,
BioSpread,AD092,0.7496232986450195,review,0,0.5549362897872925,0,MODERATE_RISK,0.0,
BioSpread,AC070,0.7178052663803101,review,0,0.5133678317070007,0,MODERATE_RISK,0.0,
BioSpread,AG268,0.4831429421901703,review,0,0.524294912815094,0,LOW_RISK,0.0,
BioSpread,UNSEEN::AD745,0.19282132387161255,medium,0,0.6516425907611847,0,LOW_RISK,0.0,
BioSpread,AB203,0.6922762393951416,review,0,0.5143060982227325,0,MODERATE_RISK,0.0,
BioSpread,UNSEEN::AD586,0.19348153471946716,medium,0,0.6503277122974396,0,LOW_RISK,0.0,
BioSpread,UNSEEN::AF465,0.19349700212478638,medium,0,0.650303453207016,0,LOW_RISK,0.0,
BioSpread,UNSEEN::AF647,0.1934960037469864,medium,0,0.6503049731254578,0,LOW_RISK,0.0,
BioSpread,AC567,0.7077043652534485,review,0,0.5239490568637848,0,MODERATE_RISK,0.0,
BioSpread,AB806,0.7147091031074524,review,0,0.5196356773376465,0,MODERATE_RISK,0.0,
BioSpread,UNSEEN::AF196,0.1934962421655655,medium,0,0.6503045856952667,0,LOW_RISK,0.0,
BioSpread,UNSEEN::AA087,0.19349651038646698,medium,0,0.6503041982650757,0,LOW_RISK,0.0,
BioSpread,UNSEEN::AB760,0.19070468842983246,medium,0,0.655893474817276,0,LOW_RISK,0.0,
BioSpread,AB423,0.663826048374176,review,0,0.5036238431930542,0,MODERATE_RISK,0.0,
BioSpread,UNSEEN::AB062,0.19289863109588623,medium,0,0.651432603597641,0,LOW_RISK,0.0,
BioSpread,UNSEEN::AC191,0.19349579513072968,medium,0,0.6503058969974518,0,LOW_RISK,0.0,
BioSpread,UNSEEN::AH211,0.19338932633399963,medium,0,0.6504670083522797,0,LOW_RISK,0.0,
BioSpread,AD669,0.7448455095291138,review,1,0.5552119314670563,0,MODERATE_RISK,0.0,
BioSpread,UNSEEN::AC953,0.1934828758239746,medium,0,0.6503246426582336,0,LOW_RISK,0.0,
BioSpread,UNSEEN::AE094,0.1932758241891861,medium,0,0.6508550941944122,0,LOW_RISK,0.0,
BioSpread,UNSEEN::AC713,0.1934126317501068,medium,0,0.6504554450511932,0,LOW_RISK,0.0,
BioSpread,AD577,0.5657492876052856,review,0,0.5054187774658203,0,MODERATE_RISK,0.0,
BioSpread,UNSEEN::AH036,0.19348295032978058,medium,0,0.6503243744373322,0,LOW_RISK,0.0,
BioSpread,UNSEEN::AG297,0.1935545951128006,medium,0,0.6501919627189636,0,LOW_RISK,0.0,
BioSpread,AB040,0.731486976146698,review,1,0.5299008190631866,0,MODERATE_RISK,0.0,
BioSpread,AA541,0.7110921144485474,review,0,0.5218865871429443,0,MODERATE_RISK,0.0,
BioSpread,AF230,0.22336044907569885,medium,0,0.6540303826332092,0,LOW_RISK,0.0,
BioSpread,UNSEEN::AA271,0.19346937537193298,medium,0,0.6503445506095886,0,LOW_RISK,0.0,
BioSpread,UNSEEN::AA332,0.19249574840068817,medium,0,0.6524108052253723,0,LOW_RISK,0.0,
BioSpread,AA522,0.6646932363510132,review,0,0.5043220221996307,0,MODERATE_RISK,0.0,
BioSpread,AD157,0.5504531264305115,review,0,0.5480263829231262,0,MODERATE_RISK,0.0,
BioSpread,AF789,0.7137280702590942,review,0,0.5170466601848602,0,MODERATE_RISK,0.0,
BioSpread,AB444,0.7492846846580505,review,0,0.556056797504425,0,MODERATE_RISK,0.0,
BioSpread,UNSEEN::AD764,0.1934252679347992,medium,0,0.6504366397857666,0,LOW_RISK,0.0,
BioSpread,UNSEEN::AB718,0.19265484809875488,medium,0,0.6520353257656097,0,LOW_RISK,0.0,
BioSpread,AB879,0.27118125557899475,medium,0,0.6227869689464569,0,LOW_RISK,0.0,
BioSpread,UNSEEN::AH499,0.1934250295162201,medium,0,0.6504370272159576,0,LOW_RISK,0.0,
BioSpread,UNSEEN::AE378,0.19331111013889313,medium,0,0.6507495045661926,0,LOW_RISK,0.0,
BioSpread,UNSEEN::AD217,0.19349700212478638,medium,0,0.650303453207016,0,LOW_RISK,0.0,
BioSpread,AB523,0.531938910484314,review,0,0.5144045948982239,0,MODERATE_RISK,0.0,
BioSpread,AB080,0.6498596668243408,review,0,0.49798160791397095,0,MODERATE_RISK,0.0,
BioSpread,UNSEEN::AE369,0.19349579513072968,medium,0,0.6503058969974518,0,LOW_RISK,0.0,
BioSpread,AB977,0.708949089050293,review,0,0.5214028358459473,0,MODERATE_RISK,0.0,
BioSpread,AD943,0.6517105102539062,review,0,0.5039931237697601,0,MODERATE_RISK,0.0,
BioSpread,UNSEEN::AG078,0.19348295032978058,medium,0,0.6503243744373322,0,LOW_RISK,0.0,
BioSpread,AA472,0.7426064610481262,review,0,0.5493859350681305,0,MODERATE_RISK,0.0,
BioSpread,UNSEEN::AD609,0.19335541129112244,medium,0,0.6505677103996277,0,LOW_RISK,0.0,
BioSpread,UNSEEN::AG919,0.19346466660499573,medium,0,0.650374561548233,0,LOW_RISK,0.0,
BioSpread,UNSEEN::AD048,0.19349651038646698,medium,0,0.6503041982650757,0,LOW_RISK,0.0,
BioSpread,UNSEEN::AA051,0.1932559609413147,medium,0,0.6508139371871948,0,LOW_RISK,0.0,
BioSpread,UNSEEN::AE123,0.1930849254131317,medium,0,0.6510449945926666,0,LOW_RISK,0.0,
BioSpread,UNSEEN::AB017,0.1934087872505188,medium,0,0.650507241487503,0,LOW_RISK,0.0,
BioSpread,AB647,0.6199809908866882,review,0,0.49614888429641724,0,MODERATE_RISK,0.0,
BioSpread,AF414,0.4830412268638611,review,0,0.5243333280086517,0,LOW_RISK,0.0,
BioSpread,AA131,0.7134080529212952,review,0,0.5240588188171387,0,MODERATE_RISK,0.0,
BioSpread,AD425,0.5131949782371521,review,0,0.5288849771022797,0,MODERATE_RISK,0.0,
BioSpread,UNSEEN::AC166,0.19349651038646698,medium,0,0.6503041982650757,0,LOW_RISK,0.0,
BioSpread,AB269,0.7476111650466919,review,0,0.5536797046661377,0,MODERATE_RISK,0.0,
BioSpread,AC034,0.6286359429359436,review,0,0.5033487677574158,0,MODERATE_RISK,0.0,
BioSpread,AA461,0.6838504672050476,review,0,0.517071396112442,0,MODERATE_RISK,0.0,
BioSpread,UNSEEN::AD005,0.19343392550945282,medium,0,0.6504469215869904,0,LOW_RISK,0.0,
BioSpread,AG311,0.5412129759788513,review,0,0.5083049833774567,0,MODERATE_RISK,0.0,
BioSpread,AE802,0.7396447062492371,review,0,0.562593013048172,0,MODERATE_RISK,0.0,
BioSpread,AG978,0.5732541680335999,review,0,0.5037838220596313,0,MODERATE_RISK,0.0,
BioSpread,AD127,0.1765095591545105,medium,0,0.6774036288261414,0,LOW_RISK,0.0,
BioSpread,UNSEEN::AE172,0.19349651038646698,medium,0,0.6503041982650757,0,LOW_RISK,0.0,
BioSpread,UNSEEN::AE748,0.19341658055782318,medium,0,0.6504230499267578,0,LOW_RISK,0.0,
BioSpread,UNSEEN::AD719,0.19341614842414856,medium,0,0.6504271030426025,0,LOW_RISK,0.0,
BioSpread,AD792,0.5251288414001465,review,0,0.5167351365089417,0,MODERATE_RISK,0.0,
BioSpread,AB103,0.22344844043254852,medium,0,0.6539585292339325,0,LOW_RISK,0.0,
BioSpread,UNSEEN::AC699,0.19339360296726227,medium,0,0.6505313813686371,0,LOW_RISK,0.0,
BioSpread,UNSEEN::AG687,0.1934962421655655,medium,0,0.6503045856952667,0,LOW_RISK,0.0,
BioSpread,UNSEEN::AC972,0.19348320364952087,medium,0,0.6503239870071411,0,LOW_RISK,0.0,
BioSpread,AG213,0.46303310990333557,review,0,0.5274518728256226,0,LOW_RISK,0.0,
BioSpread,UNSEEN::AA268,0.19347038865089417,medium,0,0.6503430306911469,0,LOW_RISK,0.0,
BioSpread,AB742,0.7463969588279724,review,1,0.5490052998065948,0,MODERATE_RISK,0.0,
BioSpread,AF884,0.4831574559211731,review,0,0.5242894887924194,0,LOW_RISK,0.0,
BioSpread,UNSEEN::AB701,0.19349700212478638,medium,0,0.650303453207016,0,LOW_RISK,0.0,
BioSpread,AE677,0.6284590363502502,review,0,0.5103001296520233,0,MODERATE_RISK,0.0,
BioSpread,UNSEEN::AG369,0.19355511665344238,medium,0,0.6501911878585815,0,LOW_RISK,0.0,
BioSpread,UNSEEN::AA492,0.19342225790023804,medium,0,0.6504869759082794,0,LOW_RISK,0.0,
BioSpread,UNSEEN::AC043,0.19318296015262604,medium,0,0.650897353887558,0,LOW_RISK,0.0,
BioSpread,AB854,0.6959089636802673,review,1,0.513193815946579,0,MODERATE_RISK,0.0,
BioSpread,AE487,0.24219030141830444,medium,0,0.6381717622280121,0,LOW_RISK,0.0,
BioSpread,UNSEEN::AC963,0.19291408360004425,medium,0,0.6514685750007629,0,LOW_RISK,0.0,
BioSpread,AE579,0.6456295251846313,review,0,0.5157835781574249,0,MODERATE_RISK,0.0,
BioSpread,UNSEEN::AC443,0.19333986937999725,medium,0,0.6507293879985809,0,LOW_RISK,0.0,
BioSpread,UNSEEN::AA689,0.19349651038646698,medium,0,0.6503041982650757,0,LOW_RISK,0.0,
BioSpread,AB280,0.7442694306373596,review,0,0.5497473776340485,0,MODERATE_RISK,0.0,
BioSpread,AA014,0.5763562321662903,review,0,0.5263362228870392,0,MODERATE_RISK,0.0,
BioSpread,UNSEEN::AC188,0.1934836506843567,medium,0,0.6503234803676605,0,LOW_RISK,0.0,
BioSpread,AG016,0.6719803810119629,review,0,0.5150649547576904,0,MODERATE_RISK,0.0,
BioSpread,UNSEEN::AD937,0.19347012042999268,medium,0,0.6503434181213379,0,LOW_RISK,0.0,
BioSpread,UNSEEN::AF133,0.1934962421655655,medium,0,0.6503045856952667,0,LOW_RISK,0.0,
BioSpread,AE741,0.5397945046424866,review,0,0.5133275091648102,0,MODERATE_RISK,0.0,
BioSpread,AD615,0.722114622592926,review,0,0.5212405920028687,0,MODERATE_RISK,0.0,
BioSpread,AB039,0.7293154001235962,review,1,0.5322001278400421,0,MODERATE_RISK,0.0,
BioSpread,AG067,0.4831429421901703,review,0,0.524294912815094,0,LOW_RISK,0.0,
BioSpread,UNSEEN::AF943,0.19349700212478638,medium,0,0.650303453207016,0,LOW_RISK,0.0,
BioSpread,UNSEEN::AB971,0.19344349205493927,medium,0,0.6503829956054688,0,LOW_RISK,0.0,
BioSpread,UNSEEN::AD098,0.1934960037469864,medium,0,0.6503049731254578,0,LOW_RISK,0.0,
BioSpread,UNSEEN::AB861,0.19333131611347198,medium,0,0.6505764722824097,0,LOW_RISK,0.0,
BioSpread,UNSEEN::AF423,0.19349651038646698,medium,0,0.6503041982650757,0,LOW_RISK,0.0,
BioSpread,UNSEEN::AF024,0.19349651038646698,medium,0,0.6503041982650757,0,LOW_RISK,0.0,
BioSpread,UNSEEN::AF559,0.19349651038646698,medium,0,0.6503041982650757,0,LOW_RISK,0.0,
BioSpread,AB947,0.7484915852546692,review,1,0.5545360743999481,0,MODERATE_RISK,0.0,
BioSpread,UNSEEN::AE207,0.19348295032978058,medium,0,0.6503243744373322,0,LOW_RISK,0.0,
BioSpread,UNSEEN::AC782,0.19333167374134064,medium,0,0.6505767107009888,0,LOW_RISK,0.0,
BioSpread,UNSEEN::AB835,0.19304892420768738,medium,0,0.6511396169662476,0,LOW_RISK,0.0,
BioSpread,AG909,0.4830703139305115,review,0,0.5243223309516907,0,LOW_RISK,0.0,
BioSpread,AB233,0.7435369491577148,review,0,0.5431833565235138,0,MODERATE_RISK,0.0,
BioSpread,AG275,0.22340446710586548,medium,0,0.6539944112300873,0,LOW_RISK,0.0,
BioSpread,AA894,0.6998465061187744,review,0,0.51408252120018,0,MODERATE_RISK,0.0,
BioSpread,AD833,0.48496130108833313,review,0,0.5355027914047241,0,LOW_RISK,0.0,
BioSpread,UNSEEN::AA248,0.19355477392673492,medium,0,0.6501918435096741,0,LOW_RISK,0.0,
BioSpread,UNSEEN::AC223,0.19316473603248596,medium,0,0.6509210467338562,0,LOW_RISK,0.0,
BioSpread,AG707,0.5515674352645874,review,0,0.5112956166267395,0,MODERATE_RISK,0.0,
BioSpread,AC519,0.6753826141357422,review,0,0.5016793608665466,0,MODERATE_RISK,0.0,
BioSpread,UNSEEN::AE930,0.19329090416431427,medium,0,0.6508310437202454,0,LOW_RISK,0.0,
BioSpread,AF610,0.7250158786773682,review,0,0.5230063498020172,0,MODERATE_RISK,0.0,
BioSpread,AD894,0.6685071587562561,review,0,0.49649059772491455,0,MODERATE_RISK,0.0,
BioSpread,UNSEEN::AG955,0.19349676370620728,medium,0,0.6503038108348846,0,LOW_RISK,0.0,
BioSpread,AD369,0.6930720806121826,review,0,0.5061275660991669,0,MODERATE_RISK,0.0,
BioSpread,AB517,0.6348796486854553,review,0,0.4962209463119507,0,MODERATE_RISK,0.0,
BioSpread,UNSEEN::AE929,0.1932123452425003,medium,0,0.6508395671844482,0,LOW_RISK,0.0,
BioSpread,AC979,0.26261281967163086,medium,0,0.6279711425304413,0,LOW_RISK,0.0,
BioSpread,UNSEEN::AB138,0.1933654248714447,medium,0,0.6506676375865936,0,LOW_RISK,0.0,
BioSpread,UNSEEN::AC850,0.19347012042999268,medium,0,0.6503434181213379,0,LOW_RISK,0.0,
BioSpread,UNSEEN::AB125,0.19303067028522491,medium,0,0.6512897312641144,0,LOW_RISK,0.0,
BioSpread,UNSEEN::AH379,0.19348295032978058,medium,0,0.6503243744373322,0,LOW_RISK,0.0,
BioSpread,UNSEEN::AA806,0.19343993067741394,medium,0,0.6505054831504822,0,LOW_RISK,0.0,
BioSpread,UNSEEN::AC578,0.19304676353931427,medium,0,0.6512506008148193,0,LOW_RISK,0.0,
BioSpread,UNSEEN::AA318,0.19333498179912567,medium,0,0.6506474316120148,0,LOW_RISK,0.0,
BioSpread,UNSEEN::AG669,0.19349700212478638,medium,0,0.650303453207016,0,LOW_RISK,0.0,
BioSpread,AB122,0.6941289901733398,review,0,0.5167939364910126,0,MODERATE_RISK,0.0,
BioSpread,UNSEEN::AC860,0.1934962421655655,medium,0,0.6503045856952667,0,LOW_RISK,0.0,
BioSpread,AG488,0.5322378873825073,review,0,0.513854593038559,0,MODERATE_RISK,0.0,
BioSpread,UNSEEN::AA917,0.19308608770370483,medium,0,0.6511391401290894,0,LOW_RISK,0.0,
BioSpread,UNSEEN::AG103,0.19349676370620728,medium,0,0.6503038108348846,0,LOW_RISK,0.0,
BioSpread,AE960,0.6570785045623779,review,0,0.509272426366806,0,MODERATE_RISK,0.0,
BioSpread,AC421,0.25588783621788025,medium,0,0.6321049332618713,0,LOW_RISK,0.0,
BioSpread,AG478,0.5469700694084167,review,0,0.5117847621440887,0,MODERATE_RISK,0.0,
BioSpread,UNSEEN::AG504,0.1934109479188919,medium,0,0.6505263447761536,0,LOW_RISK,0.0,
BioSpread,AD799,0.39185672998428345,review,0,0.5551098585128784,0,LOW_RISK,0.0,
BioSpread,AA828,0.7426203489303589,review,1,0.548624724149704,0,MODERATE_RISK,0.0,
BioSpread,AD756,0.5391135215759277,review,0,0.5101935267448425,0,MODERATE_RISK,0.0,
BioSpread,AC246,0.7455261945724487,review,0,0.5546643435955048,0,MODERATE_RISK,0.0,
BioSpread,UNSEEN::AG822,0.1934960037469864,medium,0,0.6503049731254578,0,LOW_RISK,0.0,
BioSpread,AF420,0.46287280321121216,review,0,0.5456088483333588,0,LOW_RISK,0.0,
BioSpread,UNSEEN::AC910,0.19349372386932373,medium,0,0.6503108739852905,0,LOW_RISK,0.0,
BioSpread,AG678,0.5874999761581421,review,0,0.5103825330734253,0,MODERATE_RISK,0.0,
BioSpread,UNSEEN::AG657,0.1934962421655655,medium,0,0.6503045856952667,0,LOW_RISK,0.0,
BioSpread,UNSEEN::AH219,0.1934252679347992,medium,0,0.6504366397857666,0,LOW_RISK,0.0,
BioSpread,UNSEEN::AE377,0.19336184859275818,medium,0,0.6505765914916992,0,LOW_RISK,0.0,
BioSpread,UNSEEN::AG040,0.1934257447719574,medium,0,0.6504359245300293,0,LOW_RISK,0.0,
BioSpread,UNSEEN::AH343,0.1934962421655655,medium,0,0.6503045856952667,0,LOW_RISK,0.0,
BioSpread,UNSEEN::AD308,0.19319497048854828,medium,0,0.6509850323200226,0,LOW_RISK,0.0,
BioSpread,UNSEEN::AB925,0.19342195987701416,medium,0,0.6505557298660278,0,LOW_RISK,0.0,
BioSpread,UNSEEN::AC485,0.19342875480651855,medium,0,0.6505448520183563,0,LOW_RISK,0.0,
BioSpread,AE223,0.5388041734695435,review,0,0.5102626085281372,0,MODERATE_RISK,0.0,
BioSpread,UNSEEN::AF967,0.19348295032978058,medium,0,0.6503243744373322,0,LOW_RISK,0.0,
BioSpread,UNSEEN::AB725,0.19342364370822906,medium,0,0.6505078673362732,0,LOW_RISK,0.0,
BioSpread,UNSEEN::AA464,0.19341231882572174,medium,0,0.6504560708999634,0,LOW_RISK,0.0,
BioSpread,AE339,0.2234572470188141,medium,0,0.6539513170719147,0,LOW_RISK,0.0,
BioSpread,AF923,0.4830703139305115,review,0,0.5243223309516907,0,LOW_RISK,0.0,
BioSpread,AB733,0.707436203956604,review,0,0.5223539173603058,0,MODERATE_RISK,0.0,
BioSpread,AA372,0.7456798553466797,review,1,0.5436262488365173,0,MODERATE_RISK,0.0,
BioSpread,UNSEEN::AD175,0.19333605468273163,medium,0,0.6506201326847076,0,LOW_RISK,0.0,
BioSpread,UNSEEN::AG223,0.19339869916439056,medium,0,0.6504761874675751,0,LOW_RISK,0.0,
BioSpread,AE268,0.4831574559211731,review,0,0.5242894887924194,0,LOW_RISK,0.0,
BioSpread,AD285,0.6977078318595886,review,0,0.5211230516433716,0,MODERATE_RISK,0.0,
BioSpread,UNSEEN::AA223,0.1933838129043579,medium,0,0.6504997611045837,0,LOW_RISK,0.0,
BioSpread,AF189,0.6580231785774231,review,0,0.49728018045425415,0,MODERATE_RISK,0.0,
BioSpread,UNSEEN::AD317,0.19336341321468353,medium,0,0.650579184293747,0,LOW_RISK,0.0,
BioSpread,AE635,0.5914971828460693,review,0,0.5115200281143188,0,MODERATE_RISK,0.0,
BioSpread,AD816,0.5403846502304077,review,0,0.5099150240421295,0,MODERATE_RISK,0.0,
BioSpread,AF814,0.6772226095199585,review,0,0.5146273672580719,0,MODERATE_RISK,0.0,
BioSpread,UNSEEN::AH040,0.1934252679347992,medium,0,0.6504366397857666,0,LOW_RISK,0.0,
BioSpread,AF906,0.1737774908542633,medium,0,0.6842977702617645,0,LOW_RISK,0.0,
BioSpread,AD642,0.6559619307518005,review,0,0.5009489953517914,0,MODERATE_RISK,0.0,
BioSpread,AE232,0.6776246428489685,review,0,0.5159849524497986,0,MODERATE_RISK,0.0,
BioSpread,UNSEEN::AB437,0.19348563253879547,medium,0,0.6503304541110992,0,LOW_RISK,0.0,
BioSpread,AF320,0.4631405472755432,review,0,0.5274079144001007,0,LOW_RISK,0.0,
BioSpread,UNSEEN::AC395,0.19334164261817932,medium,0,0.6505882143974304,0,LOW_RISK,0.0,
BioSpread,UNSEEN::AH308,0.19404816627502441,medium,0,0.6494284868240356,0,LOW_RISK,0.0,
BioSpread,UNSEEN::AH350,0.1934131383895874,medium,0,0.6505453586578369,0,LOW_RISK,0.0,
BioSpread,UNSEEN::AG142,0.1934884488582611,medium,0,0.6503832340240479,0,LOW_RISK,0.0,
BioSpread,UNSEEN::AF964,0.19355511665344238,medium,0,0.6501911878585815,0,LOW_RISK,0.0,
BioSpread,AB737,0.3422336280345917,review,0,0.5757095515727997,0,LOW_RISK,0.0,
BioSpread,AE364,0.62001633644104,review,0,0.5044098198413849,0,MODERATE_RISK,0.0,
BioSpread,AA038,0.744105339050293,review,1,0.5441835522651672,0,MODERATE_RISK,0.0,
BioSpread,AD227,0.7410112023353577,review,0,0.5528225600719452,0,MODERATE_RISK,0.0,
BioSpread,UNSEEN::AF089,0.1934088170528412,medium,0,0.650507003068924,0,LOW_RISK,0.0,
BioSpread,AG440,0.5328651666641235,review,0,0.5113240778446198,0,MODERATE_RISK,0.0,
BioSpread,UNSEEN::AG796,0.19349700212478638,medium,0,0.650303453207016,0,LOW_RISK,0.0,
BioSpread,AB008,0.7468193769454956,review,1,0.5521939694881439,0,MODERATE_RISK,0.0,
BioSpread,AD104,0.4186743497848511,review,0,0.5590866208076477,0,LOW_RISK,0.0,
BioSpread,AA840,0.7451508045196533,review,1,0.5468644797801971,0,MODERATE_RISK,0.0,
BioSpread,UNSEEN::AD237,0.19335514307022095,medium,0,0.6505871117115021,0,LOW_RISK,0.0,
BioSpread,AC748,0.7230467200279236,review,0,0.523300975561142,0,MODERATE_RISK,0.0,
BioSpread,UNSEEN::AG779,0.19342666864395142,medium,0,0.6505496799945831,0,LOW_RISK,0.0,
BioSpread,AB084,0.664132297039032,review,0,0.5022614896297455,0,MODERATE_RISK,0.0,
BioSpread,UNSEEN::AG364,0.19353508949279785,medium,0,0.6503098607063293,0,LOW_RISK,0.0,
BioSpread,AG703,0.22338683903217316,medium,0,0.6540088057518005,0,LOW_RISK,0.0,
BioSpread,UNSEEN::AF497,0.1931915432214737,medium,0,0.6509856581687927,0,LOW_RISK,0.0,
BioSpread,UNSEEN::AD898,0.1935548633337021,medium,0,0.6501915454864502,0,LOW_RISK,0.0,
BioSpread,UNSEEN::AE326,0.1934826374053955,medium,0,0.6503250002861023,0,LOW_RISK,0.0,
BioSpread,UNSEEN::AB633,0.19272199273109436,medium,0,0.65190789103508,0,LOW_RISK,0.0,
BioSpread,UNSEEN::AA022,0.19294756650924683,medium,0,0.6514523029327393,0,LOW_RISK,0.0,
BioSpread,UNSEEN::AA317,0.1935545951128006,medium,0,0.6501919627189636,0,LOW_RISK,0.0,
BioSpread,AE491,0.6734154224395752,review,0,0.503413587808609,0,MODERATE_RISK,0.0,
BioSpread,AA097,0.7444078922271729,review,0,0.5612256228923798,0,MODERATE_RISK,0.0,
BioSpread,AD289,0.6669507026672363,review,0,0.505813866853714,0,MODERATE_RISK,0.0,
BioSpread,AA263,0.4830993711948395,review,0,0.5243113934993744,0,LOW_RISK,0.0,
BioSpread,AB510,0.5318577289581299,review,0,0.5115585327148438,0,MODERATE_RISK,0.0,
BioSpread,UNSEEN::AG730,0.19349700212478638,medium,0,0.650303453207016,0,LOW_RISK,0.0,
BioSpread,UNSEEN::AE858,0.1934838593006134,medium,0,0.6504131257534027,0,LOW_RISK,0.0,
BioSpread,AB635,0.6988341808319092,review,0,0.5148847997188568,0,MODERATE_RISK,0.0,
BioSpread,AF912,0.6623310446739197,review,0,0.5047734975814819,0,MODERATE_RISK,0.0,
BioSpread,UNSEEN::AA975,0.1935020536184311,medium,0,0.6502707302570343,0,LOW_RISK,0.0,
BioSpread,UNSEEN::AG638,0.19333817064762115,medium,0,0.6506398618221283,0,LOW_RISK,0.0,
BioSpread,UNSEEN::AE421,0.1934257447719574,medium,0,0.6504359245300293,0,LOW_RISK,0.0,
BioSpread,AF562,0.2625596523284912,medium,0,0.6292152404785156,0,LOW_RISK,0.0,
BioSpread,AC368,0.25588783621788025,medium,0,0.6321049332618713,0,LOW_RISK,0.0,
BioSpread,UNSEEN::AC044,0.19339562952518463,medium,0,0.6504833102226257,0,LOW_RISK,0.0,
BioSpread,UNSEEN::AA042,0.1933508664369583,medium,0,0.6505776941776276,0,LOW_RISK,0.0,
BioSpread,AG077,0.7468811273574829,review,0,0.5613038241863251,0,MODERATE_RISK,0.0,
BioSpread,AE541,0.5157791376113892,review,0,0.516319066286087,0,MODERATE_RISK,0.0,
BioSpread,UNSEEN::AE958,0.19336062669754028,medium,0,0.6506294012069702,0,LOW_RISK,0.0,
BioSpread,UNSEEN::AE359,0.19318725168704987,medium,0,0.6508744060993195,0,LOW_RISK,0.0,
BioSpread,UNSEEN::AG263,0.1934257447719574,medium,0,0.6504359245300293,0,LOW_RISK,0.0,
BioSpread,AB561,0.7465124726295471,review,1,0.5533458590507507,0,MODERATE_RISK,0.0,
BioSpread,AA800,0.7431991100311279,review,0,0.5442108511924744,0,MODERATE_RISK,0.0,
BioSpread,UNSEEN::AF499,0.1934962421655655,medium,0,0.6503045856952667,0,LOW_RISK,0.0,
BioSpread,AC736,0.7367274165153503,review,0,0.5719351768493652,0,MODERATE_RISK,0.0,
BioSpread,UNSEEN::AC336,0.1933596432209015,medium,0,0.6506263017654419,0,LOW_RISK,0.0,
BioSpread,UNSEEN::AC535,0.1922159492969513,medium,0,0.6527431905269623,0,LOW_RISK,0.0,
BioSpread,AG256,0.6299468874931335,review,0,0.5028542876243591,0,MODERATE_RISK,0.0,
BioSpread,UNSEEN::AH099,0.19349676370620728,medium,0,0.6503038108348846,0,LOW_RISK,0.0,
BioSpread,AA219,0.6204861998558044,review,0,0.5041100084781647,0,MODERATE_RISK,0.0,
BioSpread,UNSEEN::AD911,0.1933518797159195,medium,0,0.6505762040615082,0,LOW_RISK,0.0,
BioSpread,AA520,0.7324233651161194,review,0,0.5288673043251038,0,MODERATE_RISK,0.0,
BioSpread,UNSEEN::AA582,0.19346292316913605,medium,0,0.6504270434379578,0,LOW_RISK,0.0,
BioSpread,UNSEEN::AC815,0.19336311519145966,medium,0,0.6506485939025879,0,LOW_RISK,0.0,
BioSpread,AD131,0.6590579152107239,review,0,0.5005368292331696,0,MODERATE_RISK,0.0,
BioSpread,AE475,0.5230480432510376,review,0,0.5120110511779785,0,MODERATE_RISK,0.0,
BioSpread,AG338,0.7068296074867249,review,0,0.511193722486496,0,MODERATE_RISK,0.0,
BioSpread,UNSEEN::AD197,0.19354090094566345,medium,0,0.650212287902832,0,LOW_RISK,0.0,
BioSpread,UNSEEN::AB022,0.19329136610031128,medium,0,0.6506368815898895,0,LOW_RISK,0.0,
BioSpread,AE619,0.6375452876091003,review,0,0.49649035930633545,0,MODERATE_RISK,0.0,
BioSpread,UNSEEN::AC172,0.19349651038646698,medium,0,0.6503041982650757,0,LOW_RISK,0.0,
BioSpread,UNSEEN::AE263,0.19348344206809998,medium,0,0.6503235995769501,0,LOW_RISK,0.0,
BioSpread,AG936,0.3323923647403717,review,0,0.5806067883968353,0,LOW_RISK,0.0,
BioSpread,UNSEEN::AC554,0.19334276020526886,medium,0,0.6506779789924622,0,LOW_RISK,0.0,
BioSpread,AC834,0.7433176636695862,review,0,0.5550141930580139,0,MODERATE_RISK,0.0,
BioSpread,UNSEEN::AA630,0.19337573647499084,medium,0,0.6505307555198669,0,LOW_RISK,0.0,
BioSpread,UNSEEN::AC249,0.1934637874364853,medium,0,0.6503579020500183,0,LOW_RISK,0.0,
BioSpread,UNSEEN::AC643,0.19345678389072418,medium,0,0.6503634452819824,0,LOW_RISK,0.0,
BioSpread,AD878,0.6535467505455017,review,0,0.499764084815979,0,MODERATE_RISK,0.0,
BioSpread,AF519,0.6510504484176636,review,0,0.504609078168869,0,MODERATE_RISK,0.0,
BioSpread,UNSEEN::AA181,0.19268649816513062,medium,0,0.6518239080905914,0,LOW_RISK,0.0,
BioSpread,UNSEEN::AF063,0.19349651038646698,medium,0,0.6503041982650757,0,LOW_RISK,0.0,
BioSpread,UNSEEN::AC522,0.19349700212478638,medium,0,0.650303453207016,0,LOW_RISK,0.0,
BioSpread,UNSEEN::AB683,0.1927177608013153,medium,0,0.6519604623317719,0,LOW_RISK,0.0,
BioSpread,AG672,0.48292502760887146,review,0,0.5243771970272064,0,LOW_RISK,0.0,
BioSpread,UNSEEN::AE577,0.19223910570144653,medium,0,0.6527397334575653,0,LOW_RISK,0.0,
BioSpread,UNSEEN::AH335,0.19349700212478638,medium,0,0.650303453207016,0,LOW_RISK,0.0,
BioSpread,AE629,0.22339561581611633,medium,0,0.6540016531944275,0,LOW_RISK,0.0,
BioSpread,UNSEEN::AB763,0.19339820742607117,medium,0,0.6504769325256348,0,LOW_RISK,0.0,
BioSpread,UNSEEN::AH473,0.19341208040714264,medium,0,0.6504562795162201,0,LOW_RISK,0.0,
BioSpread,AG176,0.5322666168212891,review,0,0.5152722001075745,0,MODERATE_RISK,0.0,
BioSpread,AA777,0.2631348669528961,medium,0,0.6276309490203857,0,LOW_RISK,0.0,
BioSpread,AH321,0.4519210159778595,review,0,0.5449535846710205,0,LOW_RISK,0.0,
BioSpread,UNSEEN::AD846,0.19342604279518127,medium,0,0.6504355072975159,0,LOW_RISK,0.0,
BioSpread,AG645,0.3549535870552063,review,0,0.5813626646995544,0,LOW_RISK,0.0,
BioSpread,UNSEEN::AE909,0.1933857947587967,medium,0,0.6504953801631927,0,LOW_RISK,0.0,
BioSpread,AE163,0.600975513458252,review,0,0.5006502866744995,0,MODERATE_RISK,0.0,
BioSpread,AD042,0.6619636416435242,review,0,0.49596142768859863,0,MODERATE_RISK,0.0,
BioSpread,UNSEEN::AD466,0.19257999956607819,medium,0,0.652113676071167,0,LOW_RISK,0.0,
BioSpread,AE564,0.7452729344367981,review,0,0.5433993935585022,0,MODERATE_RISK,0.0,
BioSpread,AH398,0.2233780324459076,medium,0,0.6540160179138184,0,LOW_RISK,0.0,
BioSpread,UNSEEN::AG482,0.1934068202972412,medium,0,0.6504873037338257,0,LOW_RISK,0.0,
BioSpread,UNSEEN::AA395,0.19348669052124023,medium,0,0.6503635346889496,0,LOW_RISK,0.0,
BioSpread,UNSEEN::AC278,0.19348371028900146,medium,0,0.6503232419490814,0,LOW_RISK,0.0,
BioSpread,UNSEEN::AE747,0.19342993199825287,medium,0,0.6504031717777252,0,LOW_RISK,0.0,
BioSpread,UNSEEN::AB826,0.19300714135169983,medium,0,0.651475340127945,0,LOW_RISK,0.0,
BioSpread,AF329,0.7413905262947083,review,0,0.5609310567378998,0,MODERATE_RISK,0.0,
BioSpread,UNSEEN::AA640,0.19343778491020203,medium,0,0.650486171245575,0,LOW_RISK,0.0,
BioSpread,UNSEEN::AF397,0.19348695874214172,medium,0,0.6502954661846161,0,LOW_RISK,0.0,
BioSpread,UNSEEN::AC811,0.1934836506843567,medium,0,0.6503234803676605,0,LOW_RISK,0.0,
BioSpread,AA451,0.7442862391471863,review,0,0.5482516586780548,0,MODERATE_RISK,0.0,
BioSpread,UNSEEN::AF540,0.19343087077140808,medium,0,0.650454044342041,0,LOW_RISK,0.0,
BioSpread,AB290,0.6486364006996155,review,0,0.4989081025123596,0,MODERATE_RISK,0.0,
BioSpread,AB625,0.7468979358673096,review,0,0.5608436763286591,0,MODERATE_RISK,0.0,
BioSpread,UNSEEN::AE663,0.19341236352920532,medium,0,0.6504558622837067,0,LOW_RISK,0.0,
BioSpread,AH098,0.1925693154335022,medium,0,0.6849701702594757,0,LOW_RISK,0.0,
BioSpread,UNSEEN::AC865,0.19349700212478638,medium,0,0.650303453207016,0,LOW_RISK,0.0,
BioSpread,UNSEEN::AD919,0.19340653717517853,medium,0,0.650554895401001,0,LOW_RISK,0.0,
BioSpread,AD723,0.7071461081504822,review,0,0.5207138061523438,0,MODERATE_RISK,0.0,
BioSpread,AE592,0.22348369657993317,medium,0,0.653929740190506,0,LOW_RISK,0.0,
BioSpread,AE129,0.648928701877594,review,0,0.502058744430542,0,MODERATE_RISK,0.0,
BioSpread,UNSEEN::AE103,0.1933273822069168,medium,0,0.6506102681159973,0,LOW_RISK,0.0,
BioSpread,AF078,0.6336358189582825,review,0,0.49684280157089233,0,MODERATE_RISK,0.0,
BioSpread,UNSEEN::AG935,0.19354084134101868,medium,0,0.6502125561237335,0,LOW_RISK,0.0,
BioSpread,UNSEEN::AB573,0.1934831440448761,medium,0,0.6503242552280426,0,LOW_RISK,0.0,
BioSpread,AA850,0.7456849813461304,review,0,0.5499435663223267,0,MODERATE_RISK,0.0,
BioSpread,UNSEEN::AF992,0.19328495860099792,medium,0,0.6507003605365753,0,LOW_RISK,0.0,
BioSpread,UNSEEN::AF817,0.1934962421655655,medium,0,0.6503045856952667,0,LOW_RISK,0.0,
BioSpread,UNSEEN::AC137,0.19258879125118256,medium,0,0.6520317494869232,0,LOW_RISK,0.0,
BioSpread,AG033,0.6876562237739563,review,0,0.5129671990871429,0,MODERATE_RISK,0.0,
BioSpread,UNSEEN::AA058,0.1969563215970993,medium,0,0.6463989913463593,0,LOW_RISK,0.0,
BioSpread,UNSEEN::AB392,0.1935548633337021,medium,0,0.6501915454864502,0,LOW_RISK,0.0,
BioSpread,UNSEEN::AA672,0.19281892478466034,medium,0,0.6516545712947845,0,LOW_RISK,0.0,
BioSpread,AA704,0.5586880445480347,review,0,0.5097861588001251,0,MODERATE_RISK,0.0,
BioSpread,UNSEEN::AD245,0.1933278739452362,medium,0,0.6506087481975555,0,LOW_RISK,0.0,
BioSpread,UNSEEN::AC097,0.19348344206809998,medium,0,0.6503235995769501,0,LOW_RISK,0.0,
BioSpread,AG800,0.7491101622581482,review,0,0.5562042891979218,0,MODERATE_RISK,0.0,
BioSpread,AB565,0.5732795596122742,review,0,0.5037774741649628,0,MODERATE_RISK,0.0,
BioSpread,AH495,0.2796366810798645,medium,0,0.6099723875522614,0,LOW_RISK,0.0,
BioSpread,AA466,0.5983297228813171,review,0,0.5072555243968964,0,MODERATE_RISK,0.0,
BioSpread,AA357,0.745664119720459,review,0,0.5461247265338898,0,MODERATE_RISK,0.0,
BioSpread,AB722,0.7417945265769958,review,0,0.5561096370220184,0,MODERATE_RISK,0.0,
BioSpread,UNSEEN::AA156,0.1930738091468811,medium,0,0.6511200368404388,0,LOW_RISK,0.0,
BioSpread,UNSEEN::AF533,0.19349651038646698,medium,0,0.6503041982650757,0,LOW_RISK,0.0,
BioSpread,UNSEEN::AB484,0.19328664243221283,medium,0,0.6507900059223175,0,LOW_RISK,0.0,
BioSpread,UNSEEN::AD731,0.19326603412628174,medium,0,0.6507521569728851,0,LOW_RISK,0.0,
BioSpread,AG088,0.25842157006263733,medium,0,0.6357704699039459,0,LOW_RISK,0.0,
BioSpread,AA400,0.7465890049934387,review,1,0.5472403764724731,0,MODERATE_RISK,0.0,
BioSpread,UNSEEN::AC061,0.19342604279518127,medium,0,0.6504355072975159,0,LOW_RISK,0.0,
BioSpread,UNSEEN::AG523,0.19352185726165771,medium,0,0.6503297388553619,0,LOW_RISK,0.0,
BioSpread,UNSEEN::AE544,0.19341236352920532,medium,0,0.6504558622837067,0,LOW_RISK,0.0,
BioSpread,AE956,0.667655348777771,review,0,0.50285404920578,0,MODERATE_RISK,0.0,
BioSpread,UNSEEN::AD060,0.19323930144309998,medium,0,0.6507723331451416,0,LOW_RISK,0.0,
BioSpread,AA410,0.7431360483169556,review,1,0.5484638810157776,0,MODERATE_RISK,0.0,
BioSpread,UNSEEN::AA072,0.19339141249656677,medium,0,0.6504933834075928,0,LOW_RISK,0.0,
BioSpread,UNSEEN::AD699,0.19348128139972687,medium,0,0.6503280997276306,0,LOW_RISK,0.0,
BioSpread,AF680,0.2793319821357727,medium,0,0.6195271015167236,0,LOW_RISK,0.0,
BioSpread,AA578,0.7238024473190308,review,0,0.5303511917591095,0,MODERATE_RISK,0.0,
BioSpread,UNSEEN::AD825,0.19290152192115784,medium,0,0.6515195667743683,0,LOW_RISK,0.0,
BioSpread,AB282,0.7446223497390747,review,0,0.552164763212204,0,MODERATE_RISK,0.0,
BioSpread,UNSEEN::AD918,0.19337134063243866,medium,0,0.6505168974399567,0,LOW_RISK,0.0,
BioSpread,UNSEEN::AC213,0.1931244432926178,medium,0,0.6510969400405884,0,LOW_RISK,0.0,
BioSpread,UNSEEN::AH101,0.19342604279518127,medium,0,0.6504355072975159,0,LOW_RISK,0.0,
BioSpread,AC734,0.735866904258728,review,0,0.5643638372421265,0,MODERATE_RISK,0.0,
BioSpread,AE023,0.4631558954715729,review,0,0.5274016261100769,0,LOW_RISK,0.0,
BioSpread,UNSEEN::AF218,0.1928844153881073,medium,0,0.6515486240386963,0,LOW_RISK,0.0,
BioSpread,AF251,0.5382205247879028,review,0,0.5227325260639191,0,MODERATE_RISK,0.0,
BioSpread,AF908,0.6933941841125488,review,1,0.5094671547412872,0,MODERATE_RISK,0.0,
BioSpread,UNSEEN::AA384,0.1934250295162201,medium,0,0.6504370272159576,0,LOW_RISK,0.0,
BioSpread,AD291,0.6657715439796448,review,0,0.5022649765014648,0,MODERATE_RISK,0.0,
BioSpread,UNSEEN::AB549,0.19298817217350006,medium,0,0.6513020694255829,0,LOW_RISK,0.0,
BioSpread,AB538,0.7553677558898926,review,0,0.5764681696891785,0,MODERATE_RISK,0.0,
BioSpread,AG559,0.22340446710586548,medium,0,0.6539944112300873,0,LOW_RISK,0.0,
BioSpread,UNSEEN::AH081,0.19335174560546875,medium,0,0.6506192088127136,0,LOW_RISK,0.0,
BioSpread,UNSEEN::AC931,0.1934250295162201,medium,0,0.6504370272159576,0,LOW_RISK,0.0,
BioSpread,UNSEEN::AA496,0.19342553615570068,medium,0,0.650436282157898,0,LOW_RISK,0.0,
BioSpread,AD944,0.7086873054504395,review,0,0.5066453814506531,0,MODERATE_RISK,0.0,
BioSpread,UNSEEN::AD238,0.1935543566942215,medium,0,0.6501923203468323,0,LOW_RISK,0.0,
BioSpread,AC624,0.5364334583282471,review,0,0.5224597156047821,0,MODERATE_RISK,0.0,
BioSpread,UNSEEN::AF403,0.19342604279518127,medium,0,0.6504355072975159,0,LOW_RISK,0.0,
BioSpread,AG390,0.6122384071350098,review,0,0.5084930658340454,0,MODERATE_RISK,0.0,
BioSpread,UNSEEN::AG496,0.19341976940631866,medium,0,0.6505362689495087,0,LOW_RISK,0.0,
BioSpread,AE924,0.7450190186500549,review,0,0.545788049697876,0,MODERATE_RISK,0.0,
BioSpread,UNSEEN::AG854,0.19349700212478638,medium,0,0.650303453207016,0,LOW_RISK,0.0,
BioSpread,UNSEEN::AA095,0.19335252046585083,medium,0,0.6506422162055969,0,LOW_RISK,0.0,
BioSpread,UNSEEN::AG738,0.1934126317501068,medium,0,0.6504554450511932,0,LOW_RISK,0.0,
BioSpread,AE721,0.27967533469200134,medium,0,0.6099456548690796,0,LOW_RISK,0.0,
BioSpread,AD549,0.6885699033737183,review,0,0.5167743563652039,0,MODERATE_RISK,0.0,
BioSpread,AA197,0.2638920545578003,medium,0,0.6326212584972382,0,LOW_RISK,0.0,
BioSpread,AE439,0.4631098508834839,review,0,0.5274204313755035,0,LOW_RISK,0.0,
BioSpread,UNSEEN::AB263,0.19341257214546204,medium,0,0.6504557132720947,0,LOW_RISK,0.0,
BioSpread,AC969,0.7431972622871399,review,1,0.5435605645179749,0,MODERATE_RISK,0.0,
BioSpread,UNSEEN::AD791,0.19348320364952087,medium,0,0.6503239870071411,0,LOW_RISK,0.0,
BioSpread,UNSEEN::AC383,0.19349700212478638,medium,0,0.650303453207016,0,LOW_RISK,0.0,
BioSpread,AD100,0.7465786337852478,review,1,0.5474700331687927,0,MODERATE_RISK,0.0,
BioSpread,UNSEEN::AG328,0.19348320364952087,medium,0,0.6503239870071411,0,LOW_RISK,0.0,
BioSpread,AE199,0.6688942909240723,review,0,0.503142386674881,0,MODERATE_RISK,0.0,
BioSpread,AA215,0.7410093545913696,review,0,0.5602383613586426,0,MODERATE_RISK,0.0,
BioSpread,AC744,0.687238335609436,review,0,0.5060199499130249,0,MODERATE_RISK,0.0,
BioSpread,AA243,0.2653677463531494,medium,0,0.6272507309913635,0,LOW_RISK,0.0,
BioSpread,UNSEEN::AG370,0.19342878460884094,medium,0,0.6505446135997772,0,LOW_RISK,0.0,
BioSpread,UNSEEN::AC145,0.19320368766784668,medium,0,0.6508718132972717,0,LOW_RISK,0.0,
BioSpread,AB773,0.6329551339149475,review,0,0.49265116453170776,0,MODERATE_RISK,0.0,
BioSpread,AF535,0.26915526390075684,medium,1,0.6249559819698334,0,LOW_RISK,0.0,
BioSpread,UNSEEN::AD746,0.1933111697435379,medium,0,0.6506798565387726,0,LOW_RISK,0.0,
BioSpread,AD881,0.6844676733016968,review,0,0.5080985426902771,0,MODERATE_RISK,0.0,
BioSpread,AA848,0.7460991740226746,review,0,0.5500953197479248,0,MODERATE_RISK,0.0,
BioSpread,UNSEEN::AE690,0.19287651777267456,medium,0,0.6516499519348145,0,LOW_RISK,0.0,
BioSpread,UNSEEN::AC527,0.19248329102993011,medium,0,0.6521568298339844,0,LOW_RISK,0.0,
BioSpread,UNSEEN::AA419,0.19603906571865082,medium,0,0.6487967073917389,0,LOW_RISK,0.0,
BioSpread,UNSEEN::AH140,0.1932571679353714,medium,0,0.6507419943809509,0,LOW_RISK,0.0,
BioSpread,UNSEEN::AG778,0.1934257447719574,medium,0,0.6504359245300293,0,LOW_RISK,0.0,
BioSpread,UNSEEN::AC817,0.19348473846912384,medium,0,0.6503441631793976,0,LOW_RISK,0.0,
BioSpread,AF761,0.7289866805076599,review,0,0.529286801815033,0,MODERATE_RISK,0.0,
BioSpread,AH032,0.573262631893158,review,0,0.5037817060947418,0,MODERATE_RISK,0.0,
BioSpread,UNSEEN::AC287,0.19739428162574768,medium,0,0.6454291343688965,0,LOW_RISK,0.0,
BioSpread,UNSEEN::AH475,0.19349676370620728,medium,0,0.6503038108348846,0,LOW_RISK,0.0,
BioSpread,UNSEEN::AH464,0.19349676370620728,medium,0,0.6503038108348846,0,LOW_RISK,0.0,
BioSpread,AA366,0.6721273064613342,review,0,0.5148217380046844,0,MODERATE_RISK,0.0,
BioSpread,UNSEEN::AC023,0.1934962421655655,medium,0,0.6503045856952667,0,LOW_RISK,0.0,
BioSpread,UNSEEN::AA594,0.1966160386800766,medium,0,0.6472639441490173,0,LOW_RISK,0.0,
BioSpread,UNSEEN::AG842,0.19342434406280518,medium,0,0.6505061686038971,0,LOW_RISK,0.0,
BioSpread,UNSEEN::AB543,0.1934729665517807,medium,0,0.6503480672836304,0,LOW_RISK,0.0,
BioSpread,AB976,0.7485272884368896,review,0,0.5559536814689636,0,MODERATE_RISK,0.0,
BioSpread,UNSEEN::AF217,0.19349700212478638,medium,0,0.650303453207016,0,LOW_RISK,0.0,
BioSpread,UNSEEN::AF930,0.1935449093580246,medium,0,0.6501835584640503,0,LOW_RISK,0.0,
BioSpread,UNSEEN::AB521,0.1935451328754425,medium,0,0.650183230638504,0,LOW_RISK,0.0,
BioSpread,UNSEEN::AE723,0.19349676370620728,medium,0,0.6503038108348846,0,LOW_RISK,0.0,
BioSpread,UNSEEN::AE494,0.1932326704263687,medium,0,0.6509242057800293,0,LOW_RISK,0.0,
BioSpread,UNSEEN::AB542,0.19272536039352417,medium,0,0.6517976224422455,0,LOW_RISK,0.0,
BioSpread,UNSEEN::AG498,0.1934257447719574,medium,0,0.6504359245300293,0,LOW_RISK,0.0,
BioSpread,UNSEEN::AA029,0.1934674084186554,medium,0,0.6504047811031342,0,LOW_RISK,0.0,
BioSpread,AB906,0.5240828394889832,review,0,0.513762354850769,0,MODERATE_RISK,0.0,
BioSpread,AC530,0.714466392993927,review,0,0.5151165425777435,0,MODERATE_RISK,0.0,
BioSpread,AB338,0.7003089189529419,review,1,0.518595963716507,0,MODERATE_RISK,0.0,
BioSpread,AE877,0.4831864833831787,review,0,0.5242785215377808,0,LOW_RISK,0.0,
BioSpread,AD929,0.4631405472755432,review,0,0.5274079144001007,0,LOW_RISK,0.0,
BioSpread,UNSEEN::AD257,0.19341208040714264,medium,0,0.6504562795162201,0,LOW_RISK,0.0,
BioSpread,AF409,0.19873133301734924,medium,0,0.6791555285453796,0,LOW_RISK,0.0,
BioSpread,UNSEEN::AA555,0.1930057555437088,medium,0,0.6513451039791107,0,LOW_RISK,0.0,
BioSpread,UNSEEN::AF009,0.19340038299560547,medium,0,0.6504963338375092,0,LOW_RISK,0.0,
BioSpread,UNSEEN::AA502,0.19332841038703918,medium,0,0.6506079435348511,0,LOW_RISK,0.0,
BioSpread,AE623,0.6891459822654724,review,0,0.5082028806209564,0,MODERATE_RISK,0.0,
BioSpread,AD335,0.7177104353904724,review,1,0.528750866651535,0,MODERATE_RISK,0.0,
BioSpread,AF505,0.4630637764930725,review,0,0.5274393260478973,0,LOW_RISK,0.0,
BioSpread,AF632,0.7452304363250732,review,0,0.5518363118171692,0,MODERATE_RISK,0.0,
BioSpread,UNSEEN::AD932,0.19343538582324982,medium,0,0.6505354940891266,0,LOW_RISK,0.0,
BioSpread,AC755,0.705698549747467,review,0,0.5178788602352142,0,MODERATE_RISK,0.0,
BioSpread,AD366,0.26460030674934387,medium,0,0.6283445656299591,0,LOW_RISK,0.0,
BioSpread,UNSEEN::AG068,0.1935543566942215,medium,0,0.6501923203468323,0,LOW_RISK,0.0,
BioSpread,UNSEEN::AG243,0.19354110956192017,medium,0,0.6502119600772858,0,LOW_RISK,0.0,
BioSpread,AD633,0.577684223651886,review,0,0.49976468086242676,0,MODERATE_RISK,0.0,
BioSpread,AF111,0.531685471534729,review,0,0.5244548320770264,0,MODERATE_RISK,0.0,
BioSpread,AA003,0.7485429644584656,review,0,0.5549715757369995,0,MODERATE_RISK,0.0,
BioSpread,UNSEEN::AG165,0.1931559294462204,medium,0,0.6509727537631989,0,LOW_RISK,0.0,
BioSpread,AH410,0.1951107680797577,medium,0,0.6819258034229279,0,LOW_RISK,0.0,
BioSpread,AA236,0.6833004355430603,review,0,0.507426530122757,0,MODERATE_RISK,0.0,
BioSpread,UNSEEN::AF421,0.19346456229686737,medium,0,0.6503750681877136,0,LOW_RISK,0.0,
BioSpread,UNSEEN::AE788,0.1921764761209488,medium,0,0.6525879204273224,0,LOW_RISK,0.0,
BioSpread,UNSEEN::AG674,0.19349929690361023,medium,0,0.6504123210906982,0,LOW_RISK,0.0,
BioSpread,UNSEEN::AC659,0.1934962421655655,medium,0,0.6503045856952667,0,LOW_RISK,0.0,
BioSpread,AB067,0.718548595905304,review,0,0.5191938281059265,0,MODERATE_RISK,0.0,
BioSpread,AD645,0.6821366548538208,review,1,0.5072652697563171,0,MODERATE_RISK,0.0,
BioSpread,AF598,0.7521453499794006,review,0,0.5814748406410217,0,MODERATE_RISK,0.0,
BioSpread,UNSEEN::AC697,0.19349700212478638,medium,0,0.650303453207016,0,LOW_RISK,0.0,
BioSpread,AD644,0.6802523136138916,review,1,0.5066247284412384,0,MODERATE_RISK,0.0,
BioSpread,AA860,0.7443262934684753,review,0,0.5415187478065491,0,MODERATE_RISK,0.0,
BioSpread,UNSEEN::AC934,0.19349579513072968,medium,0,0.6503058969974518,0,LOW_RISK,0.0,
BioSpread,UNSEEN::AF827,0.19349543750286102,medium,0,0.6503690481185913,0,LOW_RISK,0.0,
BioSpread,UNSEEN::AH117,0.19349700212478638,medium,0,0.650303453207016,0,LOW_RISK,0.0,
BioSpread,UNSEEN::AB761,0.19320222735404968,medium,0,0.6508937478065491,0,LOW_RISK,0.0,
BioSpread,UNSEEN::AA188,0.19341397285461426,medium,0,0.6505679488182068,0,LOW_RISK,0.0,
BioSpread,AD452,0.3230295777320862,medium,1,0.6003115773200989,0,LOW_RISK,0.0,
BioSpread,UNSEEN::AA085,0.19349651038646698,medium,0,0.6503041982650757,0,LOW_RISK,0.0,
BioSpread,AD075,0.6155543923377991,review,0,0.5071432590484619,0,MODERATE_RISK,0.0,
BioSpread,AC980,0.2716701030731201,medium,0,0.6224851608276367,0,LOW_RISK,0.0,
BioSpread,UNSEEN::AE576,0.19349676370620728,medium,0,0.6503038108348846,0,LOW_RISK,0.0,
BioSpread,UNSEEN::AE527,0.1934148371219635,medium,0,0.6505482792854309,0,LOW_RISK,0.0,
BioSpread,UNSEEN::AG755,0.19349651038646698,medium,0,0.6503041982650757,0,LOW_RISK,0.0,
BioSpread,UNSEEN::AG981,0.19349651038646698,medium,0,0.6503041982650757,0,LOW_RISK,0.0,
BioSpread,UNSEEN::AA137,0.19348670542240143,medium,0,0.6502958536148071,0,LOW_RISK,0.0,
BioSpread,UNSEEN::AD804,0.1934257447719574,medium,0,0.6504359245300293,0,LOW_RISK,0.0,
BioSpread,AG690,0.6346694827079773,review,0,0.49674999713897705,0,MODERATE_RISK,0.0,
BioSpread,UNSEEN::AA503,0.19335395097732544,medium,0,0.650638610124588,0,LOW_RISK,0.0,
BioSpread,UNSEEN::AD486,0.19211694598197937,medium,0,0.652932196855545,0,LOW_RISK,0.0,
BioSpread,AB518,0.5322955250740051,review,0,0.5178509950637817,0,MODERATE_RISK,0.0,
BioSpread,AF552,0.3735544979572296,review,0,0.5739839971065521,0,LOW_RISK,0.0,
BioSpread,AF170,0.6170260906219482,review,0,0.5087089538574219,0,MODERATE_RISK,0.0,
BioSpread,UNSEEN::AB318,0.1934860348701477,medium,0,0.6502974927425385,0,LOW_RISK,0.0,
BioSpread,AE156,0.4830993711948395,review,0,0.5243113934993744,0,LOW_RISK,0.0,
BioSpread,UNSEEN::AE977,0.19329455494880676,medium,0,0.6507331430912018,0,LOW_RISK,0.0,
BioSpread,UNSEEN::AF648,0.1934860348701477,medium,0,0.6502974927425385,0,LOW_RISK,0.0,
BioSpread,UNSEEN::AE148,0.19343778491020203,medium,0,0.650486171245575,0,LOW_RISK,0.0,
BioSpread,AG279,0.5963811874389648,review,0,0.511826366186142,0,MODERATE_RISK,0.0,
BioSpread,UNSEEN::AB120,0.1934131383895874,medium,0,0.6505453586578369,0,LOW_RISK,0.0,
BioSpread,AB155,0.7471656799316406,review,0,0.5482414960861206,0,MODERATE_RISK,0.0,
BioSpread,UNSEEN::AD906,0.19338490068912506,medium,0,0.6504972875118256,0,LOW_RISK,0.0,
BioSpread,AD475,0.617046594619751,review,0,0.5028006136417389,0,MODERATE_RISK,0.0,
BioSpread,UNSEEN::AB395,0.19342604279518127,medium,0,0.6504355072975159,0,LOW_RISK,0.0,
BioSpread,UNSEEN::AA293,0.19346952438354492,medium,0,0.6503446698188782,0,LOW_RISK,0.0,
BioSpread,UNSEEN::AD108,0.19342026114463806,medium,0,0.6505357027053833,0,LOW_RISK,0.0,
BioSpread,UNSEEN::AC190,0.19343827664852142,medium,0,0.6504854261875153,0,LOW_RISK,0.0,
BioSpread,UNSEEN::AA784,0.19328363239765167,medium,0,0.6508417725563049,0,LOW_RISK,0.0,
BioSpread,UNSEEN::AC009,0.19339574873447418,medium,0,0.6504837572574615,0,LOW_RISK,0.0,
BioSpread,AF558,0.6985244154930115,review,0,0.5159361362457275,0,MODERATE_RISK,0.0,
BioSpread,UNSEEN::AE476,0.19330447912216187,medium,0,0.6508107483386993,0,LOW_RISK,0.0,
BioSpread,AF244,0.5251304507255554,review,0,0.5193505883216858,0,MODERATE_RISK,0.0,
BioSpread,AE264,0.7484267950057983,review,1,0.5555136501789093,0,MODERATE_RISK,0.0,
BioSpread,UNSEEN::AG590,0.19247253239154816,medium,0,0.6523157954216003,0,LOW_RISK,0.0,
BioSpread,UNSEEN::AC705,0.1933850347995758,medium,0,0.6504965126514435,0,LOW_RISK,0.0,
BioSpread,AF401,0.4831864833831787,review,0,0.5242785215377808,0,LOW_RISK,0.0,
BioSpread,AD407,0.6783555150032043,review,0,0.5160221457481384,0,MODERATE_RISK,0.0,
BioSpread,UNSEEN::AF483,0.19349651038646698,medium,0,0.6503041982650757,0,LOW_RISK,0.0,
BioSpread,AA618,0.7532627582550049,review,0,0.5669596493244171,0,MODERATE_RISK,0.0,
BioSpread,AB779,0.5829973816871643,review,0,0.5067597329616547,0,MODERATE_RISK,0.0,
BioSpread,AG104,0.7452292442321777,review,0,0.5470213294029236,0,MODERATE_RISK,0.0,
BioSpread,AD798,0.39185672998428345,review,0,0.5551098585128784,0,LOW_RISK,0.0,
BioSpread,UNSEEN::AB553,0.19341184198856354,medium,0,0.6504566669464111,0,LOW_RISK,0.0,
BioSpread,UNSEEN::AA133,0.1929454654455185,medium,0,0.6512303352355957,0,LOW_RISK,0.0,
BioSpread,AG425,0.22346603870391846,medium,0,0.6539441645145416,0,LOW_RISK,0.0,
BioSpread,UNSEEN::AC572,0.1934087723493576,medium,0,0.6505314409732819,0,LOW_RISK,0.0,
BioSpread,AE050,0.7467485666275024,review,1,0.5520376265048981,0,MODERATE_RISK,0.0,
BioSpread,UNSEEN::AA342,0.1932244449853897,medium,0,0.650896817445755,0,LOW_RISK,0.0,
BioSpread,AE698,0.5025014877319336,review,0,0.5231428444385529,0,MODERATE_RISK,0.0,
BioSpread,UNSEEN::AF759,0.1935541033744812,medium,0,0.6501926779747009,0,LOW_RISK,0.0,
BioSpread,UNSEEN::AE800,0.19348721206188202,medium,0,0.650295078754425,0,LOW_RISK,0.0,
BioSpread,UNSEEN::AD239,0.1933281123638153,medium,0,0.6506083309650421,0,LOW_RISK,0.0,
BioSpread,UNSEEN::AC968,0.1932753622531891,medium,0,0.6508421301841736,0,LOW_RISK,0.0,
BioSpread,AC712,0.6663207411766052,review,0,0.49910223484039307,0,MODERATE_RISK,0.0,
BioSpread,AB641,0.745773434638977,review,0,0.5554842352867126,0,MODERATE_RISK,0.0,
BioSpread,AD429,0.5328946113586426,review,0,0.512744277715683,0,MODERATE_RISK,0.0,
BioSpread,AB637,0.6668618321418762,review,0,0.5220751762390137,0,MODERATE_RISK,0.0,
BioSpread,UNSEEN::AD519,0.19342027604579926,medium,0,0.6504672765731812,0,LOW_RISK,0.0,
BioSpread,AE303,0.7455648183822632,review,0,0.5547805428504944,0,MODERATE_RISK,0.0,
BioSpread,UNSEEN::AD190,0.1933046281337738,medium,0,0.6507576406002045,0,LOW_RISK,0.0,
BioSpread,UNSEEN::AC037,0.19240158796310425,medium,0,0.6524263620376587,0,LOW_RISK,0.0,
BioSpread,UNSEEN::AB765,0.19348695874214172,medium,0,0.6502954661846161,0,LOW_RISK,0.0,
BioSpread,UNSEEN::AB556,0.1935541033744812,medium,0,0.6501926779747009,0,LOW_RISK,0.0,
BioSpread,AB851,0.5471892952919006,review,0,0.5098922252655029,0,MODERATE_RISK,0.0,
BioSpread,AA680,0.5528833270072937,review,0,0.5185148417949677,0,MODERATE_RISK,0.0,
BioSpread,UNSEEN::AA504,0.19330082833766937,medium,0,0.6506489813327789,0,LOW_RISK,0.0,
BioSpread,AF258,0.4688594341278076,review,0,0.554561048746109,0,LOW_RISK,0.0,
BioSpread,UNSEEN::AG421,0.1934960037469864,medium,0,0.6503049731254578,0,LOW_RISK,0.0,
BioSpread,UNSEEN::AB855,0.1933276206254959,medium,0,0.6506091356277466,0,LOW_RISK,0.0,
BioSpread,AB755,0.4411987364292145,review,0,0.5427548885345459,0,LOW_RISK,0.0,
BioSpread,UNSEEN::AG264,0.1934252679347992,medium,0,0.6504366397857666,0,LOW_RISK,0.0,
BioSpread,UNSEEN::AH116,0.19354261457920074,medium,0,0.6502320468425751,0,LOW_RISK,0.0,
BioSpread,AD412,0.7170843482017517,review,0,0.521893709897995,0,MODERATE_RISK,0.0,
BioSpread,UNSEEN::AD004,0.1934962421655655,medium,0,0.6503045856952667,0,LOW_RISK,0.0,
BioSpread,UNSEEN::AG026,0.19316187500953674,medium,0,0.6508838832378387,0,LOW_RISK,0.0,
BioSpread,UNSEEN::AC342,0.1933802366256714,medium,0,0.6505270600318909,0,LOW_RISK,0.0,
BioSpread,UNSEEN::AG430,0.19302362203598022,medium,0,0.6512133479118347,0,LOW_RISK,0.0,
BioSpread,UNSEEN::AA112,0.19336284697055817,medium,0,0.6506489813327789,0,LOW_RISK,0.0,
BioSpread,AB810,0.7433361411094666,review,0,0.566098541021347,0,MODERATE_RISK,0.0,
BioSpread,UNSEEN::AD936,0.1934960037469864,medium,0,0.6503049731254578,0,LOW_RISK,0.0,
BioSpread,AC247,0.7454581260681152,review,1,0.5455983877182007,0,MODERATE_RISK,0.0,
BioSpread,UNSEEN::AF374,0.193289652466774,medium,0,0.6507812142372131,0,LOW_RISK,0.0,
BioSpread,UNSEEN::AC655,0.19348223507404327,medium,0,0.6503260433673859,0,LOW_RISK,0.0,
BioSpread,AB730,0.7459650635719299,review,0,0.5555324852466583,0,MODERATE_RISK,0.0,
BioSpread,AB430,0.5464389324188232,review,0,0.5110350251197815,0,MODERATE_RISK,0.0,
BioSpread,AG850,0.23325541615486145,medium,0,0.6539969742298126,0,LOW_RISK,0.0,
BioSpread,UNSEEN::AG292,0.193434476852417,medium,0,0.6504160165786743,0,LOW_RISK,0.0,
BioSpread,UNSEEN::AG714,0.19348371028900146,medium,0,0.6503232419490814,0,LOW_RISK,0.0,
BioSpread,AE644,0.7474215626716614,review,1,0.5572045147418976,0,MODERATE_RISK,0.0,
BioSpread,UNSEEN::AE530,0.19345706701278687,medium,0,0.6503628492355347,0,LOW_RISK,0.0,
BioSpread,UNSEEN::AG655,0.1934962421655655,medium,0,0.6503045856952667,0,LOW_RISK,0.0,
BioSpread,UNSEEN::AC994,0.19349676370620728,medium,0,0.6503038108348846,0,LOW_RISK,0.0,
BioSpread,UNSEEN::AB384,0.19348448514938354,medium,0,0.6503445506095886,0,LOW_RISK,0.0,
BioSpread,UNSEEN::AE674,0.19312654435634613,medium,0,0.651017963886261,0,LOW_RISK,0.0,
BioSpread,UNSEEN::AC894,0.1934962421655655,medium,0,0.6503045856952667,0,LOW_RISK,0.0,
BioSpread,UNSEEN::AH516,0.19349676370620728,medium,0,0.6503038108348846,0,LOW_RISK,0.0,
BioSpread,AD301,0.7157330513000488,review,1,0.528882771730423,0,MODERATE_RISK,0.0,
BioSpread,UNSEEN::AH215,0.19349700212478638,medium,0,0.650303453207016,0,LOW_RISK,0.0,
BioSpread,UNSEEN::AH141,0.1934962421655655,medium,0,0.6503045856952667,0,LOW_RISK,0.0,
BioSpread,UNSEEN::AC378,0.19323022663593292,medium,0,0.6507819592952728,0,LOW_RISK,0.0,
BioSpread,AC441,0.5999869108200073,review,0,0.5045390427112579,0,MODERATE_RISK,0.0,
BioSpread,UNSEEN::AA301,0.19335174560546875,medium,0,0.6506192088127136,0,LOW_RISK,0.0,
BioSpread,AE889,0.2893531620502472,medium,0,0.6145117580890656,0,LOW_RISK,0.0,
BioSpread,UNSEEN::AE419,0.19348344206809998,medium,0,0.6503235995769501,0,LOW_RISK,0.0,
BioSpread,UNSEEN::AA056,0.19277812540531158,medium,0,0.6517729163169861,0,LOW_RISK,0.0,
BioSpread,UNSEEN::AH366,0.1934960037469864,medium,0,0.6503049731254578,0,LOW_RISK,0.0,
BioSpread,UNSEEN::AG776,0.1932888776063919,medium,0,0.6508097648620605,0,LOW_RISK,0.0,
BioSpread,UNSEEN::AE106,0.19340598583221436,medium,0,0.6505139470100403,0,LOW_RISK,0.0,
BioSpread,UNSEEN::AC745,0.1933065801858902,medium,0,0.650761067867279,0,LOW_RISK,0.0,
BioSpread,UNSEEN::AE071,0.19334067404270172,medium,0,0.65059033036232,0,LOW_RISK,0.0,
BioSpread,UNSEEN::AB441,0.19286619126796722,medium,0,0.6516128480434418,0,LOW_RISK,0.0,
BioSpread,UNSEEN::AF971,0.1933831423521042,medium,0,0.650549590587616,0,LOW_RISK,0.0,
BioSpread,AG602,0.2305009812116623,medium,0,0.6558773219585419,0,LOW_RISK,0.0,
BioSpread,UNSEEN::AH034,0.1935548633337021,medium,0,0.6501915454864502,0,LOW_RISK,0.0,
BioSpread,UNSEEN::AF641,0.19342553615570068,medium,0,0.650436282157898,0,LOW_RISK,0.0,
BioSpread,AE622,0.6966366171836853,review,0,0.51072958111763,0,MODERATE_RISK,0.0,
BioSpread,AA778,0.5524592399597168,review,0,0.5197571218013763,0,MODERATE_RISK,0.0,
BioSpread,UNSEEN::AD140,0.19354261457920074,medium,0,0.6502320468425751,0,LOW_RISK,0.0,
BioSpread,AA011,0.7479873299598694,review,0,0.554173469543457,0,MODERATE_RISK,0.0,
BioSpread,UNSEEN::AG406,0.1934962421655655,medium,0,0.6503045856952667,0,LOW_RISK,0.0,
BioSpread,UNSEEN::AH237,0.19348721206188202,medium,0,0.650295078754425,0,LOW_RISK,0.0,
BioSpread,UNSEEN::AD734,0.19337207078933716,medium,0,0.650516003370285,0,LOW_RISK,0.0,
BioSpread,AD787,0.6506863832473755,review,0,0.49908632040023804,0,MODERATE_RISK,0.0,
BioSpread,AD548,0.7107306122779846,review,0,0.5194858610630035,0,MODERATE_RISK,0.0,
BioSpread,UNSEEN::AF833,0.19341160356998444,medium,0,0.6504570245742798,0,LOW_RISK,0.0,
BioSpread,UNSEEN::AA683,0.19349676370620728,medium,0,0.6503038108348846,0,LOW_RISK,0.0,
BioSpread,AA871,0.37640804052352905,review,0,0.5991770923137665,0,LOW_RISK,0.0,
BioSpread,AD126,0.1733243614435196,medium,0,0.6848129630088806,0,LOW_RISK,0.0,
BioSpread,UNSEEN::AD812,0.19349676370620728,medium,0,0.6503038108348846,0,LOW_RISK,0.0,
BioSpread,AF052,0.2827049493789673,medium,0,0.6186028718948364,0,LOW_RISK,0.0,
BioSpread,AB426,0.6199537515640259,review,0,0.4961526393890381,0,MODERATE_RISK,0.0,
BioSpread,AG217,0.46307918429374695,review,0,0.5274329781532288,0,LOW_RISK,0.0,
BioSpread,UNSEEN::AH309,0.19349651038646698,medium,0,0.6503041982650757,0,LOW_RISK,0.0,
BioSpread,UNSEEN::AA431,0.19348371028900146,medium,0,0.6503232419490814,0,LOW_RISK,0.0,
BioSpread,UNSEEN::AB176,0.19349700212478638,medium,0,0.650303453207016,0,LOW_RISK,0.0,
BioSpread,UNSEEN::AF567,0.19349676370620728,medium,0,0.6503038108348846,0,LOW_RISK,0.0,
BioSpread,UNSEEN::AE219,0.19348271191120148,medium,0,0.6503247320652008,0,LOW_RISK,0.0,
BioSpread,AG367,0.22440098226070404,medium,0,0.6560039222240448,0,LOW_RISK,0.0,
BioSpread,UNSEEN::AC193,0.19342128932476044,medium,0,0.6504657566547394,0,LOW_RISK,0.0,
BioSpread,UNSEEN::AE992,0.19340381026268005,medium,0,0.6504420042037964,0,LOW_RISK,0.0,
BioSpread,AF366,0.3823804557323456,review,0,0.555091142654419,0,LOW_RISK,0.0,
BioSpread,UNSEEN::AB212,0.19349676370620728,medium,0,0.6503038108348846,0,LOW_RISK,0.0,
BioSpread,AF341,0.607900857925415,review,0,0.49668705463409424,0,MODERATE_RISK,0.0,
BioSpread,UNSEEN::AC955,0.1927240639925003,medium,0,0.6516557335853577,0,LOW_RISK,0.0,
BioSpread,AG378,0.46646782755851746,review,0,0.5515482127666473,0,LOW_RISK,0.0,
BioSpread,UNSEEN::AH190,0.19349651038646698,medium,0,0.6503041982650757,0,LOW_RISK,0.0,
BioSpread,AE716,0.6919201612472534,review,0,0.5108797550201416,0,MODERATE_RISK,0.0,
BioSpread,AF126,0.1693526804447174,medium,0,0.6940524280071259,0,LOW_RISK,0.0,
BioSpread,UNSEEN::AF918,0.1935541033744812,medium,0,0.6501926779747009,0,LOW_RISK,0.0,
BioSpread,AB581,0.38094332814216614,review,0,0.5632601082324982,0,LOW_RISK,0.0,
BioSpread,UNSEEN::AD515,0.193247452378273,medium,0,0.6508034765720367,0,LOW_RISK,0.0,
BioSpread,AE849,0.6786783933639526,review,0,0.5197380781173706,0,MODERATE_RISK,0.0,
BioSpread,UNSEEN::AG287,0.19341236352920532,medium,0,0.6504558622837067,0,LOW_RISK,0.0,
BioSpread,UNSEEN::AB244,0.1934252679347992,medium,0,0.6504366397857666,0,LOW_RISK,0.0,
BioSpread,AB585,0.22348369657993317,medium,0,0.653929740190506,0,LOW_RISK,0.0,
BioSpread,UNSEEN::AF633,0.1934960037469864,medium,0,0.6503049731254578,0,LOW_RISK,0.0,
BioSpread,AC563,0.7455489039421082,review,0,0.5561332106590271,0,MODERATE_RISK,0.0,
BioSpread,UNSEEN::AG436,0.19349651038646698,medium,0,0.6503041982650757,0,LOW_RISK,0.0,
BioSpread,UNSEEN::AG086,0.1934116631746292,medium,0,0.650457501411438,0,LOW_RISK,0.0,
BioSpread,AF044,0.7484266757965088,review,0,0.5541250109672546,0,MODERATE_RISK,0.0,
BioSpread,AF308,0.5420860052108765,review,0,0.5118697583675385,0,MODERATE_RISK,0.0,
BioSpread,UNSEEN::AE549,0.19330033659934998,medium,0,0.650649756193161,0,LOW_RISK,0.0,
BioSpread,AF245,0.2714828848838806,medium,0,0.6245079636573792,0,LOW_RISK,0.0,
BioSpread,AH195,0.27972689270973206,medium,0,0.6099100112915039,0,LOW_RISK,0.0,
BioSpread,AD800,0.206476092338562,medium,0,0.6656380295753479,0,LOW_RISK,0.0,
BioSpread,AE483,0.515565812587738,review,0,0.5122526288032532,0,MODERATE_RISK,0.0,
BioSpread,AB082,0.7446614503860474,review,0,0.547589510679245,0,MODERATE_RISK,0.0,
BioSpread,UNSEEN::AH249,0.19349676370620728,medium,0,0.6503038108348846,0,LOW_RISK,0.0,
BioSpread,UNSEEN::AB149,0.19341184198856354,medium,0,0.6504566669464111,0,LOW_RISK,0.0,
BioSpread,AH494,0.22336044907569885,medium,0,0.6540303826332092,0,LOW_RISK,0.0,
BioSpread,AD279,0.7447237372398376,review,1,0.5498922765254974,0,MODERATE_RISK,0.0,
BioSpread,UNSEEN::AA281,0.19622516632080078,medium,0,0.6477774679660797,0,LOW_RISK,0.0,
BioSpread,AD145,0.42876094579696655,review,0,0.5526882112026215,0,LOW_RISK,0.0,
BioSpread,AC330,0.7476584315299988,review,0,0.5612742602825165,0,MODERATE_RISK,0.0,
BioSpread,AE704,0.6440451145172119,review,0,0.5046401619911194,0,MODERATE_RISK,0.0,
BioSpread,UNSEEN::AE574,0.1935545951128006,medium,0,0.6501919627189636,0,LOW_RISK,0.0,
BioSpread,UNSEEN::AD790,0.19349651038646698,medium,0,0.6503041982650757,0,LOW_RISK,0.0,
BioSpread,UNSEEN::AF734,0.19349633157253265,medium,0,0.6503050923347473,0,LOW_RISK,0.0,
BioSpread,UNSEEN::AE671,0.19341658055782318,medium,0,0.6504230499267578,0,LOW_RISK,0.0,
BioSpread,UNSEEN::AB560,0.1932806819677353,medium,0,0.6508041322231293,0,LOW_RISK,0.0,
BioSpread,UNSEEN::AH169,0.19348344206809998,medium,0,0.6503235995769501,0,LOW_RISK,0.0,
BioSpread,UNSEEN::AA470,0.1929709017276764,medium,0,0.651354193687439,0,LOW_RISK,0.0,
BioSpread,AG329,0.6071385741233826,review,0,0.500391960144043,0,MODERATE_RISK,0.0,
BioSpread,UNSEEN::AG733,0.19348518550395966,medium,0,0.6502977609634399,0,LOW_RISK,0.0,
BioSpread,UNSEEN::AD080,0.1931593418121338,medium,0,0.6510038673877716,0,LOW_RISK,0.0,
BioSpread,AG415,0.5154449343681335,review,0,0.5152718126773834,0,MODERATE_RISK,0.0,
BioSpread,UNSEEN::AE254,0.19342604279518127,medium,0,0.6504355072975159,0,LOW_RISK,0.0,
BioSpread,UNSEEN::AD267,0.19349676370620728,medium,0,0.6503038108348846,0,LOW_RISK,0.0,
BioSpread,UNSEEN::AB142,0.1934962421655655,medium,0,0.6503045856952667,0,LOW_RISK,0.0,
BioSpread,UNSEEN::AD178,0.1935543566942215,medium,0,0.6501923203468323,0,LOW_RISK,0.0,
BioSpread,AC371,0.5258756875991821,review,0,0.5163090229034424,0,MODERATE_RISK,0.0,
BioSpread,AG465,0.4830703139305115,review,0,0.5243223309516907,0,LOW_RISK,0.0,
BioSpread,UNSEEN::AA262,0.19318686425685883,medium,0,0.6508933007717133,0,LOW_RISK,0.0,
BioSpread,AD303,0.7246918678283691,review,0,0.527953177690506,0,MODERATE_RISK,0.0,
BioSpread,UNSEEN::AF736,0.19347365200519562,medium,0,0.650382936000824,0,LOW_RISK,0.0,
BioSpread,UNSEEN::AH026,0.19349651038646698,medium,0,0.6503041982650757,0,LOW_RISK,0.0,
BioSpread,AC236,0.6636830568313599,review,0,0.5009177625179291,0,MODERATE_RISK,0.0,
BioSpread,AC873,0.6463521122932434,review,0,0.49859726428985596,0,MODERATE_RISK,0.0,
BioSpread,UNSEEN::AE008,0.19347012042999268,medium,0,0.6503434181213379,0,LOW_RISK,0.0,
BioSpread,AG558,0.22342205047607422,medium,0,0.6539800763130188,0,LOW_RISK,0.0,
BioSpread,UNSEEN::AE898,0.19313648343086243,medium,0,0.6508958637714386,0,LOW_RISK,0.0,
BioSpread,UNSEEN::AB996,0.19349700212478638,medium,0,0.650303453207016,0,LOW_RISK,0.0,
BioSpread,UNSEEN::AC337,0.19329343736171722,medium,0,0.6508506536483765,0,LOW_RISK,0.0,
BioSpread,AH080,0.22662602365016937,medium,0,0.6579073667526245,0,LOW_RISK,0.0,
BioSpread,UNSEEN::AF285,0.19343778491020203,medium,0,0.650486171245575,0,LOW_RISK,0.0,
BioSpread,UNSEEN::AB693,0.19341160356998444,medium,0,0.6504570245742798,0,LOW_RISK,0.0,
BioSpread,AE627,0.5851728916168213,review,0,0.5058024525642395,0,MODERATE_RISK,0.0,
BioSpread,AC678,0.7475267052650452,review,0,0.5539285242557526,0,MODERATE_RISK,0.0,
BioSpread,AA524,0.7125236392021179,review,0,0.5130875706672668,0,MODERATE_RISK,0.0,
BioSpread,AG235,0.22344844043254852,medium,0,0.6539585292339325,0,LOW_RISK,0.0,
BioSpread,UNSEEN::AE590,0.1934257447719574,medium,0,0.6504359245300293,0,LOW_RISK,0.0,
BioSpread,AD495,0.16964192688465118,medium,1,0.696224182844162,0,LOW_RISK,0.0,
BioSpread,AG641,0.6042545437812805,review,0,0.5158707499504089,0,MODERATE_RISK,0.0,
BioSpread,AF520,0.6678704023361206,review,0,0.5070077776908875,0,MODERATE_RISK,0.0,
BioSpread,AG555,0.6564570069313049,review,0,0.5059054493904114,0,MODERATE_RISK,0.0,
BioSpread,AG452,0.6773409843444824,review,0,0.49054890871047974,0,MODERATE_RISK,0.0,
BioSpread,AB612,0.4288159906864166,review,0,0.5526637732982635,0,LOW_RISK,0.0,
BioSpread,AC839,0.6573601961135864,review,0,0.5091022551059723,0,MODERATE_RISK,0.0,
BioSpread,UNSEEN::AG352,0.19404816627502441,medium,0,0.6494284868240356,0,LOW_RISK,0.0,
BioSpread,UNSEEN::AF569,0.1934427171945572,medium,0,0.6503841876983643,0,LOW_RISK,0.0,
BioSpread,AE249,0.7466635704040527,review,1,0.5504392683506012,0,MODERATE_RISK,0.0,
BioSpread,UNSEEN::AH105,0.19349651038646698,medium,0,0.6503041982650757,0,LOW_RISK,0.0,
BioSpread,UNSEEN::AA581,0.19348180294036865,medium,0,0.6503938436508179,0,LOW_RISK,0.0,
BioSpread,AE214,0.6013454794883728,review,0,0.5027875900268555,0,MODERATE_RISK,0.0,
BioSpread,AB304,0.6635860204696655,review,0,0.5142010152339935,0,MODERATE_RISK,0.0,
BioSpread,AC141,0.22346603870391846,medium,0,0.6539441645145416,0,LOW_RISK,0.0,
BioSpread,UNSEEN::AG534,0.1935545951128006,medium,0,0.6501919627189636,0,LOW_RISK,0.0,
BioSpread,UNSEEN::AF203,0.1933852732181549,medium,0,0.6504961550235748,0,LOW_RISK,0.0,
BioSpread,UNSEEN::AA213,0.19342553615570068,medium,0,0.650436282157898,0,LOW_RISK,0.0,
BioSpread,UNSEEN::AG410,0.1934421956539154,medium,0,0.6505246460437775,0,LOW_RISK,0.0,
BioSpread,UNSEEN::AF998,0.19348643720149994,medium,0,0.650363951921463,0,LOW_RISK,0.0,
BioSpread,AF175,0.671715259552002,review,0,0.5041888952255249,0,MODERATE_RISK,0.0,
BioSpread,UNSEEN::AB411,0.19334138929843903,medium,0,0.6505886018276215,0,LOW_RISK,0.0,
BioSpread,AD917,0.719458281993866,review,1,0.524549275636673,0,MODERATE_RISK,0.0,
BioSpread,UNSEEN::AC144,0.19349651038646698,medium,0,0.6503041982650757,0,LOW_RISK,0.0,
BioSpread,UNSEEN::AC719,0.19343043863773346,medium,0,0.6504024267196655,0,LOW_RISK,0.0,
BioSpread,AG101,0.5248652696609497,review,0,0.5129504799842834,0,MODERATE_RISK,0.0,
BioSpread,AF225,0.7488482594490051,review,1,0.5595796406269073,0,MODERATE_RISK,0.0,
BioSpread,AB769,0.6311347484588623,review,0,0.5030036270618439,0,MODERATE_RISK,0.0,
BioSpread,UNSEEN::AA427,0.19323298335075378,medium,0,0.6507501006126404,0,LOW_RISK,0.0,
BioSpread,AC608,0.6199319958686829,review,0,0.49615561962127686,0,MODERATE_RISK,0.0,
BioSpread,UNSEEN::AG208,0.19348371028900146,medium,0,0.6503232419490814,0,LOW_RISK,0.0,
BioSpread,UNSEEN::AF017,0.19348320364952087,medium,0,0.6503239870071411,0,LOW_RISK,0.0,
BioSpread,UNSEEN::AE739,0.19349700212478638,medium,0,0.650303453207016,0,LOW_RISK,0.0,
BioSpread,AF263,0.6004546880722046,review,0,0.5152677297592163,0,MODERATE_RISK,0.0,
BioSpread,UNSEEN::AF551,0.19338268041610718,medium,0,0.6505643427371979,0,LOW_RISK,0.0,
BioSpread,UNSEEN::AA450,0.1959133893251419,medium,0,0.648804098367691,0,LOW_RISK,0.0,
BioSpread,AD161,0.7166522145271301,review,0,0.5230828821659088,0,MODERATE_RISK,0.0,
BioSpread,UNSEEN::AB903,0.19344455003738403,medium,0,0.6504039168357849,0,LOW_RISK,0.0,
BioSpread,AG748,0.5702430605888367,review,0,0.5112691819667816,0,MODERATE_RISK,0.0,
BioSpread,UNSEEN::AH020,0.19349700212478638,medium,0,0.650303453207016,0,LOW_RISK,0.0,
BioSpread,AD155,0.27033719420433044,medium,0,0.6260242164134979,0,LOW_RISK,0.0,
BioSpread,UNSEEN::AD266,0.19333505630493164,medium,0,0.6506913006305695,0,LOW_RISK,0.0,
BioSpread,AB912,0.25327250361442566,medium,1,0.6470398306846619,0,LOW_RISK,0.0,
BioSpread,UNSEEN::AD236,0.19354096055030823,medium,0,0.650212824344635,0,LOW_RISK,0.0,
BioSpread,AA351,0.7402535676956177,review,0,0.5462296605110168,0,MODERATE_RISK,0.0,
BioSpread,AG382,0.22377364337444305,medium,0,0.6537197232246399,0,LOW_RISK,0.0,
BioSpread,AB045,0.7343904376029968,review,1,0.5297094583511353,0,MODERATE_RISK,0.0,
BioSpread,UNSEEN::AF988,0.1935548633337021,medium,0,0.6501915454864502,0,LOW_RISK,0.0,
BioSpread,AB414,0.22346603870391846,medium,0,0.6539441645145416,0,LOW_RISK,0.0,
BioSpread,UNSEEN::AA876,0.1934252679347992,medium,0,0.6504366397857666,0,LOW_RISK,0.0,
BioSpread,AF484,0.5977665781974792,review,0,0.5040638744831085,0,MODERATE_RISK,0.0,
BioSpread,AE904,0.5235224962234497,review,0,0.5121119916439056,0,MODERATE_RISK,0.0,
BioSpread,UNSEEN::AD070,0.19348721206188202,medium,0,0.650295078754425,0,LOW_RISK,0.0,
BioSpread,UNSEEN::AD728,0.19327430427074432,medium,0,0.650688499212265,0,LOW_RISK,0.0,
BioSpread,AE890,0.2633936107158661,medium,0,0.63130322098732,0,LOW_RISK,0.0,
BioSpread,UNSEEN::AG937,0.1934962421655655,medium,0,0.6503045856952667,0,LOW_RISK,0.0,
BioSpread,AD055,0.747509241104126,review,0,0.5494753420352936,0,MODERATE_RISK,0.0,
BioSpread,AC110,0.6457809805870056,review,0,0.5033801794052124,0,MODERATE_RISK,0.0,
BioSpread,UNSEEN::AE245,0.19329316914081573,medium,0,0.6507812142372131,0,LOW_RISK,0.0,
BioSpread,UNSEEN::AC084,0.19342808425426483,medium,0,0.6504607498645782,0,LOW_RISK,0.0,
BioSpread,AD484,0.7474617958068848,review,0,0.556082546710968,0,MODERATE_RISK,0.0,
BioSpread,AE319,0.6751973032951355,review,0,0.5056141912937164,0,MODERATE_RISK,0.0,
BioSpread,AG646,0.6701817512512207,review,0,0.49762028455734253,0,MODERATE_RISK,0.0,
BioSpread,UNSEEN::AF167,0.19348470866680145,medium,0,0.6503324806690216,0,LOW_RISK,0.0,
BioSpread,AF586,0.5711714625358582,review,0,0.5075808763504028,0,MODERATE_RISK,0.0,
BioSpread,UNSEEN::AD141,0.19345781207084656,medium,0,0.650384396314621,0,LOW_RISK,0.0,
BioSpread,AD404,0.6259031891822815,review,0,0.5054235458374023,0,MODERATE_RISK,0.0,
BioSpread,UNSEEN::AB181,0.1927647888660431,medium,0,0.6518161594867706,0,LOW_RISK,0.0,
BioSpread,UNSEEN::AD288,0.19328609108924866,medium,0,0.6506603956222534,0,LOW_RISK,0.0,
BioSpread,UNSEEN::AE733,0.19355511665344238,medium,0,0.6501911878585815,0,LOW_RISK,0.0,
BioSpread,UNSEEN::AE804,0.19322820007801056,medium,0,0.6507068276405334,0,LOW_RISK,0.0,
BioSpread,AE706,0.6479865312576294,review,0,0.49947255849838257,0,MODERATE_RISK,0.0,
BioSpread,AA499,0.671464741230011,review,0,0.5046448409557343,0,MODERATE_RISK,0.0,
BioSpread,UNSEEN::AG501,0.19348295032978058,medium,0,0.6503243744373322,0,LOW_RISK,0.0,
BioSpread,UNSEEN::AF712,0.19348643720149994,medium,0,0.650363951921463,0,LOW_RISK,0.0,
BioSpread,UNSEEN::AE121,0.1934962421655655,medium,0,0.6503045856952667,0,LOW_RISK,0.0,
BioSpread,UNSEEN::AB821,0.19348473846912384,medium,0,0.6503441631793976,0,LOW_RISK,0.0,
BioSpread,AE397,0.6199429035186768,review,0,0.49615418910980225,0,MODERATE_RISK,0.0,
BioSpread,UNSEEN::AC714,0.19348271191120148,medium,0,0.6503247320652008,0,LOW_RISK,0.0,
BioSpread,AF982,0.746025562286377,review,0,0.5554592609405518,0,MODERATE_RISK,0.0,
BioSpread,AF915,0.6374387145042419,review,0,0.49648863077163696,0,MODERATE_RISK,0.0,
BioSpread,UNSEEN::AB201,0.1934962421655655,medium,0,0.6503045856952667,0,LOW_RISK,0.0,
BioSpread,AD349,0.6781200170516968,review,0,0.5053070783615112,0,MODERATE_RISK,0.0,
BioSpread,AE201,0.52972012758255,review,0,0.5054144561290741,0,MODERATE_RISK,0.0,
BioSpread,UNSEEN::AB609,0.19347818195819855,medium,0,0.650354653596878,0,LOW_RISK,0.0,
BioSpread,AA254,0.589475691318512,review,0,0.48727917671203613,0,MODERATE_RISK,0.0,
BioSpread,AA129,0.6906734704971313,review,0,0.5180173516273499,0,MODERATE_RISK,0.0,
BioSpread,AA331,0.7439319491386414,review,1,0.5493235290050507,0,MODERATE_RISK,0.0,
BioSpread,AB169,0.7467021942138672,review,1,0.5518930852413177,0,MODERATE_RISK,0.0,
BioSpread,UNSEEN::AE175,0.1935541033744812,medium,0,0.6501926779747009,0,LOW_RISK,0.0,
BioSpread,UNSEEN::AD416,0.1934071183204651,medium,0,0.6504868268966675,0,LOW_RISK,0.0,
BioSpread,AC438,0.6535467505455017,review,0,0.499764084815979,0,MODERATE_RISK,0.0,
BioSpread,AB322,0.6494291424751282,review,0,0.4971354007720947,0,MODERATE_RISK,0.0,
BioSpread,UNSEEN::AA008,0.1934243142604828,medium,0,0.6504387259483337,0,LOW_RISK,0.0,
BioSpread,AA457,0.745008647441864,review,1,0.5455488562583923,0,MODERATE_RISK,0.0,
BioSpread,UNSEEN::AF819,0.1934695988893509,medium,0,0.6503442227840424,0,LOW_RISK,0.0,
BioSpread,UNSEEN::AE182,0.19348695874214172,medium,0,0.6502954661846161,0,LOW_RISK,0.0,
BioSpread,UNSEEN::AC032,0.19335465133190155,medium,0,0.6505688726902008,0,LOW_RISK,0.0,
BioSpread,AG770,0.27972689270973206,medium,0,0.6099100112915039,0,LOW_RISK,0.0,
BioSpread,UNSEEN::AF797,0.19341184198856354,medium,0,0.6504566669464111,0,LOW_RISK,0.0,
BioSpread,AF378,0.5294911861419678,review,0,0.5054602921009064,0,MODERATE_RISK,0.0,
BioSpread,AE231,0.5395089983940125,review,0,0.510100394487381,0,MODERATE_RISK,0.0,
BioSpread,AD710,0.7448713183403015,review,0,0.5561945736408234,0,MODERATE_RISK,0.0,
BioSpread,UNSEEN::AH163,0.19341184198856354,medium,0,0.6504566669464111,0,LOW_RISK,0.0,
BioSpread,UNSEEN::AD963,0.19331414997577667,medium,0,0.6506297886371613,0,LOW_RISK,0.0,
BioSpread,AB817,0.6952136754989624,review,0,0.5154374241828918,0,MODERATE_RISK,0.0,
BioSpread,UNSEEN::AA080,0.19348643720149994,medium,0,0.650363951921463,0,LOW_RISK,0.0,
BioSpread,UNSEEN::AC625,0.1933041512966156,medium,0,0.6506170928478241,0,LOW_RISK,0.0,
BioSpread,AB787,0.6367859244346619,review,0,0.50235316157341,0,MODERATE_RISK,0.0,
BioSpread,UNSEEN::AA734,0.19492855668067932,medium,0,0.6478543877601624,0,LOW_RISK,0.0,
BioSpread,UNSEEN::AC971,0.19309553503990173,medium,0,0.6511417031288147,0,LOW_RISK,0.0,
BioSpread,UNSEEN::AB069,0.1933850347995758,medium,0,0.6504965126514435,0,LOW_RISK,0.0,
BioSpread,AA902,0.7390239834785461,review,0,0.5436770915985107,0,MODERATE_RISK,0.0,
BioSpread,UNSEEN::AG948,0.1934421956539154,medium,0,0.6505246460437775,0,LOW_RISK,0.0,
BioSpread,UNSEEN::AB814,0.1934962421655655,medium,0,0.6503045856952667,0,LOW_RISK,0.0,
BioSpread,UNSEEN::AB552,0.1934962421655655,medium,0,0.6503045856952667,0,LOW_RISK,0.0,
BioSpread,AA162,0.7441512942314148,review,1,0.5448656678199768,0,MODERATE_RISK,0.0,
BioSpread,UNSEEN::AC833,0.1933969110250473,medium,0,0.6505723297595978,0,LOW_RISK,0.0,
BioSpread,UNSEEN::AA914,0.19354158639907837,medium,0,0.6502114236354828,0,LOW_RISK,0.0,
BioSpread,UNSEEN::AB707,0.1934126317501068,medium,0,0.6504554450511932,0,LOW_RISK,0.0,
BioSpread,UNSEEN::AC054,0.19339820742607117,medium,0,0.6504769325256348,0,LOW_RISK,0.0,
BioSpread,AC313,0.7482287287712097,review,1,0.550485372543335,0,MODERATE_RISK,0.0,
BioSpread,AH404,0.22351013123989105,medium,0,0.6539081335067749,0,LOW_RISK,0.0,
BioSpread,AC636,0.22346603870391846,medium,0,0.6539441645145416,0,LOW_RISK,0.0,
BioSpread,UNSEEN::AE401,0.19342553615570068,medium,0,0.650436282157898,0,LOW_RISK,0.0,
BioSpread,UNSEEN::AC935,0.19132518768310547,medium,0,0.6547950208187103,0,LOW_RISK,0.0,
BioSpread,UNSEEN::AB498,0.1934252679347992,medium,0,0.6504366397857666,0,LOW_RISK,0.0,
BioSpread,UNSEEN::AD755,0.19348371028900146,medium,0,0.6503232419490814,0,LOW_RISK,0.0,
BioSpread,UNSEEN::AF968,0.19341535866260529,medium,0,0.6505647897720337,0,LOW_RISK,0.0,
BioSpread,UNSEEN::AF370,0.1934257447719574,medium,0,0.6504359245300293,0,LOW_RISK,0.0,
BioSpread,UNSEEN::AH054,0.19349651038646698,medium,0,0.6503041982650757,0,LOW_RISK,0.0,
BioSpread,UNSEEN::AA602,0.19342553615570068,medium,0,0.650436282157898,0,LOW_RISK,0.0,
BioSpread,AB753,0.4831574559211731,review,0,0.5242894887924194,0,LOW_RISK,0.0,
BioSpread,UNSEEN::AH467,0.1935545951128006,medium,0,0.6501919627189636,0,LOW_RISK,0.0,
BioSpread,AE684,0.4532047212123871,review,0,0.5473447144031525,0,LOW_RISK,0.0,
BioSpread,UNSEEN::AB626,0.19342604279518127,medium,0,0.6504355072975159,0,LOW_RISK,0.0,
BioSpread,UNSEEN::AF013,0.19343066215515137,medium,0,0.6504923701286316,0,LOW_RISK,0.0,
BioSpread,UNSEEN::AG740,0.19347365200519562,medium,0,0.6503152549266815,0,LOW_RISK,0.0,
BioSpread,UNSEEN::AB670,0.19340980052947998,medium,0,0.6504622101783752,0,LOW_RISK,0.0,
BioSpread,AA741,0.48296859860420227,review,0,0.5243607461452484,0,LOW_RISK,0.0,
BioSpread,AD476,0.7259615063667297,review,0,0.5251806974411011,0,MODERATE_RISK,0.0,
BioSpread,AD889,0.6897570490837097,review,0,0.5109145939350128,0,MODERATE_RISK,0.0,
BioSpread,AG278,0.22351013123989105,medium,0,0.6539081335067749,0,LOW_RISK,0.0,
BioSpread,AB001,0.7035836577415466,review,0,0.5170693397521973,0,MODERATE_RISK,0.0,
BioSpread,UNSEEN::AE582,0.1930980384349823,medium,0,0.6511529684066772,0,LOW_RISK,0.0,
BioSpread,AA998,0.7457553148269653,review,1,0.5449453890323639,0,MODERATE_RISK,0.0,
BioSpread,UNSEEN::AG473,0.19349700212478638,medium,0,0.650303453207016,0,LOW_RISK,0.0,
BioSpread,UNSEEN::AB605,0.19349651038646698,medium,0,0.6503041982650757,0,LOW_RISK,0.0,
BioSpread,UNSEEN::AC447,0.19321830570697784,medium,0,0.650892436504364,0,LOW_RISK,0.0,
BioSpread,UNSEEN::AA426,0.19326567649841309,medium,0,0.6509171426296234,0,LOW_RISK,0.0,
BioSpread,AE354,0.5409334301948547,review,0,0.5098084807395935,0,MODERATE_RISK,0.0,
BioSpread,UNSEEN::AC582,0.1934962421655655,medium,0,0.6503045856952667,0,LOW_RISK,0.0,
BioSpread,UNSEEN::AA590,0.19286206364631653,medium,0,0.6516618132591248,0,LOW_RISK,0.0,
BioSpread,AC566,0.6931539177894592,review,0,0.5087861716747284,0,MODERATE_RISK,0.0,
BioSpread,UNSEEN::AH092,0.19349651038646698,medium,0,0.6503041982650757,0,LOW_RISK,0.0,
BioSpread,UNSEEN::AH123,0.19348344206809998,medium,0,0.6503235995769501,0,LOW_RISK,0.0,
BioSpread,AF780,0.6535342931747437,review,0,0.49976497888565063,0,MODERATE_RISK,0.0,
BioSpread,UNSEEN::AD888,0.1934690773487091,medium,0,0.6503459811210632,0,LOW_RISK,0.0,
BioSpread,UNSEEN::AE044,0.19341236352920532,medium,0,0.6504558622837067,0,LOW_RISK,0.0,
BioSpread,AG532,0.5661056041717529,review,0,0.49858981370925903,0,MODERATE_RISK,0.0,
BioSpread,UNSEEN::AF786,0.19338080286979675,medium,0,0.6505066454410553,0,LOW_RISK,0.0,
BioSpread,AB522,0.27103421092033386,medium,0,0.6253962814807892,0,LOW_RISK,0.0,
BioSpread,AD488,0.7470589876174927,review,1,0.5481724441051483,0,MODERATE_RISK,0.0,
BioSpread,AF503,0.7505472302436829,review,0,0.5689584612846375,0,MODERATE_RISK,0.0,
BioSpread,AD372,0.6621557474136353,review,0,0.5005877315998077,0,MODERATE_RISK,0.0,
BioSpread,UNSEEN::AC112,0.19349342584609985,medium,0,0.6503540575504303,0,LOW_RISK,0.0,
BioSpread,UNSEEN::AG995,0.19355511665344238,medium,0,0.6501911878585815,0,LOW_RISK,0.0,
BioSpread,UNSEEN::AB381,0.19348371028900146,medium,0,0.6503232419490814,0,LOW_RISK,0.0,
BioSpread,AH216,0.4755127429962158,review,0,0.5388952195644379,0,LOW_RISK,0.0,
BioSpread,UNSEEN::AG816,0.1933852732181549,medium,0,0.6504961550235748,0,LOW_RISK,0.0,
BioSpread,AF351,0.529457151889801,review,0,0.5054705440998077,0,MODERATE_RISK,0.0,
BioSpread,UNSEEN::AB213,0.19349056482315063,medium,0,0.6504024267196655,0,LOW_RISK,0.0,
BioSpread,UNSEEN::AB061,0.19298429787158966,medium,0,0.6512541770935059,0,LOW_RISK,0.0,
BioSpread,UNSEEN::AE173,0.19349676370620728,medium,0,0.6503038108348846,0,LOW_RISK,0.0,
BioSpread,AA759,0.6980344653129578,review,0,0.5148906409740448,0,MODERATE_RISK,0.0,
BioSpread,AA656,0.7005124092102051,review,0,0.5102500319480896,0,MODERATE_RISK,0.0,
BioSpread,AB778,0.6199592351913452,review,0,0.496151864528656,0,MODERATE_RISK,0.0,
BioSpread,UNSEEN::AC492,0.19342249631881714,medium,0,0.650510847568512,0,LOW_RISK,0.0,
BioSpread,UNSEEN::AG819,0.19349651038646698,medium,0,0.6503041982650757,0,LOW_RISK,0.0,
BioSpread,AA767,0.7458516359329224,review,0,0.5471502840518951,0,MODERATE_RISK,0.0,
BioSpread,AD751,0.6430783271789551,review,0,0.5052824318408966,0,MODERATE_RISK,0.0,
BioSpread,AG409,0.6933714151382446,review,0,0.5198257267475128,0,MODERATE_RISK,0.0,
BioSpread,UNSEEN::AG897,0.1935541033744812,medium,0,0.6501926779747009,0,LOW_RISK,0.0,
BioSpread,UNSEEN::AA844,0.19343778491020203,medium,0,0.650486171245575,0,LOW_RISK,0.0,
BioSpread,AB284,0.6147435307502747,review,0,0.5163383185863495,0,MODERATE_RISK,0.0,
BioSpread,AG461,0.16934534907341003,medium,0,0.6950206160545349,0,LOW_RISK,0.0,
BioSpread,AD380,0.5871485471725464,review,0,0.5030474960803986,0,MODERATE_RISK,0.0,
BioSpread,UNSEEN::AA908,0.1934700906276703,medium,0,0.650343656539917,0,LOW_RISK,0.0,
BioSpread,UNSEEN::AF639,0.19349676370620728,medium,0,0.6503038108348846,0,LOW_RISK,0.0,
BioSpread,AB285,0.21087518334388733,medium,0,0.6731792390346527,0,LOW_RISK,0.0,
BioSpread,UNSEEN::AD405,0.19335515797138214,medium,0,0.6505680680274963,0,LOW_RISK,0.0,
BioSpread,AE740,0.4692983329296112,review,0,0.534069150686264,0,LOW_RISK,0.0,
BioSpread,UNSEEN::AC018,0.19323016703128815,medium,0,0.6508695185184479,0,LOW_RISK,0.0,
BioSpread,UNSEEN::AE860,0.19347116351127625,medium,0,0.6503643691539764,0,LOW_RISK,0.0,
BioSpread,AG388,0.4630177617073059,review,0,0.5274581015110016,0,LOW_RISK,0.0,
BioSpread,AC898,0.7457637786865234,review,0,0.5510677397251129,0,MODERATE_RISK,0.0,
BioSpread,AD521,0.5318700075149536,review,0,0.5115575790405273,0,MODERATE_RISK,0.0,
BioSpread,UNSEEN::AE287,0.19335465133190155,medium,0,0.6505688726902008,0,LOW_RISK,0.0,
BioSpread,UNSEEN::AG481,0.19348186254501343,medium,0,0.6503936052322388,0,LOW_RISK,0.0,
BioSpread,AB662,0.4831429421901703,review,0,0.524294912815094,0,LOW_RISK,0.0,
BioSpread,AC692,0.6332949995994568,review,0,0.5080579221248627,0,MODERATE_RISK,0.0,
BioSpread,AA764,0.747312068939209,review,1,0.5492765009403229,0,MODERATE_RISK,0.0,
BioSpread,UNSEEN::AA238,0.19347012042999268,medium,0,0.6503434181213379,0,LOW_RISK,0.0,
BioSpread,AG972,0.529940664768219,review,0,0.5134320855140686,0,MODERATE_RISK,0.0,
BioSpread,UNSEEN::AG365,0.19355511665344238,medium,0,0.6501911878585815,0,LOW_RISK,0.0,
BioSpread,UNSEEN::AF855,0.19355511665344238,medium,0,0.6501911878585815,0,LOW_RISK,0.0,
BioSpread,UNSEEN::AE271,0.19335247576236725,medium,0,0.6505740284919739,0,LOW_RISK,0.0,
BioSpread,UNSEEN::AG741,0.19349651038646698,medium,0,0.6503041982650757,0,LOW_RISK,0.0,
BioSpread,AG254,0.6876529455184937,review,0,0.519217848777771,0,MODERATE_RISK,0.0,
BioSpread,UNSEEN::AB496,0.19342553615570068,medium,0,0.650436282157898,0,LOW_RISK,0.0,
BioSpread,UNSEEN::AC315,0.19240781664848328,medium,0,0.6526033282279968,0,LOW_RISK,0.0,
BioSpread,UNSEEN::AA290,0.1934962421655655,medium,0,0.6503045856952667,0,LOW_RISK,0.0,
BioSpread,AA610,0.6703786849975586,review,0,0.5034828186035156,0,MODERATE_RISK,0.0,
BioSpread,AG082,0.23443706333637238,medium,0,0.6566022634506226,0,LOW_RISK,0.0,
BioSpread,AB286,0.2417401522397995,medium,0,0.6534512042999268,0,LOW_RISK,0.0,
BioSpread,UNSEEN::AG109,0.19341161847114563,medium,0,0.6504577696323395,0,LOW_RISK,0.0,
BioSpread,AD271,0.6199864149093628,review,0,0.49614810943603516,0,MODERATE_RISK,0.0,
BioSpread,AA943,0.6855729818344116,review,0,0.516753077507019,0,MODERATE_RISK,0.0,
BioSpread,AF384,0.6382821798324585,review,0,0.49867475032806396,0,MODERATE_RISK,0.0,
BioSpread,UNSEEN::AE053,0.19341088831424713,medium,0,0.650526612997055,0,LOW_RISK,0.0,
BioSpread,UNSEEN::AB964,0.19335082173347473,medium,0,0.6505540311336517,0,LOW_RISK,0.0,
BioSpread,AA779,0.5146677494049072,review,0,0.5074313282966614,0,MODERATE_RISK,0.0,
BioSpread,AF502,0.46304845809936523,review,0,0.5274456143379211,0,LOW_RISK,0.0,
BioSpread,UNSEEN::AA509,0.19348226487636566,medium,0,0.6503268182277679,0,LOW_RISK,0.0,
BioSpread,AF843,0.22344844043254852,medium,0,0.6539585292339325,0,LOW_RISK,0.0,
BioSpread,UNSEEN::AA883,0.1934962421655655,medium,0,0.6503045856952667,0,LOW_RISK,0.0,
BioSpread,UNSEEN::AF110,0.19341208040714264,medium,0,0.6504562795162201,0,LOW_RISK,0.0,
BioSpread,UNSEEN::AE543,0.1933000087738037,medium,0,0.6507700979709625,0,LOW_RISK,0.0,
BioSpread,AC556,0.6911987662315369,review,0,0.5101031363010406,0,MODERATE_RISK,0.0,
BioSpread,UNSEEN::AG049,0.19336284697055817,medium,0,0.6506488025188446,0,LOW_RISK,0.0,
BioSpread,AC543,0.7439538836479187,review,0,0.556330144405365,0,MODERATE_RISK,0.0,
BioSpread,AA681,0.28877338767051697,medium,0,0.6141805648803711,0,LOW_RISK,0.0,
BioSpread,AC615,0.2496211677789688,medium,0,0.6388716697692871,0,LOW_RISK,0.0,
BioSpread,UNSEEN::AB077,0.1934126317501068,medium,0,0.6504554450511932,0,LOW_RISK,0.0,
BioSpread,AF296,0.22349250316619873,medium,0,0.6539225578308105,0,LOW_RISK,0.0,
BioSpread,AC171,0.6771074533462524,review,0,0.5086237192153931,0,MODERATE_RISK,0.0,
BioSpread,UNSEEN::AD605,0.19336454570293427,medium,0,0.650600790977478,0,LOW_RISK,0.0,
BioSpread,UNSEEN::AF194,0.19324073195457458,medium,0,0.6508131325244904,0,LOW_RISK,0.0,
BioSpread,UNSEEN::AC118,0.19341208040714264,medium,0,0.6504562795162201,0,LOW_RISK,0.0,
BioSpread,UNSEEN::AH097,0.1934960037469864,medium,0,0.6503049731254578,0,LOW_RISK,0.0,
BioSpread,UNSEEN::AG304,0.19343319535255432,medium,0,0.6505162417888641,0,LOW_RISK,0.0,
BioSpread,UNSEEN::AC334,0.19348928332328796,medium,0,0.6503212451934814,0,LOW_RISK,0.0,
BioSpread,UNSEEN::AF928,0.19344879686832428,medium,0,0.6504422426223755,0,LOW_RISK,0.0,
BioSpread,UNSEEN::AB225,0.1935548633337021,medium,0,0.6501915454864502,0,LOW_RISK,0.0,
BioSpread,UNSEEN::AA380,0.1932431161403656,medium,0,0.6509446203708649,0,LOW_RISK,0.0,
BioSpread,UNSEEN::AE957,0.1935543566942215,medium,0,0.6501923203468323,0,LOW_RISK,0.0,
BioSpread,AB089,0.6785216331481934,review,0,0.5057478249073029,0,MODERATE_RISK,0.0,
BioSpread,UNSEEN::AC964,0.1934250295162201,medium,0,0.6504370272159576,0,LOW_RISK,0.0,
BioSpread,UNSEEN::AG411,0.19349651038646698,medium,0,0.6503041982650757,0,LOW_RISK,0.0,
BioSpread,UNSEEN::AG240,0.1934356838464737,medium,0,0.650466799736023,0,LOW_RISK,0.0,
BioSpread,AC204,0.7193626165390015,review,0,0.5266382694244385,0,MODERATE_RISK,0.0,
BioSpread,AA082,0.6490931510925293,review,0,0.5067414045333862,0,MODERATE_RISK,0.0,
BioSpread,UNSEEN::AF328,0.19349676370620728,medium,0,0.6503038108348846,0,LOW_RISK,0.0,
BioSpread,UNSEEN::AC106,0.19348371028900146,medium,0,0.6503232419490814,0,LOW_RISK,0.0,
BioSpread,AE391,0.22347486019134521,medium,0,0.6539369523525238,0,LOW_RISK,0.0,
BioSpread,AG653,0.24633120000362396,medium,0,0.655223160982132,0,LOW_RISK,0.0,
BioSpread,UNSEEN::AE763,0.19341184198856354,medium,0,0.6504566669464111,0,LOW_RISK,0.0,
BioSpread,UNSEEN::AF596,0.1933281123638153,medium,0,0.6506083309650421,0,LOW_RISK,0.0,
BioSpread,AD536,0.6771283149719238,review,0,0.5085157454013824,0,MODERATE_RISK,0.0,
BioSpread,AA289,0.683046281337738,review,0,0.5060388147830963,0,MODERATE_RISK,0.0,
BioSpread,AG015,0.22344844043254852,medium,0,0.6539585292339325,0,LOW_RISK,0.0,
BioSpread,UNSEEN::AH089,0.19349700212478638,medium,0,0.650303453207016,0,LOW_RISK,0.0,
BioSpread,UNSEEN::AG538,0.19322101771831512,medium,0,0.6508946418762207,0,LOW_RISK,0.0,
BioSpread,UNSEEN::AH264,0.1934257447719574,medium,0,0.6504359245300293,0,LOW_RISK,0.0,
BioSpread,AE101,0.6571453809738159,review,0,0.4996066689491272,0,MODERATE_RISK,0.0,
BioSpread,UNSEEN::AG639,0.19348320364952087,medium,0,0.6503239870071411,0,LOW_RISK,0.0,
BioSpread,UNSEEN::AF117,0.19348371028900146,medium,0,0.6503232419490814,0,LOW_RISK,0.0,
BioSpread,UNSEEN::AD016,0.19348695874214172,medium,0,0.6502954661846161,0,LOW_RISK,0.0,
BioSpread,AB259,0.48299768567085266,review,0,0.5243497490882874,0,LOW_RISK,0.0,
BioSpread,UNSEEN::AF183,0.19349700212478638,medium,0,0.650303453207016,0,LOW_RISK,0.0,
BioSpread,AA246,0.26596975326538086,medium,0,0.6264762580394745,0,LOW_RISK,0.0,
BioSpread,UNSEEN::AF115,0.19348344206809998,medium,0,0.6503235995769501,0,LOW_RISK,0.0,
BioSpread,UNSEEN::AB246,0.19336284697055817,medium,0,0.6506488025188446,0,LOW_RISK,0.0,
BioSpread,UNSEEN::AH201,0.19348320364952087,medium,0,0.6503239870071411,0,LOW_RISK,0.0,
BioSpread,UNSEEN::AF124,0.1935543566942215,medium,0,0.6501923203468323,0,LOW_RISK,0.0,
BioSpread,UNSEEN::AD721,0.19343708455562592,medium,0,0.6504878401756287,0,LOW_RISK,0.0,
BioSpread,AF524,0.6621811985969543,review,1,0.5164900124073029,0,MODERATE_RISK,0.0,
BioSpread,UNSEEN::AE933,0.1934790462255478,medium,0,0.6504004895687103,0,LOW_RISK,0.0,
BioSpread,AA997,0.22349250316619873,medium,0,0.6539225578308105,0,LOW_RISK,0.0,
BioSpread,UNSEEN::AA714,0.19348344206809998,medium,0,0.6503235995769501,0,LOW_RISK,0.0,
BioSpread,UNSEEN::AA801,0.19330082833766937,medium,0,0.6506489813327789,0,LOW_RISK,0.0,
BioSpread,AE061,0.2801739275455475,medium,0,0.6201077103614807,0,LOW_RISK,0.0,
BioSpread,UNSEEN::AB744,0.19311323761940002,medium,0,0.6511513292789459,0,LOW_RISK,0.0,
BioSpread,UNSEEN::AG034,0.1932571828365326,medium,0,0.6507417559623718,0,LOW_RISK,0.0,
BioSpread,UNSEEN::AB459,0.19340179860591888,medium,0,0.6504490971565247,0,LOW_RISK,0.0,
BioSpread,UNSEEN::AG335,0.1934962421655655,medium,0,0.6503045856952667,0,LOW_RISK,0.0,
BioSpread,UNSEEN::AF873,0.19349604845046997,medium,0,0.6503055393695831,0,LOW_RISK,0.0,
BioSpread,AC930,0.4352008104324341,review,0,0.5563758611679077,0,LOW_RISK,0.0,
BioSpread,UNSEEN::AC958,0.19331571459770203,medium,0,0.6507185101509094,0,LOW_RISK,0.0,
BioSpread,AD973,0.672139048576355,review,0,0.50820392370224,0,MODERATE_RISK,0.0,
BioSpread,UNSEEN::AH143,0.19349676370620728,medium,0,0.6503038108348846,0,LOW_RISK,0.0,
BioSpread,AE183,0.4831574559211731,review,0,0.5242894887924194,0,LOW_RISK,0.0,
BioSpread,AD250,0.6652402281761169,review,0,0.5012510120868683,0,MODERATE_RISK,0.0,
BioSpread,UNSEEN::AE985,0.19335110485553741,medium,0,0.6505773663520813,0,LOW_RISK,0.0,
BioSpread,UNSEEN::AC544,0.19342434406280518,medium,0,0.6505063474178314,0,LOW_RISK,0.0,
BioSpread,AG642,0.22372055053710938,medium,0,0.6537630558013916,0,LOW_RISK,0.0,
BioSpread,UNSEEN::AF916,0.19327262043952942,medium,0,0.6507160663604736,0,LOW_RISK,0.0,
BioSpread,AF816,0.6701693534851074,review,0,0.5145625174045563,0,MODERATE_RISK,0.0,
BioSpread,UNSEEN::AE607,0.19345130026340485,medium,0,0.6503946483135223,0,LOW_RISK,0.0,
BioSpread,AC046,0.5910341143608093,review,0,0.4985473155975342,0,MODERATE_RISK,0.0,
BioSpread,UNSEEN::AF566,0.19349676370620728,medium,0,0.6503038108348846,0,LOW_RISK,0.0,
BioSpread,UNSEEN::AF418,0.19344300031661987,medium,0,0.6503837704658508,0,LOW_RISK,0.0,
BioSpread,UNSEEN::AF342,0.1932441145181656,medium,0,0.6507612466812134,0,LOW_RISK,0.0,
BioSpread,UNSEEN::AG600,0.19293351471424103,medium,0,0.6514332592487335,0,LOW_RISK,0.0,
BioSpread,UNSEEN::AD319,0.19322992861270905,medium,0,0.6509217917919159,0,LOW_RISK,0.0,
BioSpread,UNSEEN::AA386,0.19348500669002533,medium,0,0.6503437459468842,0,LOW_RISK,0.0,
BioSpread,UNSEEN::AF925,0.19346988201141357,medium,0,0.6503437757492065,0,LOW_RISK,0.0,
BioSpread,AD272,0.7043439745903015,review,0,0.5194565951824188,0,MODERATE_RISK,0.0,
BioSpread,AD949,0.6792139410972595,review,0,0.505704253911972,0,MODERATE_RISK,0.0,
BioSpread,AF034,0.6500675678253174,review,1,0.5051299929618835,0,MODERATE_RISK,0.0,
BioSpread,UNSEEN::AH423,0.19332720339298248,medium,0,0.6506784558296204,0,LOW_RISK,0.0,
BioSpread,AG886,0.22351013123989105,medium,0,0.6539081335067749,0,LOW_RISK,0.0,
BioSpread,UNSEEN::AE338,0.1934962421655655,medium,0,0.6503045856952667,0,LOW_RISK,0.0,
BioSpread,AF250,0.6952090263366699,review,1,0.5181116759777069,0,MODERATE_RISK,0.0,
BioSpread,UNSEEN::AH318,0.19349676370620728,medium,0,0.6503038108348846,0,LOW_RISK,0.0,
BioSpread,UNSEEN::AE762,0.1930723786354065,medium,0,0.6511999368667603,0,LOW_RISK,0.0,
BioSpread,AE865,0.6661431789398193,review,0,0.499004602432251,0,MODERATE_RISK,0.0,
BioSpread,UNSEEN::AD559,0.19345703721046448,medium,0,0.6503630876541138,0,LOW_RISK,0.0,
BioSpread,UNSEEN::AD184,0.19348371028900146,medium,0,0.6503232419490814,0,LOW_RISK,0.0,
BioSpread,AA974,0.7298285365104675,review,0,0.5257197022438049,0,MODERATE_RISK,0.0,
BioSpread,UNSEEN::AA057,0.19304156303405762,medium,0,0.6513146162033081,0,LOW_RISK,0.0,
BioSpread,UNSEEN::AG231,0.19349676370620728,medium,0,0.6503038108348846,0,LOW_RISK,0.0,
BioSpread,UNSEEN::AC529,0.1930278092622757,medium,0,0.6512435376644135,0,LOW_RISK,0.0,
BioSpread,UNSEEN::AE683,0.1934828758239746,medium,0,0.6503246426582336,0,LOW_RISK,0.0,
BioSpread,AF960,0.3957687318325043,review,0,0.5904502272605896,0,LOW_RISK,0.0,
BioSpread,UNSEEN::AH466,0.1934962421655655,medium,0,0.6503045856952667,0,LOW_RISK,0.0,
BioSpread,AA771,0.6772213578224182,review,0,0.5195790529251099,0,MODERATE_RISK,0.0,
BioSpread,AE832,0.6460521817207336,review,0,0.5050375461578369,0,MODERATE_RISK,0.0,
BioSpread,AF571,0.7206034064292908,review,1,0.526557594537735,0,MODERATE_RISK,0.0,
BioSpread,UNSEEN::AF463,0.19348271191120148,medium,0,0.6503247320652008,0,LOW_RISK,0.0,
BioSpread,UNSEEN::AH057,0.19355343282222748,medium,0,0.6501943171024323,0,LOW_RISK,0.0,
BioSpread,UNSEEN::AF480,0.19345559179782867,medium,0,0.6504378318786621,0,LOW_RISK,0.0,
BioSpread,UNSEEN::AC271,0.19345706701278687,medium,0,0.6503628492355347,0,LOW_RISK,0.0,
BioSpread,AC767,0.746119499206543,review,0,0.5613256096839905,0,MODERATE_RISK,0.0,
BioSpread,UNSEEN::AE966,0.19280275702476501,medium,0,0.6514694392681122,0,LOW_RISK,0.0,
BioSpread,UNSEEN::AF118,0.19349554181098938,medium,0,0.6503062844276428,0,LOW_RISK,0.0,
BioSpread,UNSEEN::AG553,0.19346937537193298,medium,0,0.6503445506095886,0,LOW_RISK,0.0,
BioSpread,AE408,0.6555350422859192,review,0,0.4992828965187073,0,MODERATE_RISK,0.0,
BioSpread,UNSEEN::AG976,0.1934962421655655,medium,0,0.6503045856952667,0,LOW_RISK,0.0,
BioSpread,UNSEEN::AE495,0.1934962421655655,medium,0,0.6503045856952667,0,LOW_RISK,0.0,
BioSpread,UNSEEN::AD081,0.19348670542240143,medium,0,0.6502958536148071,0,LOW_RISK,0.0,
BioSpread,UNSEEN::AF728,0.19334551692008972,medium,0,0.6505553424358368,0,LOW_RISK,0.0,
BioSpread,UNSEEN::AH344,0.19349651038646698,medium,0,0.6503041982650757,0,LOW_RISK,0.0,
BioSpread,AA783,0.7409584522247314,review,1,0.5505987703800201,0,MODERATE_RISK,0.0,
BioSpread,UNSEEN::AB462,0.1931590735912323,medium,0,0.6509660184383392,0,LOW_RISK,0.0,
BioSpread,AF479,0.6921855807304382,review,1,0.5124817192554474,0,MODERATE_RISK,0.0,
BioSpread,UNSEEN::AF997,0.19342604279518127,medium,0,0.6504355072975159,0,LOW_RISK,0.0,
BioSpread,AA256,0.5548564791679382,review,0,0.49288296699523926,0,MODERATE_RISK,0.0,
BioSpread,AG186,0.5335825681686401,review,0,0.5111556649208069,0,MODERATE_RISK,0.0,
BioSpread,UNSEEN::AE411,0.19330048561096191,medium,0,0.6506499350070953,0,LOW_RISK,0.0,
BioSpread,AB776,0.6243810653686523,review,0,0.5026278495788574,0,MODERATE_RISK,0.0,
BioSpread,UNSEEN::AH465,0.1934962421655655,medium,0,0.6503045856952667,0,LOW_RISK,0.0,
BioSpread,AG571,0.229033425450325,medium,0,0.6568978726863861,0,LOW_RISK,0.0,
BioSpread,AC479,0.5869356989860535,review,0,0.5156295597553253,0,MODERATE_RISK,0.0,
BioSpread,UNSEEN::AA443,0.19318044185638428,medium,0,0.651025801897049,0,LOW_RISK,0.0,
BioSpread,AA887,0.7463517189025879,review,0,0.5457358956336975,0,MODERATE_RISK,0.0,
BioSpread,UNSEEN::AA744,0.19342993199825287,medium,0,0.6504031717777252,0,LOW_RISK,0.0,
BioSpread,UNSEEN::AD698,0.19535735249519348,medium,0,0.6515688598155975,0,LOW_RISK,0.0,
BioSpread,AC431,0.7320185899734497,review,1,0.5289869904518127,0,MODERATE_RISK,0.0,
BioSpread,AF547,0.6922051310539246,review,0,0.5112099945545197,0,MODERATE_RISK,0.0,
BioSpread,UNSEEN::AG182,0.1935548633337021,medium,0,0.6501915454864502,0,LOW_RISK,0.0,
BioSpread,UNSEEN::AD967,0.19348320364952087,medium,0,0.6503239870071411,0,LOW_RISK,0.0,
BioSpread,AE945,0.6872751116752625,review,0,0.5078120231628418,0,MODERATE_RISK,0.0,
BioSpread,AD860,0.5619783401489258,review,0,0.5105979144573212,0,MODERATE_RISK,0.0,
BioSpread,AD186,0.7418841123580933,review,0,0.5514605939388275,0,MODERATE_RISK,0.0,
BioSpread,UNSEEN::AH386,0.19348695874214172,medium,0,0.6502954661846161,0,LOW_RISK,0.0,
BioSpread,AC121,0.74687260389328,review,0,0.5511519312858582,0,MODERATE_RISK,0.0,
BioSpread,UNSEEN::AF757,0.19342434406280518,medium,0,0.6505063474178314,0,LOW_RISK,0.0,
BioSpread,AD685,0.2634263038635254,medium,0,0.6290759444236755,0,LOW_RISK,0.0,
BioSpread,UNSEEN::AH407,0.19349651038646698,medium,0,0.6503041982650757,0,LOW_RISK,0.0,
BioSpread,UNSEEN::AF211,0.1935541033744812,medium,0,0.6501926779747009,0,LOW_RISK,0.0,
BioSpread,AF585,0.5151426196098328,review,0,0.5123660564422607,0,MODERATE_RISK,0.0,
BioSpread,UNSEEN::AE633,0.19345930218696594,medium,0,0.6503360867500305,0,LOW_RISK,0.0,
BioSpread,UNSEEN::AG541,0.19337213039398193,medium,0,0.6506569087505341,0,LOW_RISK,0.0,
BioSpread,UNSEEN::AG345,0.1934252679347992,medium,0,0.6504366397857666,0,LOW_RISK,0.0,
BioSpread,UNSEEN::AD490,0.19341208040714264,medium,0,0.6504562795162201,0,LOW_RISK,0.0,
BioSpread,UNSEEN::AF709,0.19273142516613007,medium,0,0.6517716646194458,0,LOW_RISK,0.0,
BioSpread,UNSEEN::AC790,0.1935286819934845,medium,0,0.6502304077148438,0,LOW_RISK,0.0,
BioSpread,UNSEEN::AF832,0.1935272216796875,medium,0,0.6502332389354706,0,LOW_RISK,0.0,
BioSpread,UNSEEN::AB836,0.19315668940544128,medium,0,0.650996208190918,0,LOW_RISK,0.0,
BioSpread,AH322,0.16971513628959656,medium,0,0.6938957870006561,0,LOW_RISK,0.0,
BioSpread,UNSEEN::AF544,0.19355511665344238,medium,0,0.6501911878585815,0,LOW_RISK,0.0,
BioSpread,UNSEEN::AB873,0.19348271191120148,medium,0,0.6503247320652008,0,LOW_RISK,0.0,
BioSpread,AB164,0.6503462791442871,review,0,0.49822157621383667,0,MODERATE_RISK,0.0,
BioSpread,UNSEEN::AC065,0.19348064064979553,medium,0,0.6503730714321136,0,LOW_RISK,0.0,
BioSpread,UNSEEN::AD781,0.19349651038646698,medium,0,0.6503041982650757,0,LOW_RISK,0.0,
BioSpread,AC339,0.6409040093421936,review,0,0.4989238977432251,0,MODERATE_RISK,0.0,
BioSpread,AA832,0.7434467673301697,review,0,0.549089252948761,0,MODERATE_RISK,0.0,
BioSpread,UNSEEN::AE632,0.19334164261817932,medium,0,0.6505882143974304,0,LOW_RISK,0.0,
BioSpread,AD560,0.7041100859642029,review,0,0.511492133140564,0,MODERATE_RISK,0.0,
BioSpread,UNSEEN::AH506,0.19349651038646698,medium,0,0.6503041982650757,0,LOW_RISK,0.0,
BioSpread,AG151,0.237238809466362,medium,0,0.6559433341026306,0,LOW_RISK,0.0,
BioSpread,AH041,0.6552078723907471,review,0,0.5068793892860413,0,MODERATE_RISK,0.0,
BioSpread,UNSEEN::AE573,0.1934884488582611,medium,0,0.6503832340240479,0,LOW_RISK,0.0,
BioSpread,UNSEEN::AA518,0.19328860938549042,medium,0,0.650759369134903,0,LOW_RISK,0.0,
BioSpread,UNSEEN::AE026,0.19339753687381744,medium,0,0.6505289077758789,0,LOW_RISK,0.0,
BioSpread,UNSEEN::AE995,0.19348695874214172,medium,0,0.6502954661846161,0,LOW_RISK,0.0,
BioSpread,UNSEEN::AG789,0.19349651038646698,medium,0,0.6503041982650757,0,LOW_RISK,0.0,
BioSpread,AD444,0.7218289375305176,review,1,0.5278199017047882,0,MODERATE_RISK,0.0,
BioSpread,AA153,0.7145316004753113,review,0,0.520439863204956,0,MODERATE_RISK,0.0,
BioSpread,UNSEEN::AE710,0.1934753954410553,medium,0,0.6504026651382446,0,LOW_RISK,0.0,
BioSpread,UNSEEN::AB969,0.19323843717575073,medium,0,0.6507939100265503,0,LOW_RISK,0.0,
BioSpread,UNSEEN::AH348,0.19349676370620728,medium,0,0.6503038108348846,0,LOW_RISK,0.0,
BioSpread,UNSEEN::AC358,0.1891711950302124,medium,0,0.659177303314209,0,LOW_RISK,0.0,
BioSpread,AE866,0.6899121999740601,review,0,0.5031009018421173,0,MODERATE_RISK,0.0,
BioSpread,UNSEEN::AF900,0.19325672090053558,medium,0,0.6508120000362396,0,LOW_RISK,0.0,
BioSpread,UNSEEN::AE454,0.19332768023014069,medium,0,0.6506096422672272,0,LOW_RISK,0.0,
BioSpread,UNSEEN::AA510,0.19349700212478638,medium,0,0.650303453207016,0,LOW_RISK,0.0,
BioSpread,UNSEEN::AF692,0.1935543566942215,medium,0,0.6501923203468323,0,LOW_RISK,0.0,
BioSpread,UNSEEN::AE502,0.19326815009117126,medium,0,0.6507968604564667,0,LOW_RISK,0.0,
BioSpread,AC022,0.7084177732467651,review,0,0.5205624401569366,0,MODERATE_RISK,0.0,
BioSpread,AA664,0.7464236617088318,review,0,0.5457347631454468,0,MODERATE_RISK,0.0,
BioSpread,UNSEEN::AE100,0.19404816627502441,medium,0,0.6494284868240356,0,LOW_RISK,0.0,
BioSpread,UNSEEN::AD263,0.19348295032978058,medium,0,0.6503243744373322,0,LOW_RISK,0.0,
BioSpread,UNSEEN::AC858,0.1935543566942215,medium,0,0.6501923203468323,0,LOW_RISK,0.0,
BioSpread,UNSEEN::AE822,0.1931423842906952,medium,0,0.6509619653224945,0,LOW_RISK,0.0,
BioSpread,UNSEEN::AC445,0.19309820234775543,medium,0,0.6511494815349579,0,LOW_RISK,0.0,
BioSpread,AC814,0.6483302712440491,review,0,0.4983662962913513,0,MODERATE_RISK,0.0,
BioSpread,UNSEEN::AB837,0.19328446686267853,medium,0,0.650701105594635,0,LOW_RISK,0.0,
BioSpread,UNSEEN::AD432,0.19338475167751312,medium,0,0.6504971385002136,0,LOW_RISK,0.0,
BioSpread,UNSEEN::AD477,0.1934426724910736,medium,0,0.6503846347332001,0,LOW_RISK,0.0,
BioSpread,UNSEEN::AD047,0.19348320364952087,medium,0,0.6503239870071411,0,LOW_RISK,0.0,
BioSpread,UNSEEN::AD866,0.19349651038646698,medium,0,0.6503041982650757,0,LOW_RISK,0.0,
BioSpread,UNSEEN::AD608,0.1932975947856903,medium,0,0.6507508456707001,0,LOW_RISK,0.0,
BioSpread,AG426,0.5971754193305969,review,0,0.5269092321395874,0,MODERATE_RISK,0.0,
BioSpread,AA123,0.7255104184150696,review,1,0.5251677930355072,0,MODERATE_RISK,0.0,
BioSpread,AD558,0.6946746110916138,review,0,0.506168395280838,0,MODERATE_RISK,0.0,
BioSpread,AE259,0.6539130210876465,review,0,0.5010112226009369,0,MODERATE_RISK,0.0,
BioSpread,UNSEEN::AD128,0.1940227746963501,medium,0,0.6494660973548889,0,LOW_RISK,0.0,
BioSpread,UNSEEN::AB355,0.1932048499584198,medium,0,0.6509189605712891,0,LOW_RISK,0.0,
BioSpread,UNSEEN::AD954,0.1934126317501068,medium,0,0.6504554450511932,0,LOW_RISK,0.0,
BioSpread,UNSEEN::AG237,0.19349651038646698,medium,0,0.6503041982650757,0,LOW_RISK,0.0,
BioSpread,UNSEEN::AB688,0.19301122426986694,medium,0,0.6512147784233093,0,LOW_RISK,0.0,
BioSpread,UNSEEN::AD321,0.19347012042999268,medium,0,0.6503434181213379,0,LOW_RISK,0.0,
BioSpread,UNSEEN::AA745,0.19338993728160858,medium,0,0.6504626870155334,0,LOW_RISK,0.0,
BioSpread,AF907,0.2631218135356903,medium,0,0.6276401281356812,0,LOW_RISK,0.0,
BioSpread,AC260,0.7454485297203064,review,0,0.5459712445735931,0,MODERATE_RISK,0.0,
BioSpread,UNSEEN::AF022,0.1934962421655655,medium,0,0.6503045856952667,0,LOW_RISK,0.0,
BioSpread,AB357,0.5954647064208984,review,0,0.5015721917152405,0,MODERATE_RISK,0.0,
BioSpread,UNSEEN::AD360,0.19355511665344238,medium,0,0.6501911878585815,0,LOW_RISK,0.0,
BioSpread,AD325,0.5318459272384644,review,0,0.5115649700164795,0,MODERATE_RISK,0.0,
BioSpread,UNSEEN::AC770,0.19354166090488434,medium,0,0.6502111554145813,0,LOW_RISK,0.0,
BioSpread,UNSEEN::AD517,0.19349700212478638,medium,0,0.650303453207016,0,LOW_RISK,0.0,
BioSpread,UNSEEN::AE324,0.1931738257408142,medium,0,0.6509627103805542,0,LOW_RISK,0.0,
BioSpread,AF708,0.4831574559211731,review,0,0.5242894887924194,0,LOW_RISK,0.0,
BioSpread,AF498,0.17385274171829224,medium,0,0.6845825910568237,0,LOW_RISK,0.0,
BioSpread,AG205,0.6199319958686829,review,0,0.49615561962127686,0,MODERATE_RISK,0.0,
BioSpread,UNSEEN::AE428,0.1934177130460739,medium,0,0.6505154967308044,0,LOW_RISK,0.0,
BioSpread,UNSEEN::AB066,0.1931862235069275,medium,0,0.6508949100971222,0,LOW_RISK,0.0,
BioSpread,UNSEEN::AG062,0.1931680142879486,medium,0,0.650890052318573,0,LOW_RISK,0.0,
BioSpread,UNSEEN::AE908,0.19341537356376648,medium,0,0.650564581155777,0,LOW_RISK,0.0,
BioSpread,AG888,0.6068264842033386,review,0,0.5242180228233337,0,MODERATE_RISK,0.0,
BioSpread,UNSEEN::AF439,0.19349651038646698,medium,0,0.6503041982650757,0,LOW_RISK,0.0,
BioSpread,UNSEEN::AH360,0.1935543566942215,medium,0,0.6501923203468323,0,LOW_RISK,0.0,
BioSpread,UNSEEN::AC520,0.1934960037469864,medium,0,0.6503049731254578,0,LOW_RISK,0.0,
BioSpread,AD716,0.7390357255935669,review,0,0.5509659051895142,0,MODERATE_RISK,0.0,
BioSpread,UNSEEN::AG887,0.1934068202972412,medium,0,0.6504873037338257,0,LOW_RISK,0.0,
BioSpread,UNSEEN::AF866,0.1935548633337021,medium,0,0.6501915454864502,0,LOW_RISK,0.0,
BioSpread,AG511,0.6443052291870117,review,0,0.505878210067749,0,MODERATE_RISK,0.0,
BioSpread,UNSEEN::AB137,0.1934421956539154,medium,0,0.6505246460437775,0,LOW_RISK,0.0,
BioSpread,UNSEEN::AF595,0.1934337019920349,medium,0,0.6504473090171814,0,LOW_RISK,0.0,
BioSpread,AE283,0.7367940545082092,review,0,0.5720365345478058,0,MODERATE_RISK,0.0,
BioSpread,UNSEEN::AC253,0.19348344206809998,medium,0,0.6503235995769501,0,LOW_RISK,0.0,
BioSpread,AG296,0.2625100612640381,medium,0,0.6294497847557068,0,LOW_RISK,0.0,
BioSpread,AF684,0.738740861415863,review,0,0.5532712638378143,0,MODERATE_RISK,0.0,
BioSpread,AA756,0.7104652523994446,review,1,0.525617927312851,0,MODERATE_RISK,0.0,
BioSpread,UNSEEN::AC875,0.19349700212478638,medium,0,0.650303453207016,0,LOW_RISK,0.0,
BioSpread,AA791,0.7364426851272583,review,0,0.5572869777679443,0,MODERATE_RISK,0.0,
BioSpread,AD667,0.6704627871513367,review,0,0.5033891201019287,0,MODERATE_RISK,0.0,
BioSpread,UNSEEN::AG148,0.19341184198856354,medium,0,0.6504566669464111,0,LOW_RISK,0.0,
BioSpread,UNSEEN::AA532,0.19326575100421906,medium,0,0.6508219838142395,0,LOW_RISK,0.0,
BioSpread,UNSEEN::AE177,0.19343802332878113,medium,0,0.6504857838153839,0,LOW_RISK,0.0,
BioSpread,AE065,0.2626451253890991,medium,0,0.6279468536376953,0,LOW_RISK,0.0,
BioSpread,UNSEEN::AF705,0.19348320364952087,medium,0,0.6503239870071411,0,LOW_RISK,0.0,
BioSpread,UNSEEN::AG781,0.19312183558940887,medium,0,0.6510490477085114,0,LOW_RISK,0.0,
BioSpread,UNSEEN::AF394,0.19348731637001038,medium,0,0.6502925455570221,0,LOW_RISK,0.0,
BioSpread,UNSEEN::AD629,0.19308222830295563,medium,0,0.6510955691337585,0,LOW_RISK,0.0,
BioSpread,UNSEEN::AD914,0.19348721206188202,medium,0,0.650295078754425,0,LOW_RISK,0.0,
BioSpread,UNSEEN::AG949,0.19349651038646698,medium,0,0.6503041982650757,0,LOW_RISK,0.0,
BioSpread,UNSEEN::AD547,0.19309446215629578,medium,0,0.6509054005146027,0,LOW_RISK,0.0,
BioSpread,UNSEEN::AH338,0.19349700212478638,medium,0,0.650303453207016,0,LOW_RISK,0.0,
BioSpread,AB870,0.48386749625205994,review,0,0.5240816175937653,0,LOW_RISK,0.0,
BioSpread,UNSEEN::AE563,0.1934962421655655,medium,0,0.6503045856952667,0,LOW_RISK,0.0,
BioSpread,AF353,0.5880688428878784,review,0,0.5122394263744354,0,MODERATE_RISK,0.0,
BioSpread,AD757,0.7023959755897522,review,0,0.5140230655670166,0,MODERATE_RISK,0.0,
BioSpread,UNSEEN::AF477,0.19406086206436157,medium,0,0.649409681558609,0,LOW_RISK,0.0,
BioSpread,AC503,0.7385891079902649,review,0,0.5960037410259247,0,MODERATE_RISK,0.0,
BioSpread,AC915,0.6733343005180359,review,0,0.5033411383628845,0,MODERATE_RISK,0.0,
BioSpread,UNSEEN::AD268,0.1934962421655655,medium,0,0.6503045856952667,0,LOW_RISK,0.0,
BioSpread,AG632,0.7487524151802063,review,0,0.5588235855102539,0,MODERATE_RISK,0.0,
BioSpread,AC610,0.6199265122413635,review,0,0.4961564540863037,0,MODERATE_RISK,0.0,
BioSpread,UNSEEN::AG630,0.19349676370620728,medium,0,0.6503038108348846,0,LOW_RISK,0.0,
BioSpread,AC467,0.6986650228500366,review,0,0.5158169865608215,0,MODERATE_RISK,0.0,
BioSpread,UNSEEN::AB228,0.19303235411643982,medium,0,0.6511820256710052,0,LOW_RISK,0.0,
BioSpread,UNSEEN::AH488,0.1935541033744812,medium,0,0.6501926779747009,0,LOW_RISK,0.0,
BioSpread,UNSEEN::AB347,0.19325007498264313,medium,0,0.650892436504364,0,LOW_RISK,0.0,
BioSpread,AD637,0.18133121728897095,medium,0,0.6684710085391998,0,LOW_RISK,0.0,
BioSpread,UNSEEN::AE273,0.19349651038646698,medium,0,0.6503041982650757,0,LOW_RISK,0.0,
BioSpread,UNSEEN::AC251,0.1934356838464737,medium,0,0.650466799736023,0,LOW_RISK,0.0,
BioSpread,AC120,0.7460020780563354,review,1,0.5456213355064392,0,MODERATE_RISK,0.0,
BioSpread,UNSEEN::AG900,0.1935541033744812,medium,0,0.6501926779747009,0,LOW_RISK,0.0,
BioSpread,AE821,0.7487519383430481,review,1,0.5571724474430084,0,MODERATE_RISK,0.0,
BioSpread,UNSEEN::AC376,0.19349676370620728,medium,0,0.6503038108348846,0,LOW_RISK,0.0,
BioSpread,AF635,0.5331404209136963,review,0,0.5136163532733917,0,MODERATE_RISK,0.0,
BioSpread,UNSEEN::AE375,0.19336748123168945,medium,0,0.6506184637546539,0,LOW_RISK,0.0,
BioSpread,UNSEEN::AC989,0.1934962421655655,medium,0,0.6503045856952667,0,LOW_RISK,0.0,
BioSpread,UNSEEN::AF367,0.1935543566942215,medium,0,0.6501923203468323,0,LOW_RISK,0.0,
BioSpread,UNSEEN::AB087,0.19341208040714264,medium,0,0.6504562795162201,0,LOW_RISK,0.0,
BioSpread,AE893,0.7457263469696045,review,0,0.5666772723197937,0,MODERATE_RISK,0.0,
BioSpread,UNSEEN::AD414,0.19303631782531738,medium,0,0.6512323617935181,0,LOW_RISK,0.0,
BioSpread,UNSEEN::AA482,0.19341208040714264,medium,0,0.6504562795162201,0,LOW_RISK,0.0,
BioSpread,UNSEEN::AF222,0.19349676370620728,medium,0,0.6503038108348846,0,LOW_RISK,0.0,
BioSpread,AB759,0.6965196132659912,review,0,0.5154516398906708,0,MODERATE_RISK,0.0,
BioSpread,AF425,0.6818292737007141,review,0,0.5052020251750946,0,MODERATE_RISK,0.0,
BioSpread,AA413,0.18290838599205017,medium,0,0.6728306412696838,0,LOW_RISK,0.0,
BioSpread,UNSEEN::AH292,0.19354166090488434,medium,0,0.6502111554145813,0,LOW_RISK,0.0,
BioSpread,UNSEEN::AC227,0.19354191422462463,medium,0,0.6502107679843903,0,LOW_RISK,0.0,
BioSpread,AG004,0.26267191767692566,medium,0,0.6297571361064911,0,LOW_RISK,0.0,
BioSpread,UNSEEN::AG806,0.1934027522802353,medium,0,0.6504470407962799,0,LOW_RISK,0.0,
BioSpread,AF109,0.22349250316619873,medium,0,0.6539225578308105,0,LOW_RISK,0.0,
BioSpread,UNSEEN::AC393,0.19349700212478638,medium,0,0.650303453207016,0,LOW_RISK,0.0,
BioSpread,UNSEEN::AB079,0.1934589445590973,medium,0,0.6504060924053192,0,LOW_RISK,0.0,
BioSpread,UNSEEN::AG665,0.1933504194021225,medium,0,0.6506470739841461,0,LOW_RISK,0.0,
BioSpread,UNSEEN::AC721,0.1935545951128006,medium,0,0.6501919627189636,0,LOW_RISK,0.0,
BioSpread,AF079,0.2707346975803375,medium,0,0.624945193529129,0,LOW_RISK,0.0,
BioSpread,UNSEEN::AB157,0.19324138760566711,medium,0,0.6508238315582275,0,LOW_RISK,0.0,
BioSpread,UNSEEN::AG218,0.19338494539260864,medium,0,0.6504970490932465,0,LOW_RISK,0.0,
BioSpread,UNSEEN::AC200,0.19336196780204773,medium,0,0.6505077183246613,0,LOW_RISK,0.0,
BioSpread,UNSEEN::AG184,0.19307374954223633,medium,0,0.6511930823326111,0,LOW_RISK,0.0,
BioSpread,UNSEEN::AB915,0.19322043657302856,medium,0,0.6509536504745483,0,LOW_RISK,0.0,
BioSpread,UNSEEN::AF032,0.1934836506843567,medium,0,0.6503234803676605,0,LOW_RISK,0.0,
BioSpread,AC111,0.6428779363632202,review,1,0.50979945063591,0,MODERATE_RISK,0.0,
BioSpread,UNSEEN::AD023,0.19347365200519562,medium,0,0.6503152549266815,0,LOW_RISK,0.0,
BioSpread,AH174,0.5460010170936584,review,0,0.51889768242836,0,MODERATE_RISK,0.0,
BioSpread,UNSEEN::AG219,0.19348344206809998,medium,0,0.6503235995769501,0,LOW_RISK,0.0,
BioSpread,UNSEEN::AD676,0.19338735938072205,medium,0,0.6505773365497589,0,LOW_RISK,0.0,
BioSpread,UNSEEN::AB533,0.1933383345603943,medium,0,0.650663822889328,0,LOW_RISK,0.0,
BioSpread,UNSEEN::AC786,0.19323334097862244,medium,0,0.6507503092288971,0,LOW_RISK,0.0,
BioSpread,UNSEEN::AD788,0.19349651038646698,medium,0,0.6503041982650757,0,LOW_RISK,0.0,
BioSpread,UNSEEN::AE650,0.1934960037469864,medium,0,0.6503049731254578,0,LOW_RISK,0.0,
BioSpread,AA201,0.7138519287109375,review,1,0.5198884010314941,0,MODERATE_RISK,0.0,
BioSpread,UNSEEN::AH172,0.19348371028900146,medium,0,0.6503232419490814,0,LOW_RISK,0.0,
BioSpread,UNSEEN::AH210,0.19349651038646698,medium,0,0.6503041982650757,0,LOW_RISK,0.0,
BioSpread,UNSEEN::AH102,0.19339820742607117,medium,0,0.6504769325256348,0,LOW_RISK,0.0,
BioSpread,UNSEEN::AF818,0.19349676370620728,medium,0,0.6503038108348846,0,LOW_RISK,0.0,
BioSpread,AD391,0.229033425450325,medium,0,0.6568978726863861,0,LOW_RISK,0.0,
BioSpread,AA150,0.7202180027961731,review,0,0.520040363073349,0,MODERATE_RISK,0.0,
BioSpread,AA147,0.7454681396484375,review,0,0.5530150830745697,0,MODERATE_RISK,0.0,
BioSpread,AB656,0.6138857007026672,review,0,0.5056208372116089,0,MODERATE_RISK,0.0,
BioSpread,AC854,0.5515778660774231,review,0,0.511292576789856,0,MODERATE_RISK,0.0,
BioSpread,AC924,0.6970416903495789,review,0,0.5157281160354614,0,MODERATE_RISK,0.0,
BioSpread,AB183,0.7450379729270935,review,0,0.5451502203941345,0,MODERATE_RISK,0.0,
BioSpread,UNSEEN::AE722,0.19349651038646698,medium,0,0.6503041982650757,0,LOW_RISK,0.0,
BioSpread,AG339,0.6714817881584167,review,0,0.5030931830406189,0,MODERATE_RISK,0.0,
BioSpread,UNSEEN::AA232,0.1935545951128006,medium,0,0.6501919627189636,0,LOW_RISK,0.0,
BioSpread,AE737,0.4836142659187317,review,0,0.5241471529006958,0,LOW_RISK,0.0,
BioSpread,UNSEEN::AD093,0.19339606165885925,medium,0,0.6504820287227631,0,LOW_RISK,0.0,
BioSpread,UNSEEN::AD620,0.1933855414390564,medium,0,0.6504957675933838,0,LOW_RISK,0.0,
BioSpread,UNSEEN::AF879,0.19338458776474,medium,0,0.6505657434463501,0,LOW_RISK,0.0,
BioSpread,UNSEEN::AA128,0.19292716681957245,medium,0,0.6515791416168213,0,LOW_RISK,0.0,
BioSpread,UNSEEN::AB453,0.19349676370620728,medium,0,0.6503038108348846,0,LOW_RISK,0.0,
BioSpread,UNSEEN::AA775,0.19284752011299133,medium,0,0.6515441238880157,0,LOW_RISK,0.0,
BioSpread,UNSEEN::AA654,0.19336241483688354,medium,0,0.6507192850112915,0,LOW_RISK,0.0,
BioSpread,AA736,0.7483504414558411,review,1,0.5660968124866486,0,MODERATE_RISK,0.0,
BioSpread,UNSEEN::AE240,0.19342553615570068,medium,0,0.650436282157898,0,LOW_RISK,0.0,
BioSpread,UNSEEN::AD727,0.1934252679347992,medium,0,0.6504366397857666,0,LOW_RISK,0.0,
BioSpread,UNSEEN::AB268,0.19336393475532532,medium,0,0.650626927614212,0,LOW_RISK,0.0,
BioSpread,UNSEEN::AB274,0.19344665110111237,medium,0,0.6503877341747284,0,LOW_RISK,0.0,
BioSpread,UNSEEN::AD847,0.1934964656829834,medium,0,0.6503044962882996,0,LOW_RISK,0.0,
BioSpread,UNSEEN::AE225,0.19343595206737518,medium,0,0.6504663825035095,0,LOW_RISK,0.0,
BioSpread,AA211,0.6637809872627258,review,0,0.5097890794277191,0,MODERATE_RISK,0.0,
BioSpread,UNSEEN::AE253,0.19318632781505585,medium,0,0.6508939266204834,0,LOW_RISK,0.0,
BioSpread,UNSEEN::AH355,0.19349651038646698,medium,0,0.6503041982650757,0,LOW_RISK,0.0,
BioSpread,UNSEEN::AB276,0.19343872368335724,medium,0,0.6504662930965424,0,LOW_RISK,0.0,
BioSpread,UNSEEN::AD971,0.19349700212478638,medium,0,0.650303453207016,0,LOW_RISK,0.0,
BioSpread,UNSEEN::AF160,0.1934257447719574,medium,0,0.6504359245300293,0,LOW_RISK,0.0,
BioSpread,UNSEEN::AB823,0.19349676370620728,medium,0,0.6503038108348846,0,LOW_RISK,0.0,
BioSpread,UNSEEN::AB974,0.19349676370620728,medium,0,0.6503038108348846,0,LOW_RISK,0.0,
BioSpread,UNSEEN::AD990,0.19346937537193298,medium,0,0.6503445506095886,0,LOW_RISK,0.0,
BioSpread,AD616,0.4532047212123871,review,0,0.5473447144031525,0,LOW_RISK,0.0,
BioSpread,AC066,0.6792857646942139,review,0,0.49284279346466064,0,MODERATE_RISK,0.0,
BioSpread,AD353,0.744416356086731,review,0,0.556310623884201,0,MODERATE_RISK,0.0,
BioSpread,UNSEEN::AG405,0.1934693157672882,medium,0,0.6503448188304901,0,LOW_RISK,0.0,
BioSpread,AE753,0.5166285037994385,review,0,0.5147341191768646,0,MODERATE_RISK,0.0,
BioSpread,AC951,0.6887831687927246,review,1,0.5104467272758484,0,MODERATE_RISK,0.0,
BioSpread,AD942,0.657651424407959,review,0,0.5200908780097961,0,MODERATE_RISK,0.0,
BioSpread,AB267,0.7457735538482666,review,1,0.5526686906814575,0,MODERATE_RISK,0.0,
BioSpread,AG462,0.17137736082077026,medium,0,0.6847939491271973,0,LOW_RISK,0.0,
BioSpread,UNSEEN::AB386,0.19348320364952087,medium,0,0.6503239870071411,0,LOW_RISK,0.0,
BioSpread,UNSEEN::AF325,0.1933450847864151,medium,0,0.6506974399089813,0,LOW_RISK,0.0,
BioSpread,AF455,0.4693506956100464,review,0,0.5327332615852356,0,LOW_RISK,0.0,
BioSpread,UNSEEN::AB179,0.19342553615570068,medium,0,0.650436282157898,0,LOW_RISK,0.0,
BioSpread,AC232,0.6701095700263977,review,0,0.5029410123825073,0,MODERATE_RISK,0.0,
BioSpread,UNSEEN::AA077,0.19355343282222748,medium,0,0.6501943171024323,0,LOW_RISK,0.0,
BioSpread,UNSEEN::AD462,0.19349651038646698,medium,0,0.6503041982650757,0,LOW_RISK,0.0,
BioSpread,UNSEEN::AD386,0.19349651038646698,medium,0,0.6503041982650757,0,LOW_RISK,0.0,
BioSpread,AE862,0.7126282453536987,review,0,0.5263102352619171,0,MODERATE_RISK,0.0,
BioSpread,UNSEEN::AC013,0.19342604279518127,medium,0,0.6504355072975159,0,LOW_RISK,0.0,
BioSpread,AB528,0.7432407736778259,review,1,0.5491426885128021,0,MODERATE_RISK,0.0,
BioSpread,AE686,0.6938778162002563,review,0,0.5174158811569214,0,MODERATE_RISK,0.0,
BioSpread,AF454,0.7302107810974121,review,1,0.5243141949176788,0,MODERATE_RISK,0.0,
BioSpread,AE108,0.7426072955131531,review,0,0.5454120337963104,0,MODERATE_RISK,0.0,
BioSpread,UNSEEN::AE925,0.19347859919071198,medium,0,0.6503352522850037,0,LOW_RISK,0.0,
BioSpread,UNSEEN::AB880,0.19322286546230316,medium,0,0.6509329080581665,0,LOW_RISK,0.0,
BioSpread,AE872,0.46359822154045105,review,0,0.5272539556026459,0,LOW_RISK,0.0,
BioSpread,AA448,0.7463162541389465,review,0,0.547646164894104,0,MODERATE_RISK,0.0,
BioSpread,AB232,0.7418114542961121,review,0,0.5480145215988159,0,MODERATE_RISK,0.0,
BioSpread,UNSEEN::AG611,0.19342027604579926,medium,0,0.6504672765731812,0,LOW_RISK,0.0,
BioSpread,AA229,0.6862277388572693,review,0,0.5131226778030396,0,MODERATE_RISK,0.0,
BioSpread,AG596,0.7483423352241516,review,0,0.5618728399276733,0,MODERATE_RISK,0.0,
BioSpread,UNSEEN::AA761,0.1933695673942566,medium,0,0.6505021154880524,0,LOW_RISK,0.0,
BioSpread,AD612,0.2655452489852905,medium,0,0.6253141164779663,0,LOW_RISK,0.0,
BioSpread,UNSEEN::AA812,0.19300363957881927,medium,0,0.6514284312725067,0,LOW_RISK,0.0,
BioSpread,UNSEEN::AD273,0.193341925740242,medium,0,0.650587797164917,0,LOW_RISK,0.0,
BioSpread,UNSEEN::AF974,0.1934603452682495,medium,0,0.650335043668747,0,LOW_RISK,0.0,
BioSpread,AB645,0.7404464483261108,review,0,0.5582060217857361,0,MODERATE_RISK,0.0,
BioSpread,AF019,0.6506136059761047,review,0,0.499076247215271,0,MODERATE_RISK,0.0,
BioSpread,AD293,0.7190536856651306,review,0,0.5231171250343323,0,MODERATE_RISK,0.0,
BioSpread,UNSEEN::AG083,0.19348180294036865,medium,0,0.6503938436508179,0,LOW_RISK,0.0,
BioSpread,UNSEEN::AF234,0.19349554181098938,medium,0,0.6503062844276428,0,LOW_RISK,0.0,
BioSpread,AB516,0.6199809908866882,review,0,0.49614888429641724,0,MODERATE_RISK,0.0,
BioSpread,UNSEEN::AH171,0.19349488615989685,medium,0,0.6503078937530518,0,LOW_RISK,0.0,
BioSpread,AA006,0.7077144980430603,review,0,0.5205501019954681,0,MODERATE_RISK,0.0,
BioSpread,AE693,0.22351013123989105,medium,0,0.6539081335067749,0,LOW_RISK,0.0,
BioSpread,AC587,0.7137407064437866,review,1,0.5170709490776062,0,MODERATE_RISK,0.0,
BioSpread,UNSEEN::AB478,0.19342604279518127,medium,0,0.6504355072975159,0,LOW_RISK,0.0,
BioSpread,UNSEEN::AB391,0.1932210624217987,medium,0,0.650860995054245,0,LOW_RISK,0.0,
BioSpread,AH014,0.40839946269989014,review,0,0.572012335062027,0,LOW_RISK,0.0,
BioSpread,UNSEEN::AC353,0.19346988201141357,medium,0,0.6503437757492065,0,LOW_RISK,0.0,
BioSpread,UNSEEN::AG708,0.19348405301570892,medium,0,0.6503458321094513,0,LOW_RISK,0.0,
BioSpread,UNSEEN::AB393,0.19327755272388458,medium,0,0.6508509814739227,0,LOW_RISK,0.0,
BioSpread,AC682,0.5397463440895081,review,0,0.5114659667015076,0,MODERATE_RISK,0.0,
BioSpread,UNSEEN::AB305,0.1932412087917328,medium,0,0.6508310437202454,0,LOW_RISK,0.0,
BioSpread,AG206,0.6067124605178833,review,0,0.5073860287666321,0,MODERATE_RISK,0.0,
BioSpread,AB592,0.7425297498703003,review,0,0.5403547883033752,0,MODERATE_RISK,0.0,
BioSpread,UNSEEN::AH378,0.19349676370620728,medium,0,0.6503038108348846,0,LOW_RISK,0.0,
BioSpread,UNSEEN::AA278,0.19348448514938354,medium,0,0.6503445506095886,0,LOW_RISK,0.0,
BioSpread,AG269,0.22344844043254852,medium,0,0.6539585292339325,0,LOW_RISK,0.0,
BioSpread,AC766,0.7440048456192017,review,0,0.556850790977478,0,MODERATE_RISK,0.0,
BioSpread,UNSEEN::AF845,0.19321651756763458,medium,0,0.6508913338184357,0,LOW_RISK,0.0,
BioSpread,UNSEEN::AC847,0.19306159019470215,medium,0,0.651180237531662,0,LOW_RISK,0.0,
BioSpread,UNSEEN::AD934,0.1935548633337021,medium,0,0.6501915454864502,0,LOW_RISK,0.0,
BioSpread,UNSEEN::AB504,0.19349651038646698,medium,0,0.6503041982650757,0,LOW_RISK,0.0,
BioSpread,AD595,0.580753743648529,review,0,0.5107290148735046,0,MODERATE_RISK,0.0,
BioSpread,UNSEEN::AG898,0.1934962421655655,medium,0,0.6503045856952667,0,LOW_RISK,0.0,
BioSpread,UNSEEN::AF445,0.1934960037469864,medium,0,0.6503049731254578,0,LOW_RISK,0.0,
BioSpread,AG518,0.524070680141449,review,0,0.5137662887573242,0,MODERATE_RISK,0.0,
BioSpread,AC553,0.6928276419639587,review,0,0.510725349187851,0,MODERATE_RISK,0.0,
BioSpread,UNSEEN::AC602,0.19342434406280518,medium,0,0.6505061686038971,0,LOW_RISK,0.0,
BioSpread,AA390,0.19508978724479675,medium,0,0.6819429993629456,0,LOW_RISK,0.0,
BioSpread,UNSEEN::AC702,0.1934252679347992,medium,0,0.6504366397857666,0,LOW_RISK,0.0,
BioSpread,UNSEEN::AH406,0.19406086206436157,medium,0,0.649409681558609,0,LOW_RISK,0.0,
BioSpread,UNSEEN::AB348,0.19327273964881897,medium,0,0.6507416069507599,0,LOW_RISK,0.0,
BioSpread,UNSEEN::AF172,0.19348721206188202,medium,0,0.650295078754425,0,LOW_RISK,0.0,
BioSpread,UNSEEN::AB129,0.19333262741565704,medium,0,0.6506957709789276,0,LOW_RISK,0.0,
BioSpread,AD709,0.6742872595787048,review,0,0.5134463012218475,0,MODERATE_RISK,0.0,
BioSpread,UNSEEN::AB452,0.19341354072093964,medium,0,0.6504767537117004,0,LOW_RISK,0.0,
BioSpread,UNSEEN::AB703,0.1934356838464737,medium,0,0.650466799736023,0,LOW_RISK,0.0,
BioSpread,AD154,0.26265132427215576,medium,0,0.6279409527778625,0,LOW_RISK,0.0,
BioSpread,AC843,0.22376710176467896,medium,0,0.6537316143512726,0,LOW_RISK,0.0,
BioSpread,AA190,0.7459670901298523,review,0,0.5464528799057007,0,MODERATE_RISK,0.0,
BioSpread,UNSEEN::AG701,0.1934027522802353,medium,0,0.6504470407962799,0,LOW_RISK,0.0,
BioSpread,AD773,0.5855832695960999,review,0,0.5057459771633148,0,MODERATE_RISK,0.0,
BioSpread,UNSEEN::AF625,0.19349676370620728,medium,0,0.6503038108348846,0,LOW_RISK,0.0,
BioSpread,UNSEEN::AG982,0.1933579295873642,medium,0,0.6505368649959564,0,LOW_RISK,0.0,
BioSpread,AB921,0.7458861470222473,review,0,0.5473567247390747,0,MODERATE_RISK,0.0,
BioSpread,UNSEEN::AF807,0.1934252679347992,medium,0,0.6504366397857666,0,LOW_RISK,0.0,
BioSpread,UNSEEN::AF619,0.19349651038646698,medium,0,0.6503041982650757,0,LOW_RISK,0.0,
BioSpread,UNSEEN::AA670,0.19249725341796875,medium,0,0.6523044109344482,0,LOW_RISK,0.0,
BioSpread,AB427,0.6698403358459473,review,0,0.5144202411174774,0,MODERATE_RISK,0.0,
BioSpread,UNSEEN::AA028,0.19332340359687805,medium,0,0.65069979429245,0,LOW_RISK,0.0,
BioSpread,UNSEEN::AC778,0.19347365200519562,medium,0,0.6503152549266815,0,LOW_RISK,0.0,
BioSpread,AB889,0.7480958104133606,review,0,0.5565985143184662,0,MODERATE_RISK,0.0,
BioSpread,AC173,0.7402411103248596,review,0,0.5617059171199799,0,MODERATE_RISK,0.0,
BioSpread,AG573,0.6421055793762207,review,0,0.5097340047359467,0,MODERATE_RISK,0.0,
BioSpread,UNSEEN::AG238,0.19334504008293152,medium,0,0.6506602466106415,0,LOW_RISK,0.0,
BioSpread,UNSEEN::AG216,0.1934266835451126,medium,0,0.6504111588001251,0,LOW_RISK,0.0,
BioSpread,AC415,0.6643538475036621,review,0,0.502391517162323,0,MODERATE_RISK,0.0,
BioSpread,UNSEEN::AD562,0.1935541033744812,medium,0,0.6501926779747009,0,LOW_RISK,0.0,
BioSpread,AD216,0.692656397819519,review,1,0.5112603008747101,0,MODERATE_RISK,0.0,
BioSpread,AA904,0.6628499031066895,review,0,0.5036095082759857,0,MODERATE_RISK,0.0,
BioSpread,AB250,0.2234572470188141,medium,0,0.6539513170719147,0,LOW_RISK,0.0,
BioSpread,UNSEEN::AF294,0.19354398548603058,medium,0,0.6502527296543121,0,LOW_RISK,0.0,
BioSpread,AC921,0.5927127599716187,review,0,0.5028115808963776,0,MODERATE_RISK,0.0,
BioSpread,AG022,0.22351013123989105,medium,0,0.6539081335067749,0,LOW_RISK,0.0,
BioSpread,AB051,0.7109473347663879,review,0,0.5133670568466187,0,MODERATE_RISK,0.0,
BioSpread,AE441,0.6732695698738098,review,0,0.5079564154148102,0,MODERATE_RISK,0.0,
BioSpread,AA296,0.16946974396705627,medium,0,0.6949551403522491,0,LOW_RISK,0.0,
BioSpread,AA035,0.7432087063789368,review,1,0.5466989576816559,0,MODERATE_RISK,0.0,
BioSpread,AG035,0.6057167649269104,review,0,0.5060367286205292,0,MODERATE_RISK,0.0,
BioSpread,AE539,0.7115146517753601,review,0,0.5158363282680511,0,MODERATE_RISK,0.0,
BioSpread,UNSEEN::AE863,0.1934962421655655,medium,0,0.6503045856952667,0,LOW_RISK,0.0,
BioSpread,UNSEEN::AE600,0.19335488975048065,medium,0,0.6505684852600098,0,LOW_RISK,0.0,
BioSpread,AG492,0.6656304001808167,review,0,0.50225630402565,0,MODERATE_RISK,0.0,
BioSpread,AA951,0.7146875262260437,review,0,0.5236443281173706,0,MODERATE_RISK,0.0,
BioSpread,UNSEEN::AD340,0.19343778491020203,medium,0,0.650486171245575,0,LOW_RISK,0.0,
BioSpread,AA326,0.7456986308097839,review,0,0.546027809381485,0,MODERATE_RISK,0.0,
BioSpread,UNSEEN::AE882,0.19343002140522003,medium,0,0.6504038274288177,0,LOW_RISK,0.0,
BioSpread,UNSEEN::AE215,0.19330108165740967,medium,0,0.6506486237049103,0,LOW_RISK,0.0,
BioSpread,UNSEEN::AB356,0.1934960037469864,medium,0,0.6503049731254578,0,LOW_RISK,0.0,
BioSpread,AE751,0.6792283058166504,review,0,0.5045501589775085,0,MODERATE_RISK,0.0,
BioSpread,AB802,0.6597268581390381,review,0,0.5052601993083954,0,MODERATE_RISK,0.0,
BioSpread,UNSEEN::AE905,0.1933833658695221,medium,0,0.6505002975463867,0,LOW_RISK,0.0,
BioSpread,UNSEEN::AB536,0.19292853772640228,medium,0,0.6515207290649414,0,LOW_RISK,0.0,
BioSpread,UNSEEN::AA124,0.19339847564697266,medium,0,0.6504765450954437,0,LOW_RISK,0.0,
BioSpread,UNSEEN::AG402,0.19349676370620728,medium,0,0.6503038108348846,0,LOW_RISK,0.0,
BioSpread,UNSEEN::AA803,0.19349676370620728,medium,0,0.6503038108348846,0,LOW_RISK,0.0,
BioSpread,UNSEEN::AH137,0.19349651038646698,medium,0,0.6503041982650757,0,LOW_RISK,0.0,
BioSpread,AA046,0.7483670711517334,review,1,0.5498682856559753,0,MODERATE_RISK,0.0,
BioSpread,AE213,0.6839746236801147,review,0,0.5095858871936798,0,MODERATE_RISK,0.0,
BioSpread,AE221,0.5927127599716187,review,0,0.5028115808963776,0,MODERATE_RISK,0.0,
BioSpread,UNSEEN::AD877,0.1934206187725067,medium,0,0.6503940522670746,0,LOW_RISK,0.0,
BioSpread,UNSEEN::AB128,0.1934962421655655,medium,0,0.6503045856952667,0,LOW_RISK,0.0,
BioSpread,UNSEEN::AD663,0.19345492124557495,medium,0,0.6503672897815704,0,LOW_RISK,0.0,
BioSpread,UNSEEN::AB158,0.19290870428085327,medium,0,0.6516259014606476,0,LOW_RISK,0.0,
BioSpread,UNSEEN::AC718,0.193545401096344,medium,0,0.650182843208313,0,LOW_RISK,0.0,
BioSpread,AF321,0.5397169589996338,review,0,0.5108114182949066,0,MODERATE_RISK,0.0,
BioSpread,UNSEEN::AG395,0.19326648116111755,medium,0,0.6507518589496613,0,LOW_RISK,0.0,
BioSpread,AB882,0.7254883050918579,review,0,0.52613565325737,0,MODERATE_RISK,0.0,
BioSpread,UNSEEN::AC335,0.19311931729316711,medium,0,0.6512193083763123,0,LOW_RISK,0.0,
BioSpread,UNSEEN::AG475,0.1933143436908722,medium,0,0.6506288647651672,0,LOW_RISK,0.0,
BioSpread,AE709,0.5880354046821594,review,0,0.512247234582901,0,MODERATE_RISK,0.0,
BioSpread,UNSEEN::AD373,0.19322854280471802,medium,0,0.6508559286594391,0,LOW_RISK,0.0,
BioSpread,AA175,0.7469531893730164,review,1,0.5477479100227356,0,MODERATE_RISK,0.0,
BioSpread,UNSEEN::AA790,0.19355444610118866,medium,0,0.6501927673816681,0,LOW_RISK,0.0,
BioSpread,UNSEEN::AC239,0.19259461760520935,medium,0,0.6521377861499786,0,LOW_RISK,0.0,
BioSpread,UNSEEN::AA546,0.1934831440448761,medium,0,0.6503242552280426,0,LOW_RISK,0.0,
BioSpread,AB173,0.7479681372642517,review,0,0.5534611642360687,0,MODERATE_RISK,0.0,
BioSpread,AF654,0.6785738468170166,review,0,0.505641907453537,0,MODERATE_RISK,0.0,
BioSpread,AA040,0.7438766360282898,review,0,0.5457051396369934,0,MODERATE_RISK,0.0,
BioSpread,UNSEEN::AB579,0.19326049089431763,medium,0,0.6507092714309692,0,LOW_RISK,0.0,
BioSpread,UNSEEN::AG764,0.19349676370620728,medium,0,0.6503038108348846,0,LOW_RISK,0.0,
BioSpread,AD892,0.5320993065834045,review,0,0.5131750106811523,0,MODERATE_RISK,0.0,
BioSpread,AD778,0.6535436511039734,review,0,0.4997643232345581,0,MODERATE_RISK,0.0,
BioSpread,AC680,0.6998129487037659,review,0,0.5102573931217194,0,MODERATE_RISK,0.0,
BioSpread,AF227,0.22348369657993317,medium,0,0.653929740190506,0,LOW_RISK,0.0,
BioSpread,UNSEEN::AB041,0.19250944256782532,medium,0,0.6522592008113861,0,LOW_RISK,0.0,
BioSpread,AB648,0.6164281368255615,review,0,0.5037958025932312,0,MODERATE_RISK,0.0,
BioSpread,UNSEEN::AH068,0.19342604279518127,medium,0,0.6504355072975159,0,LOW_RISK,0.0,
BioSpread,AG193,0.6778042912483215,review,0,0.5140150189399719,0,MODERATE_RISK,0.0,
BioSpread,UNSEEN::AG836,0.19342553615570068,medium,0,0.650436282157898,0,LOW_RISK,0.0,
BioSpread,AG361,0.7149180769920349,review,0,0.5165235698223114,0,MODERATE_RISK,0.0,
BioSpread,AF882,0.6973376870155334,review,0,0.5223503112792969,0,MODERATE_RISK,0.0,
BioSpread,UNSEEN::AF867,0.1935543566942215,medium,0,0.6501923203468323,0,LOW_RISK,0.0,
BioSpread,AF122,0.1831003725528717,medium,0,0.6833076775074005,0,LOW_RISK,0.0,
BioSpread,AF322,0.48301225900650024,review,0,0.5243442356586456,0,LOW_RISK,0.0,
BioSpread,UNSEEN::AE504,0.1933315098285675,medium,0,0.6505765914916992,0,LOW_RISK,0.0,
BioSpread,UNSEEN::AA193,0.1934298574924469,medium,0,0.6504392623901367,0,LOW_RISK,0.0,
BioSpread,UNSEEN::AH234,0.1934962421655655,medium,0,0.6503045856952667,0,LOW_RISK,0.0,
BioSpread,UNSEEN::AE932,0.19331149756908417,medium,0,0.6506356596946716,0,LOW_RISK,0.0,
BioSpread,UNSEEN::AD106,0.19337180256843567,medium,0,0.6505163908004761,0,LOW_RISK,0.0,
BioSpread,AF347,0.5673403143882751,review,0,0.49891388416290283,0,MODERATE_RISK,0.0,
BioSpread,UNSEEN::AD632,0.19339895248413086,medium,0,0.650475800037384,0,LOW_RISK,0.0,
BioSpread,AF275,0.679950475692749,review,0,0.505717009305954,0,MODERATE_RISK,0.0,
BioSpread,AH261,0.5966635942459106,review,0,0.49639892578125,0,MODERATE_RISK,0.0,
BioSpread,UNSEEN::AC880,0.1933685690164566,medium,0,0.650603711605072,0,LOW_RISK,0.0,
BioSpread,AF265,0.46976712346076965,review,0,0.5435584783554077,0,LOW_RISK,0.0,
BioSpread,AC126,0.5239124894142151,review,0,0.5138170719146729,0,MODERATE_RISK,0.0,
BioSpread,UNSEEN::AH312,0.1934962421655655,medium,0,0.6503045856952667,0,LOW_RISK,0.0,
BioSpread,AF468,0.22336924076080322,medium,0,0.6540232002735138,0,LOW_RISK,0.0,
BioSpread,UNSEEN::AA421,0.19355210661888123,medium,0,0.6501981616020203,0,LOW_RISK,0.0,
BioSpread,AD843,0.5687068104743958,review,0,0.5075095295906067,0,MODERATE_RISK,0.0,
BioSpread,UNSEEN::AH329,0.19349515438079834,medium,0,0.650373786687851,0,LOW_RISK,0.0,
BioSpread,AA747,0.7461127042770386,review,0,0.554146021604538,0,MODERATE_RISK,0.0,
BioSpread,UNSEEN::AF765,0.19341133534908295,medium,0,0.6504582166671753,0,LOW_RISK,0.0,
BioSpread,AG341,0.6199864149093628,review,0,0.49614810943603516,0,MODERATE_RISK,0.0,
BioSpread,UNSEEN::AG117,0.19349676370620728,medium,0,0.6503038108348846,0,LOW_RISK,0.0,
BioSpread,UNSEEN::AD215,0.19349676370620728,medium,0,0.6503038108348846,0,LOW_RISK,0.0,
BioSpread,UNSEEN::AF021,0.19348670542240143,medium,0,0.6502958536148071,0,LOW_RISK,0.0,
BioSpread,AA707,0.701326847076416,review,0,0.5250431001186371,0,MODERATE_RISK,0.0,
BioSpread,AC645,0.3815295994281769,review,0,0.5629992783069611,0,LOW_RISK,0.0,
BioSpread,AD326,0.6008082032203674,review,0,0.500666618347168,0,MODERATE_RISK,0.0,
BioSpread,AB720,0.7200429439544678,review,1,0.5258496105670929,0,MODERATE_RISK,0.0,
BioSpread,UNSEEN::AC346,0.19329306483268738,medium,0,0.6506576836109161,0,LOW_RISK,0.0,
BioSpread,UNSEEN::AF166,0.19291427731513977,medium,0,0.6515660881996155,0,LOW_RISK,0.0,
BioSpread,AC917,0.25629952549934387,medium,0,0.6318378448486328,0,LOW_RISK,0.0,
BioSpread,AD714,0.5710585117340088,review,0,0.5105544030666351,0,MODERATE_RISK,0.0,
BioSpread,AA675,0.7472579479217529,review,0,0.5535624623298645,0,MODERATE_RISK,0.0,
BioSpread,UNSEEN::AB483,0.19343827664852142,medium,0,0.6504854261875153,0,LOW_RISK,0.0,
BioSpread,AB277,0.7463352680206299,review,0,0.5505949556827545,0,MODERATE_RISK,0.0,
BioSpread,AG314,0.667786180973053,review,0,0.504114419221878,0,MODERATE_RISK,0.0,
BioSpread,UNSEEN::AB750,0.19349651038646698,medium,0,0.6503041982650757,0,LOW_RISK,0.0,
BioSpread,UNSEEN::AC055,0.1935543566942215,medium,0,0.6501923203468323,0,LOW_RISK,0.0,
BioSpread,AC508,0.7456969022750854,review,1,0.5480978190898895,0,MODERATE_RISK,0.0,
BioSpread,UNSEEN::AD507,0.19341710209846497,medium,0,0.6504222750663757,0,LOW_RISK,0.0,
BioSpread,UNSEEN::AA892,0.19235198199748993,medium,0,0.6523538529872894,0,LOW_RISK,0.0,
BioSpread,AD522,0.22344844043254852,medium,0,0.6539585292339325,0,LOW_RISK,0.0,
BioSpread,AF940,0.27972689270973206,medium,0,0.6099100112915039,0,LOW_RISK,0.0,
BioSpread,UNSEEN::AH204,0.19341184198856354,medium,0,0.6504566669464111,0,LOW_RISK,0.0,
BioSpread,AA938,0.6588406562805176,review,1,0.5206230282783508,0,MODERATE_RISK,0.0,
BioSpread,AA579,0.728177011013031,review,1,0.5262926816940308,0,MODERATE_RISK,0.0,
BioSpread,AA163,0.6733531355857849,review,0,0.5106353163719177,0,MODERATE_RISK,0.0,
BioSpread,AA548,0.6703006029129028,review,0,0.503669947385788,0,MODERATE_RISK,0.0,
BioSpread,UNSEEN::AD752,0.19349676370620728,medium,0,0.6503038108348846,0,LOW_RISK,0.0,
BioSpread,AF354,0.17354753613471985,medium,0,0.6849367916584015,0,LOW_RISK,0.0,
BioSpread,AF764,0.6620923280715942,review,0,0.5005815923213959,0,MODERATE_RISK,0.0,
BioSpread,UNSEEN::AH330,0.1934421956539154,medium,0,0.6505246460437775,0,LOW_RISK,0.0,
BioSpread,AE699,0.6535405516624451,review,0,0.4997645616531372,0,MODERATE_RISK,0.0,
BioSpread,UNSEEN::AD224,0.1934960037469864,medium,0,0.6503049731254578,0,LOW_RISK,0.0,
BioSpread,UNSEEN::AC011,0.1934962421655655,medium,0,0.6503045856952667,0,LOW_RISK,0.0,
BioSpread,AB805,0.2659401297569275,medium,0,0.6286962032318115,0,LOW_RISK,0.0,
BioSpread,AG851,0.5730032324790955,review,0,0.499767541885376,0,MODERATE_RISK,0.0,
BioSpread,UNSEEN::AB060,0.19327063858509064,medium,0,0.6507403254508972,0,LOW_RISK,0.0,
BioSpread,AA462,0.5851809978485107,review,0,0.5058005750179291,0,MODERATE_RISK,0.0,
BioSpread,AD904,0.6948315501213074,review,0,0.5142100155353546,0,MODERATE_RISK,0.0,
BioSpread,UNSEEN::AC414,0.19316859543323517,medium,0,0.6509612500667572,0,LOW_RISK,0.0,
BioSpread,UNSEEN::AE009,0.19347012042999268,medium,0,0.6503434181213379,0,LOW_RISK,0.0,
BioSpread,AC532,0.6033490300178528,review,0,0.5359281599521637,0,MODERATE_RISK,0.0,
BioSpread,AB665,0.4830848276615143,review,0,0.5243168771266937,0,LOW_RISK,0.0,
BioSpread,UNSEEN::AF331,0.1934257447719574,medium,0,0.6504359245300293,0,LOW_RISK,0.0,
BioSpread,AF851,0.6199429035186768,review,0,0.49615418910980225,0,MODERATE_RISK,0.0,
BioSpread,UNSEEN::AB526,0.19346988201141357,medium,0,0.6503437757492065,0,LOW_RISK,0.0,
BioSpread,UNSEEN::AF959,0.1934962421655655,medium,0,0.6503045856952667,0,LOW_RISK,0.0,
BioSpread,UNSEEN::AB052,0.19337648153305054,medium,0,0.6504834592342377,0,LOW_RISK,0.0,
BioSpread,UNSEEN::AH505,0.1934962421655655,medium,0,0.6503045856952667,0,LOW_RISK,0.0,
BioSpread,AF197,0.6686023473739624,review,0,0.4991433024406433,0,MODERATE_RISK,0.0,
BioSpread,AD282,0.6859666109085083,review,0,0.5074119567871094,0,MODERATE_RISK,0.0,
BioSpread,UNSEEN::AB156,0.1934826374053955,medium,0,0.6503250002861023,0,LOW_RISK,0.0,
BioSpread,UNSEEN::AC226,0.19344733655452728,medium,0,0.6504270136356354,0,LOW_RISK,0.0,
BioSpread,AH258,0.5833026766777039,review,0,0.5013845860958099,0,MODERATE_RISK,0.0,
BioSpread,UNSEEN::AH257,0.1935548633337021,medium,0,0.6501915454864502,0,LOW_RISK,0.0,
BioSpread,AA274,0.745027482509613,review,1,0.5472356975078583,0,MODERATE_RISK,0.0,
BioSpread,AE052,0.7477186918258667,review,0,0.5556666851043701,0,MODERATE_RISK,0.0,
BioSpread,UNSEEN::AA267,0.19349126517772675,medium,0,0.6503350138664246,0,LOW_RISK,0.0,
BioSpread,AC490,0.7083715200424194,review,0,0.5247071385383606,0,MODERATE_RISK,0.0,
BioSpread,UNSEEN::AB342,0.19335488975048065,medium,0,0.6505684852600098,0,LOW_RISK,0.0,
BioSpread,AE448,0.5873665809631348,review,0,0.5065120756626129,0,MODERATE_RISK,0.0,
BioSpread,AD465,0.703384280204773,review,1,0.51861572265625,0,MODERATE_RISK,0.0,
BioSpread,UNSEEN::AC361,0.1935548633337021,medium,0,0.6501915454864502,0,LOW_RISK,0.0,
BioSpread,UNSEEN::AC323,0.1935543566942215,medium,0,0.6501923203468323,0,LOW_RISK,0.0,
BioSpread,UNSEEN::AA149,0.1926744282245636,medium,0,0.651982456445694,0,LOW_RISK,0.0,
BioSpread,UNSEEN::AB091,0.1934024840593338,medium,0,0.650447428226471,0,LOW_RISK,0.0,
BioSpread,UNSEEN::AF046,0.19351428747177124,medium,0,0.6502524018287659,0,LOW_RISK,0.0,
BioSpread,UNSEEN::AH114,0.19355511665344238,medium,0,0.6501911878585815,0,LOW_RISK,0.0,
BioSpread,UNSEEN::AC489,0.19406020641326904,medium,0,0.6494112610816956,0,LOW_RISK,0.0,
BioSpread,UNSEEN::AE666,0.19331404566764832,medium,0,0.6506295204162598,0,LOW_RISK,0.0,
BioSpread,UNSEEN::AG566,0.1934960037469864,medium,0,0.6503049731254578,0,LOW_RISK,0.0,
BioSpread,UNSEEN::AA647,0.19349700212478638,medium,0,0.650303453207016,0,LOW_RISK,0.0,
BioSpread,UNSEEN::AD474,0.19338108599185944,medium,0,0.6506670713424683,0,LOW_RISK,0.0,
BioSpread,AF976,0.2627171277999878,medium,0,0.6278977394104004,0,LOW_RISK,0.0,
BioSpread,UNSEEN::AD313,0.19342298805713654,medium,0,0.6505094766616821,0,LOW_RISK,0.0,
BioSpread,AG713,0.6315307021141052,review,0,0.5082708597183228,0,MODERATE_RISK,0.0,
BioSpread,UNSEEN::AF875,0.1931954026222229,medium,0,0.6509566307067871,0,LOW_RISK,0.0,
BioSpread,UNSEEN::AC864,0.19272677600383759,medium,0,0.6518202722072601,0,LOW_RISK,0.0,
BioSpread,UNSEEN::AC905,0.19349651038646698,medium,0,0.6503041982650757,0,LOW_RISK,0.0,
BioSpread,UNSEEN::AE301,0.1934962421655655,medium,0,0.6503045856952667,0,LOW_RISK,0.0,
BioSpread,AB628,0.7462980151176453,review,1,0.5530264675617218,0,MODERATE_RISK,0.0,
BioSpread,AH008,0.5307475328445435,review,0,0.5156396925449371,0,MODERATE_RISK,0.0,
BioSpread,UNSEEN::AE403,0.1934836506843567,medium,0,0.6503234803676605,0,LOW_RISK,0.0,
BioSpread,UNSEEN::AD136,0.1935543566942215,medium,0,0.6501923203468323,0,LOW_RISK,0.0,
BioSpread,AA167,0.6744093894958496,review,0,0.5021576285362244,0,MODERATE_RISK,0.0,
BioSpread,AD281,0.7449918985366821,review,0,0.5517497658729553,0,MODERATE_RISK,0.0,
BioSpread,UNSEEN::AG244,0.19349676370620728,medium,0,0.6503038108348846,0,LOW_RISK,0.0,
BioSpread,UNSEEN::AF443,0.1934962421655655,medium,0,0.6503045856952667,0,LOW_RISK,0.0,
BioSpread,UNSEEN::AC385,0.19332966208457947,medium,0,0.650628924369812,0,LOW_RISK,0.0,
BioSpread,UNSEEN::AB704,0.19349651038646698,medium,0,0.6503041982650757,0,LOW_RISK,0.0,
BioSpread,UNSEEN::AA616,0.19320915639400482,medium,0,0.6510071754455566,0,LOW_RISK,0.0,
BioSpread,AD280,0.7465346455574036,review,1,0.554684579372406,0,MODERATE_RISK,0.0,
BioSpread,AA306,0.7423503994941711,review,0,0.5489656329154968,0,MODERATE_RISK,0.0,
BioSpread,UNSEEN::AA061,0.1932552009820938,medium,0,0.6507911682128906,0,LOW_RISK,0.0,
BioSpread,AC269,0.5200509428977966,review,0,0.5266821682453156,0,MODERATE_RISK,0.0,
BioSpread,UNSEEN::AA417,0.19321277737617493,medium,0,0.650975227355957,0,LOW_RISK,0.0,
BioSpread,AB809,0.744850218296051,review,0,0.5485827624797821,0,MODERATE_RISK,0.0,
BioSpread,AC333,0.7449738383293152,review,1,0.5475330948829651,0,MODERATE_RISK,0.0,
BioSpread,AB702,0.747262179851532,review,1,0.5527610778808594,0,MODERATE_RISK,0.0,
BioSpread,AA896,0.6986731886863708,review,0,0.5116318464279175,0,MODERATE_RISK,0.0,
BioSpread,AH133,0.5143047571182251,review,0,0.5060614347457886,0,MODERATE_RISK,0.0,
BioSpread,UNSEEN::AB798,0.19325794279575348,medium,0,0.6507408022880554,0,LOW_RISK,0.0,
BioSpread,AA862,0.5465671420097351,review,0,0.5101913511753082,0,MODERATE_RISK,0.0,
BioSpread,UNSEEN::AE512,0.19349700212478638,medium,0,0.650303453207016,0,LOW_RISK,0.0,
BioSpread,AE618,0.46307918429374695,review,0,0.5274329781532288,0,LOW_RISK,0.0,
BioSpread,UNSEEN::AB375,0.19297701120376587,medium,0,0.651265412569046,0,LOW_RISK,0.0,
BioSpread,AA084,0.747535765171051,review,0,0.5514840483665466,0,MODERATE_RISK,0.0,
BioSpread,UNSEEN::AD057,0.19333282113075256,medium,0,0.6506525576114655,0,LOW_RISK,0.0,
BioSpread,UNSEEN::AB403,0.19348670542240143,medium,0,0.6502958536148071,0,LOW_RISK,0.0,
BioSpread,AD102,0.7476803660392761,review,0,0.5577876567840576,0,MODERATE_RISK,0.0,
BioSpread,UNSEEN::AB119,0.19349676370620728,medium,0,0.6503038108348846,0,LOW_RISK,0.0,
BioSpread,AE158,0.748198390007019,review,0,0.5576156079769135,0,MODERATE_RISK,0.0,
BioSpread,AE701,0.22339561581611633,medium,0,0.6540016531944275,0,LOW_RISK,0.0,
BioSpread,UNSEEN::AA241,0.19341208040714264,medium,0,0.6504562795162201,0,LOW_RISK,0.0,
BioSpread,AE451,0.6199700832366943,review,0,0.4961503744125366,0,MODERATE_RISK,0.0,
BioSpread,UNSEEN::AE235,0.19292695820331573,medium,0,0.6514497995376587,0,LOW_RISK,0.0,
BioSpread,UNSEEN::AG113,0.19349700212478638,medium,0,0.650303453207016,0,LOW_RISK,0.0,
BioSpread,AF256,0.5858428478240967,review,0,0.5076831877231598,0,MODERATE_RISK,0.0,
BioSpread,AC344,0.5057872533798218,review,1,0.5340317785739899,0,MODERATE_RISK,0.0,
BioSpread,UNSEEN::AB378,0.19335515797138214,medium,0,0.6505680680274963,0,LOW_RISK,0.0,
BioSpread,AC586,0.6777421832084656,review,1,0.5056631863117218,0,MODERATE_RISK,0.0,
BioSpread,UNSEEN::AC458,0.19349676370620728,medium,0,0.6503038108348846,0,LOW_RISK,0.0,
BioSpread,AH230,0.5109750032424927,review,0,0.5175868570804596,0,MODERATE_RISK,0.0,
BioSpread,AF885,0.753415048122406,review,0,0.5840717256069183,0,MODERATE_RISK,0.0,
BioSpread,UNSEEN::AF284,0.193335622549057,medium,0,0.6505468785762787,0,LOW_RISK,0.0,
BioSpread,UNSEEN::AG893,0.1934962421655655,medium,0,0.6503045856952667,0,LOW_RISK,0.0,
BioSpread,AC583,0.6537666320800781,review,0,0.49625641107559204,0,MODERATE_RISK,0.0,
BioSpread,UNSEEN::AG372,0.192607581615448,medium,0,0.6519540548324585,0,LOW_RISK,0.0,
BioSpread,AE277,0.6485170722007751,review,0,0.4983785152435303,0,MODERATE_RISK,0.0,
BioSpread,AG308,0.2796366810798645,medium,0,0.6099723875522614,0,LOW_RISK,0.0,
BioSpread,UNSEEN::AF357,0.19349651038646698,medium,0,0.6503041982650757,0,LOW_RISK,0.0,
BioSpread,UNSEEN::AD094,0.1933210790157318,medium,0,0.6506933867931366,0,LOW_RISK,0.0,
BioSpread,AE806,0.22348369657993317,medium,0,0.653929740190506,0,LOW_RISK,0.0,
BioSpread,AA885,0.6872748732566833,review,1,0.5092800557613373,0,MODERATE_RISK,0.0,
BioSpread,UNSEEN::AH405,0.19349651038646698,medium,0,0.6503041982650757,0,LOW_RISK,0.0,
BioSpread,AB050,0.7323575019836426,review,0,0.5287465155124664,0,MODERATE_RISK,0.0,
BioSpread,AD463,0.5504592657089233,review,0,0.5176327228546143,0,MODERATE_RISK,0.0,
BioSpread,UNSEEN::AC328,0.19349700212478638,medium,0,0.650303453207016,0,LOW_RISK,0.0,
BioSpread,AF876,0.7487947940826416,review,0,0.5561020374298096,0,MODERATE_RISK,0.0,
BioSpread,UNSEEN::AC579,0.1952463537454605,medium,0,0.6502416729927063,0,LOW_RISK,0.0,
BioSpread,UNSEEN::AB797,0.1934962421655655,medium,0,0.6503045856952667,0,LOW_RISK,0.0,
BioSpread,AF396,0.5154653191566467,review,0,0.51412233710289,0,MODERATE_RISK,0.0,
BioSpread,UNSEEN::AG336,0.19349651038646698,medium,0,0.6503041982650757,0,LOW_RISK,0.0,
BioSpread,AF064,0.4831138551235199,review,0,0.5243059396743774,0,LOW_RISK,0.0,
BioSpread,AE848,0.6840820908546448,review,0,0.49457424879074097,0,MODERATE_RISK,0.0,
BioSpread,UNSEEN::AH282,0.19324293732643127,medium,0,0.6507642567157745,0,LOW_RISK,0.0,
BioSpread,UNSEEN::AE370,0.1935548633337021,medium,0,0.6501915454864502,0,LOW_RISK,0.0,
BioSpread,UNSEEN::AB948,0.1934061050415039,medium,0,0.6504153609275818,0,LOW_RISK,0.0,
BioSpread,UNSEEN::AB477,0.19348320364952087,medium,0,0.6503239870071411,0,LOW_RISK,0.0,
BioSpread,AC990,0.7458981275558472,review,0,0.5550800561904907,0,MODERATE_RISK,0.0,
BioSpread,UNSEEN::AC002,0.1934826374053955,medium,0,0.6503250002861023,0,LOW_RISK,0.0,
BioSpread,AB684,0.7201669216156006,review,0,0.5278034210205078,0,MODERATE_RISK,0.0,
BioSpread,AD445,0.7383909225463867,review,0,0.5717832744121552,0,MODERATE_RISK,0.0,
BioSpread,AC129,0.7469900250434875,review,1,0.5523971021175385,0,MODERATE_RISK,0.0,
BioSpread,AA937,0.2622593939304352,medium,0,0.6284526586532593,0,LOW_RISK,0.0,
BioSpread,UNSEEN::AB839,0.19321469962596893,medium,0,0.6508334577083588,0,LOW_RISK,0.0,
BioSpread,AA076,0.5533663034439087,review,0,0.50441575050354,0,MODERATE_RISK,0.0,
BioSpread,UNSEEN::AE446,0.19349700212478638,medium,0,0.650303453207016,0,LOW_RISK,0.0,
BioSpread,AA567,0.4377449154853821,review,0,0.5559784471988678,0,LOW_RISK,0.0,
BioSpread,UNSEEN::AG795,0.19349651038646698,medium,0,0.6503041982650757,0,LOW_RISK,0.0,
BioSpread,AC452,0.7009901404380798,review,0,0.5173118114471436,0,MODERATE_RISK,0.0,
BioSpread,UNSEEN::AB864,0.19335541129112244,medium,0,0.6505677103996277,0,LOW_RISK,0.0,
BioSpread,AD607,0.6535467505455017,review,0,0.499764084815979,0,MODERATE_RISK,0.0,
BioSpread,AE871,0.4532047212123871,review,0,0.5473447144031525,0,LOW_RISK,0.0,
BioSpread,UNSEEN::AG090,0.19347970187664032,medium,0,0.6503323614597321,0,LOW_RISK,0.0,
BioSpread,UNSEEN::AC012,0.19349700212478638,medium,0,0.650303453207016,0,LOW_RISK,0.0,
BioSpread,UNSEEN::AD189,0.19348008930683136,medium,0,0.6503739058971405,0,LOW_RISK,0.0,
BioSpread,AA794,0.6339872479438782,review,0,0.5034466087818146,0,MODERATE_RISK,0.0,
BioSpread,AC975,0.5011808276176453,review,0,0.5298093259334564,0,MODERATE_RISK,0.0,
BioSpread,AF842,0.4830848276615143,review,0,0.5243168771266937,0,LOW_RISK,0.0,
BioSpread,UNSEEN::AG929,0.19349676370620728,medium,0,0.6503038108348846,0,LOW_RISK,0.0,
BioSpread,AA521,0.7336475253105164,review,0,0.5317302942276001,0,MODERATE_RISK,0.0,
BioSpread,UNSEEN::AH120,0.19355511665344238,medium,0,0.6501911878585815,0,LOW_RISK,0.0,
BioSpread,AF437,0.6818066835403442,review,0,0.5163773000240326,0,MODERATE_RISK,0.0,
BioSpread,AB230,0.7456197738647461,review,0,0.5517542958259583,0,MODERATE_RISK,0.0,
BioSpread,AB487,0.7258713841438293,review,0,0.5441837906837463,0,MODERATE_RISK,0.0,
BioSpread,AG997,0.17235921323299408,medium,0,0.6837634742259979,0,LOW_RISK,0.0,
BioSpread,UNSEEN::AB928,0.19321699440479279,medium,0,0.6509229838848114,0,LOW_RISK,0.0,
BioSpread,UNSEEN::AG692,0.19349651038646698,medium,0,0.6503041982650757,0,LOW_RISK,0.0,
BioSpread,AG349,0.6329637765884399,review,0,0.49265044927597046,0,MODERATE_RISK,0.0,
BioSpread,AF985,0.2638758420944214,medium,0,0.6285913288593292,0,LOW_RISK,0.0,
BioSpread,UNSEEN::AE272,0.19326001405715942,medium,0,0.6507644057273865,0,LOW_RISK,0.0,
BioSpread,AE191,0.7438677549362183,review,0,0.5590620934963226,0,MODERATE_RISK,0.0,
BioSpread,UNSEEN::AB901,0.19332151114940643,medium,0,0.6505685150623322,0,LOW_RISK,0.0,
BioSpread,AG868,0.6199972629547119,review,0,0.496146559715271,0,MODERATE_RISK,0.0,
BioSpread,UNSEEN::AF685,0.1934962421655655,medium,0,0.6503045856952667,0,LOW_RISK,0.0,
BioSpread,UNSEEN::AD939,0.19348670542240143,medium,0,0.6502958536148071,0,LOW_RISK,0.0,
BioSpread,AA257,0.524070680141449,review,0,0.5137662887573242,0,MODERATE_RISK,0.0,
BioSpread,UNSEEN::AF238,0.19349651038646698,medium,0,0.6503041982650757,0,LOW_RISK,0.0,
BioSpread,AG953,0.6496036052703857,review,0,0.5152231454849243,0,MODERATE_RISK,0.0,
BioSpread,UNSEEN::AC450,0.1934252679347992,medium,0,0.6504366397857666,0,LOW_RISK,0.0,
BioSpread,AC209,0.722217857837677,review,0,0.5244859457015991,0,MODERATE_RISK,0.0,
BioSpread,AA423,0.748445987701416,review,0,0.596310943365097,0,MODERATE_RISK,0.0,
BioSpread,AA429,0.649951159954071,review,0,0.5075282454490662,0,MODERATE_RISK,0.0,
BioSpread,UNSEEN::AH244,0.1932908296585083,medium,0,0.6506367623806,0,LOW_RISK,0.0,
BioSpread,UNSEEN::AE586,0.19345678389072418,medium,0,0.6503634452819824,0,LOW_RISK,0.0,
BioSpread,AB575,0.6588573455810547,review,1,0.5210917890071869,0,MODERATE_RISK,0.0,
BioSpread,AB998,0.5459132194519043,review,0,0.50899738073349,0,MODERATE_RISK,0.0,
BioSpread,UNSEEN::AD696,0.19347038865089417,medium,0,0.6503430306911469,0,LOW_RISK,0.0,
BioSpread,UNSEEN::AE031,0.19349676370620728,medium,0,0.6503038108348846,0,LOW_RISK,0.0,
BioSpread,UNSEEN::AA228,0.19349566102027893,medium,0,0.6503730416297913,0,LOW_RISK,0.0,
BioSpread,UNSEEN::AC341,0.1931857466697693,medium,0,0.6509997546672821,0,LOW_RISK,0.0,
BioSpread,UNSEEN::AE084,0.19349633157253265,medium,0,0.6503050923347473,0,LOW_RISK,0.0,
BioSpread,UNSEEN::AG691,0.1933518499135971,medium,0,0.6506196856498718,0,LOW_RISK,0.0,
BioSpread,AE091,0.6199537515640259,review,0,0.4961526393890381,0,MODERATE_RISK,0.0,
BioSpread,UNSEEN::AC590,0.19339847564697266,medium,0,0.6504765450954437,0,LOW_RISK,0.0,
BioSpread,UNSEEN::AA829,0.19341272115707397,medium,0,0.6504686772823334,0,LOW_RISK,0.0,
BioSpread,AD675,0.7463732957839966,review,0,0.5542025566101074,0,MODERATE_RISK,0.0,
BioSpread,AF980,0.5322344899177551,review,0,0.5114704668521881,0,MODERATE_RISK,0.0,
BioSpread,UNSEEN::AC304,0.1933603137731552,medium,0,0.6505863666534424,0,LOW_RISK,0.0,
BioSpread,UNSEEN::AB639,0.1931619644165039,medium,0,0.6509418189525604,0,LOW_RISK,0.0,
BioSpread,UNSEEN::AD420,0.19347050786018372,medium,0,0.650433212518692,0,LOW_RISK,0.0,
BioSpread,UNSEEN::AD711,0.19348344206809998,medium,0,0.6503235995769501,0,LOW_RISK,0.0,
BioSpread,AH462,0.17614302039146423,medium,0,0.6797620058059692,0,LOW_RISK,0.0,
BioSpread,UNSEEN::AC000,0.19342254102230072,medium,0,0.6504863798618317,0,LOW_RISK,0.0,
BioSpread,AE575,0.6544642448425293,review,0,0.507209450006485,0,MODERATE_RISK,0.0,
BioSpread,UNSEEN::AG360,0.19348271191120148,medium,0,0.6503247320652008,0,LOW_RISK,0.0,
BioSpread,AD712,0.6690559387207031,review,0,0.5031723976135254,0,MODERATE_RISK,0.0,
BioSpread,UNSEEN::AA403,0.1932101547718048,medium,0,0.6508987843990326,0,LOW_RISK,0.0,
BioSpread,UNSEEN::AG860,0.1934962421655655,medium,0,0.6503045856952667,0,LOW_RISK,0.0,
BioSpread,UNSEEN::AE320,0.19349676370620728,medium,0,0.6503038108348846,0,LOW_RISK,0.0,
BioSpread,UNSEEN::AG753,0.1933850347995758,medium,0,0.6504965126514435,0,LOW_RISK,0.0,
BioSpread,UNSEEN::AD765,0.19341208040714264,medium,0,0.6504562795162201,0,LOW_RISK,0.0,
BioSpread,UNSEEN::AB550,0.19348295032978058,medium,0,0.6503243744373322,0,LOW_RISK,0.0,
BioSpread,AE705,0.6386988759040833,review,0,0.5042199790477753,0,MODERATE_RISK,0.0,
BioSpread,UNSEEN::AD801,0.1934296190738678,medium,0,0.6504038572311401,0,LOW_RISK,0.0,
BioSpread,AC481,0.5543603897094727,review,0,0.5214775204658508,0,MODERATE_RISK,0.0,
BioSpread,UNSEEN::AE783,0.19329576194286346,medium,0,0.6506801247596741,0,LOW_RISK,0.0,
BioSpread,UNSEEN::AF476,0.19341236352920532,medium,0,0.6504558622837067,0,LOW_RISK,0.0,
BioSpread,UNSEEN::AG622,0.19349579513072968,medium,0,0.6503058969974518,0,LOW_RISK,0.0,
BioSpread,UNSEEN::AA808,0.19349700212478638,medium,0,0.650303453207016,0,LOW_RISK,0.0,
BioSpread,AD546,0.6225078105926514,review,1,0.5050951242446899,0,MODERATE_RISK,0.0,
BioSpread,AF894,0.22373823821544647,medium,0,0.653748631477356,0,LOW_RISK,0.0,
BioSpread,UNSEEN::AG631,0.19335488975048065,medium,0,0.6505684852600098,0,LOW_RISK,0.0,
BioSpread,AE406,0.5875931978225708,review,0,0.5061235427856445,0,MODERATE_RISK,0.0,
BioSpread,UNSEEN::AD191,0.19349651038646698,medium,0,0.6503041982650757,0,LOW_RISK,0.0,
BioSpread,AE593,0.6379072070121765,review,0,0.49808353185653687,0,MODERATE_RISK,0.0,
BioSpread,UNSEEN::AF070,0.1934962421655655,medium,0,0.6503045856952667,0,LOW_RISK,0.0,
BioSpread,AG118,0.5132026076316833,review,0,0.5288837552070618,0,MODERATE_RISK,0.0,
BioSpread,UNSEEN::AE360,0.19311779737472534,medium,0,0.6510070860385895,0,LOW_RISK,0.0,
BioSpread,AF132,0.6535280346870422,review,0,0.49976545572280884,0,MODERATE_RISK,0.0,
BioSpread,UNSEEN::AG069,0.1935543566942215,medium,0,0.6501923203468323,0,LOW_RISK,0.0,
BioSpread,UNSEEN::AC086,0.19311638176441193,medium,0,0.6510105133056641,0,LOW_RISK,0.0,
BioSpread,AG727,0.6242601275444031,review,0,0.5014588534832001,0,MODERATE_RISK,0.0,
BioSpread,UNSEEN::AF276,0.19319866597652435,medium,0,0.6509746313095093,0,LOW_RISK,0.0,
BioSpread,UNSEEN::AD872,0.19340954720973969,medium,0,0.6505295038223267,0,LOW_RISK,0.0,
BioSpread,AE923,0.7380645871162415,review,0,0.5871220827102661,0,MODERATE_RISK,0.0,
BioSpread,AD299,0.688601016998291,review,0,0.5190093219280243,0,MODERATE_RISK,0.0,
BioSpread,UNSEEN::AA420,0.19325363636016846,medium,0,0.6507503092288971,0,LOW_RISK,0.0,
BioSpread,AF264,0.6535249352455139,review,0,0.49976563453674316,0,MODERATE_RISK,0.0,
BioSpread,AB690,0.711117148399353,review,0,0.5198638141155243,0,MODERATE_RISK,0.0,
BioSpread,UNSEEN::AA682,0.19332490861415863,medium,0,0.6506594121456146,0,LOW_RISK,0.0,
BioSpread,AC281,0.7438457608222961,review,1,0.5419557392597198,0,MODERATE_RISK,0.0,
BioSpread,AC627,0.7458683848381042,review,0,0.5503367185592651,0,MODERATE_RISK,0.0,
BioSpread,UNSEEN::AC879,0.1934962421655655,medium,0,0.6503045856952667,0,LOW_RISK,0.0,
BioSpread,AC672,0.745559573173523,review,0,0.5467709600925446,0,MODERATE_RISK,0.0,
BioSpread,AG650,0.7268820405006409,review,0,0.54519322514534,0,MODERATE_RISK,0.0,
BioSpread,AE155,0.6407471895217896,review,0,0.4982103705406189,0,MODERATE_RISK,0.0,
BioSpread,AC108,0.6235448718070984,review,0,0.500641942024231,0,MODERATE_RISK,0.0,
BioSpread,UNSEEN::AA160,0.19349651038646698,medium,0,0.6503041982650757,0,LOW_RISK,0.0,
BioSpread,AA432,0.7105347514152527,review,0,0.5234600007534027,0,MODERATE_RISK,0.0,
BioSpread,UNSEEN::AA588,0.1954166740179062,medium,0,0.6502851843833923,0,LOW_RISK,0.0,
BioSpread,AB791,0.22348369657993317,medium,0,0.653929740190506,0,LOW_RISK,0.0,
BioSpread,UNSEEN::AD992,0.19347038865089417,medium,0,0.6503430306911469,0,LOW_RISK,0.0,
BioSpread,UNSEEN::AF650,0.19406086206436157,medium,0,0.649409681558609,0,LOW_RISK,0.0,
BioSpread,AC889,0.2234572470188141,medium,0,0.6539513170719147,0,LOW_RISK,0.0,
BioSpread,UNSEEN::AB262,0.19339869916439056,medium,0,0.6504761874675751,0,LOW_RISK,0.0,
BioSpread,UNSEEN::AE594,0.19348295032978058,medium,0,0.6503243744373322,0,LOW_RISK,0.0,
BioSpread,AA017,0.22347486019134521,medium,0,0.6539369523525238,0,LOW_RISK,0.0,
BioSpread,AA422,0.7114577889442444,review,0,0.5239034593105316,0,MODERATE_RISK,0.0,
BioSpread,AC238,0.7429494857788086,review,0,0.5493784844875336,0,MODERATE_RISK,0.0,
BioSpread,AD575,0.5428999662399292,review,1,0.513610452413559,0,MODERATE_RISK,0.0,
BioSpread,UNSEEN::AB606,0.19338490068912506,medium,0,0.6504972875118256,0,LOW_RISK,0.0,
BioSpread,AF672,0.5917117595672607,review,0,0.5114873647689819,0,MODERATE_RISK,0.0,
BioSpread,UNSEEN::AH091,0.19343392550945282,medium,0,0.6503742933273315,0,LOW_RISK,0.0,
BioSpread,UNSEEN::AD510,0.19347012042999268,medium,0,0.6503434181213379,0,LOW_RISK,0.0,
BioSpread,UNSEEN::AB300,0.19348381459712982,medium,0,0.6503461599349976,0,LOW_RISK,0.0,
BioSpread,UNSEEN::AE998,0.19349700212478638,medium,0,0.650303453207016,0,LOW_RISK,0.0,
BioSpread,UNSEEN::AD758,0.19348344206809998,medium,0,0.6503235995769501,0,LOW_RISK,0.0,
BioSpread,AE700,0.7429628372192383,review,0,0.5717433094978333,0,MODERATE_RISK,0.0,
BioSpread,UNSEEN::AE379,0.19311833381652832,medium,0,0.6511456072330475,0,LOW_RISK,0.0,
BioSpread,UNSEEN::AA766,0.19314567744731903,medium,0,0.6510455310344696,0,LOW_RISK,0.0,
BioSpread,AB020,0.6393774747848511,review,0,0.49973809719085693,0,MODERATE_RISK,0.0,
BioSpread,UNSEEN::AB825,0.1933242231607437,medium,0,0.6507551074028015,0,LOW_RISK,0.0,
BioSpread,UNSEEN::AA805,0.193354070186615,medium,0,0.6507075428962708,0,LOW_RISK,0.0,
BioSpread,UNSEEN::AF493,0.19349676370620728,medium,0,0.6503038108348846,0,LOW_RISK,0.0,
BioSpread,AE785,0.730364978313446,review,0,0.5417340695858002,0,MODERATE_RISK,0.0,
BioSpread,UNSEEN::AH451,0.19347339868545532,medium,0,0.6503156423568726,0,LOW_RISK,0.0,
BioSpread,UNSEEN::AA486,0.19349651038646698,medium,0,0.6503041982650757,0,LOW_RISK,0.0,
BioSpread,UNSEEN::AA305,0.193410724401474,medium,0,0.6505272686481476,0,LOW_RISK,0.0,
BioSpread,UNSEEN::AH281,0.19333161413669586,medium,0,0.650648683309555,0,LOW_RISK,0.0,
BioSpread,UNSEEN::AF059,0.19349676370620728,medium,0,0.6503038108348846,0,LOW_RISK,0.0,
BioSpread,UNSEEN::AF168,0.1934257447719574,medium,0,0.6504359245300293,0,LOW_RISK,0.0,
BioSpread,AB209,0.7270254492759705,review,0,0.5257277488708496,0,MODERATE_RISK,0.0,
BioSpread,AA367,0.7479190230369568,review,0,0.5546726584434509,0,MODERATE_RISK,0.0,
BioSpread,AF288,0.5357375741004944,review,1,0.5259678363800049,0,MODERATE_RISK,0.0,
BioSpread,UNSEEN::AA566,0.19341184198856354,medium,0,0.6504566669464111,0,LOW_RISK,0.0,
BioSpread,UNSEEN::AC107,0.19342100620269775,medium,0,0.6504663527011871,0,LOW_RISK,0.0,
BioSpread,UNSEEN::AF358,0.19346007704734802,medium,0,0.650335431098938,0,LOW_RISK,0.0,
BioSpread,UNSEEN::AD323,0.19348295032978058,medium,0,0.6503243744373322,0,LOW_RISK,0.0,
BioSpread,UNSEEN::AB339,0.1934201568365097,medium,0,0.6505162417888641,0,LOW_RISK,0.0,
BioSpread,AE337,0.2234572470188141,medium,0,0.6539513170719147,0,LOW_RISK,0.0,
BioSpread,UNSEEN::AG804,0.1934126317501068,medium,0,0.6504554450511932,0,LOW_RISK,0.0,
BioSpread,UNSEEN::AC456,0.19343827664852142,medium,0,0.6504854261875153,0,LOW_RISK,0.0,
BioSpread,UNSEEN::AD672,0.19420531392097473,medium,0,0.6519660353660583,0,LOW_RISK,0.0,
BioSpread,UNSEEN::AF850,0.19342227280139923,medium,0,0.6504867970943451,0,LOW_RISK,0.0,
BioSpread,UNSEEN::AE024,0.19342966377735138,medium,0,0.6504035890102386,0,LOW_RISK,0.0,
BioSpread,UNSEEN::AD598,0.1933586299419403,medium,0,0.6506770551204681,0,LOW_RISK,0.0,
BioSpread,AB890,0.743251383304596,review,0,0.559813529253006,0,MODERATE_RISK,0.0,
BioSpread,AA679,0.2234572470188141,medium,0,0.6539513170719147,0,LOW_RISK,0.0,
BioSpread,AF195,0.6641115546226501,review,0,0.5022537708282471,0,MODERATE_RISK,0.0,
BioSpread,UNSEEN::AF862,0.1934257447719574,medium,0,0.6504359245300293,0,LOW_RISK,0.0,
BioSpread,UNSEEN::AG467,0.1934960037469864,medium,0,0.6503049731254578,0,LOW_RISK,0.0,
BioSpread,AE310,0.7454426288604736,review,0,0.5574916303157806,0,MODERATE_RISK,0.0,
BioSpread,AG007,0.6839725971221924,review,0,0.5099706947803497,0,MODERATE_RISK,0.0,
BioSpread,UNSEEN::AE891,0.1934962421655655,medium,0,0.6503045856952667,0,LOW_RISK,0.0,
BioSpread,AA661,0.7024810314178467,review,1,0.5112290382385254,0,MODERATE_RISK,0.0,
BioSpread,UNSEEN::AA396,0.19349676370620728,medium,0,0.6503038108348846,0,LOW_RISK,0.0,
BioSpread,UNSEEN::AE734,0.1935286819934845,medium,0,0.6502304077148438,0,LOW_RISK,0.0,
BioSpread,UNSEEN::AC938,0.19303862750530243,medium,0,0.6512555778026581,0,LOW_RISK,0.0,
BioSpread,UNSEEN::AB412,0.19313102960586548,medium,0,0.6510489284992218,0,LOW_RISK,0.0,
BioSpread,UNSEEN::AF929,0.19331121444702148,medium,0,0.6506795883178711,0,LOW_RISK,0.0,
BioSpread,UNSEEN::AB221,0.19349651038646698,medium,0,0.6503041982650757,0,LOW_RISK,0.0,
BioSpread,UNSEEN::AE669,0.19341658055782318,medium,0,0.6504230499267578,0,LOW_RISK,0.0,
BioSpread,UNSEEN::AF002,0.19349554181098938,medium,0,0.6503062844276428,0,LOW_RISK,0.0,
BioSpread,AA093,0.5304401516914368,review,0,0.509143054485321,0,MODERATE_RISK,0.0,
BioSpread,AD182,0.5735560655593872,review,1,0.5143271684646606,0,MODERATE_RISK,0.0,
BioSpread,UNSEEN::AA373,0.19342604279518127,medium,0,0.6504355072975159,0,LOW_RISK,0.0,
BioSpread,AG310,0.7282341718673706,review,0,0.5416500568389893,0,MODERATE_RISK,0.0,
BioSpread,UNSEEN::AA931,0.19349676370620728,medium,0,0.6503038108348846,0,LOW_RISK,0.0,
BioSpread,UNSEEN::AB486,0.19348448514938354,medium,0,0.6503445506095886,0,LOW_RISK,0.0,
BioSpread,UNSEEN::AF549,0.19327417016029358,medium,0,0.6506653726100922,0,LOW_RISK,0.0,
BioSpread,UNSEEN::AE883,0.19349676370620728,medium,0,0.6503038108348846,0,LOW_RISK,0.0,
BioSpread,UNSEEN::AE818,0.19284585118293762,medium,0,0.6516115665435791,0,LOW_RISK,0.0,
BioSpread,AB422,0.5516295433044434,review,0,0.5112777352333069,0,MODERATE_RISK,0.0,
BioSpread,AB793,0.6510442495346069,review,0,0.4992375373840332,0,MODERATE_RISK,0.0,
BioSpread,UNSEEN::AB545,0.19348344206809998,medium,0,0.6503235995769501,0,LOW_RISK,0.0,
BioSpread,AA269,0.7004314064979553,review,0,0.5014573633670807,0,MODERATE_RISK,0.0,
BioSpread,AF301,0.3326154053211212,review,0,0.580479234457016,0,LOW_RISK,0.0,
BioSpread,UNSEEN::AF637,0.19318412244319916,medium,0,0.6509518027305603,0,LOW_RISK,0.0,
BioSpread,UNSEEN::AB748,0.1934606283903122,medium,0,0.6503652036190033,0,LOW_RISK,0.0,
BioSpread,AF462,0.6914424896240234,review,0,0.5128333568572998,0,MODERATE_RISK,0.0,
BioSpread,AC601,0.586319088935852,review,1,0.5138331949710846,0,MODERATE_RISK,0.0,
BioSpread,UNSEEN::AD984,0.1933189034461975,medium,0,0.6506915986537933,0,LOW_RISK,0.0,
BioSpread,UNSEEN::AC362,0.19342651963233948,medium,0,0.6505254507064819,0,LOW_RISK,0.0,
BioSpread,UNSEEN::AC612,0.19348371028900146,medium,0,0.6503232419490814,0,LOW_RISK,0.0,
BioSpread,UNSEEN::AC657,0.19349676370620728,medium,0,0.6503038108348846,0,LOW_RISK,0.0,
BioSpread,UNSEEN::AB037,0.19296292960643768,medium,0,0.6513049006462097,0,LOW_RISK,0.0,
BioSpread,AC837,0.7455736994743347,review,0,0.5462698638439178,0,MODERATE_RISK,0.0,
BioSpread,UNSEEN::AF045,0.19346733391284943,medium,0,0.6503616869449615,0,LOW_RISK,0.0,
BioSpread,UNSEEN::AD986,0.19349676370620728,medium,0,0.6503038108348846,0,LOW_RISK,0.0,
BioSpread,AG647,0.6199700832366943,review,0,0.4961503744125366,0,MODERATE_RISK,0.0,
BioSpread,AC801,0.19508978724479675,medium,0,0.6819429993629456,0,LOW_RISK,0.0,
BioSpread,AF310,0.5267037749290466,review,0,0.513582855463028,0,MODERATE_RISK,0.0,
BioSpread,AD168,0.7311939001083374,review,1,0.5272974371910095,0,MODERATE_RISK,0.0,
BioSpread,UNSEEN::AF741,0.1933852732181549,medium,0,0.6504961550235748,0,LOW_RISK,0.0,
BioSpread,UNSEEN::AD622,0.19326069951057434,medium,0,0.6508605182170868,0,LOW_RISK,0.0,
BioSpread,UNSEEN::AE125,0.19339047372341156,medium,0,0.650461882352829,0,LOW_RISK,0.0,
BioSpread,AD777,0.6405872106552124,review,0,0.49792325496673584,0,MODERATE_RISK,0.0,
BioSpread,UNSEEN::AB205,0.19342604279518127,medium,0,0.6504355072975159,0,LOW_RISK,0.0,
BioSpread,AB979,0.7193870544433594,review,1,0.5232633650302887,0,MODERATE_RISK,0.0,
BioSpread,UNSEEN::AF266,0.19348371028900146,medium,0,0.6503232419490814,0,LOW_RISK,0.0,
BioSpread,AB991,0.4630637764930725,review,0,0.5274393260478973,0,LOW_RISK,0.0,
BioSpread,UNSEEN::AD864,0.19339901208877563,medium,0,0.6505549848079681,0,LOW_RISK,0.0,
BioSpread,UNSEEN::AB853,0.19349700212478638,medium,0,0.650303453207016,0,LOW_RISK,0.0,
BioSpread,UNSEEN::AB537,0.19262202084064484,medium,0,0.6522440314292908,0,LOW_RISK,0.0,
BioSpread,UNSEEN::AG149,0.19348271191120148,medium,0,0.6503247320652008,0,LOW_RISK,0.0,
BioSpread,UNSEEN::AE140,0.19349651038646698,medium,0,0.6503041982650757,0,LOW_RISK,0.0,
BioSpread,AE027,0.7466024160385132,review,0,0.5570807158946991,0,MODERATE_RISK,0.0,
BioSpread,AC482,0.5896363258361816,review,0,0.5196331441402435,0,MODERATE_RISK,0.0,
BioSpread,AG092,0.7476508021354675,review,0,0.5606247782707214,0,MODERATE_RISK,0.0,
BioSpread,UNSEEN::AG439,0.19334112107753754,medium,0,0.6505890190601349,0,LOW_RISK,0.0,
BioSpread,AC008,0.7435975074768066,review,0,0.5549111664295197,0,MODERATE_RISK,0.0,
BioSpread,UNSEEN::AD437,0.19349651038646698,medium,0,0.6503041982650757,0,LOW_RISK,0.0,
BioSpread,AE878,0.4831864833831787,review,0,0.5242785215377808,0,LOW_RISK,0.0,
BioSpread,UNSEEN::AF874,0.19348186254501343,medium,0,0.6503936052322388,0,LOW_RISK,0.0,
BioSpread,UNSEEN::AD487,0.19347116351127625,medium,0,0.6503643691539764,0,LOW_RISK,0.0,
BioSpread,AA851,0.7462009191513062,review,1,0.5514717698097229,0,MODERATE_RISK,0.0,
BioSpread,UNSEEN::AG232,0.19349676370620728,medium,0,0.6503038108348846,0,LOW_RISK,0.0,
BioSpread,UNSEEN::AB074,0.19323784112930298,medium,0,0.6507948637008667,0,LOW_RISK,0.0,
BioSpread,UNSEEN::AD397,0.19348229467868805,medium,0,0.6503265798091888,0,LOW_RISK,0.0,
BioSpread,AA818,0.7453776001930237,review,1,0.5551894307136536,0,MODERATE_RISK,0.0,
BioSpread,UNSEEN::AA244,0.19345837831497192,medium,0,0.6503833532333374,0,LOW_RISK,0.0,
BioSpread,UNSEEN::AE180,0.19355511665344238,medium,0,0.6501911878585815,0,LOW_RISK,0.0,
BioSpread,UNSEEN::AE122,0.1934252679347992,medium,0,0.6504366397857666,0,LOW_RISK,0.0,
BioSpread,AA792,0.7400861978530884,review,0,0.5516227185726166,0,MODERATE_RISK,0.0,
BioSpread,AA955,0.7421998977661133,review,0,0.5436829328536987,0,MODERATE_RISK,0.0,
BioSpread,UNSEEN::AB994,0.193378746509552,medium,0,0.6505943536758423,0,LOW_RISK,0.0,
BioSpread,AC996,0.610816240310669,review,0,0.5189737677574158,0,MODERATE_RISK,0.0,
BioSpread,AE361,0.19869649410247803,medium,0,0.6791838109493256,0,LOW_RISK,0.0,
BioSpread,UNSEEN::AF948,0.19347365200519562,medium,0,0.6503152549266815,0,LOW_RISK,0.0,
BioSpread,AA671,0.7284713387489319,review,0,0.5259325802326202,0,MODERATE_RISK,0.0,
BioSpread,AA425,0.7464343309402466,review,1,0.5531272292137146,0,MODERATE_RISK,0.0,
BioSpread,UNSEEN::AF099,0.19349442422389984,medium,0,0.6503092050552368,0,LOW_RISK,0.0,
BioSpread,AF691,0.49083247780799866,review,0,0.5227338075637817,0,LOW_RISK,0.0,
BioSpread,UNSEEN::AC159,0.19342553615570068,medium,0,0.650436282157898,0,LOW_RISK,0.0,
BioSpread,UNSEEN::AF594,0.19340038299560547,medium,0,0.6504963338375092,0,LOW_RISK,0.0,
BioSpread,UNSEEN::AE028,0.19347624480724335,medium,0,0.65040722489357,0,LOW_RISK,0.0,
BioSpread,UNSEEN::AC363,0.1935548633337021,medium,0,0.6501915454864502,0,LOW_RISK,0.0,
BioSpread,AC297,0.7465545535087585,review,1,0.5473721921443939,0,MODERATE_RISK,0.0,
BioSpread,AF815,0.4688594341278076,review,0,0.554561048746109,0,LOW_RISK,0.0,
BioSpread,AD730,0.1716722697019577,medium,0,0.6849916875362396,0,LOW_RISK,0.0,
BioSpread,UNSEEN::AA249,0.19355477392673492,medium,0,0.6501918435096741,0,LOW_RISK,0.0,
BioSpread,UNSEEN::AE694,0.19330598413944244,medium,0,0.650638073682785,0,LOW_RISK,0.0,
BioSpread,UNSEEN::AA294,0.19351470470428467,medium,0,0.6502512097358704,0,LOW_RISK,0.0,
BioSpread,UNSEEN::AH349,0.19349651038646698,medium,0,0.6503041982650757,0,LOW_RISK,0.0,
BioSpread,AB932,0.6257076263427734,review,1,0.5063291490077972,0,MODERATE_RISK,0.0,
BioSpread,UNSEEN::AG472,0.1934356838464737,medium,0,0.650466799736023,0,LOW_RISK,0.0,
BioSpread,UNSEEN::AG056,0.1934594362974167,medium,0,0.6504716873168945,0,LOW_RISK,0.0,
BioSpread,AD333,0.709158718585968,review,0,0.5245809853076935,0,MODERATE_RISK,0.0,
BioSpread,AD651,0.7469083666801453,review,0,0.5593953430652618,0,MODERATE_RISK,0.0,
BioSpread,AG640,0.7172120213508606,review,1,0.5255724489688873,0,MODERATE_RISK,0.0,
BioSpread,UNSEEN::AD789,0.19326655566692352,medium,0,0.6507513523101807,0,LOW_RISK,0.0,
BioSpread,AF697,0.25588783621788025,medium,0,0.6321049332618713,0,LOW_RISK,0.0,
BioSpread,UNSEEN::AF733,0.19341236352920532,medium,0,0.6504558622837067,0,LOW_RISK,0.0,
BioSpread,UNSEEN::AF933,0.19348320364952087,medium,0,0.6503239870071411,0,LOW_RISK,0.0,
BioSpread,AG970,0.6922597289085388,review,0,0.5130669474601746,0,MODERATE_RISK,0.0,
BioSpread,UNSEEN::AC092,0.19339042901992798,medium,0,0.6504621505737305,0,LOW_RISK,0.0,
BioSpread,UNSEEN::AE217,0.19310495257377625,medium,0,0.6509972214698792,0,LOW_RISK,0.0,
BioSpread,UNSEEN::AE638,0.19341310858726501,medium,0,0.650465577840805,0,LOW_RISK,0.0,
BioSpread,UNSEEN::AG178,0.19348295032978058,medium,0,0.6503243744373322,0,LOW_RISK,0.0,
BioSpread,AD650,0.7035992741584778,review,0,0.5182534158229828,0,MODERATE_RISK,0.0,
BioSpread,AH352,0.4831429421901703,review,0,0.524294912815094,0,LOW_RISK,0.0,
BioSpread,UNSEEN::AA227,0.19349651038646698,medium,0,0.6503041982650757,0,LOW_RISK,0.0,
BioSpread,UNSEEN::AA878,0.19348371028900146,medium,0,0.6503232419490814,0,LOW_RISK,0.0,
BioSpread,UNSEEN::AA875,0.19349676370620728,medium,0,0.6503038108348846,0,LOW_RISK,0.0,
BioSpread,UNSEEN::AG459,0.19355511665344238,medium,0,0.6501911878585815,0,LOW_RISK,0.0,
BioSpread,AB724,0.7462055683135986,review,1,0.5606050789356232,0,MODERATE_RISK,0.0,
BioSpread,UNSEEN::AF392,0.19349676370620728,medium,0,0.6503038108348846,0,LOW_RISK,0.0,
BioSpread,UNSEEN::AC384,0.19348473846912384,medium,0,0.6503441631793976,0,LOW_RISK,0.0,
BioSpread,UNSEEN::AB336,0.19346867501735687,medium,0,0.6503462195396423,0,LOW_RISK,0.0,
BioSpread,AA043,0.7416603565216064,review,0,0.5466568470001221,0,MODERATE_RISK,0.0,
BioSpread,UNSEEN::AE389,0.19349539279937744,medium,0,0.6503734588623047,0,LOW_RISK,0.0,
BioSpread,AB535,0.6374453902244568,review,0,0.4964871406555176,0,MODERATE_RISK,0.0,
BioSpread,AE070,0.5529507994651794,review,0,0.507831871509552,0,MODERATE_RISK,0.0,
BioSpread,UNSEEN::AF737,0.19328166544437408,medium,0,0.6507517099380493,0,LOW_RISK,0.0,
BioSpread,UNSEEN::AE017,0.19323694705963135,medium,0,0.6507176756858826,0,LOW_RISK,0.0,
BioSpread,AD692,0.4691118001937866,review,0,0.5430766046047211,0,LOW_RISK,0.0,
BioSpread,UNSEEN::AE584,0.19349510967731476,medium,0,0.6503075063228607,0,LOW_RISK,0.0,
BioSpread,UNSEEN::AD304,0.19346952438354492,medium,0,0.6503446698188782,0,LOW_RISK,0.0,
BioSpread,AD384,0.685886025428772,review,0,0.5009889006614685,0,MODERATE_RISK,0.0,
BioSpread,UNSEEN::AE894,0.19349651038646698,medium,0,0.6503041982650757,0,LOW_RISK,0.0,
BioSpread,UNSEEN::AG656,0.1934962421655655,medium,0,0.6503045856952667,0,LOW_RISK,0.0,
BioSpread,UNSEEN::AE587,0.19347518682479858,medium,0,0.6504029929637909,0,LOW_RISK,0.0,
BioSpread,UNSEEN::AG508,0.19349676370620728,medium,0,0.6503038108348846,0,LOW_RISK,0.0,
BioSpread,UNSEEN::AC777,0.19334138929843903,medium,0,0.6505886018276215,0,LOW_RISK,0.0,
BioSpread,AC638,0.653720498085022,review,0,0.5073202252388,0,MODERATE_RISK,0.0,
BioSpread,AH071,0.43813398480415344,review,0,0.5488530695438385,0,LOW_RISK,0.0,
BioSpread,UNSEEN::AH025,0.19335465133190155,medium,0,0.6505688726902008,0,LOW_RISK,0.0,
BioSpread,UNSEEN::AE794,0.19342680275440216,medium,0,0.6505250334739685,0,LOW_RISK,0.0,
BioSpread,UNSEEN::AA049,0.1933606117963791,medium,0,0.650575578212738,0,LOW_RISK,0.0,
BioSpread,AC904,0.633124589920044,review,0,0.49711447954177856,0,MODERATE_RISK,0.0,
BioSpread,AF415,0.67400062084198,review,0,0.5135272741317749,0,MODERATE_RISK,0.0,
BioSpread,AD859,0.2987474501132965,medium,1,0.6198647022247314,0,LOW_RISK,0.0,
BioSpread,UNSEEN::AE032,0.19349676370620728,medium,0,0.6503038108348846,0,LOW_RISK,0.0,
BioSpread,AA635,0.6050869226455688,review,0,0.5023190081119537,0,MODERATE_RISK,0.0,
BioSpread,UNSEEN::AF180,0.19348180294036865,medium,0,0.6503938436508179,0,LOW_RISK,0.0,
BioSpread,AA659,0.688714325428009,review,1,0.5088284313678741,0,MODERATE_RISK,0.0,
BioSpread,UNSEEN::AF012,0.19330048561096191,medium,0,0.6506499350070953,0,LOW_RISK,0.0,
BioSpread,UNSEEN::AE691,0.19343797862529755,medium,0,0.6505347490310669,0,LOW_RISK,0.0,
BioSpread,UNSEEN::AB070,0.1935541033744812,medium,0,0.6501926779747009,0,LOW_RISK,0.0,
BioSpread,UNSEEN::AB764,0.19348695874214172,medium,0,0.6502954661846161,0,LOW_RISK,0.0,
BioSpread,UNSEEN::AF145,0.19348320364952087,medium,0,0.6503239870071411,0,LOW_RISK,0.0,
BioSpread,UNSEEN::AF766,0.19348320364952087,medium,0,0.6503239870071411,0,LOW_RISK,0.0,
BioSpread,AE433,0.4531519114971161,review,0,0.5473662912845612,0,LOW_RISK,0.0,
BioSpread,UNSEEN::AG869,0.19349676370620728,medium,0,0.6503038108348846,0,LOW_RISK,0.0,
BioSpread,UNSEEN::AE352,0.19349579513072968,medium,0,0.6503058969974518,0,LOW_RISK,0.0,
BioSpread,AF767,0.6562029719352722,review,0,0.4863016605377197,0,MODERATE_RISK,0.0,
BioSpread,UNSEEN::AE090,0.19342027604579926,medium,0,0.6504672765731812,0,LOW_RISK,0.0,
BioSpread,AD703,0.46307918429374695,review,0,0.5274329781532288,0,LOW_RISK,0.0,
BioSpread,UNSEEN::AD222,0.1934739202260971,medium,0,0.6503148674964905,0,LOW_RISK,0.0,
BioSpread,UNSEEN::AD979,0.1929861456155777,medium,0,0.6513379514217377,0,LOW_RISK,0.0,
BioSpread,UNSEEN::AE755,0.1935451328754425,medium,0,0.650183230638504,0,LOW_RISK,0.0,
BioSpread,UNSEEN::AA119,0.19278518855571747,medium,0,0.6516799628734589,0,LOW_RISK,0.0,
BioSpread,AD277,0.6733261942863464,review,0,0.5068468451499939,0,MODERATE_RISK,0.0,
BioSpread,UNSEEN::AA053,0.19319339096546173,medium,0,0.6508898138999939,0,LOW_RISK,0.0,
BioSpread,UNSEEN::AH305,0.19339869916439056,medium,0,0.6504761874675751,0,LOW_RISK,0.0,
BioSpread,UNSEEN::AF216,0.19348371028900146,medium,0,0.6503232419490814,0,LOW_RISK,0.0,
BioSpread,UNSEEN::AE500,0.19343778491020203,medium,0,0.650486171245575,0,LOW_RISK,0.0,
BioSpread,AG157,0.22344844043254852,medium,0,0.6539585292339325,0,LOW_RISK,0.0,
BioSpread,AF590,0.2234572470188141,medium,0,0.6539513170719147,0,LOW_RISK,0.0,
BioSpread,AD705,0.1731344312429428,medium,0,0.6857156455516815,0,LOW_RISK,0.0,
BioSpread,UNSEEN::AH049,0.19355511665344238,medium,0,0.6501911878585815,0,LOW_RISK,0.0,
BioSpread,AD249,0.7483426332473755,review,0,0.5618720650672913,0,MODERATE_RISK,0.0,
BioSpread,AD591,0.6425001621246338,review,0,0.49706393480300903,0,MODERATE_RISK,0.0,
BioSpread,UNSEEN::AA699,0.19336757063865662,medium,0,0.6506873965263367,0,LOW_RISK,0.0,
BioSpread,UNSEEN::AG968,0.1935548633337021,medium,0,0.6501915454864502,0,LOW_RISK,0.0,
BioSpread,UNSEEN::AE143,0.19355511665344238,medium,0,0.6501911878585815,0,LOW_RISK,0.0,
BioSpread,UNSEEN::AC274,0.19341160356998444,medium,0,0.6504570245742798,0,LOW_RISK,0.0,
BioSpread,UNSEEN::AC988,0.19348271191120148,medium,0,0.6503247320652008,0,LOW_RISK,0.0,
BioSpread,UNSEEN::AH481,0.19343984127044678,medium,0,0.6504341661930084,0,LOW_RISK,0.0,
BioSpread,UNSEEN::AF785,0.19347795844078064,medium,0,0.65035480260849,0,LOW_RISK,0.0,
BioSpread,AG387,0.6636532545089722,review,0,0.5009142756462097,0,MODERATE_RISK,0.0,
BioSpread,UNSEEN::AG013,0.1935545951128006,medium,0,0.6501919627189636,0,LOW_RISK,0.0,
BioSpread,UNSEEN::AA415,0.19349530339241028,medium,0,0.6503066420555115,0,LOW_RISK,0.0,
BioSpread,AB566,0.26179400086402893,medium,0,0.6301003992557526,0,LOW_RISK,0.0,
BioSpread,UNSEEN::AC283,0.19340994954109192,medium,0,0.6504740715026855,0,LOW_RISK,0.0,
BioSpread,UNSEEN::AH409,0.19349700212478638,medium,0,0.650303453207016,0,LOW_RISK,0.0,
BioSpread,UNSEEN::AB265,0.19342553615570068,medium,0,0.650436282157898,0,LOW_RISK,0.0,
BioSpread,UNSEEN::AE719,0.19335465133190155,medium,0,0.6505688726902008,0,LOW_RISK,0.0,
BioSpread,UNSEEN::AC841,0.19348828494548798,medium,0,0.6502904891967773,0,LOW_RISK,0.0,
BioSpread,AB110,0.7166536450386047,review,1,0.5253569781780243,0,MODERATE_RISK,0.0,
BioSpread,UNSEEN::AF461,0.19349676370620728,medium,0,0.6503038108348846,0,LOW_RISK,0.0,
BioSpread,AC195,0.6942815780639648,review,0,0.5149290859699249,0,MODERATE_RISK,0.0,
BioSpread,AD684,0.563984215259552,review,0,0.5256951749324799,0,MODERATE_RISK,0.0,
BioSpread,UNSEEN::AE531,0.19349700212478638,medium,0,0.650303453207016,0,LOW_RISK,0.0,
BioSpread,AD879,0.6535467505455017,review,0,0.499764084815979,0,MODERATE_RISK,0.0,
BioSpread,UNSEEN::AC634,0.19349700212478638,medium,0,0.650303453207016,0,LOW_RISK,0.0,
BioSpread,UNSEEN::AF475,0.19344349205493927,medium,0,0.6503829956054688,0,LOW_RISK,0.0,
BioSpread,UNSEEN::AH334,0.1934252679347992,medium,0,0.6504366397857666,0,LOW_RISK,0.0,
BioSpread,UNSEEN::AC252,0.19336019456386566,medium,0,0.6505573391914368,0,LOW_RISK,0.0,
BioSpread,UNSEEN::AD905,0.19349181652069092,medium,0,0.65031498670578,0,LOW_RISK,0.0,
BioSpread,UNSEEN::AB917,0.19329193234443665,medium,0,0.6507329642772675,0,LOW_RISK,0.0,
BioSpread,UNSEEN::AC240,0.19349397718906403,medium,0,0.6503104865550995,0,LOW_RISK,0.0,
BioSpread,UNSEEN::AF858,0.1934257447719574,medium,0,0.6504359245300293,0,LOW_RISK,0.0,
BioSpread,AC302,0.7452915906906128,review,0,0.5501696467399597,0,MODERATE_RISK,0.0,
BioSpread,UNSEEN::AC332,0.19333679974079132,medium,0,0.6506431996822357,0,LOW_RISK,0.0,
BioSpread,AC838,0.6421629190444946,review,0,0.5027987658977509,0,MODERATE_RISK,0.0,
BioSpread,AB655,0.5103290677070618,review,0,0.5268306732177734,0,MODERATE_RISK,0.0,
BioSpread,UNSEEN::AH087,0.19342227280139923,medium,0,0.6504867970943451,0,LOW_RISK,0.0,
BioSpread,AB431,0.22351013123989105,medium,0,0.6539081335067749,0,LOW_RISK,0.0,
BioSpread,UNSEEN::AA592,0.19318434596061707,medium,0,0.6510510444641113,0,LOW_RISK,0.0,
BioSpread,AE697,0.44878482818603516,review,1,0.5488018691539764,0,LOW_RISK,0.0,
BioSpread,UNSEEN::AF722,0.1934199333190918,medium,0,0.6503957211971283,0,LOW_RISK,0.0,
BioSpread,AD338,0.6114986538887024,review,0,0.5021836459636688,0,MODERATE_RISK,0.0,
BioSpread,UNSEEN::AD167,0.19275625050067902,medium,0,0.6518209874629974,0,LOW_RISK,0.0,
BioSpread,AE982,0.34524697065353394,review,1,0.5883402526378632,0,LOW_RISK,0.0,
BioSpread,UNSEEN::AG973,0.19349651038646698,medium,0,0.6503041982650757,0,LOW_RISK,0.0,
BioSpread,AC738,0.5925862193107605,review,0,0.5037793517112732,0,MODERATE_RISK,0.0,
BioSpread,UNSEEN::AG161,0.1935541033744812,medium,0,0.6501926779747009,0,LOW_RISK,0.0,
BioSpread,UNSEEN::AB035,0.19342298805713654,medium,0,0.6505094766616821,0,LOW_RISK,0.0,
BioSpread,UNSEEN::AF555,0.19348371028900146,medium,0,0.6503232419490814,0,LOW_RISK,0.0,
BioSpread,UNSEEN::AC448,0.1934252679347992,medium,0,0.6504366397857666,0,LOW_RISK,0.0,
BioSpread,AE178,0.5327262878417969,review,0,0.513976663351059,0,MODERATE_RISK,0.0,
BioSpread,AG606,0.4631405472755432,review,0,0.5274079144001007,0,LOW_RISK,0.0,
BioSpread,UNSEEN::AG807,0.19354090094566345,medium,0,0.650212287902832,0,LOW_RISK,0.0,
BioSpread,UNSEEN::AD376,0.19348344206809998,medium,0,0.6503235995769501,0,LOW_RISK,0.0,
BioSpread,AE793,0.47121408581733704,review,1,0.5435873866081238,0,LOW_RISK,0.0,
BioSpread,UNSEEN::AG771,0.19349633157253265,medium,0,0.6503050923347473,0,LOW_RISK,0.0,
BioSpread,AA895,0.700214147567749,review,0,0.5126504600048065,0,MODERATE_RISK,0.0,
BioSpread,AA183,0.7439682483673096,review,1,0.5514649748802185,0,MODERATE_RISK,0.0,
BioSpread,AH193,0.22342205047607422,medium,0,0.6539800763130188,0,LOW_RISK,0.0,
BioSpread,AC477,0.7038868069648743,review,0,0.5194754600524902,0,MODERATE_RISK,0.0,
BioSpread,AA407,0.7431776523590088,review,0,0.5536215007305145,0,MODERATE_RISK,0.0,
BioSpread,AD396,0.22344844043254852,medium,0,0.6539585292339325,0,LOW_RISK,0.0,
BioSpread,AG017,0.4828813970088959,review,0,0.5243936479091644,0,LOW_RISK,0.0,
BioSpread,AC259,0.7457117438316345,review,0,0.5481285750865936,0,MODERATE_RISK,0.0,
BioSpread,AA560,0.7400462031364441,review,0,0.556529700756073,0,MODERATE_RISK,0.0,
BioSpread,UNSEEN::AC306,0.1934962421655655,medium,0,0.6503045856952667,0,LOW_RISK,0.0,
BioSpread,UNSEEN::AC728,0.19296935200691223,medium,0,0.6513377130031586,0,LOW_RISK,0.0,
BioSpread,AD802,0.6652966141700745,review,0,0.5012572407722473,0,MODERATE_RISK,0.0,
BioSpread,UNSEEN::AB016,0.19344648718833923,medium,0,0.6504235565662384,0,LOW_RISK,0.0,
BioSpread,UNSEEN::AA867,0.1934960037469864,medium,0,0.6503049731254578,0,LOW_RISK,0.0,
BioSpread,UNSEEN::AH255,0.19349651038646698,medium,0,0.6503041982650757,0,LOW_RISK,0.0,
BioSpread,UNSEEN::AB900,0.1932322233915329,medium,0,0.650871217250824,0,LOW_RISK,0.0,
BioSpread,UNSEEN::AB424,0.19348371028900146,medium,0,0.6503232419490814,0,LOW_RISK,0.0,
BioSpread,AA693,0.5601146221160889,review,0,0.5080650150775909,0,MODERATE_RISK,0.0,
BioSpread,UNSEEN::AB180,0.19323019683361053,medium,0,0.6509712040424347,0,LOW_RISK,0.0,
BioSpread,UNSEEN::AG166,0.1934962421655655,medium,0,0.6503045856952667,0,LOW_RISK,0.0,
BioSpread,UNSEEN::AF603,0.19348721206188202,medium,0,0.650295078754425,0,LOW_RISK,0.0,
BioSpread,AD610,0.27445775270462036,medium,0,0.6245247721672058,0,LOW_RISK,0.0,
BioSpread,UNSEEN::AE598,0.19354139268398285,medium,0,0.6502115726470947,0,LOW_RISK,0.0,
BioSpread,AG059,0.46312516927719116,review,0,0.5274141728878021,0,LOW_RISK,0.0,
BioSpread,UNSEEN::AD981,0.19349700212478638,medium,0,0.650303453207016,0,LOW_RISK,0.0,
BioSpread,AD142,0.6200100779533386,review,0,0.5044108927249908,0,MODERATE_RISK,0.0,
BioSpread,UNSEEN::AB294,0.19348670542240143,medium,0,0.6502958536148071,0,LOW_RISK,0.0,
BioSpread,AC760,0.6374627351760864,review,0,0.49648553133010864,0,MODERATE_RISK,0.0,
BioSpread,UNSEEN::AG876,0.1935543566942215,medium,0,0.6501923203468323,0,LOW_RISK,0.0,
BioSpread,UNSEEN::AE176,0.19336365163326263,medium,0,0.6506033837795258,0,LOW_RISK,0.0,
BioSpread,AB985,0.5322164297103882,review,0,0.511474609375,0,MODERATE_RISK,0.0,
BioSpread,AE281,0.6535342931747437,review,0,0.49976497888565063,0,MODERATE_RISK,0.0,
BioSpread,UNSEEN::AG342,0.1934962421655655,medium,0,0.6503045856952667,0,LOW_RISK,0.0,
BioSpread,UNSEEN::AE688,0.19270451366901398,medium,0,0.6518914103507996,0,LOW_RISK,0.0,
BioSpread,UNSEEN::AF411,0.19329296052455902,medium,0,0.6507813334465027,0,LOW_RISK,0.0,
BioSpread,UNSEEN::AG486,0.19341140985488892,medium,0,0.650457888841629,0,LOW_RISK,0.0,
BioSpread,UNSEEN::AB145,0.19344870746135712,medium,0,0.6504429876804352,0,LOW_RISK,0.0,
BioSpread,AH271,0.7226011753082275,review,0,0.5466506481170654,0,MODERATE_RISK,0.0,
BioSpread,AA336,0.7447816133499146,review,1,0.5445157289505005,0,MODERATE_RISK,0.0,
BioSpread,UNSEEN::AG930,0.1934252679347992,medium,0,0.6504366397857666,0,LOW_RISK,0.0,
BioSpread,UNSEEN::AH179,0.19349700212478638,medium,0,0.650303453207016,0,LOW_RISK,0.0,
BioSpread,AD138,0.2234572470188141,medium,0,0.6539513170719147,0,LOW_RISK,0.0,
BioSpread,UNSEEN::AG239,0.19336454570293427,medium,0,0.650600790977478,0,LOW_RISK,0.0,
BioSpread,UNSEEN::AC985,0.1934484988451004,medium,0,0.650442898273468,0,LOW_RISK,0.0,
BioSpread,AA730,0.2903846502304077,medium,0,0.6230921447277069,0,LOW_RISK,0.0,
BioSpread,AC498,0.5322666168212891,review,0,0.5152722001075745,0,MODERATE_RISK,0.0,
BioSpread,AD385,0.6864362955093384,review,0,0.5103873610496521,0,MODERATE_RISK,0.0,
BioSpread,UNSEEN::AF444,0.19349317252635956,medium,0,0.6503544449806213,0,LOW_RISK,0.0,
BioSpread,AG769,0.22351013123989105,medium,0,0.6539081335067749,0,LOW_RISK,0.0,
BioSpread,UNSEEN::AA587,0.19315406680107117,medium,0,0.6510758697986603,0,LOW_RISK,0.0,
BioSpread,UNSEEN::AF718,0.19345130026340485,medium,0,0.6503946483135223,0,LOW_RISK,0.0,
BioSpread,AA009,0.6812447905540466,review,0,0.5143081545829773,0,MODERATE_RISK,0.0,
BioSpread,UNSEEN::AG685,0.1935545951128006,medium,0,0.6501919627189636,0,LOW_RISK,0.0,
BioSpread,UNSEEN::AD473,0.19342553615570068,medium,0,0.650436282157898,0,LOW_RISK,0.0,
BioSpread,AC978,0.7444513440132141,review,1,0.5455939173698425,0,MODERATE_RISK,0.0,
BioSpread,AE538,0.7068942189216614,review,1,0.5127108991146088,0,MODERATE_RISK,0.0,
BioSpread,UNSEEN::AH433,0.19349651038646698,medium,0,0.6503041982650757,0,LOW_RISK,0.0,
BioSpread,AC516,0.6852407455444336,review,0,0.5133397281169891,0,MODERATE_RISK,0.0,
BioSpread,AE038,0.5162110924720764,review,0,0.5141562223434448,0,MODERATE_RISK,0.0,
BioSpread,UNSEEN::AC648,0.19342651963233948,medium,0,0.6505254507064819,0,LOW_RISK,0.0,
BioSpread,UNSEEN::AH288,0.1935543566942215,medium,0,0.6501923203468323,0,LOW_RISK,0.0,
BioSpread,AD640,0.2235013097524643,medium,0,0.6539153158664703,0,LOW_RISK,0.0,
BioSpread,UNSEEN::AG552,0.19339820742607117,medium,0,0.6504769325256348,0,LOW_RISK,0.0,
BioSpread,AA842,0.7476014494895935,review,1,0.5531023740768433,0,MODERATE_RISK,0.0,
BioSpread,UNSEEN::AB953,0.19349530339241028,medium,0,0.6503066420555115,0,LOW_RISK,0.0,
BioSpread,UNSEEN::AA277,0.19224321842193604,medium,0,0.6699766516685486,0,LOW_RISK,0.0,
BioSpread,AB883,0.6742830276489258,review,0,0.5149833261966705,0,MODERATE_RISK,0.0,
BioSpread,UNSEEN::AB833,0.19284002482891083,medium,0,0.651452511548996,0,LOW_RISK,0.0,
BioSpread,AA473,0.7459608912467957,review,1,0.5459960699081421,0,MODERATE_RISK,0.0,
BioSpread,AD316,0.6969862580299377,review,0,0.5158854722976685,0,MODERATE_RISK,0.0,
BioSpread,AD370,0.6981788873672485,review,0,0.5070419609546661,0,MODERATE_RISK,0.0,
BioSpread,UNSEEN::AE892,0.19349651038646698,medium,0,0.6503041982650757,0,LOW_RISK,0.0,
BioSpread,UNSEEN::AE861,0.19349676370620728,medium,0,0.6503038108348846,0,LOW_RISK,0.0,
BioSpread,UNSEEN::AC020,0.19347365200519562,medium,0,0.6503152549266815,0,LOW_RISK,0.0,
BioSpread,UNSEEN::AG493,0.19343802332878113,medium,0,0.6504857838153839,0,LOW_RISK,0.0,
BioSpread,UNSEEN::AB377,0.1935548633337021,medium,0,0.6501915454864502,0,LOW_RISK,0.0,
BioSpread,UNSEEN::AE859,0.1935548633337021,medium,0,0.6501915454864502,0,LOW_RISK,0.0,
BioSpread,UNSEEN::AE239,0.19342461228370667,medium,0,0.650505781173706,0,LOW_RISK,0.0,
BioSpread,UNSEEN::AF410,0.1932668834924698,medium,0,0.6507750451564789,0,LOW_RISK,0.0,
BioSpread,UNSEEN::AA505,0.19337326288223267,medium,0,0.6505369246006012,0,LOW_RISK,0.0,
BioSpread,AG373,0.17324818670749664,medium,0,0.685215413570404,0,LOW_RISK,0.0,
BioSpread,UNSEEN::AE496,0.19349651038646698,medium,0,0.6503041982650757,0,LOW_RISK,0.0,
BioSpread,UNSEEN::AG170,0.19349651038646698,medium,0,0.6503041982650757,0,LOW_RISK,0.0,
BioSpread,AF727,0.4630177617073059,review,0,0.5274581015110016,0,LOW_RISK,0.0,
BioSpread,UNSEEN::AA649,0.19318757951259613,medium,0,0.6509175896644592,0,LOW_RISK,0.0,
BioSpread,UNSEEN::AH085,0.19348295032978058,medium,0,0.6503243744373322,0,LOW_RISK,0.0,
BioSpread,AB923,0.7488260269165039,review,0,0.5547460615634918,0,MODERATE_RISK,0.0,
BioSpread,UNSEEN::AB396,0.1934962421655655,medium,0,0.6503045856952667,0,LOW_RISK,0.0,
BioSpread,UNSEEN::AE416,0.19348199665546417,medium,0,0.6503264009952545,0,LOW_RISK,0.0,
BioSpread,UNSEEN::AG648,0.19344374537467957,medium,0,0.6503826081752777,0,LOW_RISK,0.0,
BioSpread,AF176,0.5968445539474487,review,0,0.5008298754692078,0,MODERATE_RISK,0.0,
BioSpread,AD614,0.6012951135635376,review,0,0.5019588768482208,0,MODERATE_RISK,0.0,
BioSpread,UNSEEN::AA122,0.19269299507141113,medium,0,0.6518578231334686,0,LOW_RISK,0.0,
BioSpread,AE602,0.6448079943656921,review,0,0.50350421667099,0,MODERATE_RISK,0.0,
BioSpread,UNSEEN::AD320,0.1934962421655655,medium,0,0.6503045856952667,0,LOW_RISK,0.0,
BioSpread,UNSEEN::AF565,0.19348670542240143,medium,0,0.6502958536148071,0,LOW_RISK,0.0,
BioSpread,UNSEEN::AE058,0.19339783489704132,medium,0,0.6505456566810608,0,LOW_RISK,0.0,
BioSpread,UNSEEN::AB558,0.19326746463775635,medium,0,0.6508429646492004,0,LOW_RISK,0.0,
BioSpread,AA184,0.7441979050636292,review,1,0.548249751329422,0,MODERATE_RISK,0.0,
BioSpread,AC573,0.5324574112892151,review,0,0.51261106133461,0,MODERATE_RISK,0.0,
BioSpread,UNSEEN::AD573,0.1934739202260971,medium,0,0.6503148674964905,0,LOW_RISK,0.0,
BioSpread,UNSEEN::AH185,0.1934960037469864,medium,0,0.6503049731254578,0,LOW_RISK,0.0,
BioSpread,AA304,0.7393712997436523,review,1,0.5440608561038971,0,MODERATE_RISK,0.0,
BioSpread,AC562,0.7455812692642212,review,0,0.5539277195930481,0,MODERATE_RISK,0.0,
BioSpread,UNSEEN::AB140,0.1934962421655655,medium,0,0.6503045856952667,0,LOW_RISK,0.0,
BioSpread,UNSEEN::AF373,0.1935543566942215,medium,0,0.6501923203468323,0,LOW_RISK,0.0,
BioSpread,AB397,0.6965370178222656,review,0,0.5155202448368073,0,MODERATE_RISK,0.0,
BioSpread,UNSEEN::AB499,0.19341208040714264,medium,0,0.6504562795162201,0,LOW_RISK,0.0,
BioSpread,UNSEEN::AG371,0.1933373361825943,medium,0,0.650597870349884,0,LOW_RISK,0.0,
BioSpread,AA626,0.6995872259140015,review,1,0.5155636668205261,0,MODERATE_RISK,0.0,
BioSpread,UNSEEN::AD951,0.19345681369304657,medium,0,0.6503632068634033,0,LOW_RISK,0.0,
BioSpread,AB659,0.5254475474357605,review,0,0.5159361362457275,0,MODERATE_RISK,0.0,
BioSpread,UNSEEN::AE442,0.19349676370620728,medium,0,0.6503038108348846,0,LOW_RISK,0.0,
BioSpread,UNSEEN::AH153,0.19349700212478638,medium,0,0.650303453207016,0,LOW_RISK,0.0,
BioSpread,UNSEEN::AC265,0.19333161413669586,medium,0,0.6507173180580139,0,LOW_RISK,0.0,
BioSpread,UNSEEN::AH389,0.19349651038646698,medium,0,0.6503041982650757,0,LOW_RISK,0.0,
BioSpread,UNSEEN::AA715,0.19347038865089417,medium,0,0.6503430306911469,0,LOW_RISK,0.0,
BioSpread,AE971,0.7477338314056396,review,0,0.5672186315059662,0,MODERATE_RISK,0.0,
BioSpread,AG253,0.700510561466217,review,0,0.517599493265152,0,MODERATE_RISK,0.0,
BioSpread,UNSEEN::AE990,0.19348874688148499,medium,0,0.6503828465938568,0,LOW_RISK,0.0,
BioSpread,AF090,0.6170020699501038,review,0,0.5125567317008972,0,MODERATE_RISK,0.0,
BioSpread,AG529,0.2236764132976532,medium,0,0.6537990272045135,0,LOW_RISK,0.0,
BioSpread,UNSEEN::AD459,0.19343778491020203,medium,0,0.650486171245575,0,LOW_RISK,0.0,
BioSpread,AF516,0.5826253890991211,review,0,0.49805748462677,0,MODERATE_RISK,0.0,
BioSpread,UNSEEN::AG977,0.19348271191120148,medium,0,0.6503247320652008,0,LOW_RISK,0.0,
BioSpread,AC623,0.6939675807952881,review,1,0.507294774055481,0,MODERATE_RISK,0.0,
BioSpread,AD797,0.22344844043254852,medium,0,0.6539585292339325,0,LOW_RISK,0.0,
BioSpread,AE082,0.7478256225585938,review,0,0.5668449997901917,0,MODERATE_RISK,0.0,
BioSpread,UNSEEN::AC068,0.19300851225852966,medium,0,0.6513180732727051,0,LOW_RISK,0.0,
BioSpread,UNSEEN::AD668,0.1934962421655655,medium,0,0.6503045856952667,0,LOW_RISK,0.0,
BioSpread,AE330,0.665643572807312,review,0,0.5012945830821991,0,MODERATE_RISK,0.0,
BioSpread,UNSEEN::AG871,0.1934962421655655,medium,0,0.6503045856952667,0,LOW_RISK,0.0,
BioSpread,UNSEEN::AH115,0.19346873462200165,medium,0,0.6503467559814453,0,LOW_RISK,0.0,
BioSpread,UNSEEN::AC027,0.1931629776954651,medium,0,0.6509653031826019,0,LOW_RISK,0.0,
BioSpread,UNSEEN::AF895,0.19341535866260529,medium,0,0.6505647897720337,0,LOW_RISK,0.0,
BioSpread,UNSEEN::AH142,0.19349651038646698,medium,0,0.6503041982650757,0,LOW_RISK,0.0,
BioSpread,UNSEEN::AF202,0.1934960037469864,medium,0,0.6503049731254578,0,LOW_RISK,0.0,
BioSpread,UNSEEN::AC704,0.19337168335914612,medium,0,0.6505169868469238,0,LOW_RISK,0.0,
BioSpread,AD318,0.5783918499946594,review,0,0.505852460861206,0,MODERATE_RISK,0.0,
BioSpread,AA827,0.7466503381729126,review,1,0.5517670810222626,0,MODERATE_RISK,0.0,
BioSpread,UNSEEN::AE115,0.19350513815879822,medium,0,0.6503143608570099,0,LOW_RISK,0.0,
BioSpread,UNSEEN::AE349,0.19349651038646698,medium,0,0.6503041982650757,0,LOW_RISK,0.0,
BioSpread,AA209,0.7051122784614563,review,0,0.5236041843891144,0,MODERATE_RISK,0.0,
BioSpread,AE729,0.6057449579238892,review,0,0.5087396800518036,0,MODERATE_RISK,0.0,
BioSpread,UNSEEN::AE478,0.19307731091976166,medium,0,0.6511090099811554,0,LOW_RISK,0.0,
BioSpread,UNSEEN::AA054,0.19325852394104004,medium,0,0.6508396565914154,0,LOW_RISK,0.0,
BioSpread,AB607,0.5760384202003479,review,0,0.5027613937854767,0,MODERATE_RISK,0.0,
BioSpread,AF706,0.7279327511787415,review,1,0.5256514251232147,0,MODERATE_RISK,0.0,
BioSpread,UNSEEN::AG598,0.1935543566942215,medium,0,0.6501923203468323,0,LOW_RISK,0.0,
BioSpread,AA770,0.7454174160957336,review,0,0.5501750707626343,0,MODERATE_RISK,0.0,
BioSpread,UNSEEN::AF517,0.19349676370620728,medium,0,0.6503038108348846,0,LOW_RISK,0.0,
BioSpread,AD537,0.5687917470932007,review,0,0.5001527070999146,0,MODERATE_RISK,0.0,
BioSpread,UNSEEN::AG466,0.1934960037469864,medium,0,0.6503049731254578,0,LOW_RISK,0.0,
BioSpread,AA919,0.7430534958839417,review,1,0.5378594994544983,0,MODERATE_RISK,0.0,
BioSpread,UNSEEN::AA706,0.19349700212478638,medium,0,0.650303453207016,0,LOW_RISK,0.0,
BioSpread,AD255,0.6374829411506653,review,0,0.5068913698196411,0,MODERATE_RISK,0.0,
BioSpread,AC605,0.5460142493247986,review,0,0.5117570757865906,0,MODERATE_RISK,0.0,
BioSpread,UNSEEN::AG702,0.19318746030330658,medium,0,0.65097576379776,0,LOW_RISK,0.0,
BioSpread,UNSEEN::AE787,0.19290971755981445,medium,0,0.6515606045722961,0,LOW_RISK,0.0,
BioSpread,UNSEEN::AB043,0.1923476606607437,medium,0,0.6525348424911499,0,LOW_RISK,0.0,
BioSpread,AB632,0.6871020197868347,review,0,0.5150193274021149,0,MODERATE_RISK,0.0,
BioSpread,AG910,0.5251131057739258,review,0,0.5150567889213562,0,MODERATE_RISK,0.0,
BioSpread,UNSEEN::AA377,0.19550009071826935,medium,0,0.6505821347236633,0,LOW_RISK,0.0,
BioSpread,AB785,0.7384690642356873,review,0,0.5701410174369812,0,MODERATE_RISK,0.0,
BioSpread,AE588,0.6712420582771301,review,0,0.5030166506767273,0,MODERATE_RISK,0.0,
BioSpread,AE880,0.17210611701011658,medium,0,0.6835831701755524,0,LOW_RISK,0.0,
BioSpread,UNSEEN::AF987,0.1934356838464737,medium,0,0.650466799736023,0,LOW_RISK,0.0,
BioSpread,UNSEEN::AE414,0.19349700212478638,medium,0,0.650303453207016,0,LOW_RISK,0.0,
BioSpread,UNSEEN::AH139,0.19348371028900146,medium,0,0.6503232419490814,0,LOW_RISK,0.0,
BioSpread,AH125,0.22348369657993317,medium,0,0.653929740190506,0,LOW_RISK,0.0,
BioSpread,AG784,0.46377959847450256,review,0,0.5272130370140076,0,LOW_RISK,0.0,
BioSpread,AC807,0.6955787539482117,review,0,0.5,0,MODERATE_RISK,0.0,
BioSpread,UNSEEN::AG557,0.1934252679347992,medium,0,0.6504366397857666,0,LOW_RISK,0.0,
BioSpread,UNSEEN::AE285,0.1933276206254959,medium,0,0.6506091356277466,0,LOW_RISK,0.0,
BioSpread,UNSEEN::AH252,0.1935541033744812,medium,0,0.6501926779747009,0,LOW_RISK,0.0,
BioSpread,UNSEEN::AB327,0.1935545951128006,medium,0,0.6501919627189636,0,LOW_RISK,0.0,
BioSpread,UNSEEN::AF376,0.19325929880142212,medium,0,0.6507803499698639,0,LOW_RISK,0.0,
BioSpread,UNSEEN::AF978,0.19348320364952087,medium,0,0.6503239870071411,0,LOW_RISK,0.0,
BioSpread,UNSEEN::AC214,0.19333615899085999,medium,0,0.6506691873073578,0,LOW_RISK,0.0,
BioSpread,UNSEEN::AG316,0.19348721206188202,medium,0,0.650295078754425,0,LOW_RISK,0.0,
BioSpread,AD677,0.6746889352798462,review,0,0.5150866508483887,0,MODERATE_RISK,0.0,
BioSpread,AG749,0.22344844043254852,medium,0,0.6539585292339325,0,LOW_RISK,0.0,
BioSpread,UNSEEN::AC430,0.1934252679347992,medium,0,0.6504366397857666,0,LOW_RISK,0.0,
BioSpread,AB856,0.6636794209480286,review,0,0.5009172856807709,0,MODERATE_RISK,0.0,
BioSpread,UNSEEN::AB194,0.19336503744125366,medium,0,0.6506121456623077,0,LOW_RISK,0.0,
BioSpread,UNSEEN::AG745,0.19335199892520905,medium,0,0.650618851184845,0,LOW_RISK,0.0,
BioSpread,AA723,0.5732795596122742,review,0,0.5037774741649628,0,MODERATE_RISK,0.0,
BioSpread,AE316,0.6627547740936279,review,0,0.501267671585083,0,MODERATE_RISK,0.0,
BioSpread,UNSEEN::AE278,0.19348473846912384,medium,0,0.6503441631793976,0,LOW_RISK,0.0,
BioSpread,UNSEEN::AB113,0.19309093058109283,medium,0,0.6510442793369293,0,LOW_RISK,0.0,
BioSpread,UNSEEN::AA802,0.19349676370620728,medium,0,0.6503038108348846,0,LOW_RISK,0.0,
BioSpread,UNSEEN::AD210,0.1934962421655655,medium,0,0.6503045856952667,0,LOW_RISK,0.0,
BioSpread,UNSEEN::AA179,0.1953648328781128,medium,0,0.6512824892997742,0,LOW_RISK,0.0,
BioSpread,UNSEEN::AA819,0.1927083283662796,medium,0,0.652048796415329,0,LOW_RISK,0.0,
BioSpread,AB623,0.22349250316619873,medium,0,0.6539225578308105,0,LOW_RISK,0.0,
BioSpread,UNSEEN::AG726,0.19326168298721313,medium,0,0.6508504152297974,0,LOW_RISK,0.0,
BioSpread,UNSEEN::AF242,0.19348695874214172,medium,0,0.6502954661846161,0,LOW_RISK,0.0,
BioSpread,AD678,0.691444993019104,review,0,0.512833297252655,0,MODERATE_RISK,0.0,
BioSpread,AA026,0.7451202869415283,review,1,0.5483934581279755,0,MODERATE_RISK,0.0,
BioSpread,UNSEEN::AB115,0.19349651038646698,medium,0,0.6503041982650757,0,LOW_RISK,0.0,
BioSpread,UNSEEN::AC164,0.19341208040714264,medium,0,0.6504562795162201,0,LOW_RISK,0.0,
BioSpread,UNSEEN::AF316,0.19344724714756012,medium,0,0.6503544747829437,0,LOW_RISK,0.0,
BioSpread,AE257,0.7043379545211792,review,0,0.5212514102458954,0,MODERATE_RISK,0.0,
BioSpread,AA430,0.6538270115852356,review,0,0.5076147019863129,0,MODERATE_RISK,0.0,
BioSpread,AD916,0.5154449343681335,review,0,0.5152718126773834,0,MODERATE_RISK,0.0,
BioSpread,UNSEEN::AD482,0.19302989542484283,medium,0,0.6512641608715057,0,LOW_RISK,0.0,
BioSpread,UNSEEN::AG052,0.19347143173217773,medium,0,0.650363951921463,0,LOW_RISK,0.0,
BioSpread,UNSEEN::AE654,0.19349700212478638,medium,0,0.650303453207016,0,LOW_RISK,0.0,
BioSpread,AF716,0.6885287165641785,review,0,0.5096340477466583,0,MODERATE_RISK,0.0,
BioSpread,UNSEEN::AE798,0.19349700212478638,medium,0,0.650303453207016,0,LOW_RISK,0.0,
BioSpread,UNSEEN::AD205,0.19355343282222748,medium,0,0.6501943171024323,0,LOW_RISK,0.0,
BioSpread,UNSEEN::AB689,0.19278457760810852,medium,0,0.6517763137817383,0,LOW_RISK,0.0,
BioSpread,AE508,0.6614446043968201,review,0,0.5087601542472839,0,MODERATE_RISK,0.0,
BioSpread,UNSEEN::AB328,0.19348320364952087,medium,0,0.6503239870071411,0,LOW_RISK,0.0,
BioSpread,UNSEEN::AC142,0.19349651038646698,medium,0,0.6503041982650757,0,LOW_RISK,0.0,
BioSpread,AC199,0.7267646789550781,review,0,0.530381828546524,0,MODERATE_RISK,0.0,
BioSpread,AG037,0.22343964874744415,medium,0,0.6539656817913055,0,LOW_RISK,0.0,
BioSpread,AB859,0.691213071346283,review,1,0.5039978921413422,0,MODERATE_RISK,0.0,
BioSpread,UNSEEN::AB370,0.19348670542240143,medium,0,0.6502958536148071,0,LOW_RISK,0.0,
BioSpread,UNSEEN::AA554,0.19236458837985992,medium,0,0.6527245342731476,0,LOW_RISK,0.0,
BioSpread,AD000,0.6999008059501648,review,0,0.5167042911052704,0,MODERATE_RISK,0.0,
BioSpread,UNSEEN::AC418,0.19336284697055817,medium,0,0.6506489813327789,0,LOW_RISK,0.0,
BioSpread,AG290,0.4907159209251404,review,0,0.5214951038360596,0,LOW_RISK,0.0,
BioSpread,UNSEEN::AG028,0.1934962421655655,medium,0,0.6503045856952667,0,LOW_RISK,0.0,
BioSpread,UNSEEN::AF488,0.19331806898117065,medium,0,0.6507377624511719,0,LOW_RISK,0.0,
BioSpread,UNSEEN::AB178,0.19349651038646698,medium,0,0.6503041982650757,0,LOW_RISK,0.0,
BioSpread,AE124,0.6071495413780212,review,0,0.5040320158004761,0,MODERATE_RISK,0.0,
BioSpread,UNSEEN::AC094,0.1934126317501068,medium,0,0.6504554450511932,0,LOW_RISK,0.0,
BioSpread,AB756,0.745873212814331,review,1,0.5494734346866608,0,MODERATE_RISK,0.0,
BioSpread,UNSEEN::AG743,0.19347988069057465,medium,0,0.6503742039203644,0,LOW_RISK,0.0,
BioSpread,UNSEEN::AD056,0.19342274963855743,medium,0,0.6504429876804352,0,LOW_RISK,0.0,
BioSpread,AD150,0.6093584299087524,review,0,0.50184366106987,0,MODERATE_RISK,0.0,
BioSpread,UNSEEN::AG803,0.19349676370620728,medium,0,0.6503038108348846,0,LOW_RISK,0.0,
BioSpread,AA096,0.7406668066978455,review,0,0.5557093620300293,0,MODERATE_RISK,0.0,
BioSpread,UNSEEN::AF902,0.19341236352920532,medium,0,0.6504558622837067,0,LOW_RISK,0.0,
BioSpread,UNSEEN::AD082,0.19348643720149994,medium,0,0.650363951921463,0,LOW_RISK,0.0,
BioSpread,UNSEEN::AG435,0.1934962421655655,medium,0,0.6503045856952667,0,LOW_RISK,0.0,
BioSpread,AC319,0.7104930281639099,review,1,0.5206530392169952,0,MODERATE_RISK,0.0,
BioSpread,UNSEEN::AD062,0.19346983730793,medium,0,0.6504348814487457,0,LOW_RISK,0.0,
BioSpread,UNSEEN::AD722,0.19323693215847015,medium,0,0.650936633348465,0,LOW_RISK,0.0,
BioSpread,UNSEEN::AE948,0.1935541033744812,medium,0,0.6501926779747009,0,LOW_RISK,0.0,
BioSpread,UNSEEN::AG079,0.19349651038646698,medium,0,0.6503041982650757,0,LOW_RISK,0.0,
BioSpread,AB368,0.5317496061325073,review,0,0.5115918517112732,0,MODERATE_RISK,0.0,
BioSpread,AC502,0.5468609929084778,review,0,0.5131823420524597,0,MODERATE_RISK,0.0,
BioSpread,UNSEEN::AA437,0.19327178597450256,medium,0,0.6508065164089203,0,LOW_RISK,0.0,
BioSpread,UNSEEN::AA913,0.1934356838464737,medium,0,0.650466799736023,0,LOW_RISK,0.0,
BioSpread,AA088,0.7460750937461853,review,0,0.5533310174942017,0,MODERATE_RISK,0.0,
BioSpread,UNSEEN::AE711,0.1934962421655655,medium,0,0.6503045856952667,0,LOW_RISK,0.0,
BioSpread,UNSEEN::AA915,0.19332310557365417,medium,0,0.6506392061710358,0,LOW_RISK,0.0,
BioSpread,AA383,0.3187883496284485,review,0,0.5944228172302246,0,LOW_RISK,0.0,
BioSpread,UNSEEN::AA414,0.19330225884914398,medium,0,0.6507205069065094,0,LOW_RISK,0.0,
BioSpread,UNSEEN::AG346,0.19348295032978058,medium,0,0.6503243744373322,0,LOW_RISK,0.0,
BioSpread,UNSEEN::AA911,0.19344323873519897,medium,0,0.6503834128379822,0,LOW_RISK,0.0,
BioSpread,AE791,0.22351013123989105,medium,0,0.6539081335067749,0,LOW_RISK,0.0,
BioSpread,UNSEEN::AB700,0.1934962421655655,medium,0,0.6503045856952667,0,LOW_RISK,0.0,
BioSpread,UNSEEN::AC258,0.193142369389534,medium,0,0.6510075330734253,0,LOW_RISK,0.0,
BioSpread,UNSEEN::AC882,0.19306033849716187,medium,0,0.6510948538780212,0,LOW_RISK,0.0,
BioSpread,AC993,0.22344844043254852,medium,0,0.6539585292339325,0,LOW_RISK,0.0,
BioSpread,UNSEEN::AA039,0.1934828758239746,medium,0,0.6503246426582336,0,LOW_RISK,0.0,
BioSpread,UNSEEN::AB467,0.19334299862384796,medium,0,0.6506776213645935,0,LOW_RISK,0.0,
BioSpread,UNSEEN::AE104,0.19285379350185394,medium,0,0.6515133678913116,0,LOW_RISK,0.0,
BioSpread,UNSEEN::AA893,0.19202913343906403,medium,0,0.6532966196537018,0,LOW_RISK,0.0,
BioSpread,UNSEEN::AB436,0.19340534508228302,medium,0,0.6505153477191925,0,LOW_RISK,0.0,
BioSpread,UNSEEN::AA117,0.19257228076457977,medium,0,0.6522850096225739,0,LOW_RISK,0.0,
BioSpread,UNSEEN::AC282,0.19310134649276733,medium,0,0.6511048972606659,0,LOW_RISK,0.0,
BioSpread,AC292,0.7431896328926086,review,0,0.5423608422279358,0,MODERATE_RISK,0.0,
BioSpread,UNSEEN::AC593,0.1935545951128006,medium,0,0.6501919627189636,0,LOW_RISK,0.0,
BioSpread,UNSEEN::AG994,0.1934962421655655,medium,0,0.6503045856952667,0,LOW_RISK,0.0,
BioSpread,UNSEEN::AA538,0.19241589307785034,medium,0,0.652161568403244,0,LOW_RISK,0.0,
BioSpread,UNSEEN::AB207,0.19348527491092682,medium,0,0.6503433287143707,0,LOW_RISK,0.0,
BioSpread,AE959,0.61075758934021,review,0,0.49465233087539673,0,MODERATE_RISK,0.0,
BioSpread,AB519,0.6527639031410217,review,0,0.4997309446334839,0,MODERATE_RISK,0.0,
BioSpread,UNSEEN::AA573,0.19342604279518127,medium,0,0.6504355072975159,0,LOW_RISK,0.0,
BioSpread,UNSEEN::AC001,0.1934828758239746,medium,0,0.6503246426582336,0,LOW_RISK,0.0,
BioSpread,AB241,0.7113560438156128,review,1,0.527455598115921,0,MODERATE_RISK,0.0,
BioSpread,AG825,0.48292502760887146,review,0,0.5243771970272064,0,LOW_RISK,0.0,
BioSpread,UNSEEN::AD530,0.19327344000339508,medium,0,0.6508863866329193,0,LOW_RISK,0.0,
BioSpread,AC753,0.7119699716567993,review,0,0.5224981009960175,0,MODERATE_RISK,0.0,
BioSpread,UNSEEN::AA328,0.19626617431640625,medium,0,0.647603839635849,0,LOW_RISK,0.0,
BioSpread,UNSEEN::AG125,0.19355511665344238,medium,0,0.6501911878585815,0,LOW_RISK,0.0,
BioSpread,UNSEEN::AE355,0.19354090094566345,medium,0,0.650212287902832,0,LOW_RISK,0.0,
BioSpread,AF994,0.5322102904319763,review,0,0.511475145816803,0,MODERATE_RISK,0.0,
BioSpread,UNSEEN::AD965,0.19345083832740784,medium,0,0.6503776907920837,0,LOW_RISK,0.0,
BioSpread,UNSEEN::AB435,0.1932252049446106,medium,0,0.6507939696311951,0,LOW_RISK,0.0,
BioSpread,UNSEEN::AB346,0.19349651038646698,medium,0,0.6503041982650757,0,LOW_RISK,0.0,
BioSpread,AH111,0.17389170825481415,medium,0,0.6838376224040985,0,LOW_RISK,0.0,
BioSpread,UNSEEN::AA666,0.1933596134185791,medium,0,0.6506126224994659,0,LOW_RISK,0.0,
BioSpread,UNSEEN::AD064,0.19346699118614197,medium,0,0.6503937840461731,0,LOW_RISK,0.0,
BioSpread,AA543,0.7452552914619446,review,1,0.5436179935932159,0,MODERATE_RISK,0.0,
BioSpread,AA551,0.7452791333198547,review,1,0.5446462035179138,0,MODERATE_RISK,0.0,
BioSpread,UNSEEN::AE572,0.19327816367149353,medium,0,0.650779128074646,0,LOW_RISK,0.0,
BioSpread,AC409,0.7454774975776672,review,0,0.5602944791316986,0,MODERATE_RISK,0.0,
BioSpread,UNSEEN::AF763,0.19349651038646698,medium,0,0.6503041982650757,0,LOW_RISK,0.0,
BioSpread,AH384,0.2551521062850952,medium,0,0.6341533958911896,0,LOW_RISK,0.0,
BioSpread,AA536,0.7262016534805298,review,0,0.526507556438446,0,MODERATE_RISK,0.0,
BioSpread,AG605,0.6199809908866882,review,0,0.49614888429641724,0,MODERATE_RISK,0.0,
BioSpread,AC301,0.7458903789520264,review,0,0.5464364886283875,0,MODERATE_RISK,0.0,
BioSpread,UNSEEN::AG689,0.19335515797138214,medium,0,0.6505680680274963,0,LOW_RISK,0.0,
BioSpread,AA696,0.5851126909255981,review,0,0.5048512518405914,0,MODERATE_RISK,0.0,
BioSpread,UNSEEN::AB846,0.1934969574213028,medium,0,0.6503037214279175,0,LOW_RISK,0.0,
BioSpread,UNSEEN::AC564,0.19349651038646698,medium,0,0.6503041982650757,0,LOW_RISK,0.0,
BioSpread,UNSEEN::AG381,0.1934828758239746,medium,0,0.6503246426582336,0,LOW_RISK,0.0,
BioSpread,UNSEEN::AF939,0.19343595206737518,medium,0,0.6504663825035095,0,LOW_RISK,0.0,
BioSpread,AD707,0.6794142723083496,review,0,0.5090816915035248,0,MODERATE_RISK,0.0,
BioSpread,UNSEEN::AB151,0.19332951307296753,medium,0,0.6506977677345276,0,LOW_RISK,0.0,
BioSpread,AC124,0.7458246350288391,review,0,0.5480959415435791,0,MODERATE_RISK,0.0,
BioSpread,UNSEEN::AF826,0.19343271851539612,medium,0,0.6505124568939209,0,LOW_RISK,0.0,
BioSpread,UNSEEN::AB616,0.19318091869354248,medium,0,0.6509343981742859,0,LOW_RISK,0.0,
BioSpread,AE306,0.6394493579864502,review,0,0.5006689429283142,0,MODERATE_RISK,0.0,
BioSpread,AD201,0.20542755722999573,medium,0,0.6740829944610596,0,LOW_RISK,0.0,
BioSpread,AD114,0.6733112931251526,review,0,0.5068477094173431,0,MODERATE_RISK,0.0,
BioSpread,UNSEEN::AF206,0.19327685236930847,medium,0,0.6508001089096069,0,LOW_RISK,0.0,
BioSpread,AB895,0.6535530090332031,review,0,0.4997636079788208,0,MODERATE_RISK,0.0,
BioSpread,UNSEEN::AB955,0.1933763325214386,medium,0,0.6505606472492218,0,LOW_RISK,0.0,
BioSpread,AB036,0.6979178190231323,review,0,0.5054332911968231,0,MODERATE_RISK,0.0,
BioSpread,AB240,0.685799777507782,review,0,0.5166496634483337,0,MODERATE_RISK,0.0,
BioSpread,UNSEEN::AC463,0.1934962421655655,medium,0,0.6503045856952667,0,LOW_RISK,0.0,
BioSpread,UNSEEN::AA549,0.19342604279518127,medium,0,0.6504355072975159,0,LOW_RISK,0.0,
BioSpread,AB767,0.5756272673606873,review,0,0.5048449337482452,0,MODERATE_RISK,0.0,
BioSpread,AH166,0.4926840662956238,review,0,0.5311360657215118,0,LOW_RISK,0.0,
BioSpread,AD713,0.648720383644104,review,0,0.49937260150909424,0,MODERATE_RISK,0.0,
BioSpread,UNSEEN::AG321,0.1934257447719574,medium,0,0.6504359245300293,0,LOW_RISK,0.0,
BioSpread,UNSEEN::AA070,0.1933676302433014,medium,0,0.6506428122520447,0,LOW_RISK,0.0,
BioSpread,AF391,0.6199972629547119,review,0,0.496146559715271,0,MODERATE_RISK,0.0,
BioSpread,AA004,0.6966122984886169,review,0,0.5153235197067261,0,MODERATE_RISK,0.0,
BioSpread,AG003,0.6442831158638,review,0,0.5011496245861053,0,MODERATE_RISK,0.0,
BioSpread,AE790,0.26249489188194275,medium,0,0.6296614110469818,0,LOW_RISK,0.0,
BioSpread,AE088,0.7408719062805176,review,0,0.5527578890323639,0,MODERATE_RISK,0.0,
BioSpread,AC633,0.26022768020629883,medium,0,0.6430206298828125,0,LOW_RISK,0.0,
BioSpread,UNSEEN::AF746,0.19331000745296478,medium,0,0.6507765650749207,0,LOW_RISK,0.0,
BioSpread,AD185,0.6433027386665344,review,0,0.49848949909210205,0,MODERATE_RISK,0.0,
BioSpread,UNSEEN::AF205,0.19322989881038666,medium,0,0.650922417640686,0,LOW_RISK,0.0,
BioSpread,UNSEEN::AF946,0.19348721206188202,medium,0,0.650295078754425,0,LOW_RISK,0.0,
BioSpread,UNSEEN::AC075,0.19299624860286713,medium,0,0.6512860655784607,0,LOW_RISK,0.0,
BioSpread,UNSEEN::AA479,0.19345681369304657,medium,0,0.6503632068634033,0,LOW_RISK,0.0,
BioSpread,AG050,0.601174533367157,review,0,0.5322748124599457,0,MODERATE_RISK,0.0,
BioSpread,UNSEEN::AG096,0.1934836506843567,medium,0,0.6503234803676605,0,LOW_RISK,0.0,
BioSpread,UNSEEN::AE521,0.19355511665344238,medium,0,0.6501911878585815,0,LOW_RISK,0.0,
BioSpread,AA977,0.7243478894233704,review,1,0.5221690535545349,0,MODERATE_RISK,0.0,
BioSpread,AF883,0.42502275109291077,review,0,0.5494868457317352,0,LOW_RISK,0.0,
BioSpread,UNSEEN::AB838,0.19307632744312286,medium,0,0.6510692238807678,0,LOW_RISK,0.0,
BioSpread,UNSEEN::AD504,0.19339920580387115,medium,0,0.650475412607193,0,LOW_RISK,0.0,
BioSpread,AE831,0.22348369657993317,medium,0,0.653929740190506,0,LOW_RISK,0.0,
BioSpread,UNSEEN::AB188,0.19347013533115387,medium,0,0.65035480260849,0,LOW_RISK,0.0,
BioSpread,AF023,0.5152716040611267,review,0,0.512322723865509,0,MODERATE_RISK,0.0,
BioSpread,UNSEEN::AG303,0.19349651038646698,medium,0,0.6503041982650757,0,LOW_RISK,0.0,
BioSpread,UNSEEN::AG591,0.19342878460884094,medium,0,0.6505446135997772,0,LOW_RISK,0.0,
BioSpread,UNSEEN::AF592,0.1934019923210144,medium,0,0.6505845487117767,0,LOW_RISK,0.0,
BioSpread,UNSEEN::AG681,0.19349651038646698,medium,0,0.6503041982650757,0,LOW_RISK,0.0,
BioSpread,AD583,0.7449369430541992,review,0,0.5541681051254272,0,MODERATE_RISK,0.0,
BioSpread,UNSEEN::AG081,0.19341591000556946,medium,0,0.6504274606704712,0,LOW_RISK,0.0,
BioSpread,UNSEEN::AB271,0.19333666563034058,medium,0,0.6506443619728088,0,LOW_RISK,0.0,
BioSpread,UNSEEN::AH286,0.19348670542240143,medium,0,0.6502958536148071,0,LOW_RISK,0.0,
BioSpread,UNSEEN::AE983,0.19341236352920532,medium,0,0.6504558622837067,0,LOW_RISK,0.0,
BioSpread,UNSEEN::AF169,0.1933984011411667,medium,0,0.6504768431186676,0,LOW_RISK,0.0,
BioSpread,UNSEEN::AC119,0.19307714700698853,medium,0,0.6510772109031677,0,LOW_RISK,0.0,
BioSpread,AH118,0.17614904046058655,medium,0,0.6797537803649902,0,LOW_RISK,0.0,
BioSpread,UNSEEN::AE973,0.19315098226070404,medium,0,0.6510007679462433,0,LOW_RISK,0.0,
BioSpread,AB567,0.685451090335846,review,0,0.5108039975166321,0,MODERATE_RISK,0.0,
BioSpread,UNSEEN::AD228,0.19294096529483795,medium,0,0.6515407562255859,0,LOW_RISK,0.0,
BioSpread,AC762,0.6608273983001709,review,0,0.505984753370285,0,MODERATE_RISK,0.0,
BioSpread,AE601,0.723118007183075,review,0,0.5212970972061157,0,MODERATE_RISK,0.0,
BioSpread,UNSEEN::AE515,0.19349676370620728,medium,0,0.6503038108348846,0,LOW_RISK,0.0,
BioSpread,UNSEEN::AD994,0.19314582645893097,medium,0,0.65103879570961,0,LOW_RISK,0.0,
BioSpread,UNSEEN::AA952,0.19342507421970367,medium,0,0.6504375636577606,0,LOW_RISK,0.0,
BioSpread,AA690,0.7252711653709412,review,0,0.5236075520515442,0,MODERATE_RISK,0.0,
BioSpread,AC511,0.7284610867500305,review,0,0.526946634054184,0,MODERATE_RISK,0.0,
BioSpread,UNSEEN::AD509,0.1934257447719574,medium,0,0.6504359245300293,0,LOW_RISK,0.0,
BioSpread,UNSEEN::AE393,0.19349676370620728,medium,0,0.6503038108348846,0,LOW_RISK,0.0,
BioSpread,AD686,0.22347486019134521,medium,0,0.6539369523525238,0,LOW_RISK,0.0,
BioSpread,AB636,0.7411617040634155,review,0,0.5579544603824615,0,MODERATE_RISK,0.0,
BioSpread,UNSEEN::AA247,0.19349651038646698,medium,0,0.6503041982650757,0,LOW_RISK,0.0,
BioSpread,UNSEEN::AD884,0.19329111278057098,medium,0,0.650761216878891,0,LOW_RISK,0.0,
BioSpread,UNSEEN::AA445,0.19641579687595367,medium,0,0.6479826867580414,0,LOW_RISK,0.0,
BioSpread,AB054,0.6797164678573608,review,1,0.514403373003006,0,MODERATE_RISK,0.0,
BioSpread,UNSEEN::AA816,0.19160759449005127,medium,0,0.6544921100139618,0,LOW_RISK,0.0,
BioSpread,AE885,0.6553427577018738,review,1,0.504664421081543,0,MODERATE_RISK,0.0,
BioSpread,AE824,0.5870678424835205,review,0,0.5059934854507446,0,MODERATE_RISK,0.0,
BioSpread,AF349,0.27972689270973206,medium,0,0.6099100112915039,0,LOW_RISK,0.0,
BioSpread,UNSEEN::AC455,0.19349651038646698,medium,0,0.6503041982650757,0,LOW_RISK,0.0,
BioSpread,AA686,0.6662139296531677,review,0,0.5144557654857635,0,MODERATE_RISK,0.0,
BioSpread,AC327,0.6737103462219238,review,0,0.506554901599884,0,MODERATE_RISK,0.0,
BioSpread,AA171,0.7453011274337769,review,1,0.5442786812782288,0,MODERATE_RISK,0.0,
BioSpread,UNSEEN::AB634,0.19349676370620728,medium,0,0.6503038108348846,0,LOW_RISK,0.0,
BioSpread,AC513,0.4831574559211731,review,0,0.5242894887924194,0,LOW_RISK,0.0,
BioSpread,UNSEEN::AE230,0.1934962421655655,medium,0,0.6503045856952667,0,LOW_RISK,0.0,
BioSpread,UNSEEN::AC074,0.19342438876628876,medium,0,0.6504392325878143,0,LOW_RISK,0.0,
BioSpread,UNSEEN::AB326,0.19341208040714264,medium,0,0.6504562795162201,0,LOW_RISK,0.0,
BioSpread,UNSEEN::AE881,0.19348320364952087,medium,0,0.6503239870071411,0,LOW_RISK,0.0,
BioSpread,UNSEEN::AC939,0.1933448612689972,medium,0,0.6505704820156097,0,LOW_RISK,0.0,
BioSpread,UNSEEN::AA838,0.19257371127605438,medium,0,0.6519480645656586,0,LOW_RISK,0.0,
BioSpread,UNSEEN::AF821,0.19349700212478638,medium,0,0.650303453207016,0,LOW_RISK,0.0,
BioSpread,UNSEEN::AE445,0.19345267117023468,medium,0,0.650373101234436,0,LOW_RISK,0.0,
BioSpread,UNSEEN::AA760,0.1934962421655655,medium,0,0.6503045856952667,0,LOW_RISK,0.0,
BioSpread,UNSEEN::AA657,0.19354191422462463,medium,0,0.6502107679843903,0,LOW_RISK,0.0,
BioSpread,UNSEEN::AE399,0.19345811009407043,medium,0,0.6503837704658508,0,LOW_RISK,0.0,
BioSpread,UNSEEN::AC891,0.19339847564697266,medium,0,0.6504765450954437,0,LOW_RISK,0.0,
BioSpread,AE743,0.6336268782615662,review,0,0.49684369564056396,0,MODERATE_RISK,0.0,
BioSpread,UNSEEN::AA636,0.19347012042999268,medium,0,0.6503434181213379,0,LOW_RISK,0.0,
BioSpread,UNSEEN::AG958,0.19331808388233185,medium,0,0.6507379412651062,0,LOW_RISK,0.0,
BioSpread,AD496,0.6544883251190186,review,0,0.4986957311630249,0,MODERATE_RISK,0.0,
BioSpread,UNSEEN::AF181,0.1934257447719574,medium,0,0.6504359245300293,0,LOW_RISK,0.0,
BioSpread,UNSEEN::AH345,0.19355511665344238,medium,0,0.6501911878585815,0,LOW_RISK,0.0,
BioSpread,UNSEEN::AE534,0.19329269230365753,medium,0,0.650714784860611,0,LOW_RISK,0.0,
BioSpread,UNSEEN::AF532,0.1933516561985016,medium,0,0.6506882011890411,0,LOW_RISK,0.0,
BioSpread,UNSEEN::AH235,0.19349651038646698,medium,0,0.6503041982650757,0,LOW_RISK,0.0,
BioSpread,UNSEEN::AE139,0.19349651038646698,medium,0,0.6503041982650757,0,LOW_RISK,0.0,
BioSpread,AH420,0.6855782866477966,review,0,0.5098660588264465,0,MODERATE_RISK,0.0,
BioSpread,AD068,0.7432712912559509,review,0,0.5648292899131775,0,MODERATE_RISK,0.0,
BioSpread,UNSEEN::AA325,0.19342121481895447,medium,0,0.6505261659622192,0,LOW_RISK,0.0,
BioSpread,AD950,0.6786143779754639,review,0,0.50537970662117,0,MODERATE_RISK,0.0,
BioSpread,UNSEEN::AF755,0.19347818195819855,medium,0,0.650354653596878,0,LOW_RISK,0.0,
BioSpread,UNSEEN::AC133,0.19342553615570068,medium,0,0.650436282157898,0,LOW_RISK,0.0,
BioSpread,UNSEEN::AD741,0.1934831440448761,medium,0,0.6503242552280426,0,LOW_RISK,0.0,
BioSpread,AB470,0.5705055594444275,review,0,0.5068781077861786,0,MODERATE_RISK,0.0,
BioSpread,UNSEEN::AG229,0.193398118019104,medium,0,0.6504772305488586,0,LOW_RISK,0.0,
BioSpread,AE916,0.25497427582740784,medium,0,0.6350466310977936,0,LOW_RISK,0.0,
BioSpread,AE357,0.22347486019134521,medium,0,0.6539369523525238,0,LOW_RISK,0.0,
BioSpread,AF361,0.6199592351913452,review,0,0.496151864528656,0,MODERATE_RISK,0.0,
BioSpread,UNSEEN::AH198,0.19349651038646698,medium,0,0.6503041982650757,0,LOW_RISK,0.0,
BioSpread,AC622,0.5734534859657288,review,0,0.5037556886672974,0,MODERATE_RISK,0.0,
BioSpread,AD958,0.6761177182197571,review,0,0.5163144469261169,0,MODERATE_RISK,0.0,
BioSpread,AA934,0.22030967473983765,medium,0,0.6650846898555756,0,LOW_RISK,0.0,
BioSpread,AG443,0.3855525255203247,review,0,0.5748451352119446,0,LOW_RISK,0.0,
BioSpread,UNSEEN::AG420,0.1935541033744812,medium,0,0.6501926779747009,0,LOW_RISK,0.0,
BioSpread,UNSEEN::AG089,0.19319945573806763,medium,0,0.6509445607662201,0,LOW_RISK,0.0,
BioSpread,UNSEEN::AB288,0.19354084134101868,medium,0,0.6502125561237335,0,LOW_RISK,0.0,
BioSpread,UNSEEN::AH011,0.19349651038646698,medium,0,0.6503041982650757,0,LOW_RISK,0.0,
BioSpread,UNSEEN::AB195,0.19316907227039337,medium,0,0.6509820520877838,0,LOW_RISK,0.0,
BioSpread,AA086,0.7451522350311279,review,0,0.5467370450496674,0,MODERATE_RISK,0.0,
BioSpread,UNSEEN::AF422,0.19346891343593597,medium,0,0.6503458917140961,0,LOW_RISK,0.0,
BioSpread,UNSEEN::AC531,0.19332550466060638,medium,0,0.6506824791431427,0,LOW_RISK,0.0,
BioSpread,UNSEEN::AB078,0.19342434406280518,medium,0,0.6505061686038971,0,LOW_RISK,0.0,
BioSpread,UNSEEN::AF701,0.19341208040714264,medium,0,0.6504562795162201,0,LOW_RISK,0.0,
BioSpread,UNSEEN::AD388,0.1934962421655655,medium,0,0.6503045856952667,0,LOW_RISK,0.0,
BioSpread,AB727,0.6842761039733887,review,0,0.5146014094352722,0,MODERATE_RISK,0.0,
BioSpread,UNSEEN::AE950,0.1935543566942215,medium,0,0.6501923203468323,0,LOW_RISK,0.0,
BioSpread,UNSEEN::AH498,0.19348344206809998,medium,0,0.6503235995769501,0,LOW_RISK,0.0,
BioSpread,AD200,0.7471119165420532,review,0,0.5638507902622223,0,MODERATE_RISK,0.0,
BioSpread,AF395,0.6437445878982544,review,1,0.5069003105163574,0,MODERATE_RISK,0.0,
BioSpread,AF003,0.6679725646972656,review,0,0.5037400126457214,0,MODERATE_RISK,0.0,
BioSpread,AB754,0.7478926777839661,review,0,0.555381566286087,0,MODERATE_RISK,0.0,
BioSpread,AE003,0.2867816686630249,medium,0,0.6135936677455902,0,LOW_RISK,0.0,
BioSpread,UNSEEN::AD063,0.19340850412845612,medium,0,0.6505759656429291,0,LOW_RISK,0.0,
BioSpread,UNSEEN::AB629,0.19349651038646698,medium,0,0.6503041982650757,0,LOW_RISK,0.0,
BioSpread,AG188,0.4288159906864166,review,0,0.5526637732982635,0,LOW_RISK,0.0,
BioSpread,UNSEEN::AE771,0.19348721206188202,medium,0,0.650295078754425,0,LOW_RISK,0.0,
BioSpread,AB881,0.7437377572059631,review,0,0.5575738251209259,0,MODERATE_RISK,0.0,
BioSpread,AF107,0.6927679181098938,review,0,0.5152542889118195,0,MODERATE_RISK,0.0,
BioSpread,AB132,0.7456316947937012,review,0,0.5503775477409363,0,MODERATE_RISK,0.0,
BioSpread,AB175,0.6597028374671936,review,0,0.5060296058654785,0,MODERATE_RISK,0.0,
BioSpread,UNSEEN::AH403,0.1935545951128006,medium,0,0.6501919627189636,0,LOW_RISK,0.0,
BioSpread,UNSEEN::AG221,0.1934257447719574,medium,0,0.6504359245300293,0,LOW_RISK,0.0,
BioSpread,AB373,0.674945592880249,review,0,0.5062480866909027,0,MODERATE_RISK,0.0,
BioSpread,AD165,0.6960078477859497,review,0,0.5113342702388763,0,MODERATE_RISK,0.0,
BioSpread,UNSEEN::AG593,0.19348721206188202,medium,0,0.650295078754425,0,LOW_RISK,0.0,
BioSpread,UNSEEN::AG839,0.19348344206809998,medium,0,0.6503235995769501,0,LOW_RISK,0.0,
BioSpread,AG122,0.3598652780056,review,0,0.5794802308082581,0,LOW_RISK,0.0,
BioSpread,AB860,0.6941313743591309,review,1,0.5037363767623901,0,MODERATE_RISK,0.0,
BioSpread,AF298,0.17215576767921448,medium,0,0.6883040368556976,0,LOW_RISK,0.0,
BioSpread,UNSEEN::AC254,0.19354191422462463,medium,0,0.6502107679843903,0,LOW_RISK,0.0,
BioSpread,AC117,0.6597391963005066,review,0,0.5052592754364014,0,MODERATE_RISK,0.0,
BioSpread,UNSEEN::AC783,0.1934206187725067,medium,0,0.6503940522670746,0,LOW_RISK,0.0,
BioSpread,UNSEEN::AF161,0.19349700212478638,medium,0,0.650303453207016,0,LOW_RISK,0.0,
BioSpread,UNSEEN::AB341,0.19340862333774567,medium,0,0.6504646241664886,0,LOW_RISK,0.0,
BioSpread,AF853,0.683006227016449,review,0,0.5121484100818634,0,MODERATE_RISK,0.0,
BioSpread,UNSEEN::AB083,0.1934252679347992,medium,0,0.6504366397857666,0,LOW_RISK,0.0,
BioSpread,UNSEEN::AE844,0.1934250295162201,medium,0,0.6504370272159576,0,LOW_RISK,0.0,
BioSpread,UNSEEN::AD841,0.19348695874214172,medium,0,0.6502954661846161,0,LOW_RISK,0.0,
BioSpread,UNSEEN::AC902,0.19319413602352142,medium,0,0.6510557532310486,0,LOW_RISK,0.0,
BioSpread,AD122,0.6877928376197815,review,0,0.5142865180969238,0,MODERATE_RISK,0.0,
BioSpread,UNSEEN::AH090,0.19349700212478638,medium,0,0.650303453207016,0,LOW_RISK,0.0,
BioSpread,UNSEEN::AF743,0.19342553615570068,medium,0,0.650436282157898,0,LOW_RISK,0.0,
BioSpread,AD556,0.6530858278274536,review,0,0.5055597424507141,0,MODERATE_RISK,0.0,
BioSpread,UNSEEN::AF530,0.19343018531799316,medium,0,0.6504027843475342,0,LOW_RISK,0.0,
BioSpread,AE568,0.581976592540741,review,0,0.5181860625743866,0,MODERATE_RISK,0.0,
BioSpread,AD460,0.4831429421901703,review,0,0.524294912815094,0,LOW_RISK,0.0,
BioSpread,UNSEEN::AG824,0.19349651038646698,medium,0,0.6503041982650757,0,LOW_RISK,0.0,
BioSpread,UNSEEN::AG245,0.19349676370620728,medium,0,0.6503038108348846,0,LOW_RISK,0.0,
BioSpread,AD834,0.5324304103851318,review,0,0.5114324986934662,0,MODERATE_RISK,0.0,
BioSpread,UNSEEN::AG347,0.1934962421655655,medium,0,0.6503045856952667,0,LOW_RISK,0.0,
BioSpread,AF080,0.695641815662384,review,1,0.5152048766613007,0,MODERATE_RISK,0.0,
BioSpread,UNSEEN::AH078,0.19355511665344238,medium,0,0.6501911878585815,0,LOW_RISK,0.0,
BioSpread,UNSEEN::AG500,0.1928270310163498,medium,0,0.6515742540359497,0,LOW_RISK,0.0,
BioSpread,AG546,0.7475998997688293,review,0,0.5547115206718445,0,MODERATE_RISK,0.0,
BioSpread,UNSEEN::AH129,0.19349700212478638,medium,0,0.650303453207016,0,LOW_RISK,0.0,
BioSpread,UNSEEN::AG588,0.19349651038646698,medium,0,0.6503041982650757,0,LOW_RISK,0.0,
BioSpread,AE102,0.6669701933860779,review,0,0.5015779733657837,0,MODERATE_RISK,0.0,
BioSpread,AD570,0.6911748051643372,review,0,0.5182639956474304,0,MODERATE_RISK,0.0,
BioSpread,AC845,0.27972689270973206,medium,0,0.6099100112915039,0,LOW_RISK,0.0,
BioSpread,UNSEEN::AA995,0.1930035799741745,medium,0,0.6510923206806183,0,LOW_RISK,0.0,
BioSpread,UNSEEN::AE187,0.1933598518371582,medium,0,0.6505566835403442,0,LOW_RISK,0.0,
BioSpread,UNSEEN::AH000,0.19315962493419647,medium,0,0.650985598564148,0,LOW_RISK,0.0,
BioSpread,AA701,0.6648723483085632,review,0,0.514429122209549,0,MODERATE_RISK,0.0,
BioSpread,UNSEEN::AH246,0.19349700212478638,medium,0,0.650303453207016,0,LOW_RISK,0.0,
BioSpread,UNSEEN::AA113,0.19221793115139008,medium,0,0.6527880728244781,0,LOW_RISK,0.0,
BioSpread,UNSEEN::AE823,0.19342060387134552,medium,0,0.6504480540752411,0,LOW_RISK,0.0,
BioSpread,AE151,0.6200051307678223,review,0,0.5021708607673645,0,MODERATE_RISK,0.0,
BioSpread,AG427,0.5973967909812927,review,0,0.5268645584583282,0,MODERATE_RISK,0.0,
BioSpread,AG351,0.7483434677124023,review,0,0.5582900643348694,0,MODERATE_RISK,0.0,
BioSpread,AC203,0.7291395664215088,review,1,0.5308317542076111,0,MODERATE_RISK,0.0,
BioSpread,UNSEEN::AD659,0.1934739202260971,medium,0,0.6503148674964905,0,LOW_RISK,0.0,
BioSpread,UNSEEN::AE112,0.1933586299419403,medium,0,0.6506770551204681,0,LOW_RISK,0.0,
BioSpread,AA143,0.7486051321029663,review,1,0.5562391579151154,0,MODERATE_RISK,0.0,
BioSpread,UNSEEN::AE188,0.1934962421655655,medium,0,0.6503045856952667,0,LOW_RISK,0.0,
BioSpread,UNSEEN::AB226,0.1934131383895874,medium,0,0.6505453586578369,0,LOW_RISK,0.0,
BioSpread,UNSEEN::AE353,0.19349651038646698,medium,0,0.6503041982650757,0,LOW_RISK,0.0,
BioSpread,AG706,0.46289491653442383,review,0,0.527508407831192,0,LOW_RISK,0.0,
BioSpread,AD295,0.7176361083984375,review,0,0.5289919078350067,0,MODERATE_RISK,0.0,
BioSpread,UNSEEN::AF768,0.1934962421655655,medium,0,0.6503045856952667,0,LOW_RISK,0.0,
BioSpread,AB038,0.7212851643562317,review,0,0.5230882465839386,0,MODERATE_RISK,0.0,
BioSpread,UNSEEN::AC937,0.19328483939170837,medium,0,0.6507557928562164,0,LOW_RISK,0.0,
BioSpread,AE736,0.26607659459114075,medium,0,0.629143089056015,0,LOW_RISK,0.0,
BioSpread,UNSEEN::AG787,0.1934831440448761,medium,0,0.6503242552280426,0,LOW_RISK,0.0,
BioSpread,UNSEEN::AG941,0.19349651038646698,medium,0,0.6503041982650757,0,LOW_RISK,0.0,
BioSpread,UNSEEN::AA311,0.1935541033744812,medium,0,0.6501926779747009,0,LOW_RISK,0.0,
BioSpread,AF073,0.6824498772621155,review,0,0.5080418884754181,0,MODERATE_RISK,0.0,
BioSpread,UNSEEN::AG073,0.19349700212478638,medium,0,0.650303453207016,0,LOW_RISK,0.0,
BioSpread,UNSEEN::AF630,0.19349651038646698,medium,0,0.6503041982650757,0,LOW_RISK,0.0,
BioSpread,AA841,0.7466081976890564,review,0,0.5521590709686279,0,MODERATE_RISK,0.0,
BioSpread,UNSEEN::AF105,0.1933719664812088,medium,0,0.6505898535251617,0,LOW_RISK,0.0,
BioSpread,AF726,0.5151292085647583,review,0,0.512367457151413,0,MODERATE_RISK,0.0,
BioSpread,AF151,0.6824061870574951,review,0,0.5054157376289368,0,MODERATE_RISK,0.0,
BioSpread,UNSEEN::AE390,0.19333995878696442,medium,0,0.6505919992923737,0,LOW_RISK,0.0,
BioSpread,UNSEEN::AG009,0.19337238371372223,medium,0,0.6505153179168701,0,LOW_RISK,0.0,
BioSpread,AF794,0.6433586478233337,review,0,0.4982196092605591,0,MODERATE_RISK,0.0,
BioSpread,UNSEEN::AG585,0.19339969754219055,medium,0,0.6505654156208038,0,LOW_RISK,0.0,
BioSpread,UNSEEN::AC581,0.19339783489704132,medium,0,0.6505456566810608,0,LOW_RISK,0.0,
BioSpread,UNSEEN::AB943,0.19348344206809998,medium,0,0.6503235995769501,0,LOW_RISK,0.0,
BioSpread,UNSEEN::AB989,0.19349126517772675,medium,0,0.6503350138664246,0,LOW_RISK,0.0,
BioSpread,UNSEEN::AH430,0.1935541033744812,medium,0,0.6501926779747009,0,LOW_RISK,0.0,
BioSpread,AF771,0.16992561519145966,medium,0,0.6934002041816711,0,LOW_RISK,0.0,
BioSpread,UNSEEN::AH491,0.19352515041828156,medium,0,0.6502381861209869,0,LOW_RISK,0.0,
BioSpread,AC835,0.7444701790809631,review,0,0.5497670471668243,0,MODERATE_RISK,0.0,
BioSpread,UNSEEN::AF896,0.19349929690361023,medium,0,0.6504123210906982,0,LOW_RISK,0.0,
BioSpread,UNSEEN::AA639,0.19336284697055817,medium,0,0.6506488025188446,0,LOW_RISK,0.0,
BioSpread,UNSEEN::AC598,0.1931408941745758,medium,0,0.6509965360164642,0,LOW_RISK,0.0,
BioSpread,UNSEEN::AB313,0.19349651038646698,medium,0,0.6503041982650757,0,LOW_RISK,0.0,
BioSpread,AF368,0.605448842048645,review,0,0.5034232139587402,0,MODERATE_RISK,0.0,
BioSpread,AC025,0.6876862049102783,review,1,0.5227554142475128,0,MODERATE_RISK,0.0,
BioSpread,UNSEEN::AA824,0.19289050996303558,medium,0,0.651563823223114,0,LOW_RISK,0.0,
BioSpread,UNSEEN::AG021,0.19328242540359497,medium,0,0.6507505476474762,0,LOW_RISK,0.0,
BioSpread,AE645,0.5226739645004272,review,0,0.5107413232326508,0,MODERATE_RISK,0.0,
BioSpread,AC956,0.6137002110481262,review,0,0.5065585672855377,0,MODERATE_RISK,0.0,
BioSpread,AG584,0.4540424048900604,review,0,0.5352056622505188,0,LOW_RISK,0.0,
BioSpread,UNSEEN::AE329,0.19403544068336487,medium,0,0.6494473218917847,0,LOW_RISK,0.0,
BioSpread,UNSEEN::AA880,0.1934960037469864,medium,0,0.6503049731254578,0,LOW_RISK,0.0,
BioSpread,UNSEEN::AD848,0.19349651038646698,medium,0,0.6503041982650757,0,LOW_RISK,0.0,
BioSpread,UNSEEN::AG556,0.1933138370513916,medium,0,0.6506296396255493,0,LOW_RISK,0.0,
BioSpread,AB658,0.6398203372955322,review,0,0.5002397298812866,0,MODERATE_RISK,0.0,
BioSpread,AB705,0.7484780550003052,review,0,0.5616560280323029,0,MODERATE_RISK,0.0,
BioSpread,UNSEEN::AH107,0.1934695988893509,medium,0,0.6503442227840424,0,LOW_RISK,0.0,
BioSpread,AD908,0.7422211766242981,review,0,0.5514556169509888,0,MODERATE_RISK,0.0,
BioSpread,UNSEEN::AB154,0.19309405982494354,medium,0,0.6509860157966614,0,LOW_RISK,0.0,
BioSpread,AF220,0.5843889117240906,review,0,0.5065307021141052,0,MODERATE_RISK,0.0,
BioSpread,AF292,0.17300599813461304,medium,0,0.686121016740799,0,LOW_RISK,0.0,
BioSpread,AB136,0.7056570053100586,review,1,0.5120848119258881,0,MODERATE_RISK,0.0,
BioSpread,UNSEEN::AC322,0.19349651038646698,medium,0,0.6503041982650757,0,LOW_RISK,0.0,
BioSpread,AC235,0.6636676788330078,review,0,0.5009130239486694,0,MODERATE_RISK,0.0,
BioSpread,AE307,0.5243027210235596,review,0,0.5119345188140869,0,MODERATE_RISK,0.0,
BioSpread,AG098,0.4833967387676239,review,0,0.524229109287262,0,LOW_RISK,0.0,
BioSpread,UNSEEN::AA884,0.1934962421655655,medium,0,0.6503045856952667,0,LOW_RISK,0.0,
BioSpread,UNSEEN::AG654,0.19322749972343445,medium,0,0.6508325040340424,0,LOW_RISK,0.0,
BioSpread,AC675,0.669670581817627,review,0,0.5109255909919739,0,MODERATE_RISK,0.0,
BioSpread,UNSEEN::AD097,0.19333042204380035,medium,0,0.6506334543228149,0,LOW_RISK,0.0,
BioSpread,UNSEEN::AD061,0.19348371028900146,medium,0,0.6503232419490814,0,LOW_RISK,0.0,
BioSpread,UNSEEN::AF435,0.19354191422462463,medium,0,0.6502107679843903,0,LOW_RISK,0.0,
BioSpread,AE265,0.6747937798500061,review,0,0.515426367521286,0,MODERATE_RISK,0.0,
BioSpread,UNSEEN::AE963,0.1935541033744812,medium,0,0.6501926779747009,0,LOW_RISK,0.0,
BioSpread,UNSEEN::AE879,0.19342027604579926,medium,0,0.6504672765731812,0,LOW_RISK,0.0,
BioSpread,UNSEEN::AA145,0.19349554181098938,medium,0,0.6503062844276428,0,LOW_RISK,0.0,
BioSpread,UNSEEN::AB417,0.19325700402259827,medium,0,0.6508115828037262,0,LOW_RISK,0.0,
BioSpread,UNSEEN::AD563,0.1933392882347107,medium,0,0.6506566107273102,0,LOW_RISK,0.0,
BioSpread,AB330,0.5745418667793274,review,0,0.5054935216903687,0,MODERATE_RISK,0.0,
BioSpread,AH492,0.6722568869590759,review,0,0.5127309262752533,0,MODERATE_RISK,0.0,
BioSpread,UNSEEN::AG918,0.19348669052124023,medium,0,0.6503635346889496,0,LOW_RISK,0.0,
BioSpread,UNSEEN::AG460,0.19349226355552673,medium,0,0.6503334939479828,0,LOW_RISK,0.0,
BioSpread,AG319,0.7226443290710449,review,0,0.5222185254096985,0,MODERATE_RISK,0.0,
BioSpread,UNSEEN::AD079,0.19346988201141357,medium,0,0.6503437757492065,0,LOW_RISK,0.0,
BioSpread,UNSEEN::AE569,0.19342079758644104,medium,0,0.6504664719104767,0,LOW_RISK,0.0,
BioSpread,UNSEEN::AB289,0.19325493276119232,medium,0,0.6507412195205688,0,LOW_RISK,0.0,
BioSpread,UNSEEN::AD415,0.19326408207416534,medium,0,0.6507010459899902,0,LOW_RISK,0.0,
BioSpread,UNSEEN::AC255,0.19349700212478638,medium,0,0.650303453207016,0,LOW_RISK,0.0,
BioSpread,AA348,0.6911050081253052,review,0,0.510960727930069,0,MODERATE_RISK,0.0,
BioSpread,AA387,0.6513478755950928,review,0,0.5071570873260498,0,MODERATE_RISK,0.0,
BioSpread,AC082,0.7463743686676025,review,1,0.5454960763454437,0,MODERATE_RISK,0.0,
BioSpread,AC609,0.6940138339996338,review,0,0.5034360885620117,0,MODERATE_RISK,0.0,
BioSpread,UNSEEN::AC318,0.19404816627502441,medium,0,0.6494284868240356,0,LOW_RISK,0.0,
BioSpread,AA799,0.6338633298873901,review,0,0.5079397261142731,0,MODERATE_RISK,0.0,
BioSpread,UNSEEN::AG061,0.19331498444080353,medium,0,0.6506465673446655,0,LOW_RISK,0.0,
BioSpread,UNSEEN::AA957,0.19295406341552734,medium,0,0.65108922123909,0,LOW_RISK,0.0,
BioSpread,UNSEEN::AA912,0.19336216151714325,medium,0,0.6505759358406067,0,LOW_RISK,0.0,
BioSpread,UNSEEN::AE660,0.1934962421655655,medium,0,0.6503045856952667,0,LOW_RISK,0.0,
BioSpread,UNSEEN::AC413,0.19349145889282227,medium,0,0.6503167450428009,0,LOW_RISK,0.0,
BioSpread,AH346,0.6866026520729065,review,0,0.5119838118553162,0,MODERATE_RISK,0.0,
BioSpread,UNSEEN::AH436,0.1934962421655655,medium,0,0.6503045856952667,0,LOW_RISK,0.0,
BioSpread,AA513,0.7480459809303284,review,0,0.5516859889030457,0,MODERATE_RISK,0.0,
BioSpread,UNSEEN::AF402,0.19342225790023804,medium,0,0.6504869759082794,0,LOW_RISK,0.0,
BioSpread,AB371,0.6918988823890686,review,0,0.5056822299957275,0,MODERATE_RISK,0.0,
BioSpread,AF272,0.6535499095916748,review,0,0.4997638463973999,0,MODERATE_RISK,0.0,
BioSpread,AE764,0.2654433846473694,medium,0,0.6280074119567871,0,LOW_RISK,0.0,
BioSpread,UNSEEN::AH394,0.1934962421655655,medium,0,0.6503045856952667,0,LOW_RISK,0.0,
BioSpread,UNSEEN::AD830,0.1935541033744812,medium,0,0.6501926779747009,0,LOW_RISK,0.0,
BioSpread,AA710,0.7459393739700317,review,1,0.5483174324035645,0,MODERATE_RISK,0.0,
BioSpread,AC716,0.7454804182052612,review,1,0.5481171309947968,0,MODERATE_RISK,0.0,
BioSpread,AE665,0.6863429546356201,review,0,0.49980247020721436,0,MODERATE_RISK,0.0,
BioSpread,AB576,0.2717689871788025,medium,0,0.622713714838028,0,LOW_RISK,0.0,
BioSpread,UNSEEN::AD265,0.19349700212478638,medium,0,0.650303453207016,0,LOW_RISK,0.0,
BioSpread,UNSEEN::AA720,0.19324801862239838,medium,0,0.6508714556694031,0,LOW_RISK,0.0,
BioSpread,AE312,0.6968604922294617,review,0,0.5148089826107025,0,MODERATE_RISK,0.0,
BioSpread,UNSEEN::AC595,0.19313670694828033,medium,0,0.6510139405727386,0,LOW_RISK,0.0,
BioSpread,UNSEEN::AA797,0.19340917468070984,medium,0,0.650475263595581,0,LOW_RISK,0.0,
BioSpread,AD701,0.7115558981895447,review,0,0.517418622970581,0,MODERATE_RISK,0.0,
BioSpread,UNSEEN::AE165,0.19339895248413086,medium,0,0.650475800037384,0,LOW_RISK,0.0,
BioSpread,UNSEEN::AF125,0.1935545951128006,medium,0,0.6501919627189636,0,LOW_RISK,0.0,
BioSpread,UNSEEN::AF277,0.19343538582324982,medium,0,0.6505354940891266,0,LOW_RISK,0.0,
BioSpread,UNSEEN::AH520,0.19349700212478638,medium,0,0.650303453207016,0,LOW_RISK,0.0,
BioSpread,UNSEEN::AG029,0.1934962421655655,medium,0,0.6503045856952667,0,LOW_RISK,0.0,
BioSpread,UNSEEN::AD026,0.19348670542240143,medium,0,0.6502958536148071,0,LOW_RISK,0.0,
BioSpread,UNSEEN::AE970,0.19349651038646698,medium,0,0.6503041982650757,0,LOW_RISK,0.0,
BioSpread,AB193,0.7455754280090332,review,1,0.547001302242279,0,MODERATE_RISK,0.0,
BioSpread,UNSEEN::AB920,0.192970409989357,medium,0,0.651256650686264,0,LOW_RISK,0.0,
BioSpread,AB385,0.6892999410629272,review,0,0.5149005651473999,0,MODERATE_RISK,0.0,
BioSpread,AD133,0.5709368586540222,review,0,0.4999092221260071,0,MODERATE_RISK,0.0,
BioSpread,UNSEEN::AF996,0.19334138929843903,medium,0,0.6505886018276215,0,LOW_RISK,0.0,
BioSpread,UNSEEN::AB353,0.193395733833313,medium,0,0.6505262851715088,0,LOW_RISK,0.0,
BioSpread,UNSEEN::AC523,0.19349700212478638,medium,0,0.650303453207016,0,LOW_RISK,0.0,
BioSpread,AB312,0.6947026252746582,review,0,0.5147302448749542,0,MODERATE_RISK,0.0,
BioSpread,UNSEEN::AH295,0.1934962421655655,medium,0,0.6503045856952667,0,LOW_RISK,0.0,
BioSpread,UNSEEN::AC920,0.19349651038646698,medium,0,0.6503041982650757,0,LOW_RISK,0.0,
BioSpread,UNSEEN::AD883,0.19335870444774628,medium,0,0.6505357027053833,0,LOW_RISK,0.0,
BioSpread,UNSEEN::AE194,0.19326424598693848,medium,0,0.6506763696670532,0,LOW_RISK,0.0,
BioSpread,UNSEEN::AC031,0.1930127888917923,medium,0,0.6512008607387543,0,LOW_RISK,0.0,
BioSpread,UNSEEN::AG198,0.19341208040714264,medium,0,0.6504562795162201,0,LOW_RISK,0.0,
BioSpread,UNSEEN::AD913,0.19348721206188202,medium,0,0.650295078754425,0,LOW_RISK,0.0,
BioSpread,UNSEEN::AG295,0.19342298805713654,medium,0,0.6505094766616821,0,LOW_RISK,0.0,
BioSpread,UNSEEN::AE954,0.19355511665344238,medium,0,0.6501911878585815,0,LOW_RISK,0.0,
BioSpread,AE154,0.6199646592140198,review,0,0.4961511492729187,0,MODERATE_RISK,0.0,
BioSpread,AC053,0.6833556890487671,review,0,0.5034984648227692,0,MODERATE_RISK,0.0,
BioSpread,UNSEEN::AE513,0.19349676370620728,medium,0,0.6503038108348846,0,LOW_RISK,0.0,
BioSpread,UNSEEN::AH457,0.19349651038646698,medium,0,0.6503041982650757,0,LOW_RISK,0.0,
BioSpread,AF120,0.6405019164085388,review,0,0.4982143044471741,0,MODERATE_RISK,0.0,
BioSpread,UNSEEN::AB335,0.19340668618679047,medium,0,0.6505366861820221,0,LOW_RISK,0.0,
BioSpread,UNSEEN::AA685,0.19349700212478638,medium,0,0.650303453207016,0,LOW_RISK,0.0,
BioSpread,AE768,0.5581895112991333,review,0,0.50730299949646,0,MODERATE_RISK,0.0,
BioSpread,UNSEEN::AF837,0.1933521181344986,medium,0,0.6505752205848694,0,LOW_RISK,0.0,
BioSpread,AG572,0.575201153755188,review,0,0.5133225619792938,0,MODERATE_RISK,0.0,
BioSpread,UNSEEN::AH048,0.19349651038646698,medium,0,0.6503041982650757,0,LOW_RISK,0.0,
BioSpread,AF389,0.46312516927719116,review,0,0.5274141728878021,0,LOW_RISK,0.0,
BioSpread,AE481,0.22340446710586548,medium,0,0.6539944112300873,0,LOW_RISK,0.0,
BioSpread,AF104,0.7009825110435486,review,0,0.5208893120288849,0,MODERATE_RISK,0.0,
BioSpread,UNSEEN::AG570,0.19349515438079834,medium,0,0.650373786687851,0,LOW_RISK,0.0,
BioSpread,AD045,0.3328971266746521,review,0,0.5803421437740326,0,LOW_RISK,0.0,
BioSpread,AC830,0.22373823821544647,medium,0,0.653748631477356,0,LOW_RISK,0.0,
BioSpread,UNSEEN::AH427,0.1935541033744812,medium,0,0.6501926779747009,0,LOW_RISK,0.0,
BioSpread,AE311,0.7477834224700928,review,0,0.5513153672218323,0,MODERATE_RISK,0.0,
BioSpread,AC072,0.6595675945281982,review,0,0.5059767365455627,0,MODERATE_RISK,0.0,
BioSpread,UNSEEN::AD334,0.19317035377025604,medium,0,0.6508954465389252,0,LOW_RISK,0.0,
BioSpread,AE814,0.7457752227783203,review,0,0.5477567315101624,0,MODERATE_RISK,0.0,
BioSpread,AH186,0.5952363014221191,review,0,0.507082611322403,0,MODERATE_RISK,0.0,
BioSpread,UNSEEN::AH415,0.19337134063243866,medium,0,0.6505168974399567,0,LOW_RISK,0.0,
BioSpread,UNSEEN::AC401,0.19355511665344238,medium,0,0.6501911878585815,0,LOW_RISK,0.0,
BioSpread,AE467,0.5308815240859985,review,0,0.5103988945484161,0,MODERATE_RISK,0.0,
BioSpread,AG533,0.7495421767234802,review,0,0.5659837126731873,0,MODERATE_RISK,0.0,
BioSpread,AB729,0.7428697943687439,review,0,0.5591871738433838,0,MODERATE_RISK,0.0,
BioSpread,UNSEEN::AG705,0.19334544241428375,medium,0,0.6505592465400696,0,LOW_RISK,0.0,
BioSpread,AD501,0.6590730547904968,review,0,0.5031375586986542,0,MODERATE_RISK,0.0,
BioSpread,AE789,0.715761661529541,review,0,0.5209415256977081,0,MODERATE_RISK,0.0,
BioSpread,UNSEEN::AD868,0.19315341114997864,medium,0,0.6510240733623505,0,LOW_RISK,0.0,
BioSpread,UNSEEN::AE727,0.19320222735404968,medium,0,0.6508937478065491,0,LOW_RISK,0.0,
BioSpread,AD171,0.4831574559211731,review,0,0.5242894887924194,0,LOW_RISK,0.0,
BioSpread,UNSEEN::AC045,0.1934833824634552,medium,0,0.650323897600174,0,LOW_RISK,0.0,
BioSpread,UNSEEN::AH419,0.19329549372196198,medium,0,0.6507310569286346,0,LOW_RISK,0.0,
BioSpread,UNSEEN::AE096,0.19348448514938354,medium,0,0.6503445506095886,0,LOW_RISK,0.0,
BioSpread,AE304,0.17323049902915955,medium,0,0.6855451166629791,0,LOW_RISK,0.0,
BioSpread,UNSEEN::AA621,0.19237013161182404,medium,0,0.6526868343353271,0,LOW_RISK,0.0,
BioSpread,UNSEEN::AD744,0.19313353300094604,medium,0,0.6510788798332214,0,LOW_RISK,0.0,
BioSpread,UNSEEN::AG483,0.19346466660499573,medium,0,0.650374561548233,0,LOW_RISK,0.0,
BioSpread,AF456,0.7492038011550903,review,0,0.5745051503181458,0,MODERATE_RISK,0.0,
BioSpread,UNSEEN::AD409,0.19349651038646698,medium,0,0.6503041982650757,0,LOW_RISK,0.0,
BioSpread,AH442,0.248460590839386,medium,0,0.6409837603569031,0,LOW_RISK,0.0,
BioSpread,UNSEEN::AF526,0.19355511665344238,medium,0,0.6501911878585815,0,LOW_RISK,0.0,
BioSpread,UNSEEN::AF611,0.19349700212478638,medium,0,0.650303453207016,0,LOW_RISK,0.0,
BioSpread,AE107,0.740498423576355,review,1,0.5452889204025269,0,MODERATE_RISK,0.0,
BioSpread,UNSEEN::AC312,0.19349700212478638,medium,0,0.650303453207016,0,LOW_RISK,0.0,
BioSpread,AD661,0.19552159309387207,medium,0,0.689060628414154,0,LOW_RISK,0.0,
BioSpread,UNSEEN::AE410,0.19317536056041718,medium,0,0.6508643627166748,0,LOW_RISK,0.0,
BioSpread,UNSEEN::AH161,0.19348670542240143,medium,0,0.6502958536148071,0,LOW_RISK,0.0,
BioSpread,UNSEEN::AH280,0.1935545951128006,medium,0,0.6501919627189636,0,LOW_RISK,0.0,
BioSpread,AG404,0.6812647581100464,review,0,0.505091667175293,0,MODERATE_RISK,0.0,
BioSpread,AE947,0.6750709414482117,review,0,0.5039350688457489,0,MODERATE_RISK,0.0,
BioSpread,UNSEEN::AA361,0.19328460097312927,medium,0,0.6507755815982819,0,LOW_RISK,0.0,
BioSpread,UNSEEN::AC488,0.19347038865089417,medium,0,0.6503430306911469,0,LOW_RISK,0.0,
BioSpread,AD350,0.7147783637046814,review,1,0.521733283996582,0,MODERATE_RISK,0.0,
BioSpread,UNSEEN::AA658,0.19348473846912384,medium,0,0.6503441631793976,0,LOW_RISK,0.0,
BioSpread,AF536,0.550768256187439,review,0,0.5124344527721405,0,MODERATE_RISK,0.0,
BioSpread,UNSEEN::AD508,0.19354166090488434,medium,0,0.6502111554145813,0,LOW_RISK,0.0,
BioSpread,AE830,0.42917031049728394,review,0,0.5548242926597595,0,LOW_RISK,0.0,
BioSpread,UNSEEN::AF572,0.1931120902299881,medium,0,0.6510807275772095,0,LOW_RISK,0.0,
BioSpread,UNSEEN::AH086,0.19349651038646698,medium,0,0.6503041982650757,0,LOW_RISK,0.0,
BioSpread,UNSEEN::AB868,0.1934838593006134,medium,0,0.6504131257534027,0,LOW_RISK,0.0,
BioSpread,UNSEEN::AB911,0.1934559941291809,medium,0,0.6503646373748779,0,LOW_RISK,0.0,
BioSpread,UNSEEN::AB618,0.19334138929843903,medium,0,0.6505886018276215,0,LOW_RISK,0.0,
BioSpread,UNSEEN::AH196,0.19331791996955872,medium,0,0.6505964398384094,0,LOW_RISK,0.0,
BioSpread,UNSEEN::AG624,0.19348271191120148,medium,0,0.6503247320652008,0,LOW_RISK,0.0,
BioSpread,UNSEEN::AA584,0.19349323213100433,medium,0,0.6503115892410278,0,LOW_RISK,0.0,
BioSpread,AA782,0.7434355616569519,review,0,0.5533185601234436,0,MODERATE_RISK,0.0,
BioSpread,UNSEEN::AB243,0.19313161075115204,medium,0,0.6510573327541351,0,LOW_RISK,0.0,
BioSpread,UNSEEN::AC128,0.19349700212478638,medium,0,0.650303453207016,0,LOW_RISK,0.0,
BioSpread,AD199,0.2386072278022766,medium,0,0.6526953876018524,0,LOW_RISK,0.0,
BioSpread,UNSEEN::AD639,0.1935541033744812,medium,0,0.6501926779747009,0,LOW_RISK,0.0,
BioSpread,UNSEEN::AB252,0.19348320364952087,medium,0,0.6503239870071411,0,LOW_RISK,0.0,
BioSpread,UNSEEN::AH340,0.19348271191120148,medium,0,0.6503253281116486,0,LOW_RISK,0.0,
BioSpread,UNSEEN::AG171,0.19349651038646698,medium,0,0.6503041982650757,0,LOW_RISK,0.0,
BioSpread,AC597,0.5469638705253601,review,0,0.5117793679237366,0,MODERATE_RISK,0.0,
BioSpread,AB661,0.4906868040561676,review,0,0.5215057134628296,0,LOW_RISK,0.0,
BioSpread,AE853,0.6669042706489563,review,0,0.5061249434947968,0,MODERATE_RISK,0.0,
BioSpread,AD152,0.46312516927719116,review,0,0.5274141728878021,0,LOW_RISK,0.0,
BioSpread,UNSEEN::AF486,0.19341236352920532,medium,0,0.6504558622837067,0,LOW_RISK,0.0,
BioSpread,UNSEEN::AD159,0.19328446686267853,medium,0,0.6507633328437805,0,LOW_RISK,0.0,
BioSpread,UNSEEN::AF588,0.19349651038646698,medium,0,0.6503041982650757,0,LOW_RISK,0.0,
BioSpread,UNSEEN::AH103,0.19349651038646698,medium,0,0.6503041982650757,0,LOW_RISK,0.0,
BioSpread,UNSEEN::AF362,0.1934960037469864,medium,0,0.6503049731254578,0,LOW_RISK,0.0,
BioSpread,AG362,0.696933388710022,review,0,0.5153882503509521,0,MODERATE_RISK,0.0,
BioSpread,UNSEEN::AC749,0.19348271191120148,medium,0,0.6503247320652008,0,LOW_RISK,0.0,
BioSpread,AB677,0.5602716207504272,review,0,0.4992305636405945,0,MODERATE_RISK,0.0,
BioSpread,AD529,0.7447530031204224,review,1,0.5446460843086243,0,MODERATE_RISK,0.0,
BioSpread,UNSEEN::AG901,0.19349651038646698,medium,0,0.6503041982650757,0,LOW_RISK,0.0,
BioSpread,AG023,0.6637158989906311,review,0,0.5009197294712067,0,MODERATE_RISK,0.0,
BioSpread,UNSEEN::AH480,0.19349700212478638,medium,0,0.650303453207016,0,LOW_RISK,0.0,
BioSpread,UNSEEN::AD119,0.1934860199689865,medium,0,0.650432288646698,0,LOW_RISK,0.0,
BioSpread,AG196,0.6771074533462524,review,0,0.5086237192153931,0,MODERATE_RISK,0.0,
BioSpread,UNSEEN::AC560,0.1935545951128006,medium,0,0.6501919627189636,0,LOW_RISK,0.0,
BioSpread,AE537,0.6746233105659485,review,0,0.5047604143619537,0,MODERATE_RISK,0.0,
BioSpread,UNSEEN::AF215,0.1935541033744812,medium,0,0.6501926779747009,0,LOW_RISK,0.0,
BioSpread,AA728,0.5602940917015076,review,0,0.5170566141605377,0,MODERATE_RISK,0.0,
BioSpread,UNSEEN::AF579,0.1965482383966446,medium,0,0.647424578666687,0,LOW_RISK,0.0,
BioSpread,UNSEEN::AD417,0.19349676370620728,medium,0,0.6503038108348846,0,LOW_RISK,0.0,
BioSpread,AF754,0.6260859370231628,review,0,0.5036336481571198,0,MODERATE_RISK,0.0,
BioSpread,AC320,0.7452399134635925,review,1,0.549505203962326,0,MODERATE_RISK,0.0,
BioSpread,UNSEEN::AB799,0.19349651038646698,medium,0,0.6503041982650757,0,LOW_RISK,0.0,
BioSpread,AF793,0.607038140296936,review,0,0.5015955865383148,0,MODERATE_RISK,0.0,
BioSpread,UNSEEN::AB492,0.1933954507112503,medium,0,0.6505267024040222,0,LOW_RISK,0.0,
BioSpread,AC217,0.7485319375991821,review,0,0.5573654472827911,0,MODERATE_RISK,0.0,
BioSpread,UNSEEN::AC300,0.19332093000411987,medium,0,0.6506250500679016,0,LOW_RISK,0.0,
BioSpread,UNSEEN::AE041,0.19341160356998444,medium,0,0.6504570245742798,0,LOW_RISK,0.0,
BioSpread,UNSEEN::AE828,0.19349539279937744,medium,0,0.6503734588623047,0,LOW_RISK,0.0,
BioSpread,AA174,0.745701789855957,review,1,0.5452975034713745,0,MODERATE_RISK,0.0,
BioSpread,AA180,0.7106404900550842,review,0,0.5170823335647583,0,MODERATE_RISK,0.0,
BioSpread,AA606,0.4831429421901703,review,0,0.524294912815094,0,LOW_RISK,0.0,
BioSpread,AB283,0.7414900064468384,review,0,0.5475177764892578,0,MODERATE_RISK,0.0,
BioSpread,AC720,0.7413434386253357,review,0,0.5499672889709473,0,MODERATE_RISK,0.0,
BioSpread,UNSEEN::AB482,0.19334164261817932,medium,0,0.6505882143974304,0,LOW_RISK,0.0,
BioSpread,UNSEEN::AA498,0.19342553615570068,medium,0,0.650436282157898,0,LOW_RISK,0.0,
BioSpread,AA586,0.7458298206329346,review,0,0.5454179644584656,0,MODERATE_RISK,0.0,
BioSpread,UNSEEN::AF889,0.19355420768260956,medium,0,0.6501931548118591,0,LOW_RISK,0.0,
BioSpread,UNSEEN::AD867,0.19349651038646698,medium,0,0.6503041982650757,0,LOW_RISK,0.0,
BioSpread,AA217,0.6413037180900574,review,0,0.506516695022583,0,MODERATE_RISK,0.0,
BioSpread,UNSEEN::AH320,0.1934960037469864,medium,0,0.6503049731254578,0,LOW_RISK,0.0,
BioSpread,UNSEEN::AD287,0.19327092170715332,medium,0,0.650696337223053,0,LOW_RISK,0.0,
BioSpread,AD120,0.746681272983551,review,0,0.5549858808517456,0,MODERATE_RISK,0.0,
BioSpread,AE356,0.36118924617767334,review,0,0.5862326323986053,0,LOW_RISK,0.0,
BioSpread,AB692,0.7076994776725769,review,0,0.5182891488075256,0,MODERATE_RISK,0.0,
BioSpread,UNSEEN::AC596,0.19333752989768982,medium,0,0.6506920158863068,0,LOW_RISK,0.0,
BioSpread,AG613,0.690362274646759,review,0,0.5115176439285278,0,MODERATE_RISK,0.0,
BioSpread,AE493,0.5110167860984802,review,0,0.5097754895687103,0,MODERATE_RISK,0.0,
BioSpread,AD449,0.7123574614524841,review,0,0.5190077424049377,0,MODERATE_RISK,0.0,
BioSpread,UNSEEN::AE444,0.1933647245168686,medium,0,0.6506693661212921,0,LOW_RISK,0.0,
BioSpread,UNSEEN::AC667,0.1934962421655655,medium,0,0.6503045856952667,0,LOW_RISK,0.0,
BioSpread,AE639,0.7435364723205566,review,0,0.5566968023777008,0,MODERATE_RISK,0.0,
BioSpread,AD569,0.689600944519043,review,0,0.5174161791801453,0,MODERATE_RISK,0.0,
BioSpread,AG536,0.6506489515304565,review,0,0.5000520348548889,0,MODERATE_RISK,0.0,
BioSpread,UNSEEN::AE429,0.1934962421655655,medium,0,0.6503045856952667,0,LOW_RISK,0.0,
BioSpread,UNSEEN::AD438,0.1935543566942215,medium,0,0.6501923203468323,0,LOW_RISK,0.0,
BioSpread,AE652,0.5927347540855408,review,0,0.5028069615364075,0,MODERATE_RISK,0.0,
BioSpread,UNSEEN::AD096,0.1934962421655655,medium,0,0.6503045856952667,0,LOW_RISK,0.0,
BioSpread,AE015,0.7129302620887756,review,1,0.5193553268909454,0,MODERATE_RISK,0.0,
BioSpread,UNSEEN::AC392,0.19349633157253265,medium,0,0.6503050923347473,0,LOW_RISK,0.0,
BioSpread,UNSEEN::AG805,0.1934962421655655,medium,0,0.6503045856952667,0,LOW_RISK,0.0,
BioSpread,UNSEEN::AF014,0.19324125349521637,medium,0,0.6508616805076599,0,LOW_RISK,0.0,
BioSpread,UNSEEN::AE010,0.19349651038646698,medium,0,0.6503041982650757,0,LOW_RISK,0.0,
BioSpread,UNSEEN::AD725,0.1934252679347992,medium,0,0.6504366397857666,0,LOW_RISK,0.0,
BioSpread,UNSEEN::AC015,0.1934019774198532,medium,0,0.6505847573280334,0,LOW_RISK,0.0,
BioSpread,AB772,0.6620507836341858,review,0,0.49371105432510376,0,MODERATE_RISK,0.0,
BioSpread,AB786,0.45107194781303406,review,0,0.5363122820854187,0,LOW_RISK,0.0,
BioSpread,UNSEEN::AD054,0.19319270551204681,medium,0,0.6508907377719879,0,LOW_RISK,0.0,
BioSpread,UNSEEN::AC460,0.19348038733005524,medium,0,0.6503734588623047,0,LOW_RISK,0.0,
BioSpread,AE119,0.5078467130661011,review,0,0.5147000253200531,0,MODERATE_RISK,0.0,
BioSpread,AG476,0.6773338317871094,review,0,0.4905480146408081,0,MODERATE_RISK,0.0,
BioSpread,UNSEEN::AH231,0.19349676370620728,medium,0,0.6503038108348846,0,LOW_RISK,0.0,
BioSpread,AF309,0.46355223655700684,review,0,0.5272727608680725,0,LOW_RISK,0.0,
BioSpread,UNSEEN::AD832,0.1935541033744812,medium,0,0.6501926779747009,0,LOW_RISK,0.0,
BioSpread,UNSEEN::AD336,0.19311848282814026,medium,0,0.6510470509529114,0,LOW_RISK,0.0,
BioSpread,UNSEEN::AD853,0.19321711361408234,medium,0,0.6509949862957001,0,LOW_RISK,0.0,
BioSpread,AB580,0.21968182921409607,medium,0,0.6655001044273376,0,LOW_RISK,0.0,
BioSpread,UNSEEN::AF638,0.19341179728507996,medium,0,0.6504569053649902,0,LOW_RISK,0.0,
BioSpread,UNSEEN::AE309,0.1926385909318924,medium,0,0.6519129872322083,0,LOW_RISK,0.0,
BioSpread,UNSEEN::AF871,0.19334711134433746,medium,0,0.6506495475769043,0,LOW_RISK,0.0,
BioSpread,AH397,0.5971754193305969,review,0,0.5269092321395874,0,MODERATE_RISK,0.0,
BioSpread,AE921,0.4629870355129242,review,0,0.527470737695694,0,LOW_RISK,0.0,
BioSpread,AF694,0.4531519114971161,review,0,0.5473662912845612,0,LOW_RISK,0.0,
BioSpread,AC604,0.515475332736969,review,0,0.5138896405696869,0,MODERATE_RISK,0.0,
BioSpread,AA302,0.7454306483268738,review,1,0.5489185750484467,0,MODERATE_RISK,0.0,
BioSpread,UNSEEN::AD151,0.19342553615570068,medium,0,0.650436282157898,0,LOW_RISK,0.0,
BioSpread,AG153,0.22346603870391846,medium,0,0.6539441645145416,0,LOW_RISK,0.0,
BioSpread,AF388,0.2623826861381531,medium,0,0.6305367946624756,0,LOW_RISK,0.0,
BioSpread,UNSEEN::AF668,0.1934298276901245,medium,0,0.6504037082195282,0,LOW_RISK,0.0,
BioSpread,UNSEEN::AB019,0.19349651038646698,medium,0,0.6503041982650757,0,LOW_RISK,0.0,
BioSpread,AE525,0.6699368953704834,review,0,0.49949777126312256,0,MODERATE_RISK,0.0,
BioSpread,AC491,0.6892944574356079,review,0,0.5135709643363953,0,MODERATE_RISK,0.0,
BioSpread,AF808,0.6620308756828308,review,0,0.5125388503074646,0,MODERATE_RISK,0.0,
BioSpread,UNSEEN::AE374,0.1934252679347992,medium,0,0.6504366397857666,0,LOW_RISK,0.0,
BioSpread,UNSEEN::AF657,0.19337238371372223,medium,0,0.6505153179168701,0,LOW_RISK,0.0,
BioSpread,UNSEEN::AB614,0.1930408924818039,medium,0,0.6513125598430634,0,LOW_RISK,0.0,
BioSpread,UNSEEN::AD662,0.1933181881904602,medium,0,0.650596022605896,0,LOW_RISK,0.0,
BioSpread,UNSEEN::AE526,0.1934097707271576,medium,0,0.650462418794632,0,LOW_RISK,0.0,
BioSpread,UNSEEN::AC147,0.193354070186615,medium,0,0.6507073640823364,0,LOW_RISK,0.0,
BioSpread,AD593,0.6884776949882507,review,1,0.5080476701259613,0,MODERATE_RISK,0.0,
BioSpread,AE765,0.5078798532485962,review,0,0.5139930546283722,0,MODERATE_RISK,0.0,
BioSpread,UNSEEN::AC730,0.19346413016319275,medium,0,0.6503696143627167,0,LOW_RISK,0.0,
BioSpread,AG823,0.3331345319747925,review,0,0.5801992416381836,0,LOW_RISK,0.0,
BioSpread,UNSEEN::AF182,0.19349700212478638,medium,0,0.650303453207016,0,LOW_RISK,0.0,
BioSpread,AF854,0.6605127453804016,review,0,0.5005280077457428,0,MODERATE_RISK,0.0,
BioSpread,UNSEEN::AF489,0.19339081645011902,medium,0,0.6505568325519562,0,LOW_RISK,0.0,
BioSpread,UNSEEN::AF025,0.19332733750343323,medium,0,0.6506095230579376,0,LOW_RISK,0.0,
BioSpread,UNSEEN::AC372,0.19331340491771698,medium,0,0.6506990194320679,0,LOW_RISK,0.0,
BioSpread,AC911,0.4819812774658203,review,0,0.5365655720233917,0,LOW_RISK,0.0,
BioSpread,AG262,0.5322378873825073,review,0,0.513854593038559,0,MODERATE_RISK,0.0,
BioSpread,UNSEEN::AG036,0.19311067461967468,medium,0,0.6510410010814667,0,LOW_RISK,0.0,
BioSpread,UNSEEN::AG959,0.19349651038646698,medium,0,0.6503041982650757,0,LOW_RISK,0.0,
BioSpread,UNSEEN::AG438,0.1932438462972641,medium,0,0.6507616639137268,0,LOW_RISK,0.0,
BioSpread,UNSEEN::AD540,0.1934962421655655,medium,0,0.6503045856952667,0,LOW_RISK,0.0,
BioSpread,UNSEEN::AC933,0.19345811009407043,medium,0,0.6503837704658508,0,LOW_RISK,0.0,
BioSpread,UNSEEN::AE505,0.1932591050863266,medium,0,0.6507619321346283,0,LOW_RISK,0.0,
BioSpread,UNSEEN::AE580,0.1934024840593338,medium,0,0.6505466103553772,0,LOW_RISK,0.0,
BioSpread,AA941,0.7438943386077881,review,1,0.5455621778964996,0,MODERATE_RISK,0.0,
BioSpread,AB666,0.4830848276615143,review,0,0.5243168771266937,0,LOW_RISK,0.0,
BioSpread,AG719,0.7487576603889465,review,0,0.5539503991603851,0,MODERATE_RISK,0.0,
BioSpread,UNSEEN::AG228,0.19348320364952087,medium,0,0.6503239870071411,0,LOW_RISK,0.0,
BioSpread,AD467,0.5217319130897522,review,0,0.5407952666282654,0,MODERATE_RISK,0.0,
BioSpread,UNSEEN::AH058,0.19349676370620728,medium,0,0.6503038108348846,0,LOW_RISK,0.0,
BioSpread,UNSEEN::AF770,0.19348643720149994,medium,0,0.650363951921463,0,LOW_RISK,0.0,
BioSpread,UNSEEN::AG903,0.19355511665344238,medium,0,0.6501911878585815,0,LOW_RISK,0.0,
BioSpread,UNSEEN::AB307,0.19324606657028198,medium,0,0.6508688032627106,0,LOW_RISK,0.0,
BioSpread,UNSEEN::AC893,0.19348295032978058,medium,0,0.6503243744373322,0,LOW_RISK,0.0,
BioSpread,AD597,0.6431095004081726,review,0,0.4983425736427307,0,MODERATE_RISK,0.0,
BioSpread,AG187,0.48299768567085266,review,0,0.5243497490882874,0,LOW_RISK,0.0,
BioSpread,AE465,0.7501912117004395,review,0,0.5775679349899292,0,MODERATE_RISK,0.0,
BioSpread,UNSEEN::AE760,0.19349676370620728,medium,0,0.6503038108348846,0,LOW_RISK,0.0,
BioSpread,AG530,0.6554994583129883,review,0,0.5037934482097626,0,MODERATE_RISK,0.0,
BioSpread,AB862,0.6636853814125061,review,0,0.5009134411811829,0,MODERATE_RISK,0.0,
BioSpread,UNSEEN::AH513,0.1935483068227768,medium,0,0.6502899825572968,0,LOW_RISK,0.0,
BioSpread,UNSEEN::AA239,0.19349676370620728,medium,0,0.6503038108348846,0,LOW_RISK,0.0,
BioSpread,UNSEEN::AG618,0.19348371028900146,medium,0,0.6503232419490814,0,LOW_RISK,0.0,
BioSpread,UNSEEN::AC723,0.19355343282222748,medium,0,0.6501943171024323,0,LOW_RISK,0.0,
BioSpread,AH395,0.4788275957107544,review,0,0.5535975098609924,0,LOW_RISK,0.0,
BioSpread,UNSEEN::AC617,0.1934962421655655,medium,0,0.6503045856952667,0,LOW_RISK,0.0,
BioSpread,UNSEEN::AD697,0.19355347752571106,medium,0,0.6501948535442352,0,LOW_RISK,0.0,
BioSpread,UNSEEN::AH298,0.19349676370620728,medium,0,0.6503038108348846,0,LOW_RISK,0.0,
BioSpread,UNSEEN::AE462,0.19349651038646698,medium,0,0.6503041982650757,0,LOW_RISK,0.0,
BioSpread,AG152,0.6593306064605713,review,0,0.5045278072357178,0,MODERATE_RISK,0.0,
BioSpread,UNSEEN::AG752,0.1934838891029358,medium,0,0.650412917137146,0,LOW_RISK,0.0,
BioSpread,UNSEEN::AF018,0.19333849847316742,medium,0,0.6506389677524567,0,LOW_RISK,0.0,
BioSpread,AC696,0.49073657393455505,review,0,0.5220010578632355,0,LOW_RISK,0.0,
BioSpread,UNSEEN::AD630,0.19334526360034943,medium,0,0.6505557000637054,0,LOW_RISK,0.0,
BioSpread,UNSEEN::AA221,0.19349566102027893,medium,0,0.6503730416297913,0,LOW_RISK,0.0,
BioSpread,AB775,0.595238447189331,review,0,0.5108698308467865,0,MODERATE_RISK,0.0,
BioSpread,UNSEEN::AE517,0.19348344206809998,medium,0,0.6503235995769501,0,LOW_RISK,0.0,
BioSpread,UNSEEN::AB497,0.19348295032978058,medium,0,0.6503243744373322,0,LOW_RISK,0.0,
BioSpread,AB871,0.6973549723625183,review,0,0.5154865086078644,0,MODERATE_RISK,0.0,
BioSpread,AE949,0.6079167127609253,review,0,0.5134955048561096,0,MODERATE_RISK,0.0,
BioSpread,UNSEEN::AC725,0.1935563087463379,medium,0,0.6502116620540619,0,LOW_RISK,0.0,
BioSpread,UNSEEN::AC599,0.19340679049491882,medium,0,0.6504877507686615,0,LOW_RISK,0.0,
BioSpread,AE466,0.5155009031295776,review,0,0.5122712254524231,0,MODERATE_RISK,0.0,
BioSpread,AA668,0.7223901152610779,review,1,0.5277062356472015,0,MODERATE_RISK,0.0,
BioSpread,UNSEEN::AD314,0.19333863258361816,medium,0,0.6506198942661285,0,LOW_RISK,0.0,
BioSpread,UNSEEN::AD771,0.19334594905376434,medium,0,0.6506525576114655,0,LOW_RISK,0.0,
BioSpread,AD592,0.6696133613586426,review,0,0.5062508881092072,0,MODERATE_RISK,0.0,
BioSpread,AE641,0.6365207433700562,review,0,0.5227164328098297,0,MODERATE_RISK,0.0,
BioSpread,AC944,0.6597848534584045,review,0,0.5108483731746674,0,MODERATE_RISK,0.0,
BioSpread,UNSEEN::AG863,0.19349651038646698,medium,0,0.6503041982650757,0,LOW_RISK,0.0,
BioSpread,UNSEEN::AB359,0.19328607618808746,medium,0,0.6506716310977936,0,LOW_RISK,0.0,
BioSpread,AC050,0.6571071147918701,review,0,0.4996088147163391,0,MODERATE_RISK,0.0,
BioSpread,UNSEEN::AH284,0.1934962421655655,medium,0,0.6503045856952667,0,LOW_RISK,0.0,
BioSpread,AD660,0.6402069926261902,review,0,0.49677878618240356,0,MODERATE_RISK,0.0,
BioSpread,UNSEEN::AC715,0.19316960871219635,medium,0,0.6510456204414368,0,LOW_RISK,0.0,
BioSpread,UNSEEN::AH278,0.1934960037469864,medium,0,0.6503049731254578,0,LOW_RISK,0.0,
BioSpread,UNSEEN::AA182,0.1934565156698227,medium,0,0.6504799425601959,0,LOW_RISK,0.0,
BioSpread,UNSEEN::AB254,0.1934257447719574,medium,0,0.6504359245300293,0,LOW_RISK,0.0,
BioSpread,AD925,0.4631405472755432,review,0,0.5274079144001007,0,LOW_RISK,0.0,
BioSpread,UNSEEN::AH319,0.19348721206188202,medium,0,0.650295078754425,0,LOW_RISK,0.0,
BioSpread,AA763,0.707718551158905,review,0,0.5248152613639832,0,MODERATE_RISK,0.0,
BioSpread,AA195,0.5678240656852722,review,0,0.5085408687591553,0,MODERATE_RISK,0.0,
BioSpread,AD839,0.7103003859519958,review,0,0.5070907771587372,0,MODERATE_RISK,0.0,
BioSpread,AG934,0.17358314990997314,medium,0,0.6857462823390961,0,LOW_RISK,0.0,
BioSpread,AD355,0.3225301504135132,review,0,0.5981442034244537,0,LOW_RISK,0.0,
BioSpread,AD505,0.6510579586029053,review,0,0.5004631876945496,0,MODERATE_RISK,0.0,
BioSpread,UNSEEN::AC606,0.19337134063243866,medium,0,0.6505168974399567,0,LOW_RISK,0.0,
BioSpread,AC289,0.7446584105491638,review,0,0.5440112352371216,0,MODERATE_RISK,0.0,
BioSpread,AD300,0.6950533986091614,review,0,0.5150133669376373,0,MODERATE_RISK,0.0,
BioSpread,AB190,0.7475611567497253,review,0,0.5509765148162842,0,MODERATE_RISK,0.0,
BioSpread,UNSEEN::AB489,0.19333630800247192,medium,0,0.6506887376308441,0,LOW_RISK,0.0,
BioSpread,AA667,0.7461344599723816,review,1,0.5477840304374695,0,MODERATE_RISK,0.0,
BioSpread,UNSEEN::AD628,0.19344323873519897,medium,0,0.6503834128379822,0,LOW_RISK,0.0,
BioSpread,UNSEEN::AA310,0.19323459267616272,medium,0,0.6507712006568909,0,LOW_RISK,0.0,
BioSpread,UNSEEN::AD375,0.19237880408763885,medium,0,0.6520669162273407,0,LOW_RISK,0.0,
BioSpread,UNSEEN::AA350,0.1934453547000885,medium,0,0.6504940986633301,0,LOW_RISK,0.0,
BioSpread,AF747,0.7471807599067688,review,1,0.5468398332595825,0,MODERATE_RISK,0.0,
BioSpread,UNSEEN::AE668,0.1934109628200531,medium,0,0.6505261361598969,0,LOW_RISK,0.0,
BioSpread,AD422,0.5136238932609558,review,0,0.5287637710571289,0,MODERATE_RISK,0.0,
BioSpread,AD625,0.4631865620613098,review,0,0.5273890495300293,0,LOW_RISK,0.0,
BioSpread,UNSEEN::AH004,0.1933850347995758,medium,0,0.6504965126514435,0,LOW_RISK,0.0,
BioSpread,UNSEEN::AA020,0.19349275529384613,medium,0,0.6503129303455353,0,LOW_RISK,0.0,
BioSpread,UNSEEN::AG230,0.19349676370620728,medium,0,0.6503038108348846,0,LOW_RISK,0.0,
BioSpread,UNSEEN::AE887,0.19308459758758545,medium,0,0.6512294709682465,0,LOW_RISK,0.0,
BioSpread,AB951,0.7444716691970825,review,1,0.544646829366684,0,MODERATE_RISK,0.0,
BioSpread,UNSEEN::AH259,0.19349461793899536,medium,0,0.6503083109855652,0,LOW_RISK,0.0,
BioSpread,AG629,0.4836142659187317,review,0,0.5241471529006958,0,LOW_RISK,0.0,
BioSpread,UNSEEN::AA312,0.19342206418514252,medium,0,0.6504877209663391,0,LOW_RISK,0.0,
BioSpread,AB555,0.7021376490592957,review,0,0.5189004242420197,0,MODERATE_RISK,0.0,
BioSpread,AE482,0.26270410418510437,medium,0,0.6279069185256958,0,LOW_RISK,0.0,
BioSpread,AF352,0.6170914769172668,review,0,0.5102010071277618,0,MODERATE_RISK,0.0,
BioSpread,UNSEEN::AF031,0.1929059773683548,medium,0,0.6514195501804352,0,LOW_RISK,0.0,
BioSpread,UNSEEN::AE981,0.19346387684345245,medium,0,0.6503767371177673,0,LOW_RISK,0.0,
BioSpread,UNSEEN::AE069,0.19323652982711792,medium,0,0.6509122848510742,0,LOW_RISK,0.0,
BioSpread,UNSEEN::AF236,0.19344300031661987,medium,0,0.6503837704658508,0,LOW_RISK,0.0,
BioSpread,AD297,0.7134433388710022,review,0,0.5240403413772583,0,MODERATE_RISK,0.0,
BioSpread,UNSEEN::AG875,0.19349676370620728,medium,0,0.6503038108348846,0,LOW_RISK,0.0,
BioSpread,AH199,0.4831864833831787,review,0,0.5242785215377808,0,LOW_RISK,0.0,
BioSpread,AF273,0.547601044178009,review,0,0.5105009973049164,0,MODERATE_RISK,0.0,
BioSpread,AG636,0.22347486019134521,medium,0,0.6539369523525238,0,LOW_RISK,0.0,
BioSpread,AB429,0.5535470843315125,review,0,0.5079501271247864,0,MODERATE_RISK,0.0,
BioSpread,UNSEEN::AF447,0.19349676370620728,medium,0,0.6503038108348846,0,LOW_RISK,0.0,
BioSpread,AG105,0.1729729324579239,medium,0,0.6865697801113129,0,LOW_RISK,0.0,
BioSpread,AG241,0.682378351688385,review,0,0.5069379806518555,0,MODERATE_RISK,0.0,
BioSpread,AG450,0.6209619045257568,review,0,0.5046363472938538,0,MODERATE_RISK,0.0,
BioSpread,UNSEEN::AF062,0.19349651038646698,medium,0,0.6503041982650757,0,LOW_RISK,0.0,
BioSpread,UNSEEN::AD938,0.19354090094566345,medium,0,0.650212287902832,0,LOW_RISK,0.0,
BioSpread,UNSEEN::AF028,0.19347181916236877,medium,0,0.6503198444843292,0,LOW_RISK,0.0,
BioSpread,AF621,0.6814661026000977,review,0,0.5201557576656342,0,MODERATE_RISK,0.0,
BioSpread,AE742,0.6850323677062988,review,0,0.5147077739238739,0,MODERATE_RISK,0.0,
BioSpread,UNSEEN::AG659,0.19348695874214172,medium,0,0.6502954661846161,0,LOW_RISK,0.0,
BioSpread,UNSEEN::AG173,0.19307368993759155,medium,0,0.6511940062046051,0,LOW_RISK,0.0,
BioSpread,UNSEEN::AA516,0.19256067276000977,medium,0,0.6521984338760376,0,LOW_RISK,0.0,
BioSpread,UNSEEN::AD566,0.1933298110961914,medium,0,0.6506476402282715,0,LOW_RISK,0.0,
BioSpread,AC824,0.49119386076927185,review,0,0.5218655467033386,0,LOW_RISK,0.0,
BioSpread,AF246,0.6670761108398438,review,0,0.501909077167511,0,MODERATE_RISK,0.0,
BioSpread,AC345,0.7465947866439819,review,0,0.5549711287021637,0,MODERATE_RISK,0.0,
BioSpread,AF809,0.7456259727478027,review,1,0.551670491695404,0,MODERATE_RISK,0.0,
BioSpread,UNSEEN::AB828,0.1934443861246109,medium,0,0.6504286229610443,0,LOW_RISK,0.0,
BioSpread,UNSEEN::AE460,0.19349676370620728,medium,0,0.6503038108348846,0,LOW_RISK,0.0,
BioSpread,AB130,0.7434213757514954,review,1,0.5436898767948151,0,MODERATE_RISK,0.0,
BioSpread,UNSEEN::AG515,0.19333161413669586,medium,0,0.6507173180580139,0,LOW_RISK,0.0,
BioSpread,AD776,0.6652541160583496,review,0,0.501255214214325,0,MODERATE_RISK,0.0,
BioSpread,AB337,0.7018930315971375,review,1,0.5185598134994507,0,MODERATE_RISK,0.0,
BioSpread,UNSEEN::AE398,0.19355511665344238,medium,0,0.6501911878585815,0,LOW_RISK,0.0,
BioSpread,UNSEEN::AE292,0.1933562010526657,medium,0,0.650658130645752,0,LOW_RISK,0.0,
BioSpread,UNSEEN::AG200,0.19345980882644653,medium,0,0.650403767824173,0,LOW_RISK,0.0,
BioSpread,UNSEEN::AE567,0.19349651038646698,medium,0,0.6503041982650757,0,LOW_RISK,0.0,
BioSpread,UNSEEN::AF528,0.19342651963233948,medium,0,0.6505254507064819,0,LOW_RISK,0.0,
BioSpread,AE836,0.17264801263809204,medium,0,0.6830254197120667,0,LOW_RISK,0.0,
BioSpread,UNSEEN::AC616,0.19343921542167664,medium,0,0.6505071818828583,0,LOW_RISK,0.0,
BioSpread,AA615,0.7467719316482544,review,0,0.5591002404689789,0,MODERATE_RISK,0.0,
BioSpread,UNSEEN::AC789,0.193354070186615,medium,0,0.6507073640823364,0,LOW_RISK,0.0,
BioSpread,AB910,0.6834415793418884,review,0,0.49291545152664185,0,MODERATE_RISK,0.0,
BioSpread,UNSEEN::AE351,0.19331490993499756,medium,0,0.6507729291915894,0,LOW_RISK,0.0,
BioSpread,UNSEEN::AF419,0.1934126317501068,medium,0,0.6504749357700348,0,LOW_RISK,0.0,
BioSpread,AF852,0.6605606079101562,review,0,0.5009903311729431,0,MODERATE_RISK,0.0,
BioSpread,UNSEEN::AF336,0.19348669052124023,medium,0,0.6503635346889496,0,LOW_RISK,0.0,
BioSpread,UNSEEN::AH180,0.19349700212478638,medium,0,0.650303453207016,0,LOW_RISK,0.0,
BioSpread,AE744,0.7230497598648071,review,0,0.5216715931892395,0,MODERATE_RISK,0.0,
BioSpread,UNSEEN::AG993,0.1934962421655655,medium,0,0.6503045856952667,0,LOW_RISK,0.0,
BioSpread,UNSEEN::AE422,0.19348344206809998,medium,0,0.6503235995769501,0,LOW_RISK,0.0,
BioSpread,AB251,0.6809163093566895,review,0,0.5026794075965881,0,MODERATE_RISK,0.0,
BioSpread,UNSEEN::AG576,0.19348371028900146,medium,0,0.6503232419490814,0,LOW_RISK,0.0,
BioSpread,UNSEEN::AG718,0.19355271756649017,medium,0,0.650195986032486,0,LOW_RISK,0.0,
BioSpread,AB323,0.6437317728996277,review,0,0.49782973527908325,0,MODERATE_RISK,0.0,
BioSpread,UNSEEN::AH416,0.19349651038646698,medium,0,0.6503041982650757,0,LOW_RISK,0.0,
BioSpread,UNSEEN::AF835,0.19349372386932373,medium,0,0.6503108739852905,0,LOW_RISK,0.0,
BioSpread,UNSEEN::AF385,0.1934962421655655,medium,0,0.6503045856952667,0,LOW_RISK,0.0,
BioSpread,UNSEEN::AE302,0.1933562457561493,medium,0,0.6506578922271729,0,LOW_RISK,0.0,
BioSpread,UNSEEN::AF729,0.19302499294281006,medium,0,0.6512427031993866,0,LOW_RISK,0.0,
BioSpread,AE616,0.4631098508834839,review,0,0.5274204313755035,0,LOW_RISK,0.0,
BioSpread,UNSEEN::AG940,0.1934962421655655,medium,0,0.6503045856952667,0,LOW_RISK,0.0,
BioSpread,AC152,0.5318700075149536,review,0,0.5115575790405273,0,MODERATE_RISK,0.0,
BioSpread,UNSEEN::AG284,0.1935541033744812,medium,0,0.6501926779747009,0,LOW_RISK,0.0,
BioSpread,AA031,0.744615912437439,review,0,0.5491580069065094,0,MODERATE_RISK,0.0,
BioSpread,AF681,0.5314743518829346,review,0,0.5116530060768127,0,MODERATE_RISK,0.0,
BioSpread,UNSEEN::AF163,0.1934962421655655,medium,0,0.6503045856952667,0,LOW_RISK,0.0,
BioSpread,UNSEEN::AG127,0.19349651038646698,medium,0,0.6503041982650757,0,LOW_RISK,0.0,
BioSpread,UNSEEN::AC580,0.1927000880241394,medium,0,0.6519489586353302,0,LOW_RISK,0.0,
BioSpread,UNSEEN::AF311,0.19337184727191925,medium,0,0.650516152381897,0,LOW_RISK,0.0,
BioSpread,AD775,0.6638327240943909,review,0,0.5009321570396423,0,MODERATE_RISK,0.0,
BioSpread,UNSEEN::AC109,0.19310906529426575,medium,0,0.6510680913925171,0,LOW_RISK,0.0,
BioSpread,UNSEEN::AH222,0.1934252679347992,medium,0,0.6504366397857666,0,LOW_RISK,0.0,
BioSpread,AG633,0.262677401304245,medium,0,0.6279225945472717,0,LOW_RISK,0.0,
BioSpread,UNSEEN::AF485,0.19343312084674835,medium,0,0.650497555732727,0,LOW_RISK,0.0,
BioSpread,UNSEEN::AF171,0.19314752519130707,medium,0,0.6509059071540833,0,LOW_RISK,0.0,
BioSpread,UNSEEN::AE615,0.19306497275829315,medium,0,0.6512117981910706,0,LOW_RISK,0.0,
BioSpread,AB743,0.7376745343208313,review,0,0.5558465123176575,0,MODERATE_RISK,0.0,
BioSpread,UNSEEN::AC646,0.19347988069057465,medium,0,0.6503742039203644,0,LOW_RISK,0.0,
BioSpread,AE851,0.6182354092597961,review,0,0.5083162784576416,0,MODERATE_RISK,0.0,
BioSpread,AC799,0.7073670625686646,review,0,0.51474729180336,0,MODERATE_RISK,0.0,
BioSpread,UNSEEN::AA507,0.19349676370620728,medium,0,0.6503038108348846,0,LOW_RISK,0.0,
BioSpread,UNSEEN::AD671,0.1934356838464737,medium,0,0.6504912078380585,0,LOW_RISK,0.0,
BioSpread,UNSEEN::AD044,0.19341236352920532,medium,0,0.6504558622837067,0,LOW_RISK,0.0,
BioSpread,UNSEEN::AC925,0.19347038865089417,medium,0,0.6503430306911469,0,LOW_RISK,0.0,
BioSpread,AG107,0.2981753945350647,medium,0,0.6018682420253754,0,LOW_RISK,0.0,
BioSpread,AA334,0.7474231123924255,review,0,0.5496290624141693,0,MODERATE_RISK,0.0,
BioSpread,UNSEEN::AE234,0.1929650902748108,medium,0,0.6515466272830963,0,LOW_RISK,0.0,
BioSpread,UNSEEN::AF834,0.1932775378227234,medium,0,0.6507292985916138,0,LOW_RISK,0.0,
BioSpread,UNSEEN::AG344,0.1934962421655655,medium,0,0.6503045856952667,0,LOW_RISK,0.0,
BioSpread,AD058,0.745124876499176,review,1,0.5460768938064575,0,MODERATE_RISK,0.0,
BioSpread,UNSEEN::AB958,0.19349393248558044,medium,0,0.6503099501132965,0,LOW_RISK,0.0,
BioSpread,AF605,0.6459150910377502,review,0,0.4973820447921753,0,MODERATE_RISK,0.0,
BioSpread,AB640,0.747795581817627,review,1,0.5561332106590271,0,MODERATE_RISK,0.0,
BioSpread,AE250,0.48399779200553894,review,0,0.5240325629711151,0,LOW_RISK,0.0,
BioSpread,AG394,0.6199809908866882,review,0,0.49614888429641724,0,MODERATE_RISK,0.0,
BioSpread,UNSEEN::AC085,0.19341519474983215,medium,0,0.6504291594028473,0,LOW_RISK,0.0,
BioSpread,UNSEEN::AH093,0.1935548633337021,medium,0,0.6501915454864502,0,LOW_RISK,0.0,
BioSpread,AF051,0.26270347833633423,medium,0,0.6279042661190033,0,LOW_RISK,0.0,
BioSpread,AB849,0.39283376932144165,review,0,0.5565930902957916,0,LOW_RISK,0.0,
BioSpread,UNSEEN::AB093,0.19344699382781982,medium,0,0.6503548622131348,0,LOW_RISK,0.0,
BioSpread,UNSEEN::AF523,0.19328166544437408,medium,0,0.6507517099380493,0,LOW_RISK,0.0,
BioSpread,UNSEEN::AH188,0.19348260760307312,medium,0,0.6503252685070038,0,LOW_RISK,0.0,
BioSpread,UNSEEN::AD865,0.19317381083965302,medium,0,0.650894433259964,0,LOW_RISK,0.0,
BioSpread,UNSEEN::AE344,0.19349651038646698,medium,0,0.6503041982650757,0,LOW_RISK,0.0,
BioSpread,UNSEEN::AC042,0.19347786903381348,medium,0,0.6503369510173798,0,LOW_RISK,0.0,
BioSpread,AF841,0.2234572470188141,medium,0,0.6539513170719147,0,LOW_RISK,0.0,
BioSpread,UNSEEN::AG906,0.19349126517772675,medium,0,0.6503350138664246,0,LOW_RISK,0.0,
BioSpread,AC351,0.7006315588951111,review,0,0.5177699327468872,0,MODERATE_RISK,0.0,
BioSpread,UNSEEN::AA101,0.19332227110862732,medium,0,0.6507099270820618,0,LOW_RISK,0.0,
BioSpread,UNSEEN::AG128,0.19341208040714264,medium,0,0.6504562795162201,0,LOW_RISK,0.0,
BioSpread,UNSEEN::AH370,0.1934962421655655,medium,0,0.6503045856952667,0,LOW_RISK,0.0,
BioSpread,UNSEEN::AC004,0.19328190386295319,medium,0,0.6507513225078583,0,LOW_RISK,0.0,
BioSpread,AD247,0.5468090772628784,review,0,0.5088099837303162,0,MODERATE_RISK,0.0,
BioSpread,UNSEEN::AF061,0.19340834021568298,medium,0,0.6505085527896881,0,LOW_RISK,0.0,
BioSpread,AD478,0.22344844043254852,medium,0,0.6539585292339325,0,LOW_RISK,0.0,
BioSpread,AC364,0.7112742066383362,review,0,0.5213868319988251,0,MODERATE_RISK,0.0,
BioSpread,AD946,0.3855525255203247,review,0,0.5748451352119446,0,LOW_RISK,0.0,
BioSpread,UNSEEN::AB407,0.19337213039398193,medium,0,0.6506569087505341,0,LOW_RISK,0.0,
BioSpread,UNSEEN::AD948,0.1932569444179535,medium,0,0.6507421135902405,0,LOW_RISK,0.0,
BioSpread,AB968,0.7446131110191345,review,0,0.5492591559886932,0,MODERATE_RISK,0.0,
BioSpread,UNSEEN::AF538,0.1934971958398819,medium,0,0.6503931283950806,0,LOW_RISK,0.0,
BioSpread,AD941,0.6535436511039734,review,0,0.4997643232345581,0,MODERATE_RISK,0.0,
BioSpread,UNSEEN::AF000,0.1934252679347992,medium,0,0.6504366397857666,0,LOW_RISK,0.0,
BioSpread,AA985,0.6776877641677856,review,0,0.5061391294002533,0,MODERATE_RISK,0.0,
BioSpread,AF500,0.22344844043254852,medium,0,0.6539585292339325,0,LOW_RISK,0.0,
BioSpread,AF084,0.7192530035972595,review,0,0.5815030634403229,0,MODERATE_RISK,0.0,
BioSpread,UNSEEN::AC533,0.19349651038646698,medium,0,0.6503041982650757,0,LOW_RISK,0.0,
BioSpread,AH268,0.5139572620391846,review,0,0.5061495006084442,0,MODERATE_RISK,0.0,
BioSpread,UNSEEN::AA676,0.19342227280139923,medium,0,0.6504867970943451,0,LOW_RISK,0.0,
BioSpread,UNSEEN::AB419,0.1935276836156845,medium,0,0.6502319276332855,0,LOW_RISK,0.0,
BioSpread,UNSEEN::AE449,0.1935548633337021,medium,0,0.6501915454864502,0,LOW_RISK,0.0,
BioSpread,UNSEEN::AE997,0.19342604279518127,medium,0,0.6504355072975159,0,LOW_RISK,0.0,
BioSpread,AF317,0.2234572470188141,medium,0,0.6539513170719147,0,LOW_RISK,0.0,
BioSpread,AF772,0.7499376535415649,review,0,0.5703783631324768,0,MODERATE_RISK,0.0,
BioSpread,AG027,0.6515713930130005,review,0,0.5059247016906738,0,MODERATE_RISK,0.0,
BioSpread,AE965,0.6684063076972961,review,0,0.503530889749527,0,MODERATE_RISK,0.0,
BioSpread,AA628,0.7447726130485535,review,0,0.5437138080596924,0,MODERATE_RISK,0.0,
BioSpread,UNSEEN::AF097,0.1934962421655655,medium,0,0.6503045856952667,0,LOW_RISK,0.0,
BioSpread,UNSEEN::AC565,0.19316843152046204,medium,0,0.6510148644447327,0,LOW_RISK,0.0,
BioSpread,AC628,0.7465657591819763,review,1,0.5517442524433136,0,MODERATE_RISK,0.0,
BioSpread,UNSEEN::AA944,0.192578986287117,medium,0,0.6520377397537231,0,LOW_RISK,0.0,
BioSpread,AC510,0.7117854356765747,review,0,0.5212271511554718,0,MODERATE_RISK,0.0,
BioSpread,UNSEEN::AF782,0.1934962421655655,medium,0,0.6503045856952667,0,LOW_RISK,0.0,
BioSpread,UNSEEN::AB058,0.1926078051328659,medium,0,0.6521629989147186,0,LOW_RISK,0.0,
BioSpread,AD456,0.5406510233879089,review,0,0.5152131021022797,0,MODERATE_RISK,0.0,
BioSpread,AC663,0.6091032028198242,review,1,0.5316410660743713,0,MODERATE_RISK,0.0,
BioSpread,UNSEEN::AG441,0.1933223307132721,medium,0,0.6507092118263245,0,LOW_RISK,0.0,
BioSpread,AG507,0.7009539008140564,review,0,0.5162829756736755,0,MODERATE_RISK,0.0,
BioSpread,AC324,0.6143493056297302,review,0,0.5041754841804504,0,MODERATE_RISK,0.0,
BioSpread,AG491,0.6636728048324585,review,0,0.5009127855300903,0,MODERATE_RISK,0.0,
BioSpread,UNSEEN::AB239,0.19289305806159973,medium,0,0.6515752971172333,0,LOW_RISK,0.0,
BioSpread,UNSEEN::AD544,0.19355511665344238,medium,0,0.6501911878585815,0,LOW_RISK,0.0,
BioSpread,AH062,0.6317462921142578,review,0,0.5029425323009491,0,MODERATE_RISK,0.0,
BioSpread,UNSEEN::AF029,0.19349530339241028,medium,0,0.6503066420555115,0,LOW_RISK,0.0,
BioSpread,UNSEEN::AA060,0.19324681162834167,medium,0,0.6507530212402344,0,LOW_RISK,0.0,
BioSpread,AA953,0.6995570063591003,review,0,0.5141154527664185,0,MODERATE_RISK,0.0,
BioSpread,UNSEEN::AF810,0.1935545951128006,medium,0,0.6501919627189636,0,LOW_RISK,0.0,
BioSpread,UNSEEN::AG332,0.1935548633337021,medium,0,0.6501915454864502,0,LOW_RISK,0.0,
BioSpread,UNSEEN::AF730,0.19349676370620728,medium,0,0.6503038108348846,0,LOW_RISK,0.0,
BioSpread,UNSEEN::AF872,0.19341565668582916,medium,0,0.6504278481006622,0,LOW_RISK,0.0,
BioSpread,AD363,0.2234572470188141,medium,0,0.6539513170719147,0,LOW_RISK,0.0,
BioSpread,UNSEEN::AG384,0.19315291941165924,medium,0,0.6510925889015198,0,LOW_RISK,0.0,
BioSpread,UNSEEN::AA877,0.1934962421655655,medium,0,0.6503045856952667,0,LOW_RISK,0.0,
BioSpread,UNSEEN::AH074,0.1934962421655655,medium,0,0.6503045856952667,0,LOW_RISK,0.0,
BioSpread,AC947,0.16832752525806427,medium,0,0.6935997009277344,0,LOW_RISK,0.0,
BioSpread,UNSEEN::AG540,0.19331488013267517,medium,0,0.6506280303001404,0,LOW_RISK,0.0,
BioSpread,AF157,0.4831719398498535,review,0,0.5242840349674225,0,LOW_RISK,0.0,
BioSpread,AE434,0.29100361466407776,medium,0,0.6166418492794037,0,LOW_RISK,0.0,
BioSpread,UNSEEN::AE676,0.1934960037469864,medium,0,0.6503049731254578,0,LOW_RISK,0.0,
BioSpread,AF072,0.4306766092777252,review,0,0.5459975004196167,0,LOW_RISK,0.0,
BioSpread,AC759,0.5329155921936035,review,0,0.5114282965660095,0,MODERATE_RISK,0.0,
BioSpread,UNSEEN::AA749,0.192827969789505,medium,0,0.6516741216182709,0,LOW_RISK,0.0,
BioSpread,AA253,0.5223132371902466,review,0,0.506478488445282,0,MODERATE_RISK,0.0,
BioSpread,UNSEEN::AD091,0.19324891269207,medium,0,0.6507489681243896,0,LOW_RISK,0.0,
BioSpread,UNSEEN::AH425,0.19349676370620728,medium,0,0.6503038108348846,0,LOW_RISK,0.0,
BioSpread,AA205,0.6412691473960876,review,0,0.506521463394165,0,MODERATE_RISK,0.0,
BioSpread,UNSEEN::AA313,0.19304430484771729,medium,0,0.6513040959835052,0,LOW_RISK,0.0,
BioSpread,UNSEEN::AC662,0.19309312105178833,medium,0,0.6512109041213989,0,LOW_RISK,0.0,
BioSpread,UNSEEN::AC952,0.1935541033744812,medium,0,0.6501926779747009,0,LOW_RISK,0.0,
BioSpread,UNSEEN::AA722,0.19349651038646698,medium,0,0.6503041982650757,0,LOW_RISK,0.0,
BioSpread,UNSEEN::AF922,0.19343852996826172,medium,0,0.6505088210105896,0,LOW_RISK,0.0,
BioSpread,AB657,0.4830993711948395,review,0,0.5243113934993744,0,LOW_RISK,0.0,
BioSpread,UNSEEN::AE833,0.19349676370620728,medium,0,0.6503038108348846,0,LOW_RISK,0.0,
BioSpread,UNSEEN::AB189,0.19305884838104248,medium,0,0.6512857675552368,0,LOW_RISK,0.0,
BioSpread,AC943,0.7061735391616821,review,0,0.5090347826480865,0,MODERATE_RISK,0.0,
BioSpread,UNSEEN::AE902,0.1934703290462494,medium,0,0.6503432989120483,0,LOW_RISK,0.0,
BioSpread,UNSEEN::AE385,0.1933700144290924,medium,0,0.6506373584270477,0,LOW_RISK,0.0,
BioSpread,UNSEEN::AG539,0.19345656037330627,medium,0,0.6503635942935944,0,LOW_RISK,0.0,
BioSpread,UNSEEN::AH315,0.19349676370620728,medium,0,0.6503038108348846,0,LOW_RISK,0.0,
BioSpread,AC229,0.501255214214325,review,0,0.5297828614711761,0,MODERATE_RISK,0.0,
BioSpread,UNSEEN::AC179,0.19335860013961792,medium,0,0.6506772637367249,0,LOW_RISK,0.0,
BioSpread,UNSEEN::AF359,0.19341236352920532,medium,0,0.6504558622837067,0,LOW_RISK,0.0,
BioSpread,UNSEEN::AH176,0.1934257447719574,medium,0,0.6504359245300293,0,LOW_RISK,0.0,
BioSpread,UNSEEN::AF286,0.19339869916439056,medium,0,0.6504761874675751,0,LOW_RISK,0.0,
BioSpread,AB002,0.7065847516059875,review,1,0.5207756161689758,0,MODERATE_RISK,0.0,
BioSpread,UNSEEN::AC740,0.19348371028900146,medium,0,0.6503232419490814,0,LOW_RISK,0.0,
BioSpread,AE365,0.6199809908866882,review,0,0.49614888429641724,0,MODERATE_RISK,0.0,
BioSpread,UNSEEN::AC883,0.19354191422462463,medium,0,0.6502107679843903,0,LOW_RISK,0.0,
BioSpread,UNSEEN::AD232,0.19343778491020203,medium,0,0.650486171245575,0,LOW_RISK,0.0,
BioSpread,AF398,0.46307918429374695,review,0,0.5274329781532288,0,LOW_RISK,0.0,
BioSpread,UNSEEN::AC791,0.19344304502010345,medium,0,0.6503842771053314,0,LOW_RISK,0.0,
BioSpread,AD706,0.22344844043254852,medium,0,0.6539585292339325,0,LOW_RISK,0.0,
BioSpread,AE834,0.16910924017429352,medium,1,0.6960378587245941,0,LOW_RISK,0.0,
BioSpread,AA111,0.6926979422569275,review,0,0.5191486179828644,0,MODERATE_RISK,0.0,
BioSpread,UNSEEN::AA633,0.1930917501449585,medium,0,0.6512606143951416,0,LOW_RISK,0.0,
BioSpread,AA155,0.7095669507980347,review,0,0.5202045738697052,0,MODERATE_RISK,0.0,
BioSpread,AA406,0.7444258332252502,review,0,0.5503199994564056,0,MODERATE_RISK,0.0,
BioSpread,UNSEEN::AE013,0.1934257447719574,medium,0,0.6504359245300293,0,LOW_RISK,0.0,
BioSpread,UNSEEN::AH432,0.1934962421655655,medium,0,0.6503045856952667,0,LOW_RISK,0.0,
BioSpread,AB777,0.520277202129364,review,0,0.5236114263534546,0,MODERATE_RISK,0.0,
BioSpread,UNSEEN::AA177,0.19335126876831055,medium,0,0.650714099407196,0,LOW_RISK,0.0,
BioSpread,UNSEEN::AG801,0.19328801333904266,medium,0,0.6506875455379486,0,LOW_RISK,0.0,
BioSpread,AD652,0.5395685434341431,review,0,0.5124384164810181,0,MODERATE_RISK,0.0,
BioSpread,UNSEEN::AD483,0.19345605373382568,medium,0,0.6503643691539764,0,LOW_RISK,0.0,
BioSpread,AB781,0.2675315737724304,medium,0,0.6211010217666626,0,LOW_RISK,0.0,
BioSpread,UNSEEN::AB479,0.19342027604579926,medium,0,0.6504672765731812,0,LOW_RISK,0.0,
BioSpread,UNSEEN::AB382,0.1934421956539154,medium,0,0.6505246460437775,0,LOW_RISK,0.0,
BioSpread,AD767,0.6182124018669128,review,0,0.505980908870697,0,MODERATE_RISK,0.0,
BioSpread,AC794,0.22362343966960907,medium,0,0.6538422405719757,0,LOW_RISK,0.0,
BioSpread,UNSEEN::AA146,0.19348882138729095,medium,0,0.6502906084060669,0,LOW_RISK,0.0,
BioSpread,AB401,0.6823287010192871,review,0,0.5048794150352478,0,MODERATE_RISK,0.0,
BioSpread,UNSEEN::AC340,0.19338199496269226,medium,0,0.6505469083786011,0,LOW_RISK,0.0,
BioSpread,AA303,0.7465975284576416,review,0,0.5496257841587067,0,MODERATE_RISK,0.0,
BioSpread,AH456,0.40185803174972534,review,0,0.5568975508213043,0,LOW_RISK,0.0,
BioSpread,AC987,0.5466148257255554,review,0,0.5132379531860352,0,MODERATE_RISK,0.0,
BioSpread,UNSEEN::AA157,0.19298766553401947,medium,0,0.651334136724472,0,LOW_RISK,0.0,
BioSpread,AH363,0.4788275957107544,review,0,0.5535975098609924,0,LOW_RISK,0.0,
BioSpread,AA440,0.7438367009162903,review,1,0.5493981242179871,0,MODERATE_RISK,0.0,
BioSpread,AA010,0.7450375556945801,review,0,0.5474144518375397,0,MODERATE_RISK,0.0,
BioSpread,UNSEEN::AF327,0.1934126317501068,medium,0,0.6504554450511932,0,LOW_RISK,0.0,
BioSpread,AA753,0.6931930184364319,review,0,0.509100079536438,0,MODERATE_RISK,0.0,
BioSpread,UNSEEN::AE631,0.19355511665344238,medium,0,0.6501911878585815,0,LOW_RISK,0.0,
BioSpread,UNSEEN::AC776,0.19281888008117676,medium,0,0.6516504287719727,0,LOW_RISK,0.0,
BioSpread,AF249,0.653633713722229,review,0,0.5064798295497894,0,MODERATE_RISK,0.0,
BioSpread,AF036,0.6404383778572083,review,0,0.4967840909957886,0,MODERATE_RISK,0.0,
BioSpread,AD871,0.6880209445953369,review,0,0.5152222216129303,0,MODERATE_RISK,0.0,
BioSpread,UNSEEN::AE388,0.19271592795848846,medium,0,0.6517828106880188,0,LOW_RISK,0.0,
BioSpread,AE624,0.6571188569068909,review,0,0.4996081590652466,0,MODERATE_RISK,0.0,
BioSpread,UNSEEN::AE999,0.19349700212478638,medium,0,0.650303453207016,0,LOW_RISK,0.0,
BioSpread,UNSEEN::AF869,0.19335465133190155,medium,0,0.6505688726902008,0,LOW_RISK,0.0,
BioSpread,AB085,0.6440993547439575,review,0,0.5035687983036041,0,MODERATE_RISK,0.0,
BioSpread,AA069,0.7460474371910095,review,0,0.5531772077083588,0,MODERATE_RISK,0.0,
BioSpread,AB257,0.6478239297866821,review,0,0.49719083309173584,0,MODERATE_RISK,0.0,
BioSpread,UNSEEN::AA374,0.19698698818683624,medium,0,0.6479923725128174,0,LOW_RISK,0.0,
BioSpread,AA116,0.6905348300933838,review,0,0.5185059309005737,0,MODERATE_RISK,0.0,
BioSpread,UNSEEN::AE455,0.19328522682189941,medium,0,0.6506999731063843,0,LOW_RISK,0.0,
BioSpread,AD647,0.6560157537460327,review,0,0.5007511973381042,0,MODERATE_RISK,0.0,
BioSpread,UNSEEN::AH289,0.1934250295162201,medium,0,0.6504370272159576,0,LOW_RISK,0.0,
BioSpread,AC825,0.2706475853919983,medium,0,0.6243754625320435,0,LOW_RISK,0.0,
BioSpread,AA604,0.49077731370925903,review,0,0.5217296183109283,0,LOW_RISK,0.0,
BioSpread,AD525,0.4248276352882385,review,0,0.557740718126297,0,LOW_RISK,0.0,
BioSpread,AA007,0.7313724160194397,review,0,0.5284800827503204,0,MODERATE_RISK,0.0,
BioSpread,UNSEEN::AD964,0.19342604279518127,medium,0,0.6504355072975159,0,LOW_RISK,0.0,
BioSpread,UNSEEN::AA447,0.19331757724285126,medium,0,0.6506777405738831,0,LOW_RISK,0.0,
BioSpread,AF092,0.6296465992927551,review,0,0.5041937828063965,0,MODERATE_RISK,0.0,
BioSpread,UNSEEN::AF777,0.19341401755809784,medium,0,0.6504760384559631,0,LOW_RISK,0.0,
BioSpread,UNSEEN::AB425,0.19349676370620728,medium,0,0.6503038108348846,0,LOW_RISK,0.0,
BioSpread,UNSEEN::AD974,0.1934105008840561,medium,0,0.6504605114459991,0,LOW_RISK,0.0,
BioSpread,UNSEEN::AB749,0.1932944506406784,medium,0,0.6506642997264862,0,LOW_RISK,0.0,
BioSpread,UNSEEN::AC823,0.1934109628200531,medium,0,0.6505261361598969,0,LOW_RISK,0.0,
BioSpread,UNSEEN::AF369,0.19327129423618317,medium,0,0.6507207453250885,0,LOW_RISK,0.0,
BioSpread,AB434,0.7435189485549927,review,1,0.5435744225978851,0,MODERATE_RISK,0.0,
BioSpread,UNSEEN::AC314,0.19695554673671722,medium,0,0.6464762389659882,0,LOW_RISK,0.0,
BioSpread,UNSEEN::AA847,0.19335860013961792,medium,0,0.6506772637367249,0,LOW_RISK,0.0,
BioSpread,AC311,0.6866160035133362,review,0,0.5119831264019012,0,MODERATE_RISK,0.0,
BioSpread,AB520,0.6770495176315308,review,0,0.5073679089546204,0,MODERATE_RISK,0.0,
BioSpread,UNSEEN::AA906,0.193354070186615,medium,0,0.6507073640823364,0,LOW_RISK,0.0,
BioSpread,AB936,0.271771103143692,medium,0,0.6251523792743683,0,LOW_RISK,0.0,
BioSpread,AF214,0.27913033962249756,medium,0,0.6181415617465973,0,LOW_RISK,0.0,
BioSpread,UNSEEN::AE001,0.19340285658836365,medium,0,0.6505167782306671,0,LOW_RISK,0.0,
BioSpread,AG242,0.26148566603660583,medium,0,0.627755343914032,0,LOW_RISK,0.0,
BioSpread,AD130,0.22340446710586548,medium,0,0.6539944112300873,0,LOW_RISK,0.0,
BioSpread,UNSEEN::AB603,0.1934702843427658,medium,0,0.6503435373306274,0,LOW_RISK,0.0,
BioSpread,UNSEEN::AC048,0.19406086206436157,medium,0,0.649409681558609,0,LOW_RISK,0.0,
BioSpread,AG872,0.22344844043254852,medium,0,0.6539585292339325,0,LOW_RISK,0.0,
BioSpread,UNSEEN::AE984,0.19338971376419067,medium,0,0.6504630148410797,0,LOW_RISK,0.0,
BioSpread,UNSEEN::AB529,0.19304193556308746,medium,0,0.6510363817214966,0,LOW_RISK,0.0,
BioSpread,AA769,0.7466360926628113,review,0,0.5486706793308258,0,MODERATE_RISK,0.0,
BioSpread,AE692,0.44499000906944275,review,0,0.5464244186878204,0,LOW_RISK,0.0,
BioSpread,AE474,0.7100172638893127,review,0,0.5147734582424164,0,MODERATE_RISK,0.0,
BioSpread,AG091,0.7434159517288208,review,0,0.5511624217033386,0,MODERATE_RISK,0.0,
BioSpread,UNSEEN::AG140,0.19341236352920532,medium,0,0.6504558622837067,0,LOW_RISK,0.0,
BioSpread,UNSEEN::AC687,0.19330358505249023,medium,0,0.6506867110729218,0,LOW_RISK,0.0,
BioSpread,UNSEEN::AE293,0.19336067140102386,medium,0,0.6506982743740082,0,LOW_RISK,0.0,
BioSpread,UNSEEN::AH504,0.1934695988893509,medium,0,0.6503442227840424,0,LOW_RISK,0.0,
BioSpread,UNSEEN::AD479,0.19291481375694275,medium,0,0.6514604985713959,0,LOW_RISK,0.0,
BioSpread,UNSEEN::AD252,0.19354158639907837,medium,0,0.6502114236354828,0,LOW_RISK,0.0,
BioSpread,AD489,0.4754303991794586,review,0,0.538926899433136,0,LOW_RISK,0.0,
BioSpread,AD717,0.7386579513549805,review,0,0.5514380633831024,0,MODERATE_RISK,0.0,
BioSpread,UNSEEN::AE350,0.19341208040714264,medium,0,0.6504562795162201,0,LOW_RISK,0.0,
BioSpread,AG966,0.5732541680335999,review,0,0.5037838220596313,0,MODERATE_RISK,0.0,
BioSpread,UNSEEN::AD076,0.19307087361812592,medium,0,0.6511895954608917,0,LOW_RISK,0.0,
BioSpread,UNSEEN::AD043,0.1934962421655655,medium,0,0.6503045856952667,0,LOW_RISK,0.0,
BioSpread,UNSEEN::AD749,0.1933360993862152,medium,0,0.6506198942661285,0,LOW_RISK,0.0,
BioSpread,UNSEEN::AG913,0.19349700212478638,medium,0,0.650303453207016,0,LOW_RISK,0.0,
BioSpread,UNSEEN::AC464,0.19349554181098938,medium,0,0.6503062844276428,0,LOW_RISK,0.0,
BioSpread,UNSEEN::AF897,0.19346500933170319,medium,0,0.6503554284572601,0,LOW_RISK,0.0,
BioSpread,UNSEEN::AC703,0.1932072788476944,medium,0,0.6509316861629486,0,LOW_RISK,0.0,
BioSpread,AE749,0.560265839099884,review,0,0.49983668327331543,0,MODERATE_RISK,0.0,
BioSpread,UNSEEN::AA625,0.19348470866680145,medium,0,0.6503324806690216,0,LOW_RISK,0.0,
BioSpread,UNSEEN::AC866,0.19349700212478638,medium,0,0.650303453207016,0,LOW_RISK,0.0,
BioSpread,UNSEEN::AA988,0.19349676370620728,medium,0,0.6503038108348846,0,LOW_RISK,0.0,
BioSpread,UNSEEN::AC784,0.19343392550945282,medium,0,0.6503742933273315,0,LOW_RISK,0.0,
BioSpread,UNSEEN::AF466,0.19349700212478638,medium,0,0.650303453207016,0,LOW_RISK,0.0,
BioSpread,UNSEEN::AC210,0.19349700212478638,medium,0,0.650303453207016,0,LOW_RISK,0.0,
BioSpread,UNSEEN::AB200,0.19341184198856354,medium,0,0.6504566669464111,0,LOW_RISK,0.0,
BioSpread,UNSEEN::AE382,0.1931595504283905,medium,0,0.6510565280914307,0,LOW_RISK,0.0,
BioSpread,UNSEEN::AE732,0.19347143173217773,medium,0,0.650363951921463,0,LOW_RISK,0.0,
BioSpread,AC417,0.6642264127731323,review,0,0.5023781955242157,0,MODERATE_RISK,0.0,
BioSpread,UNSEEN::AD643,0.19349554181098938,medium,0,0.6503062844276428,0,LOW_RISK,0.0,
BioSpread,AF026,0.5386618375778198,review,0,0.5217423737049103,0,MODERATE_RISK,0.0,
BioSpread,UNSEEN::AC613,0.19348320364952087,medium,0,0.6503239870071411,0,LOW_RISK,0.0,
BioSpread,UNSEEN::AE658,0.19355511665344238,medium,0,0.6501911878585815,0,LOW_RISK,0.0,
BioSpread,AA613,0.7512952089309692,review,0,0.5670247375965118,0,MODERATE_RISK,0.0,
BioSpread,UNSEEN::AH448,0.19349676370620728,medium,0,0.6503038108348846,0,LOW_RISK,0.0,
BioSpread,UNSEEN::AH082,0.19349676370620728,medium,0,0.6503038108348846,0,LOW_RISK,0.0,
BioSpread,UNSEEN::AF550,0.19347725808620453,medium,0,0.6504222452640533,0,LOW_RISK,0.0,
BioSpread,UNSEEN::AF798,0.19349676370620728,medium,0,0.6503038108348846,0,LOW_RISK,0.0,
BioSpread,AA673,0.720960795879364,review,1,0.5267276167869568,0,MODERATE_RISK,0.0,
BioSpread,AF307,0.4831138551235199,review,0,0.5243059396743774,0,LOW_RISK,0.0,
BioSpread,UNSEEN::AA846,0.19307848811149597,medium,0,0.6511084139347076,0,LOW_RISK,0.0,
BioSpread,AC484,0.674582839012146,review,0,0.5143935978412628,0,MODERATE_RISK,0.0,
BioSpread,AG609,0.22349250316619873,medium,0,0.6539225578308105,0,LOW_RISK,0.0,
BioSpread,AB687,0.7220378518104553,review,1,0.5272766649723053,0,MODERATE_RISK,0.0,
BioSpread,AF085,0.7414238452911377,review,1,0.5504103004932404,0,MODERATE_RISK,0.0,
BioSpread,AC021,0.6845999956130981,review,0,0.5103695690631866,0,MODERATE_RISK,0.0,
BioSpread,UNSEEN::AD169,0.19318729639053345,medium,0,0.6509442329406738,0,LOW_RISK,0.0,
BioSpread,UNSEEN::AE837,0.19331827759742737,medium,0,0.6505964696407318,0,LOW_RISK,0.0,
BioSpread,UNSEEN::AH424,0.19349700212478638,medium,0,0.650303453207016,0,LOW_RISK,0.0,
BioSpread,UNSEEN::AG835,0.19348344206809998,medium,0,0.6503235995769501,0,LOW_RISK,0.0,
BioSpread,AF628,0.6116200089454651,review,0,0.5069401264190674,0,MODERATE_RISK,0.0,
BioSpread,AB650,0.5977665781974792,review,0,0.5040638744831085,0,MODERATE_RISK,0.0,
BioSpread,UNSEEN::AC091,0.19341236352920532,medium,0,0.6504558622837067,0,LOW_RISK,0.0,
BioSpread,AA203,0.6746684908866882,review,0,0.5083501636981964,0,MODERATE_RISK,0.0,
BioSpread,AG724,0.7180203795433044,review,0,0.5215466916561127,0,MODERATE_RISK,0.0,
BioSpread,UNSEEN::AF240,0.19339750707149506,medium,0,0.6505463421344757,0,LOW_RISK,0.0,
BioSpread,AA545,0.6177743077278137,review,0,0.5030654966831207,0,MODERATE_RISK,0.0,
BioSpread,AC821,0.6796238422393799,review,1,0.5048277676105499,0,MODERATE_RISK,0.0,
BioSpread,UNSEEN::AA835,0.19340215623378754,medium,0,0.6504920721054077,0,LOW_RISK,0.0,
BioSpread,AA539,0.7316691875457764,review,1,0.5308951437473297,0,MODERATE_RISK,0.0,
BioSpread,AC997,0.4831429421901703,review,0,0.524294912815094,0,LOW_RISK,0.0,
BioSpread,UNSEEN::AD627,0.19330082833766937,medium,0,0.6506489813327789,0,LOW_RISK,0.0,
BioSpread,UNSEEN::AG211,0.19349651038646698,medium,0,0.6503041982650757,0,LOW_RISK,0.0,
BioSpread,AG356,0.22336044907569885,medium,0,0.6540303826332092,0,LOW_RISK,0.0,
BioSpread,UNSEEN::AG259,0.19349651038646698,medium,0,0.6503041982650757,0,LOW_RISK,0.0,
BioSpread,AF750,0.6348531246185303,review,0,0.5026662945747375,0,MODERATE_RISK,0.0,
BioSpread,UNSEEN::AF190,0.30272769927978516,review,0,0.5436408221721649,0,LOW_RISK,0.0,
BioSpread,UNSEEN::AA168,0.19333021342754364,medium,0,0.6507209241390228,0,LOW_RISK,0.0,
BioSpread,UNSEEN::AF091,0.1932608187198639,medium,0,0.6507086157798767,0,LOW_RISK,0.0,
BioSpread,AE689,0.706199049949646,review,0,0.5180396735668182,0,MODERATE_RISK,0.0,
BioSpread,UNSEEN::AB717,0.19319090247154236,medium,0,0.6508781015872955,0,LOW_RISK,0.0,
BioSpread,UNSEEN::AE888,0.1931915283203125,medium,0,0.6509859263896942,0,LOW_RISK,0.0,
BioSpread,UNSEEN::AD354,0.19334223866462708,medium,0,0.6507044732570648,0,LOW_RISK,0.0,
BioSpread,AD009,0.6669158339500427,review,0,0.5021345913410187,0,MODERATE_RISK,0.0,
BioSpread,AF683,0.6535280346870422,review,0,0.49976545572280884,0,MODERATE_RISK,0.0,
BioSpread,UNSEEN::AA185,0.19329871237277985,medium,0,0.6506541073322296,0,LOW_RISK,0.0,
BioSpread,UNSEEN::AF534,0.1934960037469864,medium,0,0.6503049731254578,0,LOW_RISK,0.0,
BioSpread,AD890,0.7257921099662781,review,0,0.5224433243274689,0,MODERATE_RISK,0.0,
BioSpread,AA580,0.7089350819587708,review,0,0.520523726940155,0,MODERATE_RISK,0.0,
BioSpread,AD891,0.6305795907974243,review,1,0.5077815055847168,0,MODERATE_RISK,0.0,
BioSpread,UNSEEN::AH392,0.19355511665344238,medium,0,0.6501911878585815,0,LOW_RISK,0.0,
BioSpread,UNSEEN::AD451,0.19290375709533691,medium,0,0.6514393091201782,0,LOW_RISK,0.0,
BioSpread,UNSEEN::AA929,0.19349633157253265,medium,0,0.6503050923347473,0,LOW_RISK,0.0,
BioSpread,UNSEEN::AE750,0.19349676370620728,medium,0,0.6503038108348846,0,LOW_RISK,0.0,
BioSpread,UNSEEN::AC973,0.19303573668003082,medium,0,0.6512627601623535,0,LOW_RISK,0.0,
BioSpread,UNSEEN::AH173,0.1934960037469864,medium,0,0.6503049731254578,0,LOW_RISK,0.0,
BioSpread,UNSEEN::AE204,0.19287064671516418,medium,0,0.6515334844589233,0,LOW_RISK,0.0,
BioSpread,UNSEEN::AF193,0.19349676370620728,medium,0,0.6503038108348846,0,LOW_RISK,0.0,
BioSpread,AF187,0.6698448657989502,review,0,0.5068368911743164,0,MODERATE_RISK,0.0,
BioSpread,AF857,0.18116551637649536,medium,0,0.6688253581523895,0,LOW_RISK,0.0,
BioSpread,UNSEEN::AA874,0.19334270060062408,medium,0,0.6506783068180084,0,LOW_RISK,0.0,
BioSpread,UNSEEN::AA899,0.19349700212478638,medium,0,0.650303453207016,0,LOW_RISK,0.0,
BioSpread,UNSEEN::AB539,0.19320990145206451,medium,0,0.6507585942745209,0,LOW_RISK,0.0,
BioSpread,UNSEEN::AD196,0.1931740641593933,medium,0,0.650894045829773,0,LOW_RISK,0.0,
BioSpread,UNSEEN::AB473,0.19349700212478638,medium,0,0.650303453207016,0,LOW_RISK,0.0,
BioSpread,AE202,0.3804669976234436,review,0,0.5706329643726349,0,LOW_RISK,0.0,
BioSpread,UNSEEN::AB134,0.19297754764556885,medium,0,0.6513166725635529,0,LOW_RISK,0.0,
BioSpread,AD497,0.552299439907074,review,0,0.5079665184020996,0,MODERATE_RISK,0.0,
BioSpread,AF417,0.2649744153022766,medium,0,0.6369763910770416,0,LOW_RISK,0.0,
BioSpread,UNSEEN::AE244,0.19342553615570068,medium,0,0.650436282157898,0,LOW_RISK,0.0,
BioSpread,AC347,0.7101500034332275,review,1,0.521052360534668,0,MODERATE_RISK,0.0,
BioSpread,UNSEEN::AF340,0.1933840662240982,medium,0,0.6505665481090546,0,LOW_RISK,0.0,
BioSpread,UNSEEN::AE612,0.19348271191120148,medium,0,0.6503247320652008,0,LOW_RISK,0.0,
BioSpread,UNSEEN::AF846,0.1934257447719574,medium,0,0.6504359245300293,0,LOW_RISK,0.0,
BioSpread,AA251,0.40985551476478577,review,0,0.5464553236961365,0,LOW_RISK,0.0,
BioSpread,UNSEEN::AF762,0.19343778491020203,medium,0,0.650486171245575,0,LOW_RISK,0.0,
BioSpread,UNSEEN::AE842,0.19342227280139923,medium,0,0.6504867970943451,0,LOW_RISK,0.0,
BioSpread,UNSEEN::AG818,0.1935543566942215,medium,0,0.6501923203468323,0,LOW_RISK,0.0,
BioSpread,UNSEEN::AC316,0.19355373084545135,medium,0,0.6501944661140442,0,LOW_RISK,0.0,
BioSpread,UNSEEN::AE063,0.1934264898300171,medium,0,0.650525689125061,0,LOW_RISK,0.0,
BioSpread,UNSEEN::AC650,0.1933986395597458,medium,0,0.650476485490799,0,LOW_RISK,0.0,
BioSpread,UNSEEN::AB086,0.1934257447719574,medium,0,0.6504359245300293,0,LOW_RISK,0.0,
BioSpread,AG008,0.6400516629219055,review,0,0.49676746129989624,0,MODERATE_RISK,0.0,
BioSpread,UNSEEN::AB360,0.19345605373382568,medium,0,0.6503643691539764,0,LOW_RISK,0.0,
BioSpread,UNSEEN::AB064,0.1932235062122345,medium,0,0.650879293680191,0,LOW_RISK,0.0,
BioSpread,UNSEEN::AD882,0.19348344206809998,medium,0,0.6503235995769501,0,LOW_RISK,0.0,
BioSpread,AA216,0.6549890637397766,review,0,0.5067965686321259,0,MODERATE_RISK,0.0,
BioSpread,UNSEEN::AD403,0.1933436095714569,medium,0,0.6505594551563263,0,LOW_RISK,0.0,
BioSpread,UNSEEN::AE376,0.19348320364952087,medium,0,0.6503239870071411,0,LOW_RISK,0.0,
BioSpread,AA963,0.46307918429374695,review,0,0.5274329781532288,0,LOW_RISK,0.0,
BioSpread,UNSEEN::AF748,0.1933887004852295,medium,0,0.6505005955696106,0,LOW_RISK,0.0,
BioSpread,UNSEEN::AE469,0.19341236352920532,medium,0,0.6504558622837067,0,LOW_RISK,0.0,
BioSpread,UNSEEN::AF459,0.1934962421655655,medium,0,0.6503045856952667,0,LOW_RISK,0.0,
BioSpread,AE045,0.7455819249153137,review,0,0.5454297661781311,0,MODERATE_RISK,0.0,
BioSpread,AD988,0.63756263256073,review,0,0.49648869037628174,0,MODERATE_RISK,0.0,
BioSpread,UNSEEN::AH374,0.19349651038646698,medium,0,0.6503041982650757,0,LOW_RISK,0.0,
BioSpread,AA558,0.7208870649337769,review,0,0.5206188559532166,0,MODERATE_RISK,0.0,
BioSpread,AC976,0.5686344504356384,review,0,0.5174925029277802,0,MODERATE_RISK,0.0,
BioSpread,AC731,0.7006933689117432,review,0,0.5186424255371094,0,MODERATE_RISK,0.0,
BioSpread,AF252,0.5329131484031677,review,0,0.512741357088089,0,MODERATE_RISK,0.0,
BioSpread,AE780,0.22396494448184967,medium,0,0.6531549692153931,0,LOW_RISK,0.0,
BioSpread,UNSEEN::AF715,0.19325673580169678,medium,0,0.6507556438446045,0,LOW_RISK,0.0,
BioSpread,UNSEEN::AA475,0.19283908605575562,medium,0,0.6515772044658661,0,LOW_RISK,0.0,
BioSpread,UNSEEN::AA873,0.19339920580387115,medium,0,0.650475412607193,0,LOW_RISK,0.0,
BioSpread,UNSEEN::AA966,0.1943848729133606,medium,0,0.6513989865779877,0,LOW_RISK,0.0,
