model_name,backbone_id,risk_probability,confidence_tier,label_geo_spread,knownness_score,n_new_countries_future,explanation,alarm_score,meta
oracle_v15,AC309,0.9856306814769744,high,1,0.8106406778097153,5,RED: ORACLE MONSTER,0.7329895773924289,"{""uncertainty"": 0.18935932219028473, ""gene_count"": 20, ""low_knownness_enhanced"": true, ""low_knownness_gate"": 0.1248600458487876}"
oracle_v15,AB172,0.9856182092050552,high,1,0.8108385056257248,7,RED: ORACLE MONSTER,0.7331010353346246,"{""uncertainty"": 0.1891614943742752, ""gene_count"": 20, ""low_knownness_enhanced"": true, ""low_knownness_gate"": 0.12442835418796121}"
oracle_v15,AA184,0.9856035554031372,high,1,0.8109143674373627,4,RED: ORACLE MONSTER,0.733090404194698,"{""uncertainty"": 0.18908563256263733, ""gene_count"": 20, ""low_knownness_enhanced"": true, ""low_knownness_gate"": 0.1242631516313224}"
oracle_v15,AB171,0.985575794539833,high,1,0.8097944110631943,10,RED: ORACLE MONSTER,0.7319280601270544,"{""uncertainty"": 0.19020558893680573, ""gene_count"": 20, ""low_knownness_enhanced"": true, ""low_knownness_gate"": 0.1267212504919474}"
oracle_v15,AB742,0.9855718516925811,high,1,0.810170516371727,6,RED: ORACLE MONSTER,0.732246704907924,"{""uncertainty"": 0.189829483628273, ""gene_count"": 20, ""low_knownness_enhanced"": true, ""low_knownness_gate"": 0.12589116650258528}"
oracle_v15,AA424,0.9855644577363967,high,1,0.8095991611480713,14,RED: ORACLE MONSTER,0.7316903961611132,"{""uncertainty"": 0.1904008388519287, ""gene_count"": 20, ""low_knownness_enhanced"": true, ""low_knownness_gate"": 0.12715401949916424}"
oracle_v15,AA622,0.9855605148891449,high,1,0.8102996945381165,6,RED: ORACLE MONSTER,0.732302217072295,"{""uncertainty"": 0.18970030546188354, ""gene_count"": 20, ""low_knownness_enhanced"": true, ""low_knownness_gate"": 0.1256071392065805}"
oracle_v15,AA626,0.9855485701183319,high,1,0.8090286105871201,6,RED: ORACLE MONSTER,0.7310890601614926,"{""uncertainty"": 0.19097138941287994, ""gene_count"": 20, ""low_knownness_enhanced"": true, ""low_knownness_gate"": 0.12842587794605057}"
oracle_v15,AC888,0.985545539222145,high,1,0.8096121698617935,8,RED: ORACLE MONSTER,0.7316000419671473,"{""uncertainty"": 0.19038783013820648, ""gene_count"": 20, ""low_knownness_enhanced"": true, ""low_knownness_gate"": 0.12712514663068175}"
oracle_v15,AA410,0.98553923603096,high,1,0.8107835948467255,6,RED: ORACLE MONSTER,0.7326245213201084,"{""uncertainty"": 0.18921640515327454, ""gene_count"": 20, ""low_knownness_enhanced"": true, ""low_knownness_gate"": 0.12454804967280164}"
oracle_v15,AA436,0.9855384134868621,high,1,0.8091917037963867,10,RED: ORACLE MONSTER,0.731181650348276,"{""uncertainty"": 0.19080829620361328, ""gene_count"": 20, ""low_knownness_enhanced"": true, ""low_knownness_gate"": 0.12806121108111265}"
oracle_v15,AF609,0.9855129325012206,high,1,0.808786541223526,8,RED: ORACLE MONSTER,0.7306781562485298,"{""uncertainty"": 0.191213458776474, ""gene_count"": 20, ""low_knownness_enhanced"": true, ""low_knownness_gate"": 0.12896876291266246}"
oracle_v15,AA302,0.9854987525562287,high,1,0.8088182955980301,8,RED: ORACLE MONSTER,0.7306303839582622,"{""uncertainty"": 0.1911817044019699, ""gene_count"": 20, ""low_knownness_enhanced"": true, ""low_knownness_gate"": 0.12889743664751602}"
oracle_v15,AB628,0.9854531281808853,high,1,0.8108658790588379,7,RED: ORACLE MONSTER,0.7322333939310681,"{""uncertainty"": 0.1891341209411621, ""gene_count"": 20, ""low_knownness_enhanced"": true, ""low_knownness_gate"": 0.12436872196324572}"
oracle_v15,AC733,0.9854524933914184,high,1,0.8077291548252106,12,RED: ORACLE MONSTER,0.7293974305053297,"{""uncertainty"": 0.19227084517478943, ""gene_count"": 20, ""low_knownness_enhanced"": true, ""low_knownness_gate"": 0.13136310821742384}"
oracle_v15,AA352,0.9854512595752716,high,1,0.8076921254396439,12,RED: ORACLE MONSTER,0.7293573485208977,"{""uncertainty"": 0.19230787456035614, ""gene_count"": 20, ""low_knownness_enhanced"": true, ""low_knownness_gate"": 0.13144763741568052}"
oracle_v15,AB413,0.9854502045730591,high,1,0.809071809053421,10,RED: ORACLE MONSTER,0.7305975317441238,"{""uncertainty"": 0.19092819094657898, ""gene_count"": 20, ""low_knownness_enhanced"": true, ""low_knownness_gate"": 0.12832920259259}"
oracle_v15,AB229,0.9854292833427429,high,1,0.8082879781723022,8,RED: ORACLE MONSTER,0.7297769910880731,"{""uncertainty"": 0.19171202182769775, ""gene_count"": 20, ""low_knownness_enhanced"": true, ""low_knownness_gate"": 0.13009304283353046}"
oracle_v15,AC203,0.9854223900655745,high,1,0.8092334270477295,6,RED: ORACLE MONSTER,0.7305934177344824,"{""uncertainty"": 0.1907665729522705, ""gene_count"": 20, ""low_knownness_enhanced"": true, ""low_knownness_gate"": 0.12796806234936178}"
oracle_v15,AE249,0.985415505729103,high,1,0.8102055341005325,5,RED: ORACLE MONSTER,0.7314338721296378,"{""uncertainty"": 0.18979446589946747, ""gene_count"": 20, ""low_knownness_enhanced"": true, ""low_knownness_gate"": 0.1258141178681977}"
oracle_v15,AA356,0.9854128056386947,high,1,0.8077408820390701,12,RED: ORACLE MONSTER,0.7291943043048947,"{""uncertainty"": 0.19225911796092987, ""gene_count"": 20, ""low_knownness_enhanced"": true, ""low_knownness_gate"": 0.13133634742454603}"
oracle_v15,AF085,0.985393887124443,high,1,0.8081416338682175,8,RED: ORACLE MONSTER,0.7294541605127014,"{""uncertainty"": 0.19185836613178253, ""gene_count"": 20, ""low_knownness_enhanced"": true, ""low_knownness_gate"": 0.13042463391393322}"
oracle_v15,AE974,0.9853847497323989,high,1,0.8069713562726974,11,RED: ORACLE MONSTER,0.7283486735723104,"{""uncertainty"": 0.19302864372730255, ""gene_count"": 20, ""low_knownness_enhanced"": true, ""low_knownness_gate"": 0.13310219126639974}"
oracle_v15,AC247,0.9853834086278914,high,1,0.8100537061691284,14,RED: ORACLE MONSTER,0.7311234697232223,"{""uncertainty"": 0.18994629383087158, ""gene_count"": 20, ""low_knownness_enhanced"": true, ""low_knownness_gate"": 0.1261484731931268}"
oracle_v15,AG446,0.9853669845680236,high,1,0.8082367330789566,7,RED: ORACLE MONSTER,0.7293950425015474,"{""uncertainty"": 0.1917632669210434, ""gene_count"": 20, ""low_knownness_enhanced"": true, ""low_knownness_gate"": 0.13020907377133703}"
oracle_v15,AF747,0.9853637390951155,high,1,0.8100579977035522,6,RED: ORACLE MONSTER,0.73102112001569,"{""uncertainty"": 0.18994200229644775, ""gene_count"": 20, ""low_knownness_enhanced"": true, ""low_knownness_gate"": 0.12613901194769853}"
oracle_v15,AA543,0.985360162816429,high,1,0.8069720715284348,9,RED: ORACLE MONSTER,0.7282170461110722,"{""uncertainty"": 0.19302792847156525, ""gene_count"": 20, ""low_knownness_enhanced"": true, ""low_knownness_gate"": 0.13310054066512225}"
oracle_v15,AB110,0.9853469931701659,high,1,0.8072522282600403,7,RED: ORACLE MONSTER,0.7283989865953799,"{""uncertainty"": 0.19274777173995972, ""gene_count"": 20, ""low_knownness_enhanced"": true, ""low_knownness_gate"": 0.13245535222854538}"
oracle_v15,AA346,0.9853432470182418,high,1,0.8068348914384842,8,RED: ORACLE MONSTER,0.7280022654970191,"{""uncertainty"": 0.1931651085615158, ""gene_count"": 20, ""low_knownness_enhanced"": true, ""low_knownness_gate"": 0.13341742936323026}"
oracle_v15,AD859,0.9853405558685302,high,1,0.8093236535787582,8,RED: ORACLE MONSTER,0.7302333405200301,"{""uncertainty"": 0.19067634642124176, ""gene_count"": 20, ""low_knownness_enhanced"": true, ""low_knownness_gate"": 0.12776682589331143}"
oracle_v15,AB756,0.9853049271921157,high,1,0.8057837784290314,13,RED: ORACLE MONSTER,0.7268480025942647,"{""uncertainty"": 0.19421622157096863, ""gene_count"": 20, ""low_knownness_enhanced"": true, ""low_knownness_gate"": 0.13586674984772906}"
oracle_v15,AB528,0.9852872871974945,high,1,0.8070854991674423,6,RED: ORACLE MONSTER,0.7279272916098218,"{""uncertainty"": 0.19291450083255768, ""gene_count"": 20, ""low_knownness_enhanced"": true, ""low_knownness_gate"": 0.13283900198523596}"
oracle_v15,AA323,0.9852812254051209,high,1,0.8055565804243088,18,RED: ORACLE MONSTER,0.7265157737070176,"{""uncertainty"": 0.19444341957569122, ""gene_count"": 20, ""low_knownness_enhanced"": true, ""low_knownness_gate"": 0.13640112572467075}"
oracle_v15,AA295,0.9852762275556564,high,1,0.8058478087186813,6,RED: ORACLE MONSTER,0.7267515767872856,"{""uncertainty"": 0.19415219128131866, ""gene_count"": 20, ""low_knownness_enhanced"": true, ""low_knownness_gate"": 0.13571646789264305}"
oracle_v15,AA045,0.9852753692487717,high,1,0.8051192462444305,14,RED: ORACLE MONSTER,0.7260899178424491,"{""uncertainty"": 0.19488075375556946, ""gene_count"": 20, ""low_knownness_enhanced"": true, ""low_knownness_gate"": 0.13743472939310214}"
oracle_v15,AA842,0.985275011620903,high,1,0.8094470351934433,5,RED: ORACLE MONSTER,0.7299909674818563,"{""uncertainty"": 0.1905529648065567, ""gene_count"": 20, ""low_knownness_enhanced"": true, ""low_knownness_gate"": 0.12749207937362295}"
oracle_v15,AA035,0.9852611803630829,high,1,0.8050867319107056,16,RED: ORACLE MONSTER,0.7259844398441402,"{""uncertainty"": 0.19491326808929443, ""gene_count"": 20, ""low_knownness_enhanced"": true, ""low_knownness_gate"": 0.13751183673028125}"
oracle_v15,AB161,0.9852571659902571,high,1,0.8053033351898193,13,RED: ORACLE MONSTER,0.7261582092540806,"{""uncertainty"": 0.19469666481018066, ""gene_count"": 20, ""low_knownness_enhanced"": true, ""low_knownness_gate"": 0.13699885000890677}"
oracle_v15,AC305,0.9852558070043563,high,1,0.805107831954956,15,RED: ORACLE MONSTER,0.7259746258550166,"{""uncertainty"": 0.19489216804504395, ""gene_count"": 20, ""low_knownness_enhanced"": true, ""low_knownness_gate"": 0.13746179409720907}"
oracle_v15,AC716,0.9852557444194794,high,1,0.8050029128789902,10,RED: ORACLE MONSTER,0.7258796832918204,"{""uncertainty"": 0.19499708712100983, ""gene_count"": 20, ""low_knownness_enhanced"": true, ""low_knownness_gate"": 0.1377107802270077}"
oracle_v15,AA964,0.985253768525505,high,1,0.8049878031015396,13,RED: ORACLE MONSTER,0.7258554548412208,"{""uncertainty"": 0.1950121968984604, ""gene_count"": 20, ""low_knownness_enhanced"": true, ""low_knownness_gate"": 0.13774666882607514}"
oracle_v15,AA425,0.9852532052616119,high,1,0.8052798956632614,10,RED: ORACLE MONSTER,0.7261158100606924,"{""uncertainty"": 0.1947201043367386, ""gene_count"": 20, ""low_knownness_enhanced"": true, ""low_knownness_gate"": 0.1370542846231817}"
oracle_v15,AA183,0.98524866338768,high,1,0.805357038974762,11,RED: ORACLE MONSTER,0.7261609841645296,"{""uncertainty"": 0.19464296102523804, ""gene_count"": 20, ""low_knownness_enhanced"": true, ""low_knownness_gate"": 0.13687191136609753}"
oracle_v15,AC129,0.9852480196575164,high,1,0.8051895052194595,15,RED: ORACLE MONSTER,0.7260064696068458,"{""uncertainty"": 0.19481049478054047, ""gene_count"": 20, ""low_knownness_enhanced"": true, ""low_knownness_gate"": 0.13726823523851148}"
oracle_v15,AB434,0.9852451675752639,high,1,0.8053338974714279,6,RED: ORACLE MONSTER,0.7261213496758439,"{""uncertainty"": 0.19466610252857208, ""gene_count"": 20, ""low_knownness_enhanced"": true, ""low_knownness_gate"": 0.13692659837054558}"
oracle_v15,AA851,0.9852284216503142,high,1,0.8056735545396805,10,RED: ORACLE MONSTER,0.7263376531221386,"{""uncertainty"": 0.19432644546031952, ""gene_count"": 20, ""low_knownness_enhanced"": true, ""low_knownness_gate"": 0.1361257787423784}"
oracle_v15,AF809,0.9852187031129837,high,1,0.8044477105140686,7,RED: ORACLE MONSTER,0.7251803994565016,"{""uncertainty"": 0.1955522894859314, ""gene_count"": 20, ""low_knownness_enhanced"": true, ""low_knownness_gate"": 0.1390346594151733}"
oracle_v15,AD158,0.9852176391700744,high,1,0.8049715310335159,14,RED: ORACLE MONSTER,0.7256468950084916,"{""uncertainty"": 0.19502846896648407, ""gene_count"": 20, ""low_knownness_enhanced"": true, ""low_knownness_gate"": 0.13778532687503187}"
oracle_v15,AA409,0.9852132135251999,high,1,0.8058897107839584,6,RED: ORACLE MONSTER,0.7264508169883142,"{""uncertainty"": 0.19411028921604156, ""gene_count"": 20, ""low_knownness_enhanced"": true, ""low_knownness_gate"": 0.13561819774182432}"
oracle_v15,AA553,0.9852123373369217,high,1,0.8044330477714539,17,RED: ORACLE MONSTER,0.7251330425888831,"{""uncertainty"": 0.19556695222854614, ""gene_count"": 20, ""low_knownness_enhanced"": true, ""low_knownness_gate"": 0.1390697669167742}"
oracle_v15,AA457,0.9851972454408645,high,1,0.804601863026619,12,RED: ORACLE MONSTER,0.7252042631291351,"{""uncertainty"": 0.19539813697338104, ""gene_count"": 20, ""low_knownness_enhanced"": true, ""low_knownness_gate"": 0.13866601644262183}"
oracle_v15,AB267,0.985191684327507,high,1,0.8077124357223511,8,RED: ORACLE MONSTER,0.727977941287655,"{""uncertainty"": 0.19228756427764893, ""gene_count"": 20, ""low_knownness_enhanced"": true, ""low_knownness_gate"": 0.1314012682014532}"
oracle_v15,AC978,0.9851595872262955,high,1,0.8037610054016113,14,RED: ORACLE MONSTER,0.7242445927701908,"{""uncertainty"": 0.19623899459838867, ""gene_count"": 20, ""low_knownness_enhanced"": true, ""low_knownness_gate"": 0.14068685153496538}"
oracle_v15,AB978,0.9851472937683106,high,1,0.8039631545543671,3,RED: ORACLE MONSTER,0.7243608533075871,"{""uncertainty"": 0.19603684544563293, ""gene_count"": 20, ""low_knownness_enhanced"": true, ""low_knownness_gate"": 0.14019878856591106}"
oracle_v15,AA279,0.985125031433487,high,1,0.8043155372142792,9,RED: ORACLE MONSTER,0.7245589727781869,"{""uncertainty"": 0.19568446278572083, ""gene_count"": 20, ""low_knownness_enhanced"": true, ""low_knownness_gate"": 0.13935139497376028}"
oracle_v15,AC320,0.9851211064676284,high,1,0.8045667558908463,11,RED: ORACLE MONSTER,0.7247642277652266,"{""uncertainty"": 0.19543324410915375, ""gene_count"": 20, ""low_knownness_enhanced"": true, ""low_knownness_gate"": 0.138749900068871}"
oracle_v15,AA050,0.9851198815921782,high,1,0.8037706613540649,9,RED: ORACLE MONSTER,0.7240405319632686,"{""uncertainty"": 0.19622933864593506, ""gene_count"": 20, ""low_knownness_enhanced"": true, ""low_knownness_gate"": 0.1406635062088106}"
oracle_v15,AF571,0.9851118975500106,high,1,0.8037148267030716,7,RED: ORACLE MONSTER,0.723947456550218,"{""uncertainty"": 0.1962851732969284, ""gene_count"": 20, ""low_knownness_enhanced"": true, ""low_knownness_gate"": 0.14079854320043633}"
oracle_v15,AB621,0.9718257308006286,high,0,0.808945432305336,2,RED: ORACLE MONSTER,0.7286278332748886,"{""uncertainty"": 0.191054567694664, ""gene_count"": 20, ""low_knownness_enhanced"": true, ""low_knownness_gate"": 0.128612200422422}"
oracle_v15,AA276,0.9718253999948501,high,1,0.8030394464731216,18,RED: ORACLE MONSTER,0.7233064628446817,"{""uncertainty"": 0.19696055352687836, ""gene_count"": 20, ""low_knownness_enhanced"": true, ""low_knownness_gate"": 0.14244055840451397}"
oracle_v15,AC212,0.9718048810958861,high,1,0.8036390841007233,3,RED: ORACLE MONSTER,0.723736631124055,"{""uncertainty"": 0.19636091589927673, ""gene_count"": 20, ""low_knownness_enhanced"": true, ""low_knownness_gate"": 0.1409819011235486}"
oracle_v15,AA316,0.9717941790819168,high,1,0.8027547299861908,17,RED: ORACLE MONSTER,0.7228829306694866,"{""uncertainty"": 0.1972452700138092, ""gene_count"": 20, ""low_knownness_enhanced"": true, ""low_knownness_gate"": 0.1431375451000026}"
oracle_v15,AA531,0.9717837542295455,high,1,0.8028005808591843,15,RED: ORACLE MONSTER,0.7228684256615159,"{""uncertainty"": 0.19719941914081573, ""gene_count"": 20, ""low_knownness_enhanced"": true, ""low_knownness_gate"": 0.1430251104549242}"
oracle_v15,AA449,0.9717702448368073,high,1,0.8027527928352356,14,RED: ORACLE MONSTER,0.7227530977121361,"{""uncertainty"": 0.1972472071647644, ""gene_count"": 20, ""low_knownness_enhanced"": true, ""low_knownness_gate"": 0.14314229696554567}"
oracle_v15,AA452,0.9717668563127517,high,1,0.8027036041021347,14,RED: ORACLE MONSTER,0.7226906777627606,"{""uncertainty"": 0.1972963958978653, ""gene_count"": 20, ""low_knownness_enhanced"": true, ""low_knownness_gate"": 0.14326300183159785}"
oracle_v15,AB130,0.9717657655477523,high,1,0.8025177419185638,13,RED: ORACLE MONSTER,0.7225175064681562,"{""uncertainty"": 0.19748225808143616, ""gene_count"": 20, ""low_knownness_enhanced"": true, ""low_knownness_gate"": 0.14371985683943425}"
oracle_v15,AA046,0.9717569410800934,high,1,0.802494153380394,17,RED: ORACLE MONSTER,0.7224490588322627,"{""uncertainty"": 0.19750584661960602, ""gene_count"": 20, ""low_knownness_enhanced"": true, ""low_knownness_gate"": 0.14377792481261814}"
oracle_v15,AB193,0.9717279106378556,high,1,0.8018724322319031,22,RED: ORACLE MONSTER,0.7217341600950995,"{""uncertainty"": 0.19812756776809692, ""gene_count"": 20, ""low_knownness_enhanced"": true, ""low_knownness_gate"": 0.14531546540838922}"
oracle_v15,AF479,0.9716974318027496,high,1,0.8057168275117874,4,RED: ORACLE MONSTER,0.7250306352255631,"{""uncertainty"": 0.19428317248821259, ""gene_count"": 20, ""low_knownness_enhanced"": true, ""low_knownness_gate"": 0.13602403660914023}"
oracle_v15,AB951,0.9716713964939117,high,1,0.8054992407560349,6,RED: ORACLE MONSTER,0.7246950285924232,"{""uncertainty"": 0.19450075924396515, ""gene_count"": 20, ""low_knownness_enhanced"": true, ""low_knownness_gate"": 0.1365362695703171}"
oracle_v15,AG445,0.971632781624794,high,1,0.8020572662353516,6,RED: ORACLE MONSTER,0.721391862545147,"{""uncertainty"": 0.19794273376464844, ""gene_count"": 20, ""low_knownness_enhanced"": true, ""low_knownness_gate"": 0.14485694359613807}"
oracle_v15,AA840,0.9716267287731171,high,1,0.8011510372161865,9,RED: ORACLE MONSTER,0.7205444474854801,"{""uncertainty"": 0.19884896278381348, ""gene_count"": 20, ""low_knownness_enhanced"": true, ""low_knownness_gate"": 0.14711658017786458}"
oracle_v15,AD058,0.9716218203306197,high,1,0.8041586726903915,8,RED: ORACLE MONSTER,0.7232231598595318,"{""uncertainty"": 0.19584132730960846, ""gene_count"": 20, ""low_knownness_enhanced"": true, ""low_knownness_gate"": 0.13972808422619346}"
oracle_v15,AA174,0.9716097593307496,high,1,0.8013006746768951,16,RED: ORACLE MONSTER,0.7205883785638463,"{""uncertainty"": 0.19869932532310486, ""gene_count"": 20, ""low_knownness_enhanced"": true, ""low_knownness_gate"": 0.14674146651614375}"
oracle_v15,AA175,0.9716076582670212,high,1,0.801032230257988,19,RED: ORACLE MONSTER,0.7203357535079808,"{""uncertainty"": 0.19896776974201202, ""gene_count"": 20, ""low_knownness_enhanced"": true, ""low_knownness_gate"": 0.1474149722424387}"
oracle_v15,AD488,0.9715968579053879,high,1,0.8030730783939362,9,RED: ORACLE MONSTER,0.7221131821568623,"{""uncertainty"": 0.19692692160606384, ""gene_count"": 20, ""low_knownness_enhanced"": true, ""low_knownness_gate"": 0.14235841454341164}"
oracle_v15,AA324,0.9715834468603134,high,1,0.8006551712751389,25,RED: ORACLE MONSTER,0.7198674464244261,"{""uncertainty"": 0.19934482872486115, ""gene_count"": 20, ""low_knownness_enhanced"": true, ""low_knownness_gate"": 0.14836529867057188}"
oracle_v15,AA274,0.9715679347515106,high,1,0.8006109595298767,21,RED: ORACLE MONSTER,0.7197449013048569,"{""uncertainty"": 0.1993890404701233, ""gene_count"": 20, ""low_knownness_enhanced"": true, ""low_knownness_gate"": 0.1484770591782656}"
oracle_v15,AA473,0.971480244398117,medium,1,0.7999489009380341,13,RED: ORACLE MONSTER,0.7186820622169385,"{""uncertainty"": 0.20005109906196594, ""gene_count"": 20, ""low_knownness_enhanced"": true, ""low_knownness_gate"": 0.150158966000554}"
oracle_v15,AA400,0.9714787513017654,high,1,0.8021424263715744,4,RED: ORACLE MONSTER,0.7206447628135644,"{""uncertainty"": 0.1978575736284256, ""gene_count"": 20, ""low_knownness_enhanced"": true, ""low_knownness_gate"": 0.14464608966004217}"
oracle_v15,AA282,0.9714783132076263,medium,1,0.7995516508817673,23,RED: ORACLE MONSTER,0.7183148748984234,"{""uncertainty"": 0.20044834911823273, ""gene_count"": 20, ""low_knownness_enhanced"": true, ""low_knownness_gate"": 0.15117565806754632}"
oracle_v15,AB114,0.9714778572320938,medium,1,0.7993035167455673,12,RED: ORACLE MONSTER,0.718089522160704,"{""uncertainty"": 0.20069648325443268, ""gene_count"": 20, ""low_knownness_enhanced"": true, ""low_knownness_gate"": 0.1518135803490769}"
oracle_v15,AC120,0.971456953883171,medium,1,0.7994708716869354,22,RED: ORACLE MONSTER,0.7181284620534054,"{""uncertainty"": 0.20052912831306458, ""gene_count"": 20, ""low_knownness_enhanced"": true, ""low_knownness_gate"": 0.15138308919705204}"
oracle_v15,AA336,0.9714366674423218,medium,1,0.799158900976181,25,RED: ORACLE MONSTER,0.7177401523000384,"{""uncertainty"": 0.20084109902381897, ""gene_count"": 20, ""low_knownness_enhanced"": true, ""low_knownness_gate"": 0.15218638804208245}"
oracle_v15,AA026,0.9713984727859497,medium,1,0.7996035516262054,8,RED: ORACLE MONSTER,0.7179358978111878,"{""uncertainty"": 0.20039644837379456, ""gene_count"": 20, ""low_knownness_enhanced"": true, ""low_knownness_gate"": 0.15104250658263169}"
oracle_v15,AB947,0.9713901221752166,high,1,0.8005242496728897,7,RED: ORACLE MONSTER,0.718717994419892,"{""uncertainty"": 0.1994757503271103, ""gene_count"": 20, ""low_knownness_enhanced"": true, ""low_knownness_gate"": 0.1486964502236512}"
oracle_v15,AA941,0.9713845431804657,medium,1,0.7986669391393661,20,RED: ORACLE MONSTER,0.7170207789747831,"{""uncertainty"": 0.20133306086063385, ""gene_count"": 20, ""low_knownness_enhanced"": true, ""low_knownness_gate"": 0.15346025152896942}"
oracle_v15,AB702,0.9713714897632599,high,1,0.8002442568540573,7,RED: ORACLE MONSTER,0.7183672111014179,"{""uncertainty"": 0.1997557431459427, ""gene_count"": 20, ""low_knownness_enhanced"": true, ""low_knownness_gate"": 0.14940670801027037}"
oracle_v15,AA551,0.9713708281517028,medium,1,0.7989628165960312,17,RED: ORACLE MONSTER,0.717213357470623,"{""uncertainty"": 0.2010371834039688, ""gene_count"": 20, ""low_knownness_enhanced"": true, ""low_knownness_gate"": 0.15269307697885945}"
oracle_v15,AC344,0.9713659018278122,high,1,0.8034916967153549,7,RED: ORACLE MONSTER,0.7212524565334588,"{""uncertainty"": 0.19650830328464508, ""gene_count"": 20, ""low_knownness_enhanced"": true, ""low_knownness_gate"": 0.14133926901299054}"
oracle_v15,AA038,0.971363416314125,medium,1,0.7980862408876419,35,RED: ORACLE MONSTER,0.7163870372947398,"{""uncertainty"": 0.2019137591123581, ""gene_count"": 20, ""low_knownness_enhanced"": true, ""low_knownness_gate"": 0.15497510388071448}"
oracle_v15,AB595,0.9713631391525268,medium,1,0.7985587567090988,24,RED: ORACLE MONSTER,0.7168097066633194,"{""uncertainty"": 0.20144124329090118, ""gene_count"": 20, ""low_knownness_enhanced"": true, ""low_knownness_gate"": 0.15374154235730875}"
oracle_v15,AA018,0.9713530540466309,medium,1,0.7981884628534317,21,RED: ORACLE MONSTER,0.7164236546288123,"{""uncertainty"": 0.2018115371465683, ""gene_count"": 20, ""low_knownness_enhanced"": true, ""low_knownness_gate"": 0.15470755737843278}"
oracle_v15,AC431,0.9713521152734756,medium,1,0.7986901253461838,15,RED: ORACLE MONSTER,0.7168689292403387,"{""uncertainty"": 0.20130987465381622, ""gene_count"": 20, ""low_knownness_enhanced"": true, ""low_knownness_gate"": 0.15340001871282863}"
oracle_v15,AC313,0.9713164418935776,high,1,0.8023597449064255,5,RED: ORACLE MONSTER,0.7199717982181637,"{""uncertainty"": 0.19764025509357452, ""gene_count"": 20, ""low_knownness_enhanced"": true, ""low_knownness_gate"": 0.14410917115317956}"
oracle_v15,AC540,0.9713105589151383,medium,1,0.799883246421814,5,RED: ORACLE MONSTER,0.7177182203788348,"{""uncertainty"": 0.20011675357818604, ""gene_count"": 20, ""low_knownness_enhanced"": true, ""low_knownness_gate"": 0.15032660808557466}"
oracle_v15,AA275,0.9712998300790787,medium,1,0.7974300682544708,33,RED: ORACLE MONSTER,0.7154599991548007,"{""uncertainty"": 0.20256993174552917, ""gene_count"": 20, ""low_knownness_enhanced"": true, ""low_knownness_gate"": 0.15670151491616321}"
oracle_v15,AA919,0.9712940454483032,medium,1,0.7984262853860855,10,RED: ORACLE MONSTER,0.7163230216634915,"{""uncertainty"": 0.2015737146139145, ""gene_count"": 20, ""low_knownness_enhanced"": true, ""low_knownness_gate"": 0.154086562515181}"
oracle_v15,AB272,0.9712870001792908,medium,1,0.7979018986225128,18,RED: ORACLE MONSTER,0.715815082082436,"{""uncertainty"": 0.20209810137748718, ""gene_count"": 20, ""low_knownness_enhanced"": true, ""low_knownness_gate"": 0.15545853951646596}"
oracle_v15,AA171,0.9712729454040527,medium,1,0.7971919625997543,34,RED: ORACLE MONSTER,0.715103487401251,"{""uncertainty"": 0.20280803740024567, ""gene_count"": 20, ""low_knownness_enhanced"": true, ""low_knownness_gate"": 0.1573318391074229}"
oracle_v15,AC125,0.971265721321106,medium,1,0.7971654981374741,26,RED: ORACLE MONSTER,0.7150413561071858,"{""uncertainty"": 0.20283450186252594, ""gene_count"": 20, ""low_knownness_enhanced"": true, ""low_knownness_gate"": 0.15740202422622623}"
oracle_v15,AA345,0.9712642282247543,medium,1,0.7975795865058899,12,RED: ORACLE MONSTER,0.7154048459249118,"{""uncertainty"": 0.2024204134941101, ""gene_count"": 20, ""low_knownness_enhanced"": true, ""low_knownness_gate"": 0.15630675523978435}"
oracle_v15,AA752,0.9712607145309449,medium,1,0.7976080030202866,21,RED: ORACLE MONSTER,0.7154116510130208,"{""uncertainty"": 0.20239199697971344, ""gene_count"": 20, ""low_knownness_enhanced"": true, ""low_knownness_gate"": 0.1562318213484369}"
oracle_v15,AD280,0.97125746011734,high,1,0.8047541528940201,9,RED: ORACLE MONSTER,0.7218039046128943,"{""uncertainty"": 0.19524584710597992, ""gene_count"": 20, ""low_knownness_enhanced"": true, ""low_knownness_gate"": 0.1383026334554324}"
oracle_v15,AA411,0.9712437719106675,medium,1,0.7973636239767075,15,RED: ORACLE MONSTER,0.7151023932415717,"{""uncertainty"": 0.20263637602329254, ""gene_count"": 20, ""low_knownness_enhanced"": true, ""low_knownness_gate"": 0.15687720214970155}"
oracle_v15,AD931,0.9712356269359588,high,1,0.8013359606266022,7,RED: ORACLE MONSTER,0.7186214053331135,"{""uncertainty"": 0.19866403937339783, ""gene_count"": 20, ""low_knownness_enhanced"": true, ""low_knownness_gate"": 0.1466531265909453}"
oracle_v15,AA304,0.9712147682905197,medium,1,0.7975748181343079,14,RED: ORACLE MONSTER,0.7151375821856654,"{""uncertainty"": 0.20242518186569214, ""gene_count"": 20, ""low_knownness_enhanced"": true, ""low_knownness_gate"": 0.15631933222762615}"
oracle_v15,AA378,0.9712145805358887,medium,1,0.7967418432235718,35,RED: ORACLE MONSTER,0.7143897061803273,"{""uncertainty"": 0.20325815677642822, ""gene_count"": 20, ""low_knownness_enhanced"": true, ""low_knownness_gate"": 0.158529047526297}"
oracle_v15,AC347,0.9711765199899673,high,1,0.8033687025308609,3,RED: ORACLE MONSTER,0.72012776148022,"{""uncertainty"": 0.1966312974691391, ""gene_count"": 20, ""low_knownness_enhanced"": true, ""low_knownness_gate"": 0.14163807006887247}"
oracle_v15,AB979,0.9711695641279221,high,1,0.8021887689828873,4,RED: ORACLE MONSTER,0.7190328871601652,"{""uncertainty"": 0.19781123101711273, ""gene_count"": 20, ""low_knownness_enhanced"": true, ""low_knownness_gate"": 0.1445314539321133}"
oracle_v15,AA710,0.9711664348840714,high,1,0.8019290715456009,3,RED: ORACLE MONSTER,0.7187833807369257,"{""uncertainty"": 0.1980709284543991, ""gene_count"": 20, ""low_knownness_enhanced"": true, ""low_knownness_gate"": 0.14517483114016466}"
oracle_v15,AC690,0.9711171627044677,medium,1,0.7991758286952972,13,RED: ORACLE MONSTER,0.7160530856561707,"{""uncertainty"": 0.20082417130470276, ""gene_count"": 20, ""low_knownness_enhanced"": true, ""low_knownness_gate"": 0.15214271097240709}"
oracle_v15,AA331,0.9711144715547562,medium,1,0.799206480383873,11,RED: ORACLE MONSTER,0.7160662106828513,"{""uncertainty"": 0.20079351961612701, ""gene_count"": 20, ""low_knownness_enhanced"": true, ""low_knownness_gate"": 0.1520636493554026}"
oracle_v15,AA998,0.9711100101470946,medium,1,0.7958022207021713,23,RED: ORACLE MONSTER,0.712992421786808,"{""uncertainty"": 0.20419777929782867, ""gene_count"": 20, ""low_knownness_enhanced"": true, ""low_knownness_gate"": 0.16105203102414406}"
oracle_v15,AB460,0.9711042881011962,medium,1,0.7960235178470612,15,RED: ORACLE MONSTER,0.7131603252472303,"{""uncertainty"": 0.20397648215293884, ""gene_count"": 20, ""low_knownness_enhanced"": true, ""low_knownness_gate"": 0.1604549197011509}"
oracle_v15,AC670,0.9710956066846848,high,1,0.8007800281047821,6,RED: ORACLE MONSTER,0.7173753538172942,"{""uncertainty"": 0.1992199718952179, ""gene_count"": 20, ""low_knownness_enhanced"": true, ""low_knownness_gate"": 0.1480500548517748}"
oracle_v15,AB169,0.9710953295230865,medium,1,0.7982976883649826,8,RED: ORACLE MONSTER,0.7151500853578217,"{""uncertainty"": 0.2017023116350174, ""gene_count"": 20, ""low_knownness_enhanced"": true, ""low_knownness_gate"": 0.1544220975744272}"
oracle_v15,AF686,0.9710708320140838,high,1,0.8021797686815262,3,RED: ORACLE MONSTER,0.7184968138129282,"{""uncertainty"": 0.19782023131847382, ""gene_count"": 20, ""low_knownness_enhanced"": true, ""low_knownness_gate"": 0.14455371168176284}"
oracle_v15,AA739,0.9710456550121307,medium,1,0.7949686795473099,36,RED: ORACLE MONSTER,0.7119045487011366,"{""uncertainty"": 0.20503132045269012, ""gene_count"": 20, ""low_knownness_enhanced"": true, ""low_knownness_gate"": 0.16331724441049397}"
oracle_v15,AA372,0.9710260123014449,medium,1,0.7950203269720078,39,RED: ORACLE MONSTER,0.7118466905974001,"{""uncertainty"": 0.20497967302799225, ""gene_count"": 20, ""low_knownness_enhanced"": true, ""low_knownness_gate"": 0.16317614653359852}"
oracle_v15,AA338,0.9710227400064468,medium,1,0.794845312833786,33,RED: ORACLE MONSTER,0.7116726463433327,"{""uncertainty"": 0.205154687166214, ""gene_count"": 20, ""low_knownness_enhanced"": true, ""low_knownness_gate"": 0.16365467274972678}"
oracle_v15,AC333,0.9710036247968674,medium,1,0.7954069077968597,14,RED: ORACLE MONSTER,0.7120741135070983,"{""uncertainty"": 0.20459309220314026, ""gene_count"": 20, ""low_knownness_enhanced"": true, ""low_knownness_gate"": 0.16212314415111143}"
oracle_v15,AC408,0.9069363393566825,medium,0,0.7990327179431915,2,RED: ORACLE MONSTER,0.7149162352101079,"{""uncertainty"": 0.20096728205680847, ""gene_count"": 20, ""low_knownness_enhanced"": true, ""low_knownness_gate"": 0.1525122909961693}"
oracle_v15,AB724,0.9067783930084923,high,1,0.802044615149498,7,RED: ORACLE MONSTER,0.716766527842065,"{""uncertainty"": 0.19795538485050201, ""gene_count"": 20, ""low_knownness_enhanced"": true, ""low_knownness_gate"": 0.14488828907540952}"
oracle_v15,AD485,0.9067408778450705,medium,1,0.7929667532444,13,RED: ORACLE MONSTER,0.7084555556055818,"{""uncertainty"": 0.20703324675559998, ""gene_count"": 20, ""low_knownness_enhanced"": true, ""low_knownness_gate"": 0.1688623059187943}"
oracle_v15,AA162,0.9066194900057533,medium,1,0.7879774868488312,17,RED: ORACLE MONSTER,0.7033603525314316,"{""uncertainty"": 0.21202251315116882, ""gene_count"": 20, ""low_knownness_enhanced"": true, ""low_knownness_gate"": 0.18333310877949546}"
oracle_v15,AA609,0.9065854170105674,medium,1,0.7959661036729813,7,RED: ORACLE MONSTER,0.7103103036671321,"{""uncertainty"": 0.20403389632701874, ""gene_count"": 20, ""low_knownness_enhanced"": true, ""low_knownness_gate"": 0.16060966429663454}"
oracle_v15,AB631,0.9065567710182884,high,1,0.8007306754589081,6,RED: ORACLE MONSTER,0.7144092304192782,"{""uncertainty"": 0.19926932454109192, ""gene_count"": 20, ""low_knownness_enhanced"": true, ""low_knownness_gate"": 0.14817459631110994}"
oracle_v15,AB337,0.9065102972767569,medium,1,0.7964292764663696,10,RED: ORACLE MONSTER,0.7103247829695221,"{""uncertainty"": 0.20357072353363037, ""gene_count"": 20, ""low_knownness_enhanced"": true, ""low_knownness_gate"": 0.1593647417527784}"
oracle_v15,AF563,0.9064581283114173,medium,1,0.789694681763649,6,RED: ORACLE MONSTER,0.7040436362833438,"{""uncertainty"": 0.210305318236351, ""gene_count"": 20, ""low_knownness_enhanced"": true, ""low_knownness_gate"": 0.17824688443307357}"
oracle_v15,AA827,0.9062280573628165,medium,1,0.7884389907121658,6,RED: ORACLE MONSTER,0.7017148259822026,"{""uncertainty"": 0.21156100928783417, ""gene_count"": 20, ""low_knownness_enhanced"": true, ""low_knownness_gate"": 0.18195519963037296}"
oracle_v15,AA667,0.906228039481423,medium,1,0.7893140614032745,8,RED: ORACLE MONSTER,0.7024935493811313,"{""uncertainty"": 0.21068593859672546, ""gene_count"": 20, ""low_knownness_enhanced"": true, ""low_knownness_gate"": 0.17936464361331525}"
oracle_v15,AA783,0.9062269308350304,medium,1,0.7828029245138168,3,RED: ORACLE MONSTER,0.696692818588982,"{""uncertainty"": 0.21719707548618317, ""gene_count"": 20, ""low_knownness_enhanced"": true, ""low_knownness_gate"": 0.19933827622126443}"
oracle_v15,AC942,0.8463934961826571,medium,0,0.7950115650892258,0,RED: ORACLE MONSTER,0.70750872517314,"{""uncertainty"": 0.20498843491077423, ""gene_count"": 20, ""low_knownness_enhanced"": true, ""low_knownness_gate"": 0.1632000765938486}"
oracle_v15,AA977,0.8463281396896609,medium,1,0.7861900180578232,25,RED: ORACLE MONSTER,0.6993155697013584,"{""uncertainty"": 0.21380998194217682, ""gene_count"": 20, ""low_knownness_enhanced"": true, ""low_knownness_gate"": 0.18874628381310066}"
oracle_v15,AA698,0.8461090121538408,medium,1,0.786186546087265,12,RED: ORACLE MONSTER,0.6981639805819473,"{""uncertainty"": 0.21381345391273499, ""gene_count"": 20, ""low_knownness_enhanced"": true, ""low_knownness_gate"": 0.18875691668360586}"
oracle_v15,AC689,0.846091926482416,medium,0,0.7802437841892242,2,RED: ORACLE MONSTER,0.6927977055110688,"{""uncertainty"": 0.21975621581077576, ""gene_count"": 20, ""low_knownness_enhanced"": true, ""low_knownness_gate"": 0.2076330161565531}"
oracle_v15,AC654,0.8460589978964098,medium,1,0.7944890260696411,3,RED: ORACLE MONSTER,0.7052719978886799,"{""uncertainty"": 0.2055109739303589, ""gene_count"": 20, ""low_knownness_enhanced"": true, ""low_knownness_gate"": 0.16463232412055762}"
oracle_v15,AA349,0.8458914671213396,medium,1,0.7850817739963531,6,RED: ORACLE MONSTER,0.6960442960809825,"{""uncertainty"": 0.21491822600364685, ""gene_count"": 20, ""low_knownness_enhanced"": true, ""low_knownness_gate"": 0.19216363138298745}"
oracle_v15,AA579,0.8458200756580598,medium,1,0.7812814712524414,34,RED: ORACLE MONSTER,0.6923031467086957,"{""uncertainty"": 0.2187185287475586, ""gene_count"": 20, ""low_knownness_enhanced"": true, ""low_knownness_gate"": 0.20423929248007644}"
oracle_v15,AF250,0.8457789484531648,medium,1,0.7971796542406082,3,RED: ORACLE MONSTER,0.7061721509098522,"{""uncertainty"": 0.20282034575939178, ""gene_count"": 20, ""low_knownness_enhanced"": true, ""low_knownness_gate"": 0.15736447834411493}"
oracle_v15,AA401,0.8457402531177767,medium,1,0.7785816192626953,5,RED: ORACLE MONSTER,0.6894964521472957,"{""uncertainty"": 0.2214183807373047, ""gene_count"": 20, ""low_knownness_enhanced"": true, ""low_knownness_gate"": 0.21315542006951865}"
oracle_v15,AF610,0.8456845704586275,medium,0,0.7939580082893372,2,RED: ORACLE MONSTER,0.7028187462534774,"{""uncertainty"": 0.20604199171066284, ""gene_count"": 20, ""low_knownness_enhanced"": true, ""low_knownness_gate"": 0.166098132958803}"
oracle_v15,AC948,0.8456649903328188,medium,1,0.7898972928524017,5,RED: ORACLE MONSTER,0.6991210559579031,"{""uncertainty"": 0.21010270714759827, ""gene_count"": 20, ""low_knownness_enhanced"": true, ""low_knownness_gate"": 0.17765410920196442}"
oracle_v15,AC472,0.8455394629509219,medium,0,0.7960064262151718,2,RED: ORACLE MONSTER,0.7038619807733184,"{""uncertainty"": 0.20399357378482819, ""gene_count"": 20, ""low_knownness_enhanced"": true, ""low_knownness_gate"": 0.16050097302612953}"
oracle_v15,AD100,0.8455300305158862,medium,1,0.7864072620868683,8,RED: ORACLE MONSTER,0.6953245491391744,"{""uncertainty"": 0.2135927379131317, ""gene_count"": 20, ""low_knownness_enhanced"": true, ""low_knownness_gate"": 0.18808189035869619}"
oracle_v15,AA525,0.845457360532976,medium,1,0.7806799858808517,13,RED: ORACLE MONSTER,0.6898824001783437,"{""uncertainty"": 0.21932001411914825, ""gene_count"": 20, ""low_knownness_enhanced"": true, ""low_knownness_gate"": 0.2062013852420787}"
oracle_v15,AB045,0.8454554114610918,medium,1,0.7774293720722198,18,RED: ORACLE MONSTER,0.6869997497352482,"{""uncertainty"": 0.22257062792778015, ""gene_count"": 20, ""low_knownness_enhanced"": true, ""low_knownness_gate"": 0.21704606859260522}"
oracle_v15,AA837,0.845224839833475,medium,1,0.7877990156412125,6,RED: ORACLE MONSTER,0.6949522485236361,"{""uncertainty"": 0.21220098435878754, ""gene_count"": 20, ""low_knownness_enhanced"": true, ""low_knownness_gate"": 0.1838681345694755}"
oracle_v15,AB672,0.8450668130190142,medium,1,0.7798404693603516,4,RED: ORACLE MONSTER,0.6871100925612836,"{""uncertainty"": 0.22015953063964844, ""gene_count"": 20, ""low_knownness_enhanced"": true, ""low_knownness_gate"": 0.20896322559149255}"
oracle_v15,AB600,0.8450216356785067,medium,0,0.7912489771842957,1,RED: ORACLE MONSTER,0.6969237111898607,"{""uncertainty"": 0.20875102281570435, ""gene_count"": 20, ""low_knownness_enhanced"": true, ""low_knownness_gate"": 0.17373902861394605}"
oracle_v15,AC095,0.8444449786216982,medium,1,0.7753332257270813,3,RED: ORACLE MONSTER,0.6799246101869301,"{""uncertainty"": 0.2246667742729187, ""gene_count"": 20, ""low_knownness_enhanced"": true, ""low_knownness_gate"": 0.22425478393886775}"
oracle_v15,AC694,0.8443931494028338,medium,1,0.7730818688869476,3,RED: ORACLE MONSTER,0.6776831724912871,"{""uncertainty"": 0.22691813111305237, ""gene_count"": 20, ""low_knownness_enhanced"": true, ""low_knownness_gate"": 0.23218503300607354}"
oracle_v15,AC030,0.8442704472810991,medium,1,0.770192950963974,4,RED: ORACLE MONSTER,0.6745207197833114,"{""uncertainty"": 0.229807049036026, ""gene_count"": 20, ""low_knownness_enhanced"": true, ""low_knownness_gate"": 0.24264441610793056}"
oracle_v15,AB721,0.8440912936002978,medium,1,0.7659946233034134,9,RED: ORACLE MONSTER,0.6699290304776655,"{""uncertainty"": 0.2340053766965866, ""gene_count"": 20, ""low_knownness_enhanced"": true, ""low_knownness_gate"": 0.2584061299158827}"
oracle_v15,AB159,0.8440801803142793,medium,1,0.7680068463087082,4,RED: ORACLE MONSTER,0.6716319942662512,"{""uncertainty"": 0.2319931536912918, ""gene_count"": 20, ""low_knownness_enhanced"": true, ""low_knownness_gate"": 0.25076926984203024}"
oracle_v15,AB709,0.8439889583856829,medium,1,0.7849596738815308,6,RED: ORACLE MONSTER,0.6859800926394328,"{""uncertainty"": 0.21504032611846924, ""gene_count"": 20, ""low_knownness_enhanced"": true, ""low_knownness_gate"": 0.19254300493285376}"
oracle_v15,AD279,0.8437405321867235,medium,1,0.7877024114131927,7,RED: ORACLE MONSTER,0.6870724115903126,"{""uncertainty"": 0.21229758858680725, ""gene_count"": 20, ""low_knownness_enhanced"": true, ""low_knownness_gate"": 0.1841582415274096}"
oracle_v15,AB640,0.8436998698980578,medium,1,0.7924312204122543,6,RED: ORACLE MONSTER,0.6909822953555915,"{""uncertainty"": 0.20756877958774567, ""gene_count"": 20, ""low_knownness_enhanced"": true, ""low_knownness_gate"": 0.17037085927827383}"
oracle_v15,AB186,0.8422227237493761,medium,1,0.7619649022817612,4,RED: ORACLE MONSTER,0.6569127907547125,"{""uncertainty"": 0.23803509771823883, ""gene_count"": 20, ""low_knownness_enhanced"": true, ""low_knownness_gate"": 0.2741486361687455}"
oracle_v15,AA442,0.8419422093899019,medium,1,0.7729900032281876,6,RED: ORACLE MONSTER,0.664972295578222,"{""uncertainty"": 0.22700999677181244, ""gene_count"": 20, ""low_knownness_enhanced"": true, ""low_knownness_gate"": 0.23251274143596423}"
oracle_v15,AE538,0.8415187601120241,medium,1,0.7485905885696411,9,RED: ORACLE MONSTER,0.641869190166716,"{""uncertainty"": 0.2514094114303589, ""gene_count"": 20, ""low_knownness_enhanced"": true, ""low_knownness_gate"": 0.330441575520684}"
oracle_v15,AB040,0.841479966428972,medium,1,0.7470158338546753,19,RED: ORACLE MONSTER,0.6403257407363228,"{""uncertainty"": 0.2529841661453247, ""gene_count"": 20, ""low_knownness_enhanced"": true, ""low_knownness_gate"": 0.3374466933612367}"
oracle_v15,AB039,0.841441235330797,medium,1,0.748193621635437,11,RED: ORACLE MONSTER,0.6411421257588685,"{""uncertainty"": 0.251806378364563, ""gene_count"": 20, ""low_knownness_enhanced"": true, ""low_knownness_gate"": 0.33220051234304454}"
oracle_v15,AE341,0.8083394545316697,medium,0,0.7720243185758591,1,RED: ORACLE MONSTER,0.6605411995413979,"{""uncertainty"": 0.22797568142414093, ""gene_count"": 20, ""low_knownness_enhanced"": true, ""low_knownness_gate"": 0.2359770705157057}"
oracle_v15,AB131,0.8080102491378784,medium,1,0.743245542049408,5,RED: ORACLE MONSTER,0.634286980055748,"{""uncertainty"": 0.25675445795059204, ""gene_count"": 20, ""low_knownness_enhanced"": true, ""low_knownness_gate"": 0.3545066899089917}"
oracle_v15,AD358,0.8755383529335666,medium,0,0.7106797695159912,0,RED: ORACLE MONSTER,0.6045663144215325,"{""uncertainty"": 0.2893202304840088, ""gene_count"": 20, ""low_knownness_enhanced"": true, ""low_knownness_gate"": 0.5130040221415137}"
oracle_v15,AB002,0.8074276822805405,medium,1,0.7410849928855896,21,RED: ORACLE MONSTER,0.62956495344201,"{""uncertainty"": 0.2589150071144104, ""gene_count"": 20, ""low_knownness_enhanced"": true, ""low_knownness_gate"": 0.3644557332450795}"
oracle_v15,AE548,0.8756793142351018,medium,1,0.7039488852024078,4,RED: ORACLE MONSTER,0.5966440699564757,"{""uncertainty"": 0.29605111479759216, ""gene_count"": 20, ""low_knownness_enhanced"": true, ""low_knownness_gate"": 0.5465263870928918}"
oracle_v15,AA742,0.8064622658491135,medium,1,0.7291274964809418,5,RED: ORACLE MONSTER,0.6147141019858093,"{""uncertainty"": 0.2708725035190582, ""gene_count"": 20, ""low_knownness_enhanced"": true, ""low_knownness_gate"": 0.4214249123302234}"
oracle_v15,AB148,0.8058133322000505,medium,1,0.7472323477268219,3,RED: ORACLE MONSTER,0.6267452773011879,"{""uncertainty"": 0.2527676522731781, ""gene_count"": 20, ""low_knownness_enhanced"": true, ""low_knownness_gate"": 0.33647922793368096}"
oracle_v15,AC072,0.7438563907688314,medium,0,0.7718003988265991,1,RED: ORACLE MONSTER,0.6466379016334614,"{""uncertainty"": 0.22819960117340088, ""gene_count"": 20, ""low_knownness_enhanced"": true, ""low_knownness_gate"": 0.23678544329194595}"
oracle_v15,AA885,0.7434079254215413,medium,1,0.7371639013290405,5,RED: ORACLE MONSTER,0.6154144384072211,"{""uncertainty"": 0.2628360986709595, ""gene_count"": 20, ""low_knownness_enhanced"": true, ""low_knownness_gate"": 0.3828060592937622}"
oracle_v15,AB720,0.743365108424967,medium,1,0.7234817743301392,8,RED: ORACLE MONSTER,0.6037855262773206,"{""uncertainty"": 0.27651822566986084, ""gene_count"": 20, ""low_knownness_enhanced"": true, ""low_knownness_gate"": 0.44917309805556876}"
oracle_v15,AA357,0.7433082813566381,medium,0,0.7292321920394897,0,RED: ORACLE MONSTER,0.6083083001541496,"{""uncertainty"": 0.27076780796051025, ""gene_count"": 20, ""low_knownness_enhanced"": true, ""low_knownness_gate"": 0.4209144466110813}"
oracle_v15,AD644,0.7430475348776037,medium,1,0.7672565877437592,3,RED: ORACLE MONSTER,0.6386936247879156,"{""uncertainty"": 0.23274341225624084, ""gene_count"": 20, ""low_knownness_enhanced"": true, ""low_knownness_gate"": 0.2535990316003077}"
oracle_v15,AD529,0.7430182451551611,medium,1,0.7692171633243561,6,RED: ORACLE MONSTER,0.6401754815732197,"{""uncertainty"": 0.23078283667564392, ""gene_count"": 20, ""low_knownness_enhanced"": true, ""low_knownness_gate"": 0.246248777450125}"
oracle_v15,AC308,0.7427989566868002,medium,0,0.7318699657917023,1,RED: ORACLE MONSTER,0.6080236059646733,"{""uncertainty"": 0.26813003420829773, ""gene_count"": 20, ""low_knownness_enhanced"": true, ""low_knownness_gate"": 0.40811192204624297}"
oracle_v15,AE334,0.7427363986318761,medium,1,0.721719890832901,7,RED: ORACLE MONSTER,0.5992901213676909,"{""uncertainty"": 0.278280109167099, ""gene_count"": 20, ""low_knownness_enhanced"": true, ""low_knownness_gate"": 0.45790622103823786}"
oracle_v15,AC586,0.7425244057720358,medium,1,0.7517349421977997,4,RED: ORACLE MONSTER,0.6231511192990471,"{""uncertainty"": 0.24826505780220032, ""gene_count"": 20, ""low_knownness_enhanced"": true, ""low_knownness_gate"": 0.3166790995169943}"
oracle_v15,AE821,0.7424694651907141,medium,1,0.7610933780670166,5,RED: ORACLE MONSTER,0.6306300340933433,"{""uncertainty"": 0.2389066219329834, ""gene_count"": 20, ""low_knownness_enhanced"": true, ""low_knownness_gate"": 0.2776307684268231}"
oracle_v15,AA434,0.7422861362045462,medium,1,0.7320476770401001,4,RED: ORACLE MONSTER,0.6056685181278922,"{""uncertainty"": 0.2679523229598999, ""gene_count"": 20, ""low_knownness_enhanced"": true, ""low_knownness_gate"": 0.4072536568195341}"
oracle_v15,AE536,0.7418014789169485,medium,0,0.7478069067001343,2,RED: ORACLE MONSTER,0.6162909073443856,"{""uncertainty"": 0.2521930932998657, ""gene_count"": 20, ""low_knownness_enhanced"": true, ""low_knownness_gate"": 0.3339185360446577}"
oracle_v15,AC686,0.7417973125522787,medium,1,0.7378757297992706,9,RED: ORACLE MONSTER,0.6080858208206745,"{""uncertainty"": 0.26212427020072937, ""gene_count"": 20, ""low_knownness_enhanced"": true, ""low_knownness_gate"": 0.3794481072184952}"
oracle_v15,AB338,0.7414048517292197,medium,1,0.7459917366504669,5,RED: ORACLE MONSTER,0.6128224319424316,"{""uncertainty"": 0.2540082633495331, ""gene_count"": 20, ""low_knownness_enhanced"": true, ""low_knownness_gate"": 0.34204110921328307}"
oracle_v15,AF086,0.7412492031400854,medium,0,0.7150545120239258,1,RED: ORACLE MONSTER,0.5866659259826292,"{""uncertainty"": 0.2849454879760742, ""gene_count"": 20, ""low_knownness_enhanced"": true, ""low_knownness_gate"": 0.49113417219392735}"
oracle_v15,AA859,0.7408638948743994,medium,1,0.7321818768978119,6,RED: ORACLE MONSTER,0.5988372878299693,"{""uncertainty"": 0.2678181231021881, ""gene_count"": 20, ""low_knownness_enhanced"": true, ""low_knownness_gate"": 0.4066059065975343}"
oracle_v15,AB443,0.7408591652458364,medium,1,0.7138918042182922,14,RED: ORACLE MONSTER,0.5838556842149707,"{""uncertainty"": 0.28610819578170776, ""gene_count"": 20, ""low_knownness_enhanced"": true, ""low_knownness_gate"": 0.49694681982317634}"
oracle_v15,AE319,0.7407152915542776,medium,0,0.7463348805904388,2,RED: ORACLE MONSTER,0.6096733681184414,"{""uncertainty"": 0.25366511940956116, ""gene_count"": 20, ""low_knownness_enhanced"": true, ""low_knownness_gate"": 0.3404983038168476}"
oracle_v15,AD350,0.7404999548738653,medium,1,0.7790684849023819,5,RED: ORACLE MONSTER,0.6352947028583706,"{""uncertainty"": 0.2209315150976181, ""gene_count"": 20, ""low_knownness_enhanced"": true, ""low_knownness_gate"": 0.21152683780071294}"
oracle_v15,AA765,0.7404461497610265,medium,1,0.7566252648830414,3,RED: ORACLE MONSTER,0.6167218817791102,"{""uncertainty"": 0.24337473511695862, ""gene_count"": 20, ""low_knownness_enhanced"": true, ""low_knownness_gate"": 0.29590348899339464}"
oracle_v15,AD572,0.8696757389273966,medium,1,0.710226982831955,5,RED: ORACLE MONSTER,0.5750349830971366,"{""uncertainty"": 0.28977301716804504, ""gene_count"": 20, ""low_knownness_enhanced"": true, ""low_knownness_gate"": 0.5152661423471067}"
oracle_v15,AF069,0.8694376679621438,medium,1,0.7092031538486481,6,RED: ORACLE MONSTER,0.5725896089450497,"{""uncertainty"": 0.29079684615135193, ""gene_count"": 20, ""low_knownness_enhanced"": true, ""low_knownness_gate"": 0.5203787382658258}"
oracle_v15,AA515,0.8695487758971062,medium,1,0.7069690227508545,13,RED: ORACLE MONSTER,0.5703554758014491,"{""uncertainty"": 0.2930309772491455, ""gene_count"": 20, ""low_knownness_enhanced"": true, ""low_knownness_gate"": 0.5315188400657301}"
oracle_v15,AD452,0.739105715805834,medium,1,0.7274027466773987,4,RED: ORACLE MONSTER,0.5864025018043044,"{""uncertainty"": 0.2725972533226013, ""gene_count"": 20, ""low_knownness_enhanced"": true, ""low_knownness_gate"": 0.42985770819091174}"
oracle_v15,AB152,0.7390479320829565,medium,1,0.7469334602355957,5,RED: ORACLE MONSTER,0.6018596312093791,"{""uncertainty"": 0.2530665397644043, ""gene_count"": 20, ""low_knownness_enhanced"": true, ""low_knownness_gate"": 0.3378151279266933}"
oracle_v15,AA103,0.8695642075476249,medium,1,0.7045279145240784,23,RED: ORACLE MONSTER,0.5673756865206805,"{""uncertainty"": 0.29547208547592163, ""gene_count"": 20, ""low_knownness_enhanced"": true, ""low_knownness_gate"": 0.5436547939041579}"
oracle_v15,AC517,0.8692636307714979,medium,1,0.7072530090808868,5,RED: ORACLE MONSTER,0.5693062597397791,"{""uncertainty"": 0.29274699091911316, ""gene_count"": 20, ""low_knownness_enhanced"": true, ""low_knownness_gate"": 0.5301043014419414}"
oracle_v15,AC570,0.7089290135181867,medium,0,0.7754662930965424,2,RED: ORACLE MONSTER,0.622789775472528,"{""uncertainty"": 0.22453370690345764, ""gene_count"": 20, ""low_knownness_enhanced"": true, ""low_knownness_gate"": 0.22379214355266888}"
oracle_v15,AD669,0.7077734284676038,medium,1,0.7511841952800751,4,ORANGE: ORACLE STEALTH,0.597501373877007,"{""uncertainty"": 0.24881580471992493, ""gene_count"": 20, ""low_knownness_enhanced"": true, ""low_knownness_gate"": 0.31906745859095165}"
oracle_v15,AA661,0.8683311403623779,medium,1,0.7023197412490845,5,ORANGE: ORACLE STEALTH,0.5585618021884287,"{""uncertainty"": 0.2976802587509155, ""gene_count"": 20, ""low_knownness_enhanced"": true, ""low_knownness_gate"": 0.5545886392095716}"
oracle_v15,AD370,0.7006456190839234,medium,0,0.7042807638645172,1,ORANGE: ORACLE STEALTH,0.5598800049684165,"{""uncertainty"": 0.2957192361354828, ""gene_count"": 20, ""low_knownness_enhanced"": true, ""low_knownness_gate"": 0.5448808600343205}"
oracle_v15,AA932,0.7004575011220269,medium,0,0.7041862905025482,2,ORANGE: ORACLE STEALTH,0.558745215140414,"{""uncertainty"": 0.2958137094974518, ""gene_count"": 20, ""low_knownness_enhanced"": true, ""low_knownness_gate"": 0.5453493810357837}"
oracle_v15,AD328,0.707358803657385,medium,0,0.7550371736288071,2,ORANGE: ORACLE STEALTH,0.5984790337711114,"{""uncertainty"": 0.24496282637119293, ""gene_count"": 20, ""low_knownness_enhanced"": true, ""low_knownness_gate"": 0.30256350772592044}"
oracle_v15,AB056,0.7007301187621402,medium,1,0.700204610824585,9,ORANGE: ORACLE STEALTH,0.553198969065889,"{""uncertainty"": 0.29979538917541504, ""gene_count"": 20, ""low_knownness_enhanced"": true, ""low_knownness_gate"": 0.5650126070630731}"
oracle_v15,AD444,0.6995885457037547,medium,1,0.7056134939193726,4,ORANGE: ORACLE STEALTH,0.5567426135527143,"{""uncertainty"": 0.29438650608062744, ""gene_count"": 20, ""low_knownness_enhanced"": true, ""low_knownness_gate"": 0.5382633753128623}"
oracle_v15,AE015,0.6999985272208811,medium,1,0.700738936662674,8,ORANGE: ORACLE STEALTH,0.5503694057130453,"{""uncertainty"": 0.29926106333732605, ""gene_count"": 20, ""low_knownness_enhanced"": true, ""low_knownness_gate"": 0.5623843449276055}"
oracle_v15,AC260,0.7056384616173231,medium,0,0.7614966332912445,1,ORANGE: ORACLE STEALTH,0.5948655498837123,"{""uncertainty"": 0.2385033667087555, ""gene_count"": 20, ""low_knownness_enhanced"": true, ""low_knownness_gate"": 0.2760162005662686}"
oracle_v15,AC345,0.6988257558660547,medium,0,0.7033062279224396,2,ORANGE: ORACLE STEALTH,0.5488016022269839,"{""uncertainty"": 0.2966937720775604, ""gene_count"": 20, ""low_knownness_enhanced"": true, ""low_knownness_gate"": 0.5497099026254465}"
oracle_v15,AF454,0.7054468356646024,medium,1,0.7493387758731842,3,ORANGE: ORACLE STEALTH,0.5844107960086973,"{""uncertainty"": 0.2506612241268158, ""gene_count"": 20, ""low_knownness_enhanced"": true, ""low_knownness_gate"": 0.3271392878694393}"
oracle_v15,AC357,0.7049485169924223,medium,1,0.7729624658823013,4,ORANGE: ORACLE STEALTH,0.6002670811227375,"{""uncertainty"": 0.22703753411769867, ""gene_count"": 20, ""low_knownness_enhanced"": true, ""low_knownness_gate"": 0.23261103701363559}"
oracle_v15,AE982,0.7049316727198087,medium,1,0.7652991116046906,4,ORANGE: ORACLE STEALTH,0.5942299351755551,"{""uncertainty"": 0.23470088839530945, ""gene_count"": 20, ""low_knownness_enhanced"": true, ""low_knownness_gate"": 0.2610807266601197}"
oracle_v15,AA828,0.6972198634989673,medium,1,0.7089604139328003,4,ORANGE: ORACLE STEALTH,0.5502820977915803,"{""uncertainty"": 0.2910395860671997, ""gene_count"": 20, ""low_knownness_enhanced"": true, ""low_knownness_gate"": 0.5215902994364263}"
oracle_v15,AD546,0.7044935249365294,medium,1,0.7490254938602448,3,ORANGE: ORACLE STEALTH,0.5794061064867684,"{""uncertainty"": 0.25097450613975525, ""gene_count"": 20, ""low_knownness_enhanced"": true, ""low_knownness_gate"": 0.32851996630152336}"
oracle_v15,AA359,0.7037260823524916,medium,0,0.7490851581096649,2,ORANGE: ORACLE STEALTH,0.5756197272332866,"{""uncertainty"": 0.2509148418903351, ""gene_count"": 20, ""low_knownness_enhanced"": true, ""low_knownness_gate"": 0.32825678796313407}"
oracle_v15,AB687,0.7000864548085417,medium,1,0.6881329417228699,20,ORANGE: ORACLE STEALTH,0.5287562756990205,"{""uncertainty"": 0.3118670582771301, ""gene_count"": 20, ""low_knownness_enhanced"": true, ""low_knownness_gate"": 0.6231557175868541}"
oracle_v15,AD570,0.6980015101592476,medium,0,0.6964208483695984,1,ORANGE: ORACLE STEALTH,0.5325783406762277,"{""uncertainty"": 0.3035791516304016, ""gene_count"": 20, ""low_knownness_enhanced"": true, ""low_knownness_gate"": 0.5835117270986057}"
oracle_v15,AB238,0.6984866466800876,medium,1,0.6935757100582123,4,ORANGE: ORACLE STEALTH,0.5301011889427851,"{""uncertainty"": 0.3064242899417877, ""gene_count"": 20, ""low_knownness_enhanced"": true, ""low_knownness_gate"": 0.5972714673957576}"
oracle_v15,AB675,0.6949854797884918,medium,0,0.7107239365577698,2,ORANGE: ORACLE STEALTH,0.5417361079631497,"{""uncertainty"": 0.2892760634422302, ""gene_count"": 20, ""low_knownness_enhanced"": true, ""low_knownness_gate"": 0.5127833337889189}"
oracle_v15,AC113,0.6979276893996725,medium,1,0.6931399405002594,5,ORANGE: ORACLE STEALTH,0.5264811176787134,"{""uncertainty"": 0.3068600594997406, ""gene_count"": 20, ""low_knownness_enhanced"": true, ""low_knownness_gate"": 0.5993660634637227}"
oracle_v15,AC216,0.70188212623963,medium,1,0.7433232665061951,7,ORANGE: ORACLE STEALTH,0.5620544119750903,"{""uncertainty"": 0.25667673349380493, ""gene_count"": 20, ""low_knownness_enhanced"": true, ""low_knownness_gate"": 0.3541510540275174}"
oracle_v15,AB646,0.7013509683884107,medium,1,0.7599005848169327,6,ORANGE: ORACLE STEALTH,0.5718982921405358,"{""uncertainty"": 0.24009941518306732, ""gene_count"": 20, ""low_knownness_enhanced"": true, ""low_knownness_gate"": 0.28244039412890065}"
oracle_v15,AE698,0.6969014480541543,medium,0,0.6915069222450256,2,ORANGE: ORACLE STEALTH,0.5183912978099983,"{""uncertainty"": 0.30849307775497437, ""gene_count"": 20, ""low_knownness_enhanced"": true, ""low_knownness_gate"": 0.6071826167595994}"
oracle_v15,AB136,0.6969148482908056,medium,1,0.6905132830142975,4,ORANGE: ORACLE STEALTH,0.5167319676810287,"{""uncertainty"": 0.3094867169857025, ""gene_count"": 20, ""low_knownness_enhanced"": true, ""low_knownness_gate"": 0.611912282188012}"
oracle_v15,AB779,0.6963656531477759,medium,0,0.6924167275428772,0,ORANGE: ORACLE STEALTH,0.5172343317082273,"{""uncertainty"": 0.3075832724571228, ""gene_count"": 20, ""low_knownness_enhanced"": true, ""low_knownness_gate"": 0.6028342685640566}"
oracle_v15,AD194,0.7002840214050734,medium,1,0.7617328613996506,6,ORANGE: ORACLE STEALTH,0.5678590660092828,"{""uncertainty"": 0.23826713860034943, ""gene_count"": 20, ""low_knownness_enhanced"": true, ""low_knownness_gate"": 0.27507308514963086}"
oracle_v15,AD548,0.6944015829975858,medium,0,0.6986048221588135,1,ORANGE: ORACLE STEALTH,0.5178926513496549,"{""uncertainty"": 0.3013951778411865, ""gene_count"": 20, ""low_knownness_enhanced"": true, ""low_knownness_gate"": 0.5728593242268053}"
oracle_v15,AA114,0.6976734737049884,medium,1,0.6809988617897034,9,ORANGE: ORACLE STEALTH,0.5040798921593215,"{""uncertainty"": 0.31900113821029663, ""gene_count"": 20, ""low_knownness_enhanced"": true, ""low_knownness_gate"": 0.6560286236698862}"
oracle_v15,AF225,0.6994769983566724,medium,1,0.742936909198761,5,ORANGE: ORACLE STEALTH,0.5498498843184656,"{""uncertainty"": 0.257063090801239, ""gene_count"": 20, ""low_knownness_enhanced"": true, ""low_knownness_gate"": 0.3559204546719093}"
oracle_v15,AD973,0.691150106408359,medium,0,0.709971159696579,2,ORANGE: ORACLE STEALTH,0.5205985558830726,"{""uncertainty"": 0.290028840303421, ""gene_count"": 20, ""low_knownness_enhanced"": true, ""low_knownness_gate"": 0.5165439630098183}"
oracle_v15,AC587,0.6948680025128525,medium,1,0.6888610422611237,3,ORANGE: ORACLE STEALTH,0.5034254615158869,"{""uncertainty"": 0.31113895773887634, ""gene_count"": 20, ""low_knownness_enhanced"": true, ""low_knownness_gate"": 0.6197299985983974}"
oracle_v15,AF080,0.6942491645189247,medium,1,0.686501681804657,6,ORANGE: ORACLE STEALTH,0.49620003061805207,"{""uncertainty"": 0.313498318195343, ""gene_count"": 20, ""low_knownness_enhanced"": true, ""low_knownness_gate"": 0.6307858455208699}"
oracle_v15,AF644,0.6748054216305415,medium,0,0.7241391539573669,1,ORANGE: ORACLE STEALTH,0.5220500435302888,"{""uncertainty"": 0.27586084604263306, ""gene_count"": 20, ""low_knownness_enhanced"": true, ""low_knownness_gate"": 0.4459223841879253}"
oracle_v15,AD917,0.6948120956190038,medium,1,0.6821657419204712,7,ORANGE: ORACLE STEALTH,0.4915931578719679,"{""uncertainty"": 0.3178342580795288, ""gene_count"": 20, ""low_knownness_enhanced"": true, ""low_knownness_gate"": 0.6507433698558673}"
oracle_v15,AD575,0.6940364398430174,medium,1,0.6843030154705048,7,ORANGE: ORACLE STEALTH,0.49133270216664826,"{""uncertainty"": 0.31569698452949524, ""gene_count"": 20, ""low_knownness_enhanced"": true, ""low_knownness_gate"": 0.6409668239941027}"
oracle_v15,AB071,0.6741320351759592,medium,1,0.7277913987636566,3,ORANGE: ORACLE STEALTH,0.5214158057735325,"{""uncertainty"": 0.2722086012363434, ""gene_count"": 20, ""low_knownness_enhanced"": true, ""low_knownness_gate"": 0.42795373833405326}"
oracle_v15,AC516,0.6929480429418342,medium,0,0.6872350573539734,1,ORANGE: ORACLE STEALTH,0.4908411102391348,"{""uncertainty"": 0.3127649426460266, ""gene_count"": 20, ""low_knownness_enhanced"": true, ""low_knownness_gate"": 0.6273633506079263}"
oracle_v15,AE604,0.6933162571384779,medium,1,0.6835575997829437,5,ORANGE: ORACLE STEALTH,0.48639624599356424,"{""uncertainty"": 0.3164424002170563, ""gene_count"": 20, ""low_knownness_enhanced"": true, ""low_knownness_gate"": 0.6443903914044949}"
oracle_v15,AA519,0.6943705380016814,medium,1,0.6770793199539185,13,ORANGE: ORACLE STEALTH,0.4806502699144275,"{""uncertainty"": 0.32292068004608154, ""gene_count"": 20, ""low_knownness_enhanced"": true, ""low_knownness_gate"": 0.6734953305966477}"
oracle_v15,AC409,0.6722014794747034,medium,0,0.7489549219608307,2,ORANGE: ORACLE STEALTH,0.5269387832719605,"{""uncertainty"": 0.2510450780391693, ""gene_count"": 20, ""low_knownness_enhanced"": true, ""low_knownness_gate"": 0.3288313972222041}"
oracle_v15,AC628,0.6715707312027613,medium,1,0.7172808349132538,3,ORANGE: ORACLE STEALTH,0.5016378333082923,"{""uncertainty"": 0.2827191650867462, ""gene_count"": 20, ""low_knownness_enhanced"": true, ""low_knownness_gate"": 0.4800122856408634}"
oracle_v15,AB575,0.6925745416305334,medium,1,0.6787949502468109,5,ORANGE: ORACLE STEALTH,0.4745021892249923,"{""uncertainty"": 0.3212050497531891, ""gene_count"": 20, ""low_knownness_enhanced"": true, ""low_knownness_gate"": 0.6659055724009708}"
oracle_v15,AC082,0.6710937718550364,medium,1,0.7259474992752075,7,ORANGE: ORACLE STEALTH,0.5053906391203071,"{""uncertainty"": 0.2740525007247925, ""gene_count"": 20, ""low_knownness_enhanced"": true, ""low_knownness_gate"": 0.43700483682798097}"
oracle_v15,AE644,0.6710586349169413,medium,1,0.766260489821434,6,ORANGE: ORACLE STEALTH,0.5332762714991937,"{""uncertainty"": 0.23373951017856598, ""gene_count"": 20, ""low_knownness_enhanced"": true, ""low_knownness_gate"": 0.25738846684980593}"
oracle_v15,AA440,0.6899549405629867,medium,1,0.687701553106308,4,ORANGE: ORACLE STEALTH,0.47640207892823305,"{""uncertainty"": 0.312298446893692, ""gene_count"": 20, ""low_knownness_enhanced"": true, ""low_knownness_gate"": 0.6251796373029906}"
oracle_v15,AF706,0.6911374212371955,medium,1,0.6807979345321655,4,ORANGE: ORACLE STEALTH,0.47063945004487096,"{""uncertainty"": 0.3192020654678345, ""gene_count"": 20, ""low_knownness_enhanced"": true, ""low_knownness_gate"": 0.6569348593149291}"
oracle_v15,AF908,0.6917446271401664,medium,1,0.6739704012870789,5,ORANGE: ORACLE STEALTH,0.4621529124942718,"{""uncertainty"": 0.32602959871292114, ""gene_count"": 20, ""low_knownness_enhanced"": true, ""low_knownness_gate"": 0.687018080476243}"
oracle_v15,AA832,0.5702584314346314,medium,0,0.7416699528694153,1,ORANGE: ORACLE STEALTH,0.5080856066603872,"{""uncertainty"": 0.2583300471305847, ""gene_count"": 20, ""low_knownness_enhanced"": true, ""low_knownness_gate"": 0.36175019511849865}"
oracle_v15,AA201,0.69072699584995,medium,1,0.6784005463123322,4,ORANGE: ORACLE STEALTH,0.46449815314113074,"{""uncertainty"": 0.32159945368766785, ""gene_count"": 20, ""low_knownness_enhanced"": true, ""low_knownness_gate"": 0.6676581727238019}"
oracle_v15,AA206,0.69072699584995,medium,0,0.6784005463123322,2,ORANGE: ORACLE STEALTH,0.46449815314113074,"{""uncertainty"": 0.32159945368766785, ""gene_count"": 20, ""low_knownness_enhanced"": true, ""low_knownness_gate"": 0.6676581727238019}"
oracle_v15,AD578,0.6908642616652241,medium,1,0.6760441064834595,5,ORANGE: ORACLE STEALTH,0.46121164445862206,"{""uncertainty"": 0.3239558935165405, ""gene_count"": 20, ""low_knownness_enhanced"": true, ""low_knownness_gate"": 0.6780317291818848}"
oracle_v15,AG241,0.6895169865928262,medium,0,0.6790952086448669,0,ORANGE: ORACLE STEALTH,0.4595580539088644,"{""uncertainty"": 0.32090479135513306, ""gene_count"": 20, ""low_knownness_enhanced"": true, ""low_knownness_gate"": 0.664568242259929}"
oracle_v15,AA831,0.6853408466988954,medium,1,0.6991854608058929,4,ORANGE: ORACLE STEALTH,0.4723504798822482,"{""uncertainty"": 0.30081453919410706, ""gene_count"": 20, ""low_knownness_enhanced"": true, ""low_knownness_gate"": 0.5700154028990403}"
oracle_v15,AB111,0.6904842293903959,medium,1,0.6690523624420166,10,ORANGE: ORACLE STEALTH,0.4476114832826994,"{""uncertainty"": 0.3309476375579834, ""gene_count"": 20, ""low_knownness_enhanced"": true, ""low_knownness_gate"": 0.7077695748186646}"
oracle_v15,AF268,0.5667544651031494,medium,0,0.7180459499359131,2,ORANGE: ORACLE STEALTH,0.4751284445358124,"{""uncertainty"": 0.2819540500640869, ""gene_count"": 20, ""low_knownness_enhanced"": true, ""low_knownness_gate"": 0.4761940662691194}"
oracle_v15,AC951,0.6881095938849747,medium,1,0.672563225030899,4,ORANGE: ORACLE STEALTH,0.4415265204362733,"{""uncertainty"": 0.32743677496910095, ""gene_count"": 20, ""low_knownness_enhanced"": true, ""low_knownness_gate"": 0.6930375406862535}"
oracle_v15,AD560,0.6566134947334884,medium,0,0.6764884293079376,2,ORANGE: ORACLE STEALTH,0.44360767493103914,"{""uncertainty"": 0.3235115706920624, ""gene_count"": 20, ""low_knownness_enhanced"": true, ""low_knownness_gate"": 0.6760887127297205}"
oracle_v15,AB319,0.6570109633939459,medium,1,0.6739480197429657,3,ORANGE: ORACLE STEALTH,0.4412822014053699,"{""uncertainty"": 0.3260519802570343, ""gene_count"": 20, ""low_knownness_enhanced"": true, ""low_knownness_gate"": 0.6871143239067844}"
oracle_v15,AC633,0.6497311307793305,medium,0,0.7075203061103821,2,ORANGE: ORACLE STEALTH,0.4620261926335729,"{""uncertainty"": 0.2924796938896179, ""gene_count"": 20, ""low_knownness_enhanced"": true, ""low_knownness_gate"": 0.5287724499838456}"
oracle_v15,AA664,0.5644267100095749,medium,0,0.7300817668437958,1,ORANGE: ORACLE STEALTH,0.4717628246543111,"{""uncertainty"": 0.2699182331562042, ""gene_count"": 20, ""low_knownness_enhanced"": true, ""low_knownness_gate"": 0.4167785036348203}"
oracle_v15,AC969,0.6479840144978919,medium,1,0.7102260589599609,4,ORANGE: ORACLE STEALTH,0.4575958867786767,"{""uncertainty"": 0.28977394104003906, ""gene_count"": 20, ""low_knownness_enhanced"": true, ""low_knownness_gate"": 0.5152707573995132}"
oracle_v15,AD122,0.5632259386777878,medium,0,0.7197948396205902,2,ORANGE: ORACLE STEALTH,0.45935357785405806,"{""uncertainty"": 0.2802051603794098, ""gene_count"": 20, ""low_knownness_enhanced"": true, ""low_knownness_gate"": 0.46747758723749744}"
oracle_v15,AC297,0.5632191437482834,medium,1,0.731385350227356,4,ORANGE: ORACLE STEALTH,0.4667171964920058,"{""uncertainty"": 0.26861464977264404, ""gene_count"": 20, ""low_knownness_enhanced"": true, ""low_knownness_gate"": 0.41045523225007463}"
oracle_v15,AE107,0.6494941767727909,medium,1,0.6981572210788727,3,ORANGE: ORACLE STEALTH,0.4445983720137008,"{""uncertainty"": 0.3018427789211273, ""gene_count"": 20, ""low_knownness_enhanced"": true, ""low_knownness_gate"": 0.5750483655934185}"
oracle_v15,AG640,0.5626904892921448,medium,1,0.749093621969223,7,ORANGE: ORACLE STEALTH,0.47537725600583514,"{""uncertainty"": 0.250906378030777, ""gene_count"": 20, ""low_knownness_enhanced"": true, ""low_knownness_gate"": 0.32821946270503516}"
oracle_v15,AE050,0.5621140915155411,medium,1,0.72800013422966,4,ORANGE: ORACLE STEALTH,0.4591938088222083,"{""uncertainty"": 0.27199986577033997, ""gene_count"": 20, ""low_knownness_enhanced"": true, ""low_knownness_gate"": 0.4269320392991935}"
oracle_v15,AC890,0.5620055693387985,medium,0,0.742127001285553,2,ORANGE: ORACLE STEALTH,0.46756756518790965,"{""uncertainty"": 0.257872998714447, ""gene_count"": 20, ""low_knownness_enhanced"": true, ""low_knownness_gate"": 0.35964234289173247}"
oracle_v15,AB653,0.6534920777109217,medium,0,0.6723085939884186,1,ORANGE: ORACLE STEALTH,0.4206858858544731,"{""uncertainty"": 0.3276914060115814, ""gene_count"": 20, ""low_knownness_enhanced"": true, ""low_knownness_gate"": 0.694119860729519}"
oracle_v15,AC594,0.6528329354631143,medium,0,0.6753198802471161,1,ORANGE: ORACLE STEALTH,0.42242499855151827,"{""uncertainty"": 0.3246801197528839, ""gene_count"": 20, ""low_knownness_enhanced"": true, ""low_knownness_gate"": 0.6811855810627427}"
oracle_v15,AC536,0.6543399369089281,medium,1,0.6678464412689209,6,ORANGE: ORACLE STEALTH,0.4175057320390607,"{""uncertainty"": 0.3321535587310791, ""gene_count"": 20, ""low_knownness_enhanced"": true, ""low_knownness_gate"": 0.7127329195617791}"
oracle_v15,AB741,0.652671508472944,medium,1,0.6758480966091156,3,ORANGE: ORACLE STEALTH,0.4224998478931976,"{""uncertainty"": 0.3241519033908844, ""gene_count"": 20, ""low_knownness_enhanced"": true, ""low_knownness_gate"": 0.6788869287758181}"
oracle_v15,AE622,0.6508271459184328,medium,0,0.6805566847324371,2,ORANGE: ORACLE STEALTH,0.42111787864065775,"{""uncertainty"": 0.31944331526756287, ""gene_count"": 20, ""low_knownness_enhanced"": true, ""low_knownness_gate"": 0.6580214507721096}"
oracle_v15,AB304,0.6480492613097204,medium,0,0.6920128166675568,2,ORANGE: ORACLE STEALTH,0.42653859505852587,"{""uncertainty"": 0.30798718333244324, ""gene_count"": 20, ""low_knownness_enhanced"": true, ""low_knownness_gate"": 0.6047667808238827}"
oracle_v15,AC907,0.6483732360029405,medium,0,0.6893722116947174,2,ORANGE: ORACLE STEALTH,0.4236607152372276,"{""uncertainty"": 0.3106277883052826, ""gene_count"": 20, ""low_knownness_enhanced"": true, ""low_knownness_gate"": 0.6173177748299308}"
oracle_v15,AA938,0.6517291932274569,medium,1,0.6732712984085083,5,ORANGE: ORACLE STEALTH,0.41337872030798195,"{""uncertainty"": 0.3267287015914917, ""gene_count"": 20, ""low_knownness_enhanced"": true, ""low_knownness_gate"": 0.6900166718845078}"
oracle_v15,AF607,0.6527970419804735,medium,1,0.666806548833847,4,ORANGE: ORACLE STEALTH,0.40801290707560334,"{""uncertainty"": 0.33319345116615295, ""gene_count"": 20, ""low_knownness_enhanced"": true, ""low_knownness_gate"": 0.7169722596662502}"
oracle_v15,AD465,0.6566501777497163,medium,1,0.647343248128891,15,ORANGE: ORACLE STEALTH,0.3960826147921104,"{""uncertainty"": 0.352656751871109, ""gene_count"": 20, ""low_knownness_enhanced"": true, ""low_knownness_gate"": 0.7889750373755827}"
oracle_v15,AF288,0.558681293129921,medium,1,0.7242966294288635,3,ORANGE: ORACLE STEALTH,0.44028202187311294,"{""uncertainty"": 0.2757033705711365, ""gene_count"": 20, ""low_knownness_enhanced"": true, ""low_knownness_gate"": 0.44514435037596894}"
oracle_v15,AC623,0.6502352386488797,medium,1,0.6729516088962555,3,ORANGE: ORACLE STEALTH,0.405279477434636,"{""uncertainty"": 0.3270483911037445, ""gene_count"": 20, ""low_knownness_enhanced"": true, ""low_knownness_gate"": 0.6913825989548209}"
oracle_v15,AB897,0.6492413621745164,medium,0,0.6746016144752502,1,ORANGE: ORACLE STEALTH,0.40300138167080846,"{""uncertainty"": 0.32539838552474976, ""gene_count"": 20, ""low_knownness_enhanced"": true, ""low_knownness_gate"": 0.6842971699457924}"
oracle_v15,AF844,0.6484916311724491,medium,0,0.6775683164596558,0,ORANGE: ORACLE STEALTH,0.40417178888979777,"{""uncertainty"": 0.32243168354034424, ""gene_count"": 20, ""low_knownness_enhanced"": true, ""low_knownness_gate"": 0.6713410920416228}"
oracle_v15,AE415,0.6481373485064403,medium,1,0.6779001653194427,6,ORANGE: ORACLE STEALTH,0.40292898116510933,"{""uncertainty"": 0.32209983468055725, ""gene_count"": 20, ""low_knownness_enhanced"": true, ""low_knownness_gate"": 0.6698750327896983}"
oracle_v15,AC222,0.65108510839137,medium,1,0.6607008278369904,3,ORANGE: ORACLE STEALTH,0.3894851924294702,"{""uncertainty"": 0.33929917216300964, ""gene_count"": 20, ""low_knownness_enhanced"": true, ""low_knownness_gate"": 0.741083301695249}"
oracle_v15,AG456,0.5555485713481904,medium,1,0.7419906556606293,4,ORANGE: ORACLE STEALTH,0.4355414478975028,"{""uncertainty"": 0.2580093443393707, ""gene_count"": 20, ""low_knownness_enhanced"": true, ""low_knownness_gate"": 0.36027059016663043}"
oracle_v15,AA601,0.6480436440035164,medium,1,0.6731690764427185,6,ORANGE: ORACLE STEALTH,0.39454630971435023,"{""uncertainty"": 0.3268309235572815, ""gene_count"": 20, ""low_knownness_enhanced"": true, ""low_knownness_gate"": 0.6904537945368253}"
oracle_v15,AC647,0.6437111435675132,medium,0,0.6868373453617096,2,ORANGE: ORACLE STEALTH,0.3954377133098408,"{""uncertainty"": 0.3131626546382904, ""gene_count"": 20, ""low_knownness_enhanced"": true, ""low_knownness_gate"": 0.6292209897505362}"
oracle_v15,AC532,0.6452270506465275,medium,0,0.678840309381485,0,ORANGE: ORACLE STEALTH,0.3897046730045268,"{""uncertainty"": 0.321159690618515, ""gene_count"": 20, ""low_knownness_enhanced"": true, ""low_knownness_gate"": 0.6657037162549958}"
oracle_v15,AE427,0.6475406445120871,medium,1,0.6659840941429138,5,ORANGE: ORACLE STEALTH,0.3802237915105451,"{""uncertainty"": 0.3340159058570862, ""gene_count"": 20, ""low_knownness_enhanced"": true, ""low_knownness_gate"": 0.7202982144498852}"
oracle_v15,AE233,0.648574837692896,medium,1,0.6598196625709534,8,ORANGE: ORACLE STEALTH,0.3755290660843933,"{""uncertainty"": 0.34018033742904663, ""gene_count"": 20, ""low_knownness_enhanced"": true, ""low_knownness_gate"": 0.7444504480161364}"
oracle_v15,AA707,0.64134557459012,medium,0,0.6867960095405579,1,ORANGE: ORACLE STEALTH,0.3832558128515018,"{""uncertainty"": 0.31320399045944214, ""gene_count"": 20, ""low_knownness_enhanced"": true, ""low_knownness_gate"": 0.6294138436789959}"
oracle_v15,AF395,0.5510287183523178,medium,1,0.7290225923061371,4,ORANGE: ORACLE STEALTH,0.4059621519014396,"{""uncertainty"": 0.2709774076938629, ""gene_count"": 20, ""low_knownness_enhanced"": true, ""low_knownness_gate"": 0.42193656370525257}"
oracle_v15,AB859,0.6439872310197982,medium,1,0.6697604358196259,4,ORANGE: ORACLE STEALTH,0.368446372754871,"{""uncertainty"": 0.33023956418037415, ""gene_count"": 20, ""low_knownness_enhanced"": true, ""low_knownness_gate"": 0.7048319385630126}"
oracle_v15,AD453,0.5497422593832016,medium,0,0.7546383142471313,1,ORANGE: ORACLE STEALTH,0.41375439987209717,"{""uncertainty"": 0.24536168575286865, ""gene_count"": 20, ""low_knownness_enhanced"": true, ""low_knownness_gate"": 0.30424949100179005}"
oracle_v15,AD838,0.5495007354021073,medium,0,0.7519435286521912,2,ORANGE: ORACLE STEALTH,0.41106614886890114,"{""uncertainty"": 0.24805647134780884, ""gene_count"": 20, ""low_knownness_enhanced"": true, ""low_knownness_gate"": 0.3157770558376349}"
oracle_v15,AB860,0.641127546480841,medium,1,0.6753341257572174,3,ORANGE: ORACLE STEALTH,0.363073661376383,"{""uncertainty"": 0.3246658742427826, ""gene_count"": 20, ""low_knownness_enhanced"": true, ""low_knownness_gate"": 0.6811237034117367}"
oracle_v15,AE310,0.6468376974668504,medium,0,0.6466469168663025,2,ORANGE: ORACLE STEALTH,0.3466911355393698,"{""uncertainty"": 0.3533530831336975, ""gene_count"": 20, ""low_knownness_enhanced"": true, ""low_knownness_gate"": 0.7912843977275215}"
oracle_v15,AA694,0.641304953643571,medium,1,0.6652226448059082,9,ORANGE: ORACLE STEALTH,0.3476654933226939,"{""uncertainty"": 0.3347773551940918, ""gene_count"": 20, ""low_knownness_enhanced"": true, ""low_knownness_gate"": 0.7233560606373581}"
oracle_v15,AB912,0.5451988655328751,medium,1,0.7537441551685333,4,ORANGE: ORACLE STEALTH,0.39043377172420257,"{""uncertainty"": 0.24625584483146667, ""gene_count"": 20, ""low_knownness_enhanced"": true, ""low_knownness_gate"": 0.30804823075102067}"
oracle_v15,AA970,0.5439264434576034,medium,0,0.7400962114334106,1,ORANGE: ORACLE STEALTH,0.3770861417086806,"{""uncertainty"": 0.25990378856658936, ""gene_count"": 20, ""low_knownness_enhanced"": true, ""low_knownness_gate"": 0.36904847879608255}"
oracle_v15,AA514,0.6434206521270541,medium,1,0.6447952091693878,10,ORANGE: ORACLE STEALTH,0.32717756746738047,"{""uncertainty"": 0.3552047908306122, ""gene_count"": 20, ""low_knownness_enhanced"": true, ""low_knownness_gate"": 0.7973347545986283}"
oracle_v15,AF344,0.6392421573664143,medium,1,0.6627494990825653,5,ORANGE: ORACLE STEALTH,0.3334343542685012,"{""uncertainty"": 0.3372505009174347, ""gene_count"": 20, ""low_knownness_enhanced"": true, ""low_knownness_gate"": 0.7331440551232364}"
oracle_v15,AD301,0.6377360032278869,medium,1,0.6667963564395905,4,CLEAR: ORACLE NOISE,0.33221080156881744,"{""uncertainty"": 0.33320364356040955, ""gene_count"": 20, ""low_knownness_enhanced"": true, ""low_knownness_gate"": 0.7170136232688722}"
oracle_v15,AC105,0.6369485593306383,medium,1,0.6700388789176941,6,CLEAR: ORACLE NOISE,0.33337793123714476,"{""uncertainty"": 0.3299611210823059, ""gene_count"": 20, ""low_knownness_enhanced"": true, ""low_knownness_gate"": 0.7036720508663425}"
oracle_v15,AA123,0.6420270262494787,medium,1,0.6451763808727264,11,CLEAR: ORACLE NOISE,0.32088261170122223,"{""uncertainty"": 0.35482361912727356, ""gene_count"": 20, ""low_knownness_enhanced"": true, ""low_knownness_gate"": 0.7961000756258114}"
oracle_v15,AC726,0.4810065126728154,medium,0,0.6133624315261841,1,CLEAR: ORACLE NOISE,0.304012098050066,"{""uncertainty"": 0.3866375684738159, ""gene_count"": 20, ""low_knownness_enhanced"": true, ""low_knownness_gate"": 0.8806263137869713}"
oracle_v15,AC099,0.47321868217977564,medium,0,0.6577904224395752,2,CLEAR: ORACLE NOISE,0.32074937155620376,"{""uncertainty"": 0.3422095775604248, ""gene_count"": 20, ""low_knownness_enhanced"": true, ""low_knownness_gate"": 0.7520945759369366}"
oracle_v15,AD168,0.46862273560733636,medium,1,0.6719845533370972,5,CLEAR: ORACLE NOISE,0.3187194679551375,"{""uncertainty"": 0.32801544666290283, ""gene_count"": 20, ""low_knownness_enhanced"": true, ""low_knownness_gate"": 0.6954941169182914}"
oracle_v15,AC956,0.4720458387321468,medium,0,0.6535978615283966,2,CLEAR: ORACLE NOISE,0.3088149167291476,"{""uncertainty"": 0.3464021384716034, ""gene_count"": 20, ""low_knownness_enhanced"": true, ""low_knownness_gate"": 0.7673960808138417}"
oracle_v15,AF043,0.5382455024123192,medium,0,0.7206867039203644,1,CLEAR: ORACLE NOISE,0.33990228633816333,"{""uncertainty"": 0.2793132960796356, ""gene_count"": 20, ""low_knownness_enhanced"": true, ""low_knownness_gate"": 0.4630398244268953}"
oracle_v15,AF224,0.5380480828881264,medium,1,0.7512468546628952,4,CLEAR: ORACLE NOISE,0.35332683581468105,"{""uncertainty"": 0.2487531453371048, ""gene_count"": 20, ""low_knownness_enhanced"": true, ""low_knownness_gate"": 0.318795248517708}"
oracle_v15,AA968,0.46775801217095303,medium,0,0.6720471680164337,2,CLEAR: ORACLE NOISE,0.3143672760305316,"{""uncertainty"": 0.3279528319835663, ""gene_count"": 20, ""low_knownness_enhanced"": true, ""low_knownness_gate"": 0.695228838705288}"
oracle_v15,AC111,0.472219328160824,medium,1,0.6469846367835999,10,CLEAR: ORACLE NOISE,0.3006439164619117,"{""uncertainty"": 0.35301536321640015, ""gene_count"": 20, ""low_knownness_enhanced"": true, ""low_knownness_gate"": 0.7901666910946139}"
oracle_v15,AE834,0.47575555998640795,medium,1,0.6216137409210205,3,CLEAR: ORACLE NOISE,0.28745324996553734,"{""uncertainty"": 0.3783862590789795, ""gene_count"": 20, ""low_knownness_enhanced"": true, ""low_knownness_gate"": 0.862160132788507}"
oracle_v15,AA435,0.5365490275621414,medium,1,0.7177154719829559,4,CLEAR: ORACLE NOISE,0.33038370271150974,"{""uncertainty"": 0.28228452801704407, ""gene_count"": 20, ""low_knownness_enhanced"": true, ""low_knownness_gate"": 0.47784296369396384}"
oracle_v15,AB143,0.38368556206423227,medium,0,0.6754451394081116,1,CLEAR: ORACLE NOISE,0.30931645538657726,"{""uncertainty"": 0.3245548605918884, ""gene_count"": 20, ""low_knownness_enhanced"": true, ""low_knownness_gate"": 0.6806412791749499}"
oracle_v15,AB673,0.38368556206423227,medium,0,0.6754451394081116,1,CLEAR: ORACLE NOISE,0.30931645538657726,"{""uncertainty"": 0.3245548605918884, ""gene_count"": 20, ""low_knownness_enhanced"": true, ""low_knownness_gate"": 0.6806412791749499}"
oracle_v15,AD976,0.38368556206423227,medium,0,0.6754451394081116,2,CLEAR: ORACLE NOISE,0.30931645538657726,"{""uncertainty"": 0.3245548605918884, ""gene_count"": 20, ""low_knownness_enhanced"": true, ""low_knownness_gate"": 0.6806412791749499}"
oracle_v15,AG461,0.3878186378814366,medium,0,0.6498990654945374,2,CLEAR: ORACLE NOISE,0.2967167460529776,"{""uncertainty"": 0.35010093450546265, ""gene_count"": 20, ""low_knownness_enhanced"": true, ""low_knownness_gate"": 0.7803388131903536}"
oracle_v15,AG033,0.38255094610830565,medium,0,0.6800675094127655,0,CLEAR: ORACLE NOISE,0.310228194609957,"{""uncertainty"": 0.3199324905872345, ""gene_count"": 20, ""low_knownness_enhanced"": true, ""low_knownness_gate"": 0.6602196096997895}"
oracle_v15,AB241,0.3880072199210267,medium,1,0.648091733455658,12,CLEAR: ORACLE NOISE,0.29553635895820385,"{""uncertainty"": 0.35190826654434204, ""gene_count"": 20, ""low_knownness_enhanced"": true, ""low_knownness_gate"": 0.7864718981072173}"
oracle_v15,AB559,0.5346755358576775,medium,1,0.7298626899719238,3,CLEAR: ORACLE NOISE,0.32685944867593264,"{""uncertainty"": 0.27013731002807617, ""gene_count"": 20, ""low_knownness_enhanced"": true, ""low_knownness_gate"": 0.4178439290559184}"
oracle_v15,AE257,0.3816612833135812,medium,0,0.6783694326877594,0,CLEAR: ORACLE NOISE,0.30316488325055424,"{""uncertainty"": 0.3216305673122406, ""gene_count"": 20, ""low_knownness_enhanced"": true, ""low_knownness_gate"": 0.667796234817275}"
oracle_v15,AC202,0.5336839231848717,medium,1,0.7515305727720261,3,CLEAR: ORACLE NOISE,0.33159494466284256,"{""uncertainty"": 0.24846942722797394, ""gene_count"": 20, ""low_knownness_enhanced"": true, ""low_knownness_gate"": 0.31756424561987173}"
oracle_v15,AE520,0.380816324342285,medium,0,0.6750600337982178,2,CLEAR: ORACLE NOISE,0.29406629884011437,"{""uncertainty"": 0.3249399662017822, ""gene_count"": 20, ""low_knownness_enhanced"": true, ""low_knownness_gate"": 0.6823131431465997}"
oracle_v15,AA040,0.3799037985922106,medium,0,0.6791426241397858,0,CLEAR: ORACLE NOISE,0.2952627952973996,"{""uncertainty"": 0.32085737586021423, ""gene_count"": 20, ""low_knownness_enhanced"": true, ""low_knownness_gate"": 0.664356814603938}"
oracle_v15,AA011,0.37423547948429053,medium,0,0.703480064868927,2,CLEAR: ORACLE NOISE,0.3035131470734189,"{""uncertainty"": 0.296519935131073, ""gene_count"": 20, ""low_knownness_enhanced"": true, ""low_knownness_gate"": 0.5488491612801635}"
oracle_v15,AB923,0.4043439903855324,medium,0,0.7232501804828644,1,CLEAR: ORACLE NOISE,0.3102453510621599,"{""uncertainty"": 0.2767498195171356, ""gene_count"": 20, ""low_knownness_enhanced"": true, ""low_knownness_gate"": 0.45031936923197585}"
oracle_v15,AE697,0.38156381117017174,medium,1,0.6602444648742676,4,CLEAR: ORACLE NOISE,0.2779344695512975,"{""uncertainty"": 0.3397555351257324, ""gene_count"": 20, ""low_knownness_enhanced"": true, ""low_knownness_gate"": 0.7428307723106246}"
oracle_v15,AC534,0.3798356550749473,medium,0,0.6697231531143188,2,CLEAR: ORACLE NOISE,0.28162248481510943,"{""uncertainty"": 0.33027684688568115, ""gene_count"": 20, ""low_knownness_enhanced"": true, ""low_knownness_gate"": 0.7049870436371434}"
oracle_v15,AC319,0.37845551412146594,medium,1,0.6765452325344086,3,CLEAR: ORACLE NOISE,0.2840805165383342,"{""uncertainty"": 0.32345476746559143, ""gene_count"": 20, ""low_knownness_enhanced"": true, ""low_knownness_gate"": 0.6758398730637726}"
oracle_v15,AB468,0.379969205798884,medium,1,0.6673212349414825,7,CLEAR: ORACLE NOISE,0.2790604860332069,"{""uncertainty"": 0.33267876505851746, ""gene_count"": 20, ""low_knownness_enhanced"": true, ""low_knownness_gate"": 0.7148787690636987}"
oracle_v15,AB146,0.37863268058324145,medium,0,0.6735185384750366,2,CLEAR: ORACLE NOISE,0.2807142919749275,"{""uncertainty"": 0.3264814615249634, ""gene_count"": 20, ""low_knownness_enhanced"": true, ""low_knownness_gate"": 0.6889580176593637}"
oracle_v15,AC677,0.3683244213846295,medium,0,0.7084085047245026,0,CLEAR: ORACLE NOISE,0.2805746509276519,"{""uncertainty"": 0.29159149527549744, ""gene_count"": 20, ""low_knownness_enhanced"": true, ""low_knownness_gate"": 0.5243440159083105}"
oracle_v15,AA733,0.39935362875461583,medium,0,0.7480965852737427,1,CLEAR: ORACLE NOISE,0.2960149799662233,"{""uncertainty"": 0.2519034147262573, ""gene_count"": 20, ""low_knownness_enhanced"": true, ""low_knownness_gate"": 0.3326311898552638}"
oracle_v15,AC154,0.37328143777546474,medium,1,0.6750015020370483,5,CLEAR: ORACLE NOISE,0.25538210402393346,"{""uncertainty"": 0.32499849796295166, ""gene_count"": 20, ""low_knownness_enhanced"": true, ""low_knownness_gate"": 0.6825668381096023}"
oracle_v15,AA656,0.37773492493020244,medium,0,0.6450077891349792,2,CLEAR: ORACLE NOISE,0.24090034898768486,"{""uncertainty"": 0.35499221086502075, ""gene_count"": 20, ""low_knownness_enhanced"": true, ""low_knownness_gate"": 0.796646861414048}"
oracle_v15,AA788,0.37254121439879423,medium,0,0.6754128634929657,0,CLEAR: ORACLE NOISE,0.25216094033628345,"{""uncertainty"": 0.3245871365070343, ""gene_count"": 20, ""low_knownness_enhanced"": true, ""low_knownness_gate"": 0.6807815783027547}"
oracle_v15,AD182,0.37196741811259487,medium,1,0.6760593354701996,3,CLEAR: ORACLE NOISE,0.2501200966176542,"{""uncertainty"": 0.3239406645298004, ""gene_count"": 20, ""low_knownness_enhanced"": true, ""low_knownness_gate"": 0.6779652343880591}"
oracle_v15,AF537,0.3948001274466515,medium,0,0.7230680286884308,2,CLEAR: ORACLE NOISE,0.26416146749816694,"{""uncertainty"": 0.2769319713115692, ""gene_count"": 20, ""low_knownness_enhanced"": true, ""low_knownness_gate"": 0.45122129883141354}"
oracle_v15,AB561,0.3695530727761843,medium,1,0.6825156509876251,6,CLEAR: ORACLE NOISE,0.24689703089944004,"{""uncertainty"": 0.3174843490123749, ""gene_count"": 20, ""low_knownness_enhanced"": true, ""low_knownness_gate"": 0.6491511749834566}"
oracle_v15,AE124,0.31228391146894946,medium,0,0.6835090219974518,1,CLEAR: ORACLE NOISE,0.2454615029116125,"{""uncertainty"": 0.3164909780025482, ""gene_count"": 20, ""low_knownness_enhanced"": true, ""low_knownness_gate"": 0.6446129935251576}"
oracle_v15,AD104,0.3135671584691976,medium,0,0.6683725118637085,1,CLEAR: ORACLE NOISE,0.23341391396039413,"{""uncertainty"": 0.3316274881362915, ""gene_count"": 20, ""low_knownness_enhanced"": true, ""low_knownness_gate"": 0.710573903685859}"
oracle_v15,AC301,0.31200710120446096,medium,0,0.6768442988395691,0,CLEAR: ORACLE NOISE,0.2356111589455523,"{""uncertainty"": 0.3231557011604309, ""gene_count"": 20, ""low_knownness_enhanced"": true, ""low_knownness_gate"": 0.674528106366007}"
oracle_v15,AD818,0.39067193508148196,medium,1,0.7411170303821564,4,CLEAR: ORACLE NOISE,0.2503588936753687,"{""uncertainty"": 0.25888296961784363, ""gene_count"": 20, ""low_knownness_enhanced"": true, ""low_knownness_gate"": 0.36430733067288806}"
oracle_v15,AH390,0.39067193508148196,medium,1,0.7411170303821564,3,CLEAR: ORACLE NOISE,0.2503588936753687,"{""uncertainty"": 0.25888296961784363, ""gene_count"": 20, ""low_knownness_enhanced"": true, ""low_knownness_gate"": 0.36430733067288806}"
oracle_v15,AA367,0.31954358382658526,medium,0,0.7199571430683136,2,CLEAR: ORACLE NOISE,0.23561335881536394,"{""uncertainty"": 0.2800428569316864, ""gene_count"": 20, ""low_knownness_enhanced"": true, ""low_knownness_gate"": 0.4666695893996275}"
oracle_v15,AE318,0.31936464472250503,medium,0,0.7308671176433563,2,CLEAR: ORACLE NOISE,0.2383118885041604,"{""uncertainty"": 0.2691328823566437, ""gene_count"": 20, ""low_knownness_enhanced"": true, ""low_knownness_gate"": 0.41296559603809685}"
oracle_v15,AD837,0.3069847277969255,medium,0,0.6864311099052429,2,CLEAR: ORACLE NOISE,0.22219738944332335,"{""uncertainty"": 0.3135688900947571, ""gene_count"": 20, ""low_knownness_enhanced"": true, ""low_knownness_gate"": 0.6311145017363025}"
oracle_v15,AE213,0.3122899228436614,medium,0,0.6520574986934662,1,CLEAR: ORACLE NOISE,0.20987146976007942,"{""uncertainty"": 0.3479425013065338, ""gene_count"": 20, ""low_knownness_enhanced"": true, ""low_knownness_gate"": 0.7728497980436285}"
oracle_v15,AD647,0.3122769908236787,medium,0,0.6520649790763855,2,CLEAR: ORACLE NOISE,0.20981456772810603,"{""uncertainty"": 0.3479350209236145, ""gene_count"": 20, ""low_knownness_enhanced"": true, ""low_knownness_gate"": 0.7728235329001097}"
oracle_v15,AA261,0.31357987040077734,medium,0,0.6401013731956482,2,CLEAR: ORACLE NOISE,0.20556237832664337,"{""uncertainty"": 0.3598986268043518, ""gene_count"": 20, ""low_knownness_enhanced"": true, ""low_knownness_gate"": 0.8120820190954855}"
oracle_v15,AA084,0.30191688808585265,medium,0,0.7087784707546234,1,CLEAR: ORACLE NOISE,0.22704486210361896,"{""uncertainty"": 0.2912215292453766, ""gene_count"": 20, ""low_knownness_enhanced"": true, ""low_knownness_gate"": 0.5224982467697192}"
oracle_v15,AC407,0.30711736987835514,medium,0,0.6812464594841003,1,CLEAR: ORACLE NOISE,0.21622728684363324,"{""uncertainty"": 0.31875354051589966, ""gene_count"": 20, ""low_knownness_enhanced"": true, ""low_knownness_gate"": 0.6549103284138709}"
oracle_v15,AC281,0.3048743916321243,medium,1,0.6883175373077393,3,CLEAR: ORACLE NOISE,0.21386825863186232,"{""uncertainty"": 0.31168246269226074, ""gene_count"": 20, ""low_knownness_enhanced"": true, ""low_knownness_gate"": 0.6222883427155831}"
oracle_v15,AA729,0.30809856753146864,medium,0,0.6690271198749542,0,CLEAR: ORACLE NOISE,0.20660734631243738,"{""uncertainty"": 0.3309728801250458, ""gene_count"": 20, ""low_knownness_enhanced"": true, ""low_knownness_gate"": 0.7078739831783181}"
oracle_v15,AA082,0.3044573336376751,medium,0,0.6889865696430206,0,CLEAR: ORACLE NOISE,0.2126130684132006,"{""uncertainty"": 0.31101343035697937, ""gene_count"": 20, ""low_knownness_enhanced"": true, ""low_knownness_gate"": 0.6191381734889907}"
oracle_v15,AD223,0.3050572241756916,medium,0,0.6855400502681732,1,CLEAR: ORACLE NOISE,0.21118357947830546,"{""uncertainty"": 0.3144599497318268, ""gene_count"": 20, ""low_knownness_enhanced"": true, ""low_knownness_gate"": 0.6352536544123535}"
oracle_v15,AF535,0.3056475568769689,medium,1,0.6792011857032776,3,CLEAR: ORACLE NOISE,0.20620259440955913,"{""uncertainty"": 0.3207988142967224, ""gene_count"": 20, ""low_knownness_enhanced"": true, ""low_knownness_gate"": 0.6640955951922702}"
oracle_v15,AB648,0.3045093208886353,medium,0,0.6842278242111206,1,CLEAR: ORACLE NOISE,0.20669996655934142,"{""uncertainty"": 0.3157721757888794, ""gene_count"": 20, ""low_knownness_enhanced"": true, ""low_knownness_gate"": 0.6413128233966167}"
oracle_v15,AG653,0.3045093208886353,medium,0,0.6842278242111206,1,CLEAR: ORACLE NOISE,0.20669996655934142,"{""uncertainty"": 0.3157721757888794, ""gene_count"": 20, ""low_knownness_enhanced"": true, ""low_knownness_gate"": 0.6413128233966167}"
oracle_v15,AG641,0.30292610090873634,medium,0,0.6892150938510895,0,CLEAR: ORACLE NOISE,0.20506514206219517,"{""uncertainty"": 0.3107849061489105, ""gene_count"": 20, ""low_knownness_enhanced"": true, ""low_knownness_gate"": 0.6180598401678239}"
oracle_v15,AA668,0.30605537578131553,medium,1,0.6698839068412781,11,CLEAR: ORACLE NOISE,0.19727194203410647,"{""uncertainty"": 0.3301160931587219, ""gene_count"": 20, ""low_knownness_enhanced"": true, ""low_knownness_gate"": 0.7043179310301952}"
oracle_v15,AB054,0.30486866094981974,medium,1,0.6685266494750977,7,CLEAR: ORACLE NOISE,0.18977016497589716,"{""uncertainty"": 0.33147335052490234, ""gene_count"": 20, ""low_knownness_enhanced"": true, ""low_knownness_gate"": 0.7099394977623196}"
oracle_v15,AA563,0.3019839029451741,medium,1,0.6826618313789368,3,CLEAR: ORACLE NOISE,0.1918318321747936,"{""uncertainty"": 0.31733816862106323, ""gene_count"": 20, ""low_knownness_enhanced"": true, ""low_knownness_gate"": 0.6484850218120682}"
oracle_v15,AC680,0.30524179223447356,medium,0,0.6589004993438721,2,CLEAR: ORACLE NOISE,0.18150529044578434,"{""uncertainty"": 0.34109950065612793, ""gene_count"": 20, ""low_knownness_enhanced"": true, ""low_knownness_gate"": 0.7479320099190738}"
oracle_v15,AE006,0.301845190746504,medium,0,0.67933389544487,2,CLEAR: ORACLE NOISE,0.18702262311917472,"{""uncertainty"": 0.32066610455513, ""gene_count"": 20, ""low_knownness_enhanced"": true, ""low_knownness_gate"": 0.6635032593164072}"
oracle_v15,AB730,0.3106098385019736,medium,0,0.7137702405452728,1,CLEAR: ORACLE NOISE,0.191077687850858,"{""uncertainty"": 0.2862297594547272, ""gene_count"": 20, ""low_knownness_enhanced"": true, ""low_knownness_gate"": 0.4975546197365356}"
oracle_v15,AE539,0.2996706785323343,medium,0,0.6830541789531708,2,CLEAR: ORACLE NOISE,0.18051848893513966,"{""uncertainty"": 0.3169458210468292, ""gene_count"": 20, ""low_knownness_enhanced"": true, ""low_knownness_gate"": 0.6466942145926592}"
oracle_v15,AB258,0.29714803196670586,medium,1,0.6954980790615082,4,CLEAR: ORACLE NOISE,0.18374906001588176,"{""uncertainty"": 0.3045019209384918, ""gene_count"": 20, ""low_knownness_enhanced"": true, ""low_knownness_gate"": 0.5879898329823626}"
oracle_v15,AD590,0.29714803196670586,medium,1,0.6954980790615082,5,CLEAR: ORACLE NOISE,0.18374906001588176,"{""uncertainty"": 0.3045019209384918, ""gene_count"": 20, ""low_knownness_enhanced"": true, ""low_knownness_gate"": 0.5879898329823626}"
oracle_v15,AD603,0.29714803196670586,medium,0,0.6954980790615082,0,CLEAR: ORACLE NOISE,0.18374906001588176,"{""uncertainty"": 0.3045019209384918, ""gene_count"": 20, ""low_knownness_enhanced"": true, ""low_knownness_gate"": 0.5879898329823626}"
oracle_v15,AD046,0.24799262959398533,medium,0,0.6918889880180359,1,CLEAR: ORACLE NOISE,0.1815768894827947,"{""uncertainty"": 0.3081110119819641, ""gene_count"": 20, ""low_knownness_enhanced"": true, ""low_knownness_gate"": 0.6053585871581887}"
oracle_v15,AB927,0.30980943156914276,medium,0,0.716286689043045,0,CLEAR: ORACLE NOISE,0.18792920715127348,"{""uncertainty"": 0.28371331095695496, ""gene_count"": 20, ""low_knownness_enhanced"": true, ""low_knownness_gate"": 0.4849768810394533}"
oracle_v15,AD501,0.24719432591279153,medium,0,0.6958530247211456,1,CLEAR: ORACLE NOISE,0.18212367341601166,"{""uncertainty"": 0.30414697527885437, ""gene_count"": 20, ""low_knownness_enhanced"": true, ""low_knownness_gate"": 0.5862689983039068}"
oracle_v15,AG390,0.3094155000014739,medium,0,0.7292362153530121,2,CLEAR: ORACLE NOISE,0.18941159360228532,"{""uncertainty"": 0.2707637846469879, ""gene_count"": 20, ""low_knownness_enhanced"": true, ""low_knownness_gate"": 0.4208948334465733}"
oracle_v15,AA770,0.3083939717574553,medium,0,0.7166072130203247,2,CLEAR: ORACLE NOISE,0.18125111031012153,"{""uncertainty"": 0.2833927869796753, ""gene_count"": 20, ""low_knownness_enhanced"": true, ""low_knownness_gate"": 0.48337586762941936}"
oracle_v15,AC751,0.3073510551317172,medium,0,0.7229619920253754,2,CLEAR: ORACLE NOISE,0.17783182756661065,"{""uncertainty"": 0.27703800797462463, ""gene_count"": 20, ""low_knownness_enhanced"": true, ""low_knownness_gate"": 0.4517464902876594}"
oracle_v15,AD890,0.2454152646663087,medium,0,0.6929319798946381,2,CLEAR: ORACLE NOISE,0.16969091784585988,"{""uncertainty"": 0.30706802010536194, ""gene_count"": 20, ""low_knownness_enhanced"": true, ""low_knownness_gate"": 0.6003643860040886}"
oracle_v15,AA089,0.24962825584357146,medium,0,0.6623700857162476,2,CLEAR: ORACLE NOISE,0.16014308058298532,"{""uncertainty"": 0.33762991428375244, ""gene_count"": 20, ""low_knownness_enhanced"": true, ""low_knownness_gate"": 0.7346260240040644}"
oracle_v15,AG007,0.3061486811800437,medium,0,0.7257907688617706,0,CLEAR: ORACLE NOISE,0.17270982808043822,"{""uncertainty"": 0.27420923113822937, ""gene_count"": 20, ""low_knownness_enhanced"": true, ""low_knownness_gate"": 0.4377762012312211}"
oracle_v15,AA764,0.3060902000828223,medium,1,0.7143822908401489,5,CLEAR: ORACLE NOISE,0.16971653725957836,"{""uncertainty"": 0.2856177091598511, ""gene_count"": 20, ""low_knownness_enhanced"": true, ""low_knownness_gate"": 0.49449457127146373}"
oracle_v15,AA353,0.24277639118085728,medium,0,0.6991815268993378,0,CLEAR: ORACLE NOISE,0.16353833733357437,"{""uncertainty"": 0.30081847310066223, ""gene_count"": 20, ""low_knownness_enhanced"": true, ""low_knownness_gate"": 0.5700346866330553}"
oracle_v15,AE692,0.24100180560247025,medium,0,0.7050220370292664,1,CLEAR: ORACLE NOISE,0.16148128128110262,"{""uncertainty"": 0.29497796297073364, ""gene_count"": 20, ""low_knownness_enhanced"": true, ""low_knownness_gate"": 0.5412019765458103}"
oracle_v15,AB822,0.24147061520127266,medium,0,0.7002394497394562,1,CLEAR: ORACLE NOISE,0.15812659431728004,"{""uncertainty"": 0.2997605502605438, ""gene_count"": 20, ""low_knownness_enhanced"": true, ""low_knownness_gate"": 0.5648413497681776}"
oracle_v15,AB285,0.24075919814842192,medium,0,0.7036843299865723,0,CLEAR: ORACLE NOISE,0.15861540829194354,"{""uncertainty"": 0.29631567001342773, ""gene_count"": 20, ""low_knownness_enhanced"": true, ""low_knownness_gate"": 0.5478373836993204}"
oracle_v15,AA798,0.2483727054244283,medium,0,0.6505855321884155,0,CLEAR: ORACLE NOISE,0.144800949279988,"{""uncertainty"": 0.3494144678115845, ""gene_count"": 20, ""low_knownness_enhanced"": true, ""low_knownness_gate"": 0.7779764105524964}"
oracle_v15,AA730,0.2439729153535566,medium,0,0.6832193434238434,2,CLEAR: ORACLE NOISE,0.15174002614177562,"{""uncertainty"": 0.3167806565761566, ""gene_count"": 20, ""low_knownness_enhanced"": true, ""low_knownness_gate"": 0.6459391111439238}"
oracle_v15,AC352,0.24294164254247141,medium,1,0.688606858253479,6,CLEAR: ORACLE NOISE,0.15230714704289738,"{""uncertainty"": 0.311393141746521, ""gene_count"": 20, ""low_knownness_enhanced"": true, ""low_knownness_gate"": 0.6209273113502305}"
oracle_v15,AC663,0.24294164254247141,medium,1,0.688606858253479,6,CLEAR: ORACLE NOISE,0.15230714704289738,"{""uncertainty"": 0.311393141746521, ""gene_count"": 20, ""low_knownness_enhanced"": true, ""low_knownness_gate"": 0.6209273113502305}"
oracle_v15,AE949,0.24161403270231507,medium,0,0.6954357624053955,1,CLEAR: ORACLE NOISE,0.1532418694187534,"{""uncertainty"": 0.3045642375946045, ""gene_count"": 20, ""low_knownness_enhanced"": true, ""low_knownness_gate"": 0.588291733742362}"
oracle_v15,AC410,0.239130006958593,medium,1,0.7062836587429047,3,CLEAR: ORACLE NOISE,0.15341996313735562,"{""uncertainty"": 0.29371634125709534, ""gene_count"": 20, ""low_knownness_enhanced"": true, ""low_knownness_gate"": 0.5349305153924476}"
oracle_v15,AF442,0.22152627553914278,medium,0,0.6986464560031891,2,CLEAR: ORACLE NOISE,0.15140107167908923,"{""uncertainty"": 0.3013535439968109, ""gene_count"": 20, ""low_knownness_enhanced"": true, ""low_knownness_gate"": 0.5726555629043945}"
oracle_v15,AE109,0.3023270384831862,medium,1,0.7159696519374847,5,CLEAR: ORACLE NOISE,0.15213158493397216,"{""uncertainty"": 0.28403034806251526, ""gene_count"": 20, ""low_knownness_enhanced"": true, ""low_knownness_gate"": 0.48656078107113737}"
oracle_v15,AG126,0.22087965501057108,medium,0,0.6988807320594788,2,CLEAR: ORACLE NOISE,0.14837685929360056,"{""uncertainty"": 0.30111926794052124, ""gene_count"": 20, ""low_knownness_enhanced"": true, ""low_knownness_gate"": 0.5715085283107463}"
oracle_v15,AH321,0.22087965501057108,medium,0,0.6988807320594788,2,CLEAR: ORACLE NOISE,0.14837685929360056,"{""uncertainty"": 0.30111926794052124, ""gene_count"": 20, ""low_knownness_enhanced"": true, ""low_knownness_gate"": 0.5715085283107463}"
oracle_v15,AE601,0.21983054846500702,medium,0,0.7043716013431549,0,CLEAR: ORACLE NOISE,0.1491479476440234,"{""uncertainty"": 0.2956283986568451, ""gene_count"": 20, ""low_knownness_enhanced"": true, ""low_knownness_gate"": 0.5444302954906491}"
oracle_v15,AE947,0.21983054846500702,medium,0,0.7043716013431549,0,CLEAR: ORACLE NOISE,0.1491479476440234,"{""uncertainty"": 0.2956283986568451, ""gene_count"": 20, ""low_knownness_enhanced"": true, ""low_knownness_gate"": 0.5444302954906491}"
oracle_v15,AB649,0.2193846739559046,medium,0,0.7052150964736938,0,CLEAR: ORACLE NOISE,0.14782864845437693,"{""uncertainty"": 0.29478490352630615, ""gene_count"": 20, ""low_knownness_enhanced"": true, ""low_knownness_gate"": 0.5402430827312564}"
oracle_v15,AD311,0.30185965462164444,medium,0,0.7185181379318237,1,CLEAR: ORACLE NOISE,0.1504342704019308,"{""uncertainty"": 0.28148186206817627, ""gene_count"": 20, ""low_knownness_enhanced"": true, ""low_knownness_gate"": 0.47383902523786287}"
oracle_v15,AE381,0.21871755659140185,medium,1,0.7027499377727509,3,CLEAR: ORACLE NOISE,0.14166074289678754,"{""uncertainty"": 0.29725006222724915, ""gene_count"": 20, ""low_knownness_enhanced"": true, ""low_knownness_gate"": 0.5524623100413399}"
oracle_v15,AA005,0.21927354321170162,medium,0,0.6987241506576538,2,CLEAR: ORACLE NOISE,0.14005674895421016,"{""uncertainty"": 0.3012758493423462, ""gene_count"": 20, ""low_knownness_enhanced"": true, ""low_knownness_gate"": 0.5722752495103349}"
oracle_v15,AB085,0.21927354321170162,medium,0,0.6987241506576538,1,CLEAR: ORACLE NOISE,0.14005674895421016,"{""uncertainty"": 0.3012758493423462, ""gene_count"": 20, ""low_knownness_enhanced"": true, ""low_knownness_gate"": 0.5722752495103349}"
oracle_v15,AD726,0.21927354321170162,medium,0,0.6987241506576538,1,CLEAR: ORACLE NOISE,0.14005674895421016,"{""uncertainty"": 0.3012758493423462, ""gene_count"": 20, ""low_knownness_enhanced"": true, ""low_knownness_gate"": 0.5722752495103349}"
oracle_v15,AF441,0.21927354321170162,medium,0,0.6987241506576538,1,CLEAR: ORACLE NOISE,0.14005674895421016,"{""uncertainty"": 0.3012758493423462, ""gene_count"": 20, ""low_knownness_enhanced"": true, ""low_knownness_gate"": 0.5722752495103349}"
oracle_v15,AH174,0.21927354321170162,medium,0,0.6987241506576538,1,CLEAR: ORACLE NOISE,0.14005674895421016,"{""uncertainty"": 0.3012758493423462, ""gene_count"": 20, ""low_knownness_enhanced"": true, ""low_knownness_gate"": 0.5722752495103349}"
oracle_v15,AA951,0.21795502366660713,medium,0,0.7056308090686798,2,CLEAR: ORACLE NOISE,0.14100655899454662,"{""uncertainty"": 0.2943691909313202, ""gene_count"": 20, ""low_knownness_enhanced"": true, ""low_knownness_gate"": 0.5381773054440142}"
oracle_v15,AA936,0.21880582592804942,medium,0,0.7007037997245789,1,CLEAR: ORACLE NOISE,0.1398454820615731,"{""uncertainty"": 0.29929620027542114, ""gene_count"": 20, ""low_knownness_enhanced"": true, ""low_knownness_gate"": 0.5625572871059206}"
oracle_v15,AB578,0.21880582592804942,medium,0,0.7007037997245789,2,CLEAR: ORACLE NOISE,0.1398454820615731,"{""uncertainty"": 0.29929620027542114, ""gene_count"": 20, ""low_knownness_enhanced"": true, ""low_knownness_gate"": 0.5625572871059206}"
oracle_v15,AC543,0.2272573196028342,medium,0,0.6150266528129578,1,CLEAR: ORACLE NOISE,0.12091185107345304,"{""uncertainty"": 0.38497334718704224, ""gene_count"": 20, ""low_knownness_enhanced"": true, ""low_knownness_gate"": 0.8770827690454278}"
oracle_v15,AC919,0.21615852190271734,medium,0,0.7121906280517578,0,CLEAR: ORACLE NOISE,0.13933230426331988,"{""uncertainty"": 0.2878093719482422, ""gene_count"": 20, ""low_knownness_enhanced"": true, ""low_knownness_gate"": 0.5054524465619797}"
oracle_v15,AB656,0.2159407939790285,medium,0,0.7085734307765961,1,CLEAR: ORACLE NOISE,0.13405778448120342,"{""uncertainty"": 0.29142656922340393, ""gene_count"": 20, ""low_knownness_enhanced"": true, ""low_knownness_gate"": 0.5235212751345333}"
oracle_v15,AD335,0.2159407939790285,medium,1,0.7085734307765961,8,CLEAR: ORACLE NOISE,0.13405778448120342,"{""uncertainty"": 0.29142656922340393, ""gene_count"": 20, ""low_knownness_enhanced"": true, ""low_knownness_gate"": 0.5235212751345333}"
oracle_v15,AG530,0.2159407939790285,medium,0,0.7085734307765961,2,CLEAR: ORACLE NOISE,0.13405778448120342,"{""uncertainty"": 0.29142656922340393, ""gene_count"": 20, ""low_knownness_enhanced"": true, ""low_knownness_gate"": 0.5235212751345333}"
oracle_v15,AB681,0.22283937968931178,medium,0,0.6605592966079712,0,CLEAR: ORACLE NOISE,0.1229261026747519,"{""uncertainty"": 0.3394407033920288, ""gene_count"": 20, ""low_knownness_enhanced"": true, ""low_knownness_gate"": 0.7416260679059348}"
oracle_v15,AB976,0.2148785584103164,medium,0,0.7119390964508057,0,CLEAR: ORACLE NOISE,0.13247903364455027,"{""uncertainty"": 0.28806090354919434, ""gene_count"": 20, ""low_knownness_enhanced"": true, ""low_knownness_gate"": 0.5067099178667825}"
oracle_v15,AA728,0.21663071972891954,medium,0,0.7013319730758667,1,CLEAR: ORACLE NOISE,0.12947762569584853,"{""uncertainty"": 0.2986680269241333, ""gene_count"": 20, ""low_knownness_enhanced"": true, ""low_knownness_gate"": 0.5594631953376715}"
oracle_v15,AC844,0.29792495904998345,medium,0,0.7138523757457733,0,CLEAR: ORACLE NOISE,0.13073213338548273,"{""uncertainty"": 0.2861476242542267, ""gene_count"": 20, ""low_knownness_enhanced"": true, ""low_knownness_gate"": 0.49714395529921473}"
oracle_v15,AE685,0.29792495904998345,medium,0,0.7138523757457733,0,CLEAR: ORACLE NOISE,0.13073213338548273,"{""uncertainty"": 0.2861476242542267, ""gene_count"": 20, ""low_knownness_enhanced"": true, ""low_knownness_gate"": 0.49714395529921473}"
oracle_v15,AA680,0.21416973429511488,medium,0,0.7132651805877686,2,CLEAR: ORACLE NOISE,0.13037582657026903,"{""uncertainty"": 0.28673481941223145, ""gene_count"": 20, ""low_knownness_enhanced"": true, ""low_knownness_gate"": 0.5000799000256412}"
oracle_v15,AE045,0.21935284070771754,medium,0,0.6827667951583862,2,CLEAR: ORACLE NOISE,0.12420708839536765,"{""uncertainty"": 0.31723320484161377, ""gene_count"": 20, ""low_knownness_enhanced"": true, ""low_knownness_gate"": 0.6480063382916107}"
oracle_v15,AC671,0.2976470263166861,medium,0,0.7188694179058075,2,CLEAR: ORACLE NOISE,0.1303189525918791,"{""uncertainty"": 0.2811305820941925, ""gene_count"": 20, ""low_knownness_enhanced"": true, ""low_knownness_gate"": 0.4720877627436966}"
oracle_v15,AA237,0.2153801184587265,medium,1,0.7055597603321075,4,CLEAR: ORACLE NOISE,0.1277897910410477,"{""uncertainty"": 0.29444023966789246, ""gene_count"": 20, ""low_knownness_enhanced"": true, ""low_knownness_gate"": 0.5385304588291173}"
oracle_v15,AB442,0.21498007810233366,medium,1,0.7066400349140167,4,CLEAR: ORACLE NOISE,0.12695976597080438,"{""uncertainty"": 0.2933599650859833, ""gene_count"": 20, ""low_knownness_enhanced"": true, ""low_knownness_gate"": 0.5331568970539879}"
oracle_v15,AF249,0.2973182187838988,medium,0,0.7153583467006683,2,CLEAR: ORACLE NOISE,0.1281143529279536,"{""uncertainty"": 0.28464165329933167, ""gene_count"": 20, ""low_knownness_enhanced"": true, ""low_knownness_gate"": 0.4896155629439514}"
oracle_v15,AF503,0.22073550489767754,medium,0,0.6687300503253937,2,CLEAR: ORACLE NOISE,0.11881590008936271,"{""uncertainty"": 0.3312699496746063, ""gene_count"": 20, ""low_knownness_enhanced"": true, ""low_knownness_gate"": 0.7091010748152011}"
oracle_v15,AG533,0.22073550489767754,medium,0,0.6687300503253937,0,CLEAR: ORACLE NOISE,0.11881590008936271,"{""uncertainty"": 0.3312699496746063, ""gene_count"": 20, ""low_knownness_enhanced"": true, ""low_knownness_gate"": 0.7091010748152011}"
oracle_v15,AA673,0.2138897568739134,medium,1,0.7105207145214081,5,CLEAR: ORACLE NOISE,0.1257837764909242,"{""uncertainty"": 0.2894792854785919, ""gene_count"": 20, ""low_knownness_enhanced"": true, ""low_knownness_gate"": 0.5137987256310972}"
oracle_v15,AB072,0.29679245440797375,medium,1,0.7174276113510132,5,CLEAR: ORACLE NOISE,0.12597028738959004,"{""uncertainty"": 0.2825723886489868, ""gene_count"": 20, ""low_knownness_enhanced"": true, ""low_knownness_gate"": 0.4792796197363659}"
oracle_v15,AB932,0.29679245440797375,medium,1,0.7174276113510132,4,CLEAR: ORACLE NOISE,0.12597028738959004,"{""uncertainty"": 0.2825723886489868, ""gene_count"": 20, ""low_knownness_enhanced"": true, ""low_knownness_gate"": 0.4792796197363659}"
oracle_v15,AE643,0.2964755044742064,medium,0,0.7149057388305664,2,CLEAR: ORACLE NOISE,0.12401688622020401,"{""uncertainty"": 0.2850942611694336, ""gene_count"": 20, ""low_knownness_enhanced"": true, ""low_knownness_gate"": 0.49187782334945546}"
oracle_v15,AE885,0.2964755044742064,medium,1,0.7149057388305664,5,CLEAR: ORACLE NOISE,0.12401688622020401,"{""uncertainty"": 0.2850942611694336, ""gene_count"": 20, ""low_knownness_enhanced"": true, ""low_knownness_gate"": 0.49187782334945546}"
oracle_v15,AG511,0.29644204168157146,medium,0,0.7180310785770416,2,CLEAR: ORACLE NOISE,0.12439886630272179,"{""uncertainty"": 0.2819689214229584, ""gene_count"": 20, ""low_knownness_enhanced"": true, ""low_knownness_gate"": 0.4762682550295578}"
oracle_v15,AA659,0.29629445536570115,medium,1,0.7194684445858002,4,CLEAR: ORACLE NOISE,0.12393999861344263,"{""uncertainty"": 0.28053155541419983, ""gene_count"": 20, ""low_knownness_enhanced"": true, ""low_knownness_gate"": 0.46910299711051573}"
oracle_v15,AD763,0.29617902650074523,medium,1,0.7144712507724762,3,CLEAR: ORACLE NOISE,0.12252934765700818,"{""uncertainty"": 0.2855287492275238, ""gene_count"": 20, ""low_knownness_enhanced"": true, ""low_knownness_gate"": 0.4940498300105587}"
oracle_v15,AE458,0.211562716960907,medium,0,0.7229829728603363,1,CLEAR: ORACLE NOISE,0.12351063692391762,"{""uncertainty"": 0.2770170271396637, ""gene_count"": 20, ""low_knownness_enhanced"": true, ""low_knownness_gate"": 0.4516425652546773}"
oracle_v15,AG064,0.211562716960907,medium,0,0.7229829728603363,1,CLEAR: ORACLE NOISE,0.12351063692391762,"{""uncertainty"": 0.2770170271396637, ""gene_count"": 20, ""low_knownness_enhanced"": true, ""low_knownness_gate"": 0.4516425652546773}"
oracle_v15,AG174,0.211562716960907,medium,0,0.7229829728603363,1,CLEAR: ORACLE NOISE,0.12351063692391762,"{""uncertainty"": 0.2770170271396637, ""gene_count"": 20, ""low_knownness_enhanced"": true, ""low_knownness_gate"": 0.4516425652546773}"
oracle_v15,AG312,0.211562716960907,medium,0,0.7229829728603363,0,CLEAR: ORACLE NOISE,0.12351063692391762,"{""uncertainty"": 0.2770170271396637, ""gene_count"": 20, ""low_knownness_enhanced"": true, ""low_knownness_gate"": 0.4516425652546773}"
oracle_v15,AE407,0.21152962297201158,medium,0,0.7185124456882477,2,CLEAR: ORACLE NOISE,0.12258839244649611,"{""uncertainty"": 0.2814875543117523, ""gene_count"": 20, ""low_knownness_enhanced"": true, ""low_knownness_gate"": 0.47386740862520343}"
oracle_v15,AB787,0.21096277609467506,medium,0,0.7196045219898224,0,CLEAR: ORACLE NOISE,0.12005534561181319,"{""uncertainty"": 0.2803954780101776, ""gene_count"": 20, ""low_knownness_enhanced"": true, ""low_knownness_gate"": 0.46842526555485603}"
oracle_v15,AF044,0.21075213328003883,medium,0,0.7328886091709137,0,CLEAR: ORACLE NOISE,0.12124241381129286,"{""uncertainty"": 0.2671113908290863, ""gene_count"": 20, ""low_knownness_enhanced"": true, ""low_knownness_gate"": 0.4032000867650245}"
oracle_v15,AB644,0.2117641784661339,medium,1,0.7130612730979919,4,CLEAR: ORACLE NOISE,0.11779644372672493,"{""uncertainty"": 0.28693872690200806, ""gene_count"": 20, ""low_knownness_enhanced"": true, ""low_knownness_gate"": 0.5010994357032623}"
oracle_v15,AD943,0.21046865731477737,medium,0,0.7153437733650208,1,CLEAR: ORACLE NOISE,0.11698807092375851,"{""uncertainty"": 0.28465622663497925, ""gene_count"": 20, ""low_knownness_enhanced"": true, ""low_knownness_gate"": 0.48968839841136624}"
oracle_v15,AC601,0.20968243926763536,medium,1,0.7249169051647186,6,CLEAR: ORACLE NOISE,0.1147540525814561,"{""uncertainty"": 0.27508309483528137, ""gene_count"": 20, ""low_knownness_enhanced"": true, ""low_knownness_gate"": 0.44208242460298103}"
oracle_v15,AC151,0.20966111794114115,medium,0,0.7264933586120605,2,CLEAR: ORACLE NOISE,0.11490033917659304,"{""uncertainty"": 0.27350664138793945, ""gene_count"": 20, ""low_knownness_enhanced"": true, ""low_knownness_gate"": 0.4343207363996853}"
oracle_v15,AF568,0.20966111794114115,medium,0,0.7264933586120605,2,CLEAR: ORACLE NOISE,0.11490033917659304,"{""uncertainty"": 0.27350664138793945, ""gene_count"": 20, ""low_knownness_enhanced"": true, ""low_knownness_gate"": 0.4343207363996853}"
oracle_v15,AD942,0.20962576419115067,medium,0,0.7275559604167938,0,CLEAR: ORACLE NOISE,0.11489691869466245,"{""uncertainty"": 0.2724440395832062, ""gene_count"": 20, ""low_knownness_enhanced"": true, ""low_knownness_gate"": 0.4291068775129028}"
oracle_v15,AC766,0.20946336537599564,medium,0,0.7340452373027802,1,CLEAR: ORACLE NOISE,0.11512699621783984,"{""uncertainty"": 0.26595476269721985, ""gene_count"": 20, ""low_knownness_enhanced"": true, ""low_knownness_gate"": 0.39764638704584965}"
oracle_v15,AF667,0.2094196230173111,medium,0,0.7306310832500458,0,CLEAR: ORACLE NOISE,0.11437845984765893,"{""uncertainty"": 0.2693689167499542, ""gene_count"": 20, ""low_knownness_enhanced"": true, ""low_knownness_gate"": 0.4141104771154912}"
oracle_v15,AB567,0.2093693070113659,medium,0,0.7281435430049896,2,CLEAR: ORACLE NOISE,0.11374479317510078,"{""uncertainty"": 0.2718564569950104, ""gene_count"": 20, ""low_knownness_enhanced"": true, ""low_knownness_gate"": 0.4262304559148648}"
oracle_v15,AB568,0.2093693070113659,medium,0,0.7281435430049896,0,CLEAR: ORACLE NOISE,0.11374479317510078,"{""uncertainty"": 0.2718564569950104, ""gene_count"": 20, ""low_knownness_enhanced"": true, ""low_knownness_gate"": 0.4262304559148648}"
oracle_v15,AD723,0.2093693070113659,medium,0,0.7281435430049896,2,CLEAR: ORACLE NOISE,0.11374479317510078,"{""uncertainty"": 0.2718564569950104, ""gene_count"": 20, ""low_knownness_enhanced"": true, ""low_knownness_gate"": 0.4262304559148648}"
oracle_v15,AE912,0.2093693070113659,medium,0,0.7281435430049896,2,CLEAR: ORACLE NOISE,0.11374479317510078,"{""uncertainty"": 0.2718564569950104, ""gene_count"": 20, ""low_knownness_enhanced"": true, ""low_knownness_gate"": 0.4262304559148648}"
oracle_v15,AB854,0.20929705500602724,medium,1,0.7251850366592407,3,CLEAR: ORACLE NOISE,0.11293333168926267,"{""uncertainty"": 0.2748149633407593, ""gene_count"": 20, ""low_knownness_enhanced"": true, ""low_knownness_gate"": 0.4407601696289103}"
oracle_v15,AD581,0.2092134863138199,medium,0,0.7271942496299744,1,CLEAR: ORACLE NOISE,0.1128410893458387,"{""uncertainty"": 0.27280575037002563, ""gene_count"": 20, ""low_knownness_enhanced"": true, ""low_knownness_gate"": 0.4308799750849175}"
oracle_v15,AE717,0.2092115506529808,medium,0,0.7285510301589966,2,CLEAR: ORACLE NOISE,0.11304222386134555,"{""uncertainty"": 0.2714489698410034, ""gene_count"": 20, ""low_knownness_enhanced"": true, ""low_knownness_gate"": 0.4242385791503038}"
oracle_v15,AG450,0.2092115506529808,medium,0,0.7285510301589966,1,CLEAR: ORACLE NOISE,0.11304222386134555,"{""uncertainty"": 0.2714489698410034, ""gene_count"": 20, ""low_knownness_enhanced"": true, ""low_knownness_gate"": 0.4242385791503038}"
oracle_v15,AD539,0.20920893102884294,medium,0,0.7316100895404816,1,CLEAR: ORACLE NOISE,0.1135040915916461,"{""uncertainty"": 0.26838991045951843, ""gene_count"": 20, ""low_knownness_enhanced"": true, ""low_knownness_gate"": 0.4093680154921787}"
oracle_v15,AD299,0.20907939597964287,medium,0,0.7323815524578094,1,CLEAR: ORACLE NOISE,0.11299131802925322,"{""uncertainty"": 0.26761844754219055, ""gene_count"": 20, ""low_knownness_enhanced"": true, ""low_knownness_gate"": 0.4056427225451817}"
oracle_v15,AD357,0.20907939597964287,medium,0,0.7323815524578094,0,CLEAR: ORACLE NOISE,0.11299131802925322,"{""uncertainty"": 0.26761844754219055, ""gene_count"": 20, ""low_knownness_enhanced"": true, ""low_knownness_gate"": 0.4056427225451817}"
oracle_v15,AG567,0.20907939597964287,medium,0,0.7323815524578094,0,CLEAR: ORACLE NOISE,0.11299131802925322,"{""uncertainty"": 0.26761844754219055, ""gene_count"": 20, ""low_knownness_enhanced"": true, ""low_knownness_gate"": 0.4056427225451817}"
oracle_v15,AD216,0.2089447356760502,medium,1,0.7292046248912811,3,CLEAR: ORACLE NOISE,0.11184655107292985,"{""uncertainty"": 0.27079537510871887, ""gene_count"": 20, ""low_knownness_enhanced"": true, ""low_knownness_gate"": 0.42104883982048474}"
oracle_v15,AD536,0.20877936184406282,medium,0,0.723751038312912,2,CLEAR: ORACLE NOISE,0.11021214151093695,"{""uncertainty"": 0.276248961687088, ""gene_count"": 20, ""low_knownness_enhanced"": true, ""low_knownness_gate"": 0.4478410581542465}"
oracle_v15,AC821,0.20872689336538316,medium,1,0.7291468381881714,4,CLEAR: ORACLE NOISE,0.11077876077730409,"{""uncertainty"": 0.2708531618118286, ""gene_count"": 20, ""low_knownness_enhanced"": true, ""low_knownness_gate"": 0.42133059499326175}"
oracle_v15,AD369,0.2087207891047001,medium,0,0.7298907041549683,1,CLEAR: ORACLE NOISE,0.11086207285063843,"{""uncertainty"": 0.27010929584503174, ""gene_count"": 20, ""low_knownness_enhanced"": true, ""low_knownness_gate"": 0.4177076461192601}"
oracle_v15,AF676,0.20831476971507074,medium,0,0.732355922460556,0,CLEAR: ORACLE NOISE,0.10925417336219523,"{""uncertainty"": 0.26764407753944397, ""gene_count"": 20, ""low_knownness_enhanced"": true, ""low_knownness_gate"": 0.40576631467764696}"
oracle_v15,AF030,0.20813002139329911,medium,0,0.7359233796596527,1,CLEAR: ORACLE NOISE,0.10887996897950547,"{""uncertainty"": 0.2640766203403473, ""gene_count"": 20, ""low_knownness_enhanced"": true, ""low_knownness_gate"": 0.38868470211684064}"
oracle_v15,AA850,0.20810475721955302,medium,0,0.7350761592388153,2,CLEAR: ORACLE NOISE,0.10863081531871943,"{""uncertainty"": 0.2649238407611847, ""gene_count"": 20, ""low_knownness_enhanced"": true, ""low_knownness_gate"": 0.3927183560930124}"
oracle_v15,AB887,0.20797887891530992,medium,0,0.7341103553771973,2,CLEAR: ORACLE NOISE,0.10787203005681079,"{""uncertainty"": 0.26588964462280273, ""gene_count"": 20, ""low_knownness_enhanced"": true, ""low_knownness_gate"": 0.39733448217548845}"
oracle_v15,AD751,0.20797887891530992,medium,0,0.7341103553771973,2,CLEAR: ORACLE NOISE,0.10787203005681079,"{""uncertainty"": 0.26588964462280273, ""gene_count"": 20, ""low_knownness_enhanced"": true, ""low_knownness_gate"": 0.39733448217548845}"
oracle_v15,AC635,0.2079549312591553,medium,0,0.71334508061409,1,CLEAR: ORACLE NOISE,0.10470684184318202,"{""uncertainty"": 0.28665491938591003, ""gene_count"": 20, ""low_knownness_enhanced"": true, ""low_knownness_gate"": 0.49968039993824126}"
oracle_v15,AF034,0.20775139629840852,medium,1,0.7356874942779541,3,CLEAR: ORACLE NOISE,0.10698807138810196,"{""uncertainty"": 0.2643125057220459, ""gene_count"": 20, ""low_knownness_enhanced"": true, ""low_knownness_gate"": 0.38980625836777855}"
oracle_v15,AC711,0.20773500800132752,medium,1,0.7369978129863739,3,CLEAR: ORACLE NOISE,0.10709810483687576,"{""uncertainty"": 0.2630021870136261, ""gene_count"": 20, ""low_knownness_enhanced"": true, ""low_knownness_gate"": 0.3835911833866309}"
oracle_v15,AG027,0.20773500800132752,medium,0,0.7369978129863739,1,CLEAR: ORACLE NOISE,0.10709810483687576,"{""uncertainty"": 0.2630021870136261, ""gene_count"": 20, ""low_knownness_enhanced"": true, ""low_knownness_gate"": 0.3835911833866309}"
oracle_v15,AG082,0.20773500800132752,medium,0,0.7369978129863739,0,CLEAR: ORACLE NOISE,0.10709810483687576,"{""uncertainty"": 0.2630021870136261, ""gene_count"": 20, ""low_knownness_enhanced"": true, ""low_knownness_gate"": 0.3835911833866309}"
oracle_v15,AH080,0.20773500800132752,medium,0,0.7369978129863739,1,CLEAR: ORACLE NOISE,0.10709810483687576,"{""uncertainty"": 0.2630021870136261, ""gene_count"": 20, ""low_knownness_enhanced"": true, ""low_knownness_gate"": 0.3835911833866309}"
oracle_v15,AD264,0.2077047236263752,medium,0,0.7384683787822723,1,CLEAR: ORACLE NOISE,0.10716270894640312,"{""uncertainty"": 0.26153162121772766, ""gene_count"": 20, ""low_knownness_enhanced"": true, ""low_knownness_gate"": 0.37666113373171906}"
oracle_v15,AC490,0.2076431915163994,medium,0,0.7361132204532623,2,CLEAR: ORACLE NOISE,0.10651897656201204,"{""uncertainty"": 0.26388677954673767, ""gene_count"": 20, ""low_knownness_enhanced"": true, ""low_knownness_gate"": 0.3877829270698746}"
oracle_v15,AC672,0.2075879290699959,medium,0,0.7236405909061432,2,CLEAR: ORACLE NOISE,0.10444752857055573,"{""uncertainty"": 0.2763594090938568, ""gene_count"": 20, ""low_knownness_enhanced"": true, ""low_knownness_gate"": 0.44838734834217664}"
oracle_v15,AC406,0.20736849308013916,medium,0,0.7406454682350159,2,CLEAR: ORACLE NOISE,0.10581845269720702,"{""uncertainty"": 0.25935453176498413, ""gene_count"": 20, ""low_knownness_enhanced"": true, ""low_knownness_gate"": 0.3664942711709955}"
oracle_v15,AA251,0.20721845030784608,medium,0,0.7278583347797394,0,CLEAR: ORACLE NOISE,0.10326344702399481,"{""uncertainty"": 0.2721416652202606, ""gene_count"": 20, ""low_knownness_enhanced"": true, ""low_knownness_gate"": 0.4276260387562763}"
oracle_v15,AF665,0.20690371096134186,medium,0,0.7427628636360168,2,CLEAR: ORACLE NOISE,0.10381948595495416,"{""uncertainty"": 0.25723713636398315, ""gene_count"": 20, ""low_knownness_enhanced"": true, ""low_knownness_gate"": 0.3567188221410321}"
oracle_v15,AB740,0.20683200657367706,medium,1,0.7479298710823059,3,CLEAR: ORACLE NOISE,0.10418417071985786,"{""uncertainty"": 0.2520701289176941, ""gene_count"": 20, ""low_knownness_enhanced"": true, ""low_knownness_gate"": 0.33337177239126164}"
oracle_v15,AA818,0.20683146566152574,medium,1,0.735236406326294,3,CLEAR: ORACLE NOISE,0.10241336151256775,"{""uncertainty"": 0.26476359367370605, ""gene_count"": 20, ""low_knownness_enhanced"": true, ""low_knownness_gate"": 0.3919542708260889}"
oracle_v15,AC660,0.20673531517386437,medium,0,0.7440062463283539,0,CLEAR: ORACLE NOISE,0.10315802932891804,"{""uncertainty"": 0.2559937536716461, ""gene_count"": 20, ""low_knownness_enhanced"": true, ""low_knownness_gate"": 0.3510329811161772}"
oracle_v15,AE603,0.20651566684246064,medium,1,0.7447646856307983,4,CLEAR: ORACLE NOISE,0.10217261306188874,"{""uncertainty"": 0.25523531436920166, ""gene_count"": 20, ""low_knownness_enhanced"": true, ""low_knownness_gate"": 0.34758525451407996}"
oracle_v15,AG252,0.20651566684246064,medium,0,0.7447646856307983,0,CLEAR: ORACLE NOISE,0.10217261306188874,"{""uncertainty"": 0.25523531436920166, ""gene_count"": 20, ""low_knownness_enhanced"": true, ""low_knownness_gate"": 0.34758525451407996}"
oracle_v15,AA865,0.20638824179768564,medium,0,0.7387998998165131,1,CLEAR: ORACLE NOISE,0.1007267066086901,"{""uncertainty"": 0.26120010018348694, ""gene_count"": 20, ""low_knownness_enhanced"": true, ""low_knownness_gate"": 0.3751056714134038}"
oracle_v15,AB966,0.20638096854090693,medium,0,0.7403962910175323,0,CLEAR: ORACLE NOISE,0.10090845522147385,"{""uncertainty"": 0.25960370898246765, ""gene_count"": 20, ""low_knownness_enhanced"": true, ""low_knownness_gate"": 0.3676520996058417}"
oracle_v15,AD891,0.2063706710934639,medium,1,0.7461880743503571,3,CLEAR: ORACLE NOISE,0.1016465906073547,"{""uncertainty"": 0.25381192564964294, ""gene_count"": 20, ""low_knownness_enhanced"": true, ""low_knownness_gate"": 0.34115794612732186}"
oracle_v15,AA143,0.20632899180054665,medium,1,0.731499046087265,10,CLEAR: ORACLE NOISE,0.09944237866930772,"{""uncertainty"": 0.268500953912735, ""gene_count"": 20, ""low_knownness_enhanced"": true, ""low_knownness_gate"": 0.40990509807612485}"
oracle_v15,AA387,0.2060994304716587,medium,0,0.7482312321662903,1,CLEAR: ORACLE NOISE,0.10057190719773512,"{""uncertainty"": 0.2517687678337097, ""gene_count"": 20, ""low_knownness_enhanced"": true, ""low_knownness_gate"": 0.3320336605014322}"
oracle_v15,AA759,0.2060994304716587,medium,0,0.7482312321662903,0,CLEAR: ORACLE NOISE,0.10057190719773512,"{""uncertainty"": 0.2517687678337097, ""gene_count"": 20, ""low_knownness_enhanced"": true, ""low_knownness_gate"": 0.3320336605014322}"
oracle_v15,AC638,0.2060994304716587,medium,0,0.7482312321662903,2,CLEAR: ORACLE NOISE,0.10057190719773512,"{""uncertainty"": 0.2517687678337097, ""gene_count"": 20, ""low_knownness_enhanced"": true, ""low_knownness_gate"": 0.3320336605014322}"
oracle_v15,AD255,0.2060994304716587,medium,0,0.7482312321662903,0,CLEAR: ORACLE NOISE,0.10057190719773512,"{""uncertainty"": 0.2517687678337097, ""gene_count"": 20, ""low_knownness_enhanced"": true, ""low_knownness_gate"": 0.3320336605014322}"
oracle_v15,AG719,0.2059169575572014,medium,0,0.7386267185211182,0,CLEAR: ORACLE NOISE,0.09838240782205077,"{""uncertainty"": 0.26137328147888184, ""gene_count"": 20, ""low_knownness_enhanced"": true, ""low_knownness_gate"": 0.3759179007464853}"
oracle_v15,AA781,0.20587804540991783,medium,1,0.7479864656925201,4,CLEAR: ORACLE NOISE,0.09943505390097096,"{""uncertainty"": 0.25201353430747986, ""gene_count"": 20, ""low_knownness_enhanced"": true, ""low_knownness_gate"": 0.333120273749826}"
oracle_v15,AA097,0.2058758616447449,medium,0,0.740945965051651,2,CLEAR: ORACLE NOISE,0.09848832406942876,"{""uncertainty"": 0.259054034948349, ""gene_count"": 20, ""low_knownness_enhanced"": true, ""low_knownness_gate"": 0.3651000297500357}"
oracle_v15,AB015,0.20586931481957438,medium,0,0.7490876615047455,1,CLEAR: ORACLE NOISE,0.09953784368493723,"{""uncertainty"": 0.2509123384952545, ""gene_count"": 20, ""low_knownness_enhanced"": true, ""low_knownness_gate"": 0.32824574787201705}"
oracle_v15,AC295,0.2057448670268059,medium,0,0.7467559576034546,1,CLEAR: ORACLE NOISE,0.0986084622113701,"{""uncertainty"": 0.2532440423965454, ""gene_count"": 20, ""low_knownness_enhanced"": true, ""low_knownness_gate"": 0.33860971740366524}"
oracle_v15,AC056,0.2057378686964512,medium,0,0.7502152025699615,2,CLEAR: ORACLE NOISE,0.09903025075045369,"{""uncertainty"": 0.24978479743003845, ""gene_count"": 20, ""low_knownness_enhanced"": true, ""low_knownness_gate"": 0.323292675159962}"
oracle_v15,AC228,0.2057378686964512,medium,1,0.7502152025699615,4,CLEAR: ORACLE NOISE,0.09903025075045369,"{""uncertainty"": 0.24978479743003845, ""gene_count"": 20, ""low_knownness_enhanced"": true, ""low_knownness_gate"": 0.323292675159962}"
oracle_v15,AC553,0.2057378686964512,medium,0,0.7502152025699615,2,CLEAR: ORACLE NOISE,0.09903025075045369,"{""uncertainty"": 0.24978479743003845, ""gene_count"": 20, ""low_knownness_enhanced"": true, ""low_knownness_gate"": 0.323292675159962}"
oracle_v15,AC566,0.2057378686964512,medium,0,0.7502152025699615,2,CLEAR: ORACLE NOISE,0.09903025075045369,"{""uncertainty"": 0.24978479743003845, ""gene_count"": 20, ""low_knownness_enhanced"": true, ""low_knownness_gate"": 0.323292675159962}"
oracle_v15,AC762,0.2057378686964512,medium,0,0.7502152025699615,0,CLEAR: ORACLE NOISE,0.09903025075045369,"{""uncertainty"": 0.24978479743003845, ""gene_count"": 20, ""low_knownness_enhanced"": true, ""low_knownness_gate"": 0.323292675159962}"
oracle_v15,AD105,0.2057378686964512,medium,0,0.7502152025699615,1,CLEAR: ORACLE NOISE,0.09903025075045369,"{""uncertainty"": 0.24978479743003845, ""gene_count"": 20, ""low_knownness_enhanced"": true, ""low_knownness_gate"": 0.323292675159962}"
oracle_v15,AG392,0.2057378686964512,medium,0,0.7502152025699615,1,CLEAR: ORACLE NOISE,0.09903025075045369,"{""uncertainty"": 0.24978479743003845, ""gene_count"": 20, ""low_knownness_enhanced"": true, ""low_knownness_gate"": 0.323292675159962}"
oracle_v15,AG695,0.2057378686964512,medium,0,0.7502152025699615,1,CLEAR: ORACLE NOISE,0.09903025075045369,"{""uncertainty"": 0.24978479743003845, ""gene_count"": 20, ""low_knownness_enhanced"": true, ""low_knownness_gate"": 0.323292675159962}"
oracle_v15,AD495,0.20569654926657677,medium,1,0.7503903955221176,3,CLEAR: ORACLE NOISE,0.09884667196191699,"{""uncertainty"": 0.24960960447788239, ""gene_count"": 20, ""low_knownness_enhanced"": true, ""low_knownness_gate"": 0.32252659518290594}"
oracle_v15,AA086,0.20564734414219857,medium,0,0.7479727566242218,2,CLEAR: ORACLE NOISE,0.09828284303782686,"{""uncertainty"": 0.2520272433757782, ""gene_count"": 20, ""low_knownness_enhanced"": true, ""low_knownness_gate"": 0.3331811862441828}"
oracle_v15,AG433,0.2056444674730301,medium,0,0.7450710833072662,2,CLEAR: ORACLE NOISE,0.09788727735887726,"{""uncertainty"": 0.25492891669273376, ""gene_count"": 20, ""low_knownness_enhanced"": true, ""low_knownness_gate"": 0.34619692108739303}"
oracle_v15,AA074,0.20561261624097826,medium,0,0.7513022422790527,1,CLEAR: ORACLE NOISE,0.0985463929929864,"{""uncertainty"": 0.24869775772094727, ""gene_count"": 20, ""low_knownness_enhanced"": true, ""low_knownness_gate"": 0.31855473196734085}"
oracle_v15,AA756,0.20561261624097826,medium,1,0.7513022422790527,4,CLEAR: ORACLE NOISE,0.0985463929929864,"{""uncertainty"": 0.24869775772094727, ""gene_count"": 20, ""low_knownness_enhanced"": true, ""low_knownness_gate"": 0.31855473196734085}"
oracle_v15,AB286,0.20561261624097826,medium,0,0.7513022422790527,1,CLEAR: ORACLE NOISE,0.0985463929929864,"{""uncertainty"": 0.24869775772094727, ""gene_count"": 20, ""low_knownness_enhanced"": true, ""low_knownness_gate"": 0.31855473196734085}"
oracle_v15,AB981,0.20561261624097826,medium,0,0.7513022422790527,2,CLEAR: ORACLE NOISE,0.0985463929929864,"{""uncertainty"": 0.24869775772094727, ""gene_count"": 20, ""low_knownness_enhanced"": true, ""low_knownness_gate"": 0.31855473196734085}"
oracle_v15,AE055,0.20561261624097826,medium,0,0.7513022422790527,1,CLEAR: ORACLE NOISE,0.0985463929929864,"{""uncertainty"": 0.24869775772094727, ""gene_count"": 20, ""low_knownness_enhanced"": true, ""low_knownness_gate"": 0.31855473196734085}"
oracle_v15,AF251,0.20561261624097826,medium,0,0.7513022422790527,1,CLEAR: ORACLE NOISE,0.0985463929929864,"{""uncertainty"": 0.24869775772094727, ""gene_count"": 20, ""low_knownness_enhanced"": true, ""low_knownness_gate"": 0.31855473196734085}"
oracle_v15,AF352,0.20561261624097826,medium,0,0.7513022422790527,1,CLEAR: ORACLE NOISE,0.0985463929929864,"{""uncertainty"": 0.24869775772094727, ""gene_count"": 20, ""low_knownness_enhanced"": true, ""low_knownness_gate"": 0.31855473196734085}"
oracle_v15,AF417,0.20561261624097826,medium,0,0.7513022422790527,1,CLEAR: ORACLE NOISE,0.0985463929929864,"{""uncertainty"": 0.24869775772094727, ""gene_count"": 20, ""low_knownness_enhanced"": true, ""low_knownness_gate"": 0.31855473196734085}"
oracle_v15,AF524,0.20561261624097826,medium,1,0.7513022422790527,3,CLEAR: ORACLE NOISE,0.0985463929929864,"{""uncertainty"": 0.24869775772094727, ""gene_count"": 20, ""low_knownness_enhanced"": true, ""low_knownness_gate"": 0.31855473196734085}"
oracle_v15,AG151,0.20561261624097826,medium,0,0.7513022422790527,0,CLEAR: ORACLE NOISE,0.0985463929929864,"{""uncertainty"": 0.24869775772094727, ""gene_count"": 20, ""low_knownness_enhanced"": true, ""low_knownness_gate"": 0.31855473196734085}"
oracle_v15,AG418,0.20561261624097826,medium,0,0.7513022422790527,1,CLEAR: ORACLE NOISE,0.0985463929929864,"{""uncertainty"": 0.24869775772094727, ""gene_count"": 20, ""low_knownness_enhanced"": true, ""low_knownness_gate"": 0.31855473196734085}"
oracle_v15,AG419,0.20561261624097826,medium,0,0.7513022422790527,1,CLEAR: ORACLE NOISE,0.0985463929929864,"{""uncertainty"": 0.24869775772094727, ""gene_count"": 20, ""low_knownness_enhanced"": true, ""low_knownness_gate"": 0.31855473196734085}"
oracle_v15,AG573,0.20561261624097826,medium,0,0.7513022422790527,1,CLEAR: ORACLE NOISE,0.0985463929929864,"{""uncertainty"": 0.24869775772094727, ""gene_count"": 20, ""low_knownness_enhanced"": true, ""low_knownness_gate"": 0.31855473196734085}"
oracle_v15,AG628,0.20561261624097826,medium,0,0.7513022422790527,0,CLEAR: ORACLE NOISE,0.0985463929929864,"{""uncertainty"": 0.24869775772094727, ""gene_count"": 20, ""low_knownness_enhanced"": true, ""low_knownness_gate"": 0.31855473196734085}"
oracle_v15,AD467,0.20557480826973917,medium,0,0.7514597326517105,1,CLEAR: ORACLE NOISE,0.09837764281584938,"{""uncertainty"": 0.2485402673482895, ""gene_count"": 20, ""low_knownness_enhanced"": true, ""low_knownness_gate"": 0.3178713703968082}"
oracle_v15,AD645,0.20557480826973917,medium,1,0.7514597326517105,3,CLEAR: ORACLE NOISE,0.09837764281584938,"{""uncertainty"": 0.2485402673482895, ""gene_count"": 20, ""low_knownness_enhanced"": true, ""low_knownness_gate"": 0.3178713703968082}"
oracle_v15,AA539,0.2055214546620846,medium,1,0.7528919130563736,3,CLEAR: ORACLE NOISE,0.0982973406049743,"{""uncertainty"": 0.2471080869436264, ""gene_count"": 20, ""low_knownness_enhanced"": true, ""low_knownness_gate"": 0.3116932533809089}"
oracle_v15,AE264,0.20549563840031626,medium,1,0.7414731085300446,4,CLEAR: ORACLE NOISE,0.09667889117828876,"{""uncertainty"": 0.25852689146995544, ""gene_count"": 20, ""low_knownness_enhanced"": true, ""low_knownness_gate"": 0.3626596648904596}"
oracle_v15,AC508,0.20547684505581856,medium,1,0.7445709109306335,3,CLEAR: ORACLE NOISE,0.09698951964799196,"{""uncertainty"": 0.25542908906936646, ""gene_count"": 20, ""low_knownness_enhanced"": true, ""low_knownness_gate"": 0.3484646176260581}"
oracle_v15,AD593,0.20540704503655435,medium,1,0.7527738362550735,3,CLEAR: ORACLE NOISE,0.09770776071538623,"{""uncertainty"": 0.24722616374492645, ""gene_count"": 20, ""low_knownness_enhanced"": true, ""low_knownness_gate"": 0.31220012383032403}"
oracle_v15,AC217,0.0694396898150444,medium,0,0.7567040473222733,1,CLEAR: ORACLE NOISE,0.09806727974489116,"{""uncertainty"": 0.24329595267772675, ""gene_count"": 20, ""low_knownness_enhanced"": true, ""low_knownness_gate"": 0.2955753166582578}"
oracle_v15,AB735,0.06942945048213005,medium,0,0.7531268298625946,0,CLEAR: ORACLE NOISE,0.09755226965052577,"{""uncertainty"": 0.2468731701374054, ""gene_count"": 20, ""low_knownness_enhanced"": true, ""low_knownness_gate"": 0.3106861625290289}"
oracle_v15,AD102,0.06933701485395431,medium,0,0.743434876203537,0,CLEAR: ORACLE NOISE,0.09583874162730321,"{""uncertainty"": 0.256565123796463, ""gene_count"": 20, ""low_knownness_enhanced"": true, ""low_knownness_gate"": 0.3536406549598509}"
oracle_v15,AG298,0.06913457289338112,medium,0,0.7468273043632507,0,CLEAR: ORACLE NOISE,0.09526814329403965,"{""uncertainty"": 0.25317269563674927, ""gene_count"": 20, ""low_knownness_enhanced"": true, ""low_knownness_gate"": 0.3382902243649899}"
oracle_v15,AE560,0.06910445615649223,medium,0,0.7557127326726913,2,CLEAR: ORACLE NOISE,0.09624987178832245,"{""uncertainty"": 0.24428726732730865, ""gene_count"": 20, ""low_knownness_enhanced"": true, ""low_knownness_gate"": 0.2997200226627435}"
oracle_v15,AF187,0.06910445615649223,medium,0,0.7557127326726913,1,CLEAR: ORACLE NOISE,0.09624987178832245,"{""uncertainty"": 0.24428726732730865, ""gene_count"": 20, ""low_knownness_enhanced"": true, ""low_knownness_gate"": 0.2997200226627435}"
oracle_v15,AD419,0.0690789483487606,medium,0,0.7558315545320511,1,CLEAR: ORACLE NOISE,0.09613647459520291,"{""uncertainty"": 0.2441684454679489, ""gene_count"": 20, ""low_knownness_enhanced"": true, ""low_knownness_gate"": 0.29922147469905686}"
oracle_v15,AA062,0.06900982558727264,medium,0,0.756606861948967,1,CLEAR: ORACLE NOISE,0.09588642989189022,"{""uncertainty"": 0.24339313805103302, ""gene_count"": 20, ""low_knownness_enhanced"": true, ""low_knownness_gate"": 0.2959801777973487}"
oracle_v15,AD655,0.06900982558727264,medium,0,0.756606861948967,1,CLEAR: ORACLE NOISE,0.09588642989189022,"{""uncertainty"": 0.24339313805103302, ""gene_count"": 20, ""low_knownness_enhanced"": true, ""low_knownness_gate"": 0.2959801777973487}"
oracle_v15,AD930,0.06900982558727264,medium,0,0.756606861948967,2,CLEAR: ORACLE NOISE,0.09588642989189022,"{""uncertainty"": 0.24339313805103302, ""gene_count"": 20, ""low_knownness_enhanced"": true, ""low_knownness_gate"": 0.2959801777973487}"
oracle_v15,AF111,0.06900982558727264,medium,0,0.756606861948967,1,CLEAR: ORACLE NOISE,0.09588642989189022,"{""uncertainty"": 0.24339313805103302, ""gene_count"": 20, ""low_knownness_enhanced"": true, ""low_knownness_gate"": 0.2959801777973487}"
oracle_v15,AF865,0.06900982558727264,medium,0,0.756606861948967,2,CLEAR: ORACLE NOISE,0.09588642989189022,"{""uncertainty"": 0.24339313805103302, ""gene_count"": 20, ""low_knownness_enhanced"": true, ""low_knownness_gate"": 0.2959801777973487}"
oracle_v15,AF909,0.06900982558727264,medium,0,0.756606861948967,2,CLEAR: ORACLE NOISE,0.09588642989189022,"{""uncertainty"": 0.24339313805103302, ""gene_count"": 20, ""low_knownness_enhanced"": true, ""low_knownness_gate"": 0.2959801777973487}"
oracle_v15,AG942,0.06898664012551307,medium,0,0.7567117512226105,1,CLEAR: ORACLE NOISE,0.09578275799473657,"{""uncertainty"": 0.24328824877738953, ""gene_count"": 20, ""low_knownness_enhanced"": true, ""low_knownness_gate"": 0.2955432370023968}"
oracle_v15,AG531,0.0689282774925232,medium,0,0.7567517906427383,0,CLEAR: ORACLE NOISE,0.09549338590833045,"{""uncertainty"": 0.24324820935726166, ""gene_count"": 20, ""low_knownness_enhanced"": true, ""low_knownness_gate"": 0.29537654221463683}"
oracle_v15,AG532,0.0689282774925232,medium,0,0.7567517906427383,0,CLEAR: ORACLE NOISE,0.09549338590833045,"{""uncertainty"": 0.24324820935726166, ""gene_count"": 20, ""low_knownness_enhanced"": true, ""low_knownness_gate"": 0.29537654221463683}"
oracle_v15,AB008,0.06889638379216194,medium,1,0.7544215321540833,3,CLEAR: ORACLE NOISE,0.09503892541769599,"{""uncertainty"": 0.24557846784591675, ""gene_count"": 20, ""low_knownness_enhanced"": true, ""low_knownness_gate"": 0.3051680453491908}"
oracle_v15,AF621,0.06525913502682339,medium,0,0.7570727914571762,0,CLEAR: ORACLE NOISE,0.09536845279276229,"{""uncertainty"": 0.2429272085428238, ""gene_count"": 20, ""low_knownness_enhanced"": true, ""low_knownness_gate"": 0.29404210671285796}"
oracle_v15,AA767,0.0651798981021751,medium,0,0.7540405094623566,2,CLEAR: ORACLE NOISE,0.094588157250032,"{""uncertainty"": 0.24595949053764343, ""gene_count"": 20, ""low_knownness_enhanced"": true, ""low_knownness_gate"": 0.3067862850446664}"
oracle_v15,AC839,0.06514310937036166,medium,0,0.7564107775688171,1,CLEAR: ORACLE NOISE,0.09469997186233137,"{""uncertainty"": 0.24358922243118286, ""gene_count"": 20, ""low_knownness_enhanced"": true, ""low_knownness_gate"": 0.2967980163348687}"
oracle_v15,AD181,0.06514310937036166,medium,0,0.7564107775688171,1,CLEAR: ORACLE NOISE,0.09469997186233137,"{""uncertainty"": 0.24358922243118286, ""gene_count"": 20, ""low_knownness_enhanced"": true, ""low_knownness_gate"": 0.2967980163348687}"
oracle_v15,AC562,0.06511941428888927,medium,0,0.7585431784391403,2,CLEAR: ORACLE NOISE,0.0948471160101334,"{""uncertainty"": 0.24145682156085968, ""gene_count"": 20, ""low_knownness_enhanced"": true, ""low_knownness_gate"": 0.2879747940156148}"
oracle_v15,AE773,0.06511594753373753,medium,0,0.7528705596923828,0,CLEAR: ORACLE NOISE,0.09412042004106524,"{""uncertainty"": 0.2471294403076172, ""gene_count"": 20, ""low_knownness_enhanced"": true, ""low_knownness_gate"": 0.31178488400570786}"
oracle_v15,AA768,0.0650967630337585,medium,0,0.7545838356018066,1,CLEAR: ORACLE NOISE,0.09423809717036846,"{""uncertainty"": 0.24541616439819336, ""gene_count"": 20, ""low_knownness_enhanced"": true, ""low_knownness_gate"": 0.30448018286872736}"
oracle_v15,AB777,0.06509441498328339,medium,0,0.759245976805687,1,CLEAR: ORACLE NOISE,0.09480845539603322,"{""uncertainty"": 0.24075402319431305, ""gene_count"": 20, ""low_knownness_enhanced"": true, ""low_knownness_gate"": 0.2851012947761545}"
oracle_v15,AC767,0.06502207580615174,medium,0,0.7544966489076614,1,CLEAR: ORACLE NOISE,0.09385153355482923,"{""uncertainty"": 0.24550335109233856, ""gene_count"": 20, ""low_knownness_enhanced"": true, ""low_knownness_gate"": 0.30484958273007956}"
oracle_v15,AC556,0.0650187666307796,medium,0,0.7599805742502213,0,CLEAR: ORACLE NOISE,0.0945169107542414,"{""uncertainty"": 0.24001942574977875, ""gene_count"": 20, ""low_knownness_enhanced"": true, ""low_knownness_gate"": 0.2821162813273077}"
oracle_v15,AB428,0.0649469683657993,medium,0,0.7606819421052933,1,CLEAR: ORACLE NOISE,0.09424003385461832,"{""uncertainty"": 0.23931805789470673, ""gene_count"": 20, ""low_knownness_enhanced"": true, ""low_knownness_gate"": 0.2792840698133272}"
oracle_v15,AC350,0.0649469683657993,medium,0,0.7606819421052933,0,CLEAR: ORACLE NOISE,0.09424003385461832,"{""uncertainty"": 0.23931805789470673, ""gene_count"": 20, ""low_knownness_enhanced"": true, ""low_knownness_gate"": 0.2792840698133272}"
oracle_v15,AE568,0.0649469683657993,medium,0,0.7606819421052933,1,CLEAR: ORACLE NOISE,0.09424003385461832,"{""uncertainty"": 0.23931805789470673, ""gene_count"": 20, ""low_knownness_enhanced"": true, ""low_knownness_gate"": 0.2792840698133272}"
oracle_v15,AE792,0.0649469683657993,medium,0,0.7606819421052933,2,CLEAR: ORACLE NOISE,0.09424003385461832,"{""uncertainty"": 0.23931805789470673, ""gene_count"": 20, ""low_knownness_enhanced"": true, ""low_knownness_gate"": 0.2792840698133272}"
oracle_v15,AF255,0.0649469683657993,medium,0,0.7606819421052933,1,CLEAR: ORACLE NOISE,0.09424003385461832,"{""uncertainty"": 0.23931805789470673, ""gene_count"": 20, ""low_knownness_enhanced"": true, ""low_knownness_gate"": 0.2792840698133272}"
oracle_v15,AG507,0.0649469683657993,medium,0,0.7606819421052933,0,CLEAR: ORACLE NOISE,0.09424003385461832,"{""uncertainty"": 0.23931805789470673, ""gene_count"": 20, ""low_knownness_enhanced"": true, ""low_knownness_gate"": 0.2792840698133272}"
oracle_v15,AA043,0.0649362529407848,medium,0,0.7605313807725906,1,CLEAR: ORACLE NOISE,0.09416705153319072,"{""uncertainty"": 0.23946861922740936, ""gene_count"": 20, ""low_knownness_enhanced"": true, ""low_knownness_gate"": 0.2798905856467229}"
oracle_v15,AD244,0.0649230486493219,medium,0,0.761596143245697,2,CLEAR: ORACLE NOISE,0.09423184545123275,"{""uncertainty"": 0.23840385675430298, ""gene_count"": 20, ""low_knownness_enhanced"": true, ""low_knownness_gate"": 0.27561867391705014}"
oracle_v15,AD092,0.06491695444692264,medium,0,0.7558510005474091,1,CLEAR: ORACLE NOISE,0.09349029357817518,"{""uncertainty"": 0.24414899945259094, ""gene_count"": 20, ""low_knownness_enhanced"": true, ""low_knownness_gate"": 0.2991399291526607}"
oracle_v15,AC025,0.06488646890629421,medium,1,0.7607686519622803,3,CLEAR: ORACLE NOISE,0.09394393562667247,"{""uncertainty"": 0.23923134803771973, ""gene_count"": 20, ""low_knownness_enhanced"": true, ""low_knownness_gate"": 0.2789351364939138}"
oracle_v15,AC327,0.06488646890629421,medium,0,0.7607686519622803,1,CLEAR: ORACLE NOISE,0.09394393562667247,"{""uncertainty"": 0.23923134803771973, ""gene_count"": 20, ""low_knownness_enhanced"": true, ""low_knownness_gate"": 0.2789351364939138}"
oracle_v15,AC753,0.06488646890629421,medium,0,0.7607686519622803,2,CLEAR: ORACLE NOISE,0.09394393562667247,"{""uncertainty"": 0.23923134803771973, ""gene_count"": 20, ""low_knownness_enhanced"": true, ""low_knownness_gate"": 0.2789351364939138}"
oracle_v15,AA593,0.06488615039397369,medium,0,0.7591414302587509,1,CLEAR: ORACLE NOISE,0.09374138528652043,"{""uncertainty"": 0.24085856974124908, ""gene_count"": 20, ""low_knownness_enhanced"": true, ""low_knownness_gate"": 0.28552765670633123}"
oracle_v15,AD355,0.06487194697965275,medium,0,0.7608403414487839,2,CLEAR: ORACLE NOISE,0.09387912912486707,"{""uncertainty"": 0.23915965855121613, ""gene_count"": 20, ""low_knownness_enhanced"": true, ""low_knownness_gate"": 0.27864684932295464}"
oracle_v15,AC720,0.06484160672534595,medium,0,0.7547242790460587,2,CLEAR: ORACLE NOISE,0.09297181906317142,"{""uncertainty"": 0.24527572095394135, ""gene_count"": 20, ""low_knownness_enhanced"": true, ""low_knownness_gate"": 0.30388566997522626}"
oracle_v15,AB682,0.06471907782961021,medium,0,0.756163090467453,0,CLEAR: ORACLE NOISE,0.09253138230536817,"{""uncertainty"": 0.243836909532547, ""gene_count"": 20, ""low_knownness_enhanced"": true, ""low_knownness_gate"": 0.2978329463056278}"
oracle_v15,AC330,0.06471907782961021,medium,0,0.756163090467453,0,CLEAR: ORACLE NOISE,0.09253138230536817,"{""uncertainty"": 0.243836909532547, ""gene_count"": 20, ""low_knownness_enhanced"": true, ""low_knownness_gate"": 0.2978329463056278}"
oracle_v15,AD103,0.06471907782961021,medium,0,0.756163090467453,0,CLEAR: ORACLE NOISE,0.09253138230536817,"{""uncertainty"": 0.243836909532547, ""gene_count"": 20, ""low_knownness_enhanced"": true, ""low_knownness_gate"": 0.2978329463056278}"
oracle_v15,AD200,0.06471907782961021,medium,0,0.756163090467453,0,CLEAR: ORACLE NOISE,0.09253138230536817,"{""uncertainty"": 0.243836909532547, ""gene_count"": 20, ""low_knownness_enhanced"": true, ""low_knownness_gate"": 0.2978329463056278}"
oracle_v15,AG389,0.06471907782961021,medium,0,0.756163090467453,1,CLEAR: ORACLE NOISE,0.09253138230536817,"{""uncertainty"": 0.243836909532547, ""gene_count"": 20, ""low_knownness_enhanced"": true, ""low_knownness_gate"": 0.2978329463056278}"
oracle_v15,AG077,0.06471331666816364,medium,0,0.7562379390001297,0,CLEAR: ORACLE NOISE,0.09251149609871323,"{""uncertainty"": 0.2437620609998703, ""gene_count"": 20, ""low_knownness_enhanced"": true, ""low_knownness_gate"": 0.2975199818780744}"
oracle_v15,AC242,0.06470442067493092,medium,0,0.7586517632007599,1,CLEAR: ORACLE NOISE,0.09276178904165633,"{""uncertainty"": 0.2413482367992401, ""gene_count"": 20, ""low_knownness_enhanced"": true, ""low_knownness_gate"": 0.2875297032078915}"
oracle_v15,AC495,0.06467715825546871,medium,0,0.7615795433521271,0,CLEAR: ORACLE NOISE,0.09298135759700576,"{""uncertainty"": 0.23842045664787292, ""gene_count"": 20, ""low_knownness_enhanced"": true, ""low_knownness_gate"": 0.27568496323243175}"
oracle_v15,AF437,0.06467715825546871,medium,0,0.7615795433521271,0,CLEAR: ORACLE NOISE,0.09298135759700576,"{""uncertainty"": 0.23842045664787292, ""gene_count"": 20, ""low_knownness_enhanced"": true, ""low_knownness_gate"": 0.27568496323243175}"
oracle_v15,AF586,0.06467715825546871,medium,0,0.7615795433521271,0,CLEAR: ORACLE NOISE,0.09298135759700576,"{""uncertainty"": 0.23842045664787292, ""gene_count"": 20, ""low_knownness_enhanced"": true, ""low_knownness_gate"": 0.27568496323243175}"
oracle_v15,AE935,0.0646021636914123,medium,0,0.7591508626937866,1,CLEAR: ORACLE NOISE,0.0923052917009688,"{""uncertainty"": 0.24084913730621338, ""gene_count"": 20, ""low_knownness_enhanced"": true, ""low_knownness_gate"": 0.28548917362405063}"
oracle_v15,AE202,0.06455743003297935,medium,0,0.7640982121229172,0,CLEAR: ORACLE NOISE,0.09267896809652154,"{""uncertainty"": 0.23590178787708282, ""gene_count"": 20, ""low_knownness_enhanced"": true, ""low_knownness_gate"": 0.26574073591683006}"
oracle_v15,AG367,0.06452371466566215,medium,0,0.7639847248792648,1,CLEAR: ORACLE NOISE,0.09249348283572723,"{""uncertainty"": 0.23601527512073517, ""gene_count"": 20, ""low_knownness_enhanced"": true, ""low_knownness_gate"": 0.26618384984874727}"
oracle_v15,AE108,0.06451853464950214,medium,0,0.7608525902032852,1,CLEAR: ORACLE NOISE,0.09208800923785443,"{""uncertainty"": 0.23914740979671478, ""gene_count"": 20, ""low_knownness_enhanced"": true, ""low_knownness_gate"": 0.2785976113183973}"
oracle_v15,AA736,0.0644533949684013,medium,1,0.7598743289709091,4,CLEAR: ORACLE NOISE,0.09163962120694324,"{""uncertainty"": 0.24012567102909088, ""gene_count"": 20, ""low_knownness_enhanced"": true, ""low_knownness_gate"": 0.2825468305866168}"
oracle_v15,AG800,0.06444429333914409,medium,0,0.7630173861980438,1,CLEAR: ORACLE NOISE,0.09197237084130228,"{""uncertainty"": 0.23698261380195618, ""gene_count"": 20, ""low_knownness_enhanced"": true, ""low_knownness_gate"": 0.2699799086970093}"
oracle_v15,AE971,0.06444191846657882,medium,0,0.7636087834835052,2,CLEAR: ORACLE NOISE,0.09203156669399681,"{""uncertainty"": 0.23639121651649475, ""gene_count"": 20, ""low_knownness_enhanced"": true, ""low_knownness_gate"": 0.2676550820946813}"
oracle_v15,AE599,0.06443964417685161,medium,0,0.7601593732833862,2,CLEAR: ORACLE NOISE,0.09160431180506201,"{""uncertainty"": 0.23984062671661377, ""gene_count"": 20, ""low_knownness_enhanced"": true, ""low_knownness_gate"": 0.2813926144322085}"
oracle_v15,AG207,0.06437893684614787,medium,0,0.760987788438797,0,CLEAR: ORACLE NOISE,0.0913961578149789,"{""uncertainty"": 0.239012211561203, ""gene_count"": 20, ""low_knownness_enhanced"": true, ""low_knownness_gate"": 0.2780544913123111}"
oracle_v15,AG108,0.06433965254236351,medium,0,0.7611709982156754,2,CLEAR: ORACLE NOISE,0.09121881452468583,"{""uncertainty"": 0.23882900178432465, ""gene_count"": 20, ""low_knownness_enhanced"": true, ""low_knownness_gate"": 0.27731953852354907}"
oracle_v15,AE705,0.06431594181467186,medium,0,0.766218438744545,0,CLEAR: ORACLE NOISE,0.09170258303038403,"{""uncertainty"": 0.23378156125545502, ""gene_count"": 20, ""low_knownness_enhanced"": true, ""low_knownness_gate"": 0.25754925220453073}"
oracle_v15,AD889,0.06428066853095185,medium,0,0.7662544995546341,2,CLEAR: ORACLE NOISE,0.09152671011247071,"{""uncertainty"": 0.2337455004453659, ""gene_count"": 20, ""low_knownness_enhanced"": true, ""low_knownness_gate"": 0.25741136706466977}"
oracle_v15,AB775,0.06427600819278848,medium,0,0.7666467726230621,0,CLEAR: ORACLE NOISE,0.09154974701895813,"{""uncertainty"": 0.23335322737693787, ""gene_count"": 20, ""low_knownness_enhanced"": true, ""low_knownness_gate"": 0.25591455763420995}"
oracle_v15,AE704,0.06427600819278848,medium,0,0.7666467726230621,2,CLEAR: ORACLE NOISE,0.09154974701895813,"{""uncertainty"": 0.23335322737693787, ""gene_count"": 20, ""low_knownness_enhanced"": true, ""low_knownness_gate"": 0.25591455763420995}"
oracle_v15,AD949,0.0642735908519138,medium,0,0.7663039416074753,1,CLEAR: ORACLE NOISE,0.09149645812251661,"{""uncertainty"": 0.23369605839252472, ""gene_count"": 20, ""low_knownness_enhanced"": true, ""low_knownness_gate"": 0.25722239469630653}"
oracle_v15,AG057,0.0642735908519138,medium,0,0.7663039416074753,1,CLEAR: ORACLE NOISE,0.09149645812251661,"{""uncertainty"": 0.23369605839252472, ""gene_count"": 20, ""low_knownness_enhanced"": true, ""low_knownness_gate"": 0.25722239469630653}"
oracle_v15,AB557,0.06427193458784711,medium,1,0.7654866874217987,5,CLEAR: ORACLE NOISE,0.09139042590008506,"{""uncertainty"": 0.2345133125782013, ""gene_count"": 20, ""low_knownness_enhanced"": true, ""low_knownness_gate"": 0.2603576421585578}"
oracle_v15,AC035,0.06427193458784711,medium,0,0.7654866874217987,0,CLEAR: ORACLE NOISE,0.09139042590008506,"{""uncertainty"": 0.2345133125782013, ""gene_count"": 20, ""low_knownness_enhanced"": true, ""low_knownness_gate"": 0.2603576421585578}"
oracle_v15,AF552,0.06427193458784711,medium,0,0.7654866874217987,0,CLEAR: ORACLE NOISE,0.09139042590008506,"{""uncertainty"": 0.2345133125782013, ""gene_count"": 20, ""low_knownness_enhanced"": true, ""low_knownness_gate"": 0.2603576421585578}"
oracle_v15,AH442,0.06427193458784711,medium,0,0.7654866874217987,0,CLEAR: ORACLE NOISE,0.09139042590008506,"{""uncertainty"": 0.2345133125782013, ""gene_count"": 20, ""low_knownness_enhanced"": true, ""low_knownness_gate"": 0.2603576421585578}"
oracle_v15,AC773,0.0316907053374178,medium,0,0.7659469097852707,2,CLEAR: ORACLE NOISE,0.09124759812924998,"{""uncertainty"": 0.2340530902147293, ""gene_count"": 20, ""low_knownness_enhanced"": true, ""low_knownness_gate"": 0.2585890411931736}"
oracle_v15,AD445,0.03167343861688443,medium,0,0.7626084089279175,0,CLEAR: ORACLE NOISE,0.0907620960529556,"{""uncertainty"": 0.23739159107208252, ""gene_count"": 20, ""low_knownness_enhanced"": true, ""low_knownness_gate"": 0.27159505131799483}"
oracle_v15,AB292,0.03156159720648595,medium,0,0.7681502103805542,0,CLEAR: ORACLE NOISE,0.09084891539557738,"{""uncertainty"": 0.2318497896194458, ""gene_count"": 20, ""low_knownness_enhanced"": true, ""low_knownness_gate"": 0.2502309384811176}"
oracle_v15,AB007,0.031561551385415276,medium,0,0.7650389671325684,0,CLEAR: ORACLE NOISE,0.09048071580778227,"{""uncertainty"": 0.23496103286743164, ""gene_count"": 20, ""low_knownness_enhanced"": true, ""low_knownness_gate"": 0.26208570249347996}"
oracle_v15,AB705,0.03153737015355893,medium,0,0.7679787874221802,1,CLEAR: ORACLE NOISE,0.090704602164287,"{""uncertainty"": 0.23202121257781982, ""gene_count"": 20, ""low_knownness_enhanced"": true, ""low_knownness_gate"": 0.25087472092888086}"
oracle_v15,AB601,0.031433911763919076,medium,0,0.7661203593015671,0,CLEAR: ORACLE NOISE,0.08995669601577838,"{""uncertainty"": 0.23387964069843292, ""gene_count"": 20, ""low_knownness_enhanced"": true, ""low_knownness_gate"": 0.25792452094012264}"
oracle_v15,AD950,0.03139469339777299,medium,0,0.7697430998086929,0,CLEAR: ORACLE NOISE,0.09018081895887764,"{""uncertainty"": 0.23025690019130707, ""gene_count"": 20, ""low_knownness_enhanced"": true, ""low_knownness_gate"": 0.24430160792051217}"
oracle_v15,AA830,0.031354694955838404,medium,0,0.7689679861068726,1,CLEAR: ORACLE NOISE,0.08988495879383418,"{""uncertainty"": 0.23103201389312744, ""gene_count"": 20, ""low_knownness_enhanced"": true, ""low_knownness_gate"": 0.24717494399221138}"
oracle_v15,AD688,0.03133290983070203,medium,0,0.7673386633396149,1,CLEAR: ORACLE NOISE,0.08958306284718365,"{""uncertainty"": 0.23266133666038513, ""gene_count"": 20, ""low_knownness_enhanced"": true, ""low_knownness_gate"": 0.25328844114607063}"
oracle_v15,AA229,0.03128917864788838,medium,0,0.7707237601280212,1,CLEAR: ORACLE NOISE,0.0897535587152829,"{""uncertainty"": 0.22927623987197876, ""gene_count"": 20, ""low_knownness_enhanced"": true, ""low_knownness_gate"": 0.24069883410422402}"
oracle_v15,AA231,0.03128917864788838,medium,0,0.7707237601280212,2,CLEAR: ORACLE NOISE,0.0897535587152829,"{""uncertainty"": 0.22927623987197876, ""gene_count"": 20, ""low_knownness_enhanced"": true, ""low_knownness_gate"": 0.24069883410422402}"
oracle_v15,AA250,0.03128917864788838,medium,0,0.7707237601280212,0,CLEAR: ORACLE NOISE,0.0897535587152829,"{""uncertainty"": 0.22927623987197876, ""gene_count"": 20, ""low_knownness_enhanced"": true, ""low_knownness_gate"": 0.24069883410422402}"
oracle_v15,AA308,0.03128917864788838,medium,0,0.7707237601280212,0,CLEAR: ORACLE NOISE,0.0897535587152829,"{""uncertainty"": 0.22927623987197876, ""gene_count"": 20, ""low_knownness_enhanced"": true, ""low_knownness_gate"": 0.24069883410422402}"
oracle_v15,AA390,0.03128917864788838,medium,0,0.7707237601280212,0,CLEAR: ORACLE NOISE,0.0897535587152829,"{""uncertainty"": 0.22927623987197876, ""gene_count"": 20, ""low_knownness_enhanced"": true, ""low_knownness_gate"": 0.24069883410422402}"
oracle_v15,AA466,0.03128917864788838,medium,0,0.7707237601280212,0,CLEAR: ORACLE NOISE,0.0897535587152829,"{""uncertainty"": 0.22927623987197876, ""gene_count"": 20, ""low_knownness_enhanced"": true, ""low_knownness_gate"": 0.24069883410422402}"
oracle_v15,AA536,0.03128917864788838,medium,0,0.7707237601280212,2,CLEAR: ORACLE NOISE,0.0897535587152829,"{""uncertainty"": 0.22927623987197876, ""gene_count"": 20, ""low_knownness_enhanced"": true, ""low_knownness_gate"": 0.24069883410422402}"
oracle_v15,AA567,0.03128917864788838,medium,0,0.7707237601280212,2,CLEAR: ORACLE NOISE,0.0897535587152829,"{""uncertainty"": 0.22927623987197876, ""gene_count"": 20, ""low_knownness_enhanced"": true, ""low_knownness_gate"": 0.24069883410422402}"
oracle_v15,AA570,0.03128917864788838,medium,0,0.7707237601280212,2,CLEAR: ORACLE NOISE,0.0897535587152829,"{""uncertainty"": 0.22927623987197876, ""gene_count"": 20, ""low_knownness_enhanced"": true, ""low_knownness_gate"": 0.24069883410422402}"
oracle_v15,AA580,0.03128917864788838,medium,0,0.7707237601280212,1,CLEAR: ORACLE NOISE,0.0897535587152829,"{""uncertainty"": 0.22927623987197876, ""gene_count"": 20, ""low_knownness_enhanced"": true, ""low_knownness_gate"": 0.24069883410422402}"
oracle_v15,AA771,0.03128917864788838,medium,0,0.7707237601280212,1,CLEAR: ORACLE NOISE,0.0897535587152829,"{""uncertainty"": 0.22927623987197876, ""gene_count"": 20, ""low_knownness_enhanced"": true, ""low_knownness_gate"": 0.24069883410422402}"
oracle_v15,AA778,0.03128917864788838,medium,0,0.7707237601280212,1,CLEAR: ORACLE NOISE,0.0897535587152829,"{""uncertainty"": 0.22927623987197876, ""gene_count"": 20, ""low_knownness_enhanced"": true, ""low_knownness_gate"": 0.24069883410422402}"
oracle_v15,AA871,0.03128917864788838,medium,0,0.7707237601280212,0,CLEAR: ORACLE NOISE,0.0897535587152829,"{""uncertainty"": 0.22927623987197876, ""gene_count"": 20, ""low_knownness_enhanced"": true, ""low_knownness_gate"": 0.24069883410422402}"
oracle_v15,AA879,0.03128917864788838,medium,0,0.7707237601280212,0,CLEAR: ORACLE NOISE,0.0897535587152829,"{""uncertainty"": 0.22927623987197876, ""gene_count"": 20, ""low_knownness_enhanced"": true, ""low_knownness_gate"": 0.24069883410422402}"
oracle_v15,AA934,0.03128917864788838,medium,0,0.7707237601280212,0,CLEAR: ORACLE NOISE,0.0897535587152829,"{""uncertainty"": 0.22927623987197876, ""gene_count"": 20, ""low_knownness_enhanced"": true, ""low_knownness_gate"": 0.24069883410422402}"
oracle_v15,AB057,0.03128917864788838,medium,0,0.7707237601280212,0,CLEAR: ORACLE NOISE,0.0897535587152829,"{""uncertainty"": 0.22927623987197876, ""gene_count"": 20, ""low_knownness_enhanced"": true, ""low_knownness_gate"": 0.24069883410422402}"
oracle_v15,AB175,0.03128917864788838,medium,0,0.7707237601280212,0,CLEAR: ORACLE NOISE,0.0897535587152829,"{""uncertainty"": 0.22927623987197876, ""gene_count"": 20, ""low_knownness_enhanced"": true, ""low_knownness_gate"": 0.24069883410422402}"
oracle_v15,AB220,0.03128917864788838,medium,0,0.7707237601280212,0,CLEAR: ORACLE NOISE,0.0897535587152829,"{""uncertainty"": 0.22927623987197876, ""gene_count"": 20, ""low_knownness_enhanced"": true, ""low_knownness_gate"": 0.24069883410422402}"
oracle_v15,AB427,0.03128917864788838,medium,0,0.7707237601280212,1,CLEAR: ORACLE NOISE,0.0897535587152829,"{""uncertainty"": 0.22927623987197876, ""gene_count"": 20, ""low_knownness_enhanced"": true, ""low_knownness_gate"": 0.24069883410422402}"
oracle_v15,AB472,0.03128917864788838,medium,0,0.7707237601280212,0,CLEAR: ORACLE NOISE,0.0897535587152829,"{""uncertainty"": 0.22927623987197876, ""gene_count"": 20, ""low_knownness_enhanced"": true, ""low_knownness_gate"": 0.24069883410422402}"
oracle_v15,AB500,0.03128917864788838,medium,0,0.7707237601280212,0,CLEAR: ORACLE NOISE,0.0897535587152829,"{""uncertainty"": 0.22927623987197876, ""gene_count"": 20, ""low_knownness_enhanced"": true, ""low_knownness_gate"": 0.24069883410422402}"
oracle_v15,AB506,0.03128917864788838,medium,0,0.7707237601280212,1,CLEAR: ORACLE NOISE,0.0897535587152829,"{""uncertainty"": 0.22927623987197876, ""gene_count"": 20, ""low_knownness_enhanced"": true, ""low_knownness_gate"": 0.24069883410422402}"
oracle_v15,AB507,0.03128917864788838,medium,0,0.7707237601280212,0,CLEAR: ORACLE NOISE,0.0897535587152829,"{""uncertainty"": 0.22927623987197876, ""gene_count"": 20, ""low_knownness_enhanced"": true, ""low_knownness_gate"": 0.24069883410422402}"
oracle_v15,AB520,0.03128917864788838,medium,0,0.7707237601280212,0,CLEAR: ORACLE NOISE,0.0897535587152829,"{""uncertainty"": 0.22927623987197876, ""gene_count"": 20, ""low_knownness_enhanced"": true, ""low_knownness_gate"": 0.24069883410422402}"
oracle_v15,AB525,0.03128917864788838,medium,0,0.7707237601280212,0,CLEAR: ORACLE NOISE,0.0897535587152829,"{""uncertainty"": 0.22927623987197876, ""gene_count"": 20, ""low_knownness_enhanced"": true, ""low_knownness_gate"": 0.24069883410422402}"
oracle_v15,AB580,0.03128917864788838,medium,0,0.7707237601280212,0,CLEAR: ORACLE NOISE,0.0897535587152829,"{""uncertainty"": 0.22927623987197876, ""gene_count"": 20, ""low_knownness_enhanced"": true, ""low_knownness_gate"": 0.24069883410422402}"
oracle_v15,AB611,0.03128917864788838,medium,0,0.7707237601280212,0,CLEAR: ORACLE NOISE,0.0897535587152829,"{""uncertainty"": 0.22927623987197876, ""gene_count"": 20, ""low_knownness_enhanced"": true, ""low_knownness_gate"": 0.24069883410422402}"
oracle_v15,AB612,0.03128917864788838,medium,0,0.7707237601280212,0,CLEAR: ORACLE NOISE,0.0897535587152829,"{""uncertainty"": 0.22927623987197876, ""gene_count"": 20, ""low_knownness_enhanced"": true, ""low_knownness_gate"": 0.24069883410422402}"
oracle_v15,AB650,0.03128917864788838,medium,0,0.7707237601280212,0,CLEAR: ORACLE NOISE,0.0897535587152829,"{""uncertainty"": 0.22927623987197876, ""gene_count"": 20, ""low_knownness_enhanced"": true, ""low_knownness_gate"": 0.24069883410422402}"
oracle_v15,AB655,0.03128917864788838,medium,0,0.7707237601280212,0,CLEAR: ORACLE NOISE,0.0897535587152829,"{""uncertainty"": 0.22927623987197876, ""gene_count"": 20, ""low_knownness_enhanced"": true, ""low_knownness_gate"": 0.24069883410422402}"
oracle_v15,AB664,0.03128917864788838,medium,0,0.7707237601280212,0,CLEAR: ORACLE NOISE,0.0897535587152829,"{""uncertainty"": 0.22927623987197876, ""gene_count"": 20, ""low_knownness_enhanced"": true, ""low_knownness_gate"": 0.24069883410422402}"
oracle_v15,AB767,0.03128917864788838,medium,0,0.7707237601280212,0,CLEAR: ORACLE NOISE,0.0897535587152829,"{""uncertainty"": 0.22927623987197876, ""gene_count"": 20, ""low_knownness_enhanced"": true, ""low_knownness_gate"": 0.24069883410422402}"
oracle_v15,AB768,0.03128917864788838,medium,0,0.7707237601280212,0,CLEAR: ORACLE NOISE,0.0897535587152829,"{""uncertainty"": 0.22927623987197876, ""gene_count"": 20, ""low_knownness_enhanced"": true, ""low_knownness_gate"": 0.24069883410422402}"
oracle_v15,AB769,0.03128917864788838,medium,0,0.7707237601280212,0,CLEAR: ORACLE NOISE,0.0897535587152829,"{""uncertainty"": 0.22927623987197876, ""gene_count"": 20, ""low_knownness_enhanced"": true, ""low_knownness_gate"": 0.24069883410422402}"
oracle_v15,AB780,0.03128917864788838,medium,0,0.7707237601280212,0,CLEAR: ORACLE NOISE,0.0897535587152829,"{""uncertainty"": 0.22927623987197876, ""gene_count"": 20, ""low_knownness_enhanced"": true, ""low_knownness_gate"": 0.24069883410422402}"
oracle_v15,AB784,0.03128917864788838,medium,0,0.7707237601280212,0,CLEAR: ORACLE NOISE,0.0897535587152829,"{""uncertainty"": 0.22927623987197876, ""gene_count"": 20, ""low_knownness_enhanced"": true, ""low_knownness_gate"": 0.24069883410422402}"
oracle_v15,AB786,0.03128917864788838,medium,0,0.7707237601280212,0,CLEAR: ORACLE NOISE,0.0897535587152829,"{""uncertainty"": 0.22927623987197876, ""gene_count"": 20, ""low_knownness_enhanced"": true, ""low_knownness_gate"": 0.24069883410422402}"
oracle_v15,AB790,0.03128917864788838,medium,0,0.7707237601280212,1,CLEAR: ORACLE NOISE,0.0897535587152829,"{""uncertainty"": 0.22927623987197876, ""gene_count"": 20, ""low_knownness_enhanced"": true, ""low_knownness_gate"": 0.24069883410422402}"
oracle_v15,AB802,0.03128917864788838,medium,0,0.7707237601280212,0,CLEAR: ORACLE NOISE,0.0897535587152829,"{""uncertainty"": 0.22927623987197876, ""gene_count"": 20, ""low_knownness_enhanced"": true, ""low_knownness_gate"": 0.24069883410422402}"
oracle_v15,AB803,0.03128917864788838,medium,0,0.7707237601280212,0,CLEAR: ORACLE NOISE,0.0897535587152829,"{""uncertainty"": 0.22927623987197876, ""gene_count"": 20, ""low_knownness_enhanced"": true, ""low_knownness_gate"": 0.24069883410422402}"
oracle_v15,AB865,0.03128917864788838,medium,0,0.7707237601280212,0,CLEAR: ORACLE NOISE,0.0897535587152829,"{""uncertainty"": 0.22927623987197876, ""gene_count"": 20, ""low_knownness_enhanced"": true, ""low_knownness_gate"": 0.24069883410422402}"
oracle_v15,AB871,0.03128917864788838,medium,0,0.7707237601280212,0,CLEAR: ORACLE NOISE,0.0897535587152829,"{""uncertainty"": 0.22927623987197876, ""gene_count"": 20, ""low_knownness_enhanced"": true, ""low_knownness_gate"": 0.24069883410422402}"
oracle_v15,AB877,0.03128917864788838,medium,0,0.7707237601280212,0,CLEAR: ORACLE NOISE,0.0897535587152829,"{""uncertainty"": 0.22927623987197876, ""gene_count"": 20, ""low_knownness_enhanced"": true, ""low_knownness_gate"": 0.24069883410422402}"
oracle_v15,AB884,0.03128917864788838,medium,0,0.7707237601280212,0,CLEAR: ORACLE NOISE,0.0897535587152829,"{""uncertainty"": 0.22927623987197876, ""gene_count"": 20, ""low_knownness_enhanced"": true, ""low_knownness_gate"": 0.24069883410422402}"
oracle_v15,AB896,0.03128917864788838,medium,0,0.7707237601280212,0,CLEAR: ORACLE NOISE,0.0897535587152829,"{""uncertainty"": 0.22927623987197876, ""gene_count"": 20, ""low_knownness_enhanced"": true, ""low_knownness_gate"": 0.24069883410422402}"
oracle_v15,AC034,0.03128917864788838,medium,0,0.7707237601280212,0,CLEAR: ORACLE NOISE,0.0897535587152829,"{""uncertainty"": 0.22927623987197876, ""gene_count"": 20, ""low_knownness_enhanced"": true, ""low_knownness_gate"": 0.24069883410422402}"
oracle_v15,AC117,0.03128917864788838,medium,0,0.7707237601280212,0,CLEAR: ORACLE NOISE,0.0897535587152829,"{""uncertainty"": 0.22927623987197876, ""gene_count"": 20, ""low_knownness_enhanced"": true, ""low_knownness_gate"": 0.24069883410422402}"
oracle_v15,AC127,0.03128917864788838,medium,0,0.7707237601280212,0,CLEAR: ORACLE NOISE,0.0897535587152829,"{""uncertainty"": 0.22927623987197876, ""gene_count"": 20, ""low_knownness_enhanced"": true, ""low_knownness_gate"": 0.24069883410422402}"
oracle_v15,AC171,0.03128917864788838,medium,0,0.7707237601280212,0,CLEAR: ORACLE NOISE,0.0897535587152829,"{""uncertainty"": 0.22927623987197876, ""gene_count"": 20, ""low_knownness_enhanced"": true, ""low_knownness_gate"": 0.24069883410422402}"
oracle_v15,AC177,0.03128917864788838,medium,0,0.7707237601280212,1,CLEAR: ORACLE NOISE,0.0897535587152829,"{""uncertainty"": 0.22927623987197876, ""gene_count"": 20, ""low_knownness_enhanced"": true, ""low_knownness_gate"": 0.24069883410422402}"
oracle_v15,AC187,0.03128917864788838,medium,0,0.7707237601280212,0,CLEAR: ORACLE NOISE,0.0897535587152829,"{""uncertainty"": 0.22927623987197876, ""gene_count"": 20, ""low_knownness_enhanced"": true, ""low_knownness_gate"": 0.24069883410422402}"
oracle_v15,AC204,0.03128917864788838,medium,0,0.7707237601280212,0,CLEAR: ORACLE NOISE,0.0897535587152829,"{""uncertainty"": 0.22927623987197876, ""gene_count"": 20, ""low_knownness_enhanced"": true, ""low_knownness_gate"": 0.24069883410422402}"
oracle_v15,AC209,0.03128917864788838,medium,0,0.7707237601280212,0,CLEAR: ORACLE NOISE,0.0897535587152829,"{""uncertainty"": 0.22927623987197876, ""gene_count"": 20, ""low_knownness_enhanced"": true, ""low_knownness_gate"": 0.24069883410422402}"
oracle_v15,AC229,0.03128917864788838,medium,0,0.7707237601280212,0,CLEAR: ORACLE NOISE,0.0897535587152829,"{""uncertainty"": 0.22927623987197876, ""gene_count"": 20, ""low_knownness_enhanced"": true, ""low_knownness_gate"": 0.24069883410422402}"
oracle_v15,AC230,0.03128917864788838,medium,0,0.7707237601280212,0,CLEAR: ORACLE NOISE,0.0897535587152829,"{""uncertainty"": 0.22927623987197876, ""gene_count"": 20, ""low_knownness_enhanced"": true, ""low_knownness_gate"": 0.24069883410422402}"
oracle_v15,AC269,0.03128917864788838,medium,0,0.7707237601280212,1,CLEAR: ORACLE NOISE,0.0897535587152829,"{""uncertainty"": 0.22927623987197876, ""gene_count"": 20, ""low_knownness_enhanced"": true, ""low_knownness_gate"": 0.24069883410422402}"
oracle_v15,AC279,0.03128917864788838,medium,0,0.7707237601280212,0,CLEAR: ORACLE NOISE,0.0897535587152829,"{""uncertainty"": 0.22927623987197876, ""gene_count"": 20, ""low_knownness_enhanced"": true, ""low_knownness_gate"": 0.24069883410422402}"
oracle_v15,AC360,0.03128917864788838,medium,0,0.7707237601280212,1,CLEAR: ORACLE NOISE,0.0897535587152829,"{""uncertainty"": 0.22927623987197876, ""gene_count"": 20, ""low_knownness_enhanced"": true, ""low_knownness_gate"": 0.24069883410422402}"
oracle_v15,AC366,0.03128917864788838,medium,0,0.7707237601280212,0,CLEAR: ORACLE NOISE,0.0897535587152829,"{""uncertainty"": 0.22927623987197876, ""gene_count"": 20, ""low_knownness_enhanced"": true, ""low_knownness_gate"": 0.24069883410422402}"
oracle_v15,AC375,0.03128917864788838,medium,0,0.7707237601280212,0,CLEAR: ORACLE NOISE,0.0897535587152829,"{""uncertainty"": 0.22927623987197876, ""gene_count"": 20, ""low_knownness_enhanced"": true, ""low_knownness_gate"": 0.24069883410422402}"
oracle_v15,AC429,0.03128917864788838,medium,0,0.7707237601280212,0,CLEAR: ORACLE NOISE,0.0897535587152829,"{""uncertainty"": 0.22927623987197876, ""gene_count"": 20, ""low_knownness_enhanced"": true, ""low_knownness_gate"": 0.24069883410422402}"
oracle_v15,AC462,0.03128917864788838,medium,0,0.7707237601280212,0,CLEAR: ORACLE NOISE,0.0897535587152829,"{""uncertainty"": 0.22927623987197876, ""gene_count"": 20, ""low_knownness_enhanced"": true, ""low_knownness_gate"": 0.24069883410422402}"
oracle_v15,AC545,0.03128917864788838,medium,0,0.7707237601280212,0,CLEAR: ORACLE NOISE,0.0897535587152829,"{""uncertainty"": 0.22927623987197876, ""gene_count"": 20, ""low_knownness_enhanced"": true, ""low_knownness_gate"": 0.24069883410422402}"
oracle_v15,AC558,0.03128917864788838,medium,0,0.7707237601280212,1,CLEAR: ORACLE NOISE,0.0897535587152829,"{""uncertainty"": 0.22927623987197876, ""gene_count"": 20, ""low_knownness_enhanced"": true, ""low_knownness_gate"": 0.24069883410422402}"
oracle_v15,AC624,0.03128917864788838,medium,0,0.7707237601280212,2,CLEAR: ORACLE NOISE,0.0897535587152829,"{""uncertainty"": 0.22927623987197876, ""gene_count"": 20, ""low_knownness_enhanced"": true, ""low_knownness_gate"": 0.24069883410422402}"
oracle_v15,AC641,0.03128917864788838,medium,0,0.7707237601280212,0,CLEAR: ORACLE NOISE,0.0897535587152829,"{""uncertainty"": 0.22927623987197876, ""gene_count"": 20, ""low_knownness_enhanced"": true, ""low_knownness_gate"": 0.24069883410422402}"
oracle_v15,AC661,0.03128917864788838,medium,0,0.7707237601280212,0,CLEAR: ORACLE NOISE,0.0897535587152829,"{""uncertainty"": 0.22927623987197876, ""gene_count"": 20, ""low_knownness_enhanced"": true, ""low_knownness_gate"": 0.24069883410422402}"
oracle_v15,AC801,0.03128917864788838,medium,0,0.7707237601280212,0,CLEAR: ORACLE NOISE,0.0897535587152829,"{""uncertainty"": 0.22927623987197876, ""gene_count"": 20, ""low_knownness_enhanced"": true, ""low_knownness_gate"": 0.24069883410422402}"
oracle_v15,AC911,0.03128917864788838,medium,0,0.7707237601280212,0,CLEAR: ORACLE NOISE,0.0897535587152829,"{""uncertainty"": 0.22927623987197876, ""gene_count"": 20, ""low_knownness_enhanced"": true, ""low_knownness_gate"": 0.24069883410422402}"
oracle_v15,AC930,0.03128917864788838,medium,0,0.7707237601280212,1,CLEAR: ORACLE NOISE,0.0897535587152829,"{""uncertainty"": 0.22927623987197876, ""gene_count"": 20, ""low_knownness_enhanced"": true, ""low_knownness_gate"": 0.24069883410422402}"
oracle_v15,AC975,0.03128917864788838,medium,0,0.7707237601280212,0,CLEAR: ORACLE NOISE,0.0897535587152829,"{""uncertainty"": 0.22927623987197876, ""gene_count"": 20, ""low_knownness_enhanced"": true, ""low_knownness_gate"": 0.24069883410422402}"
oracle_v15,AC976,0.03128917864788838,medium,0,0.7707237601280212,0,CLEAR: ORACLE NOISE,0.0897535587152829,"{""uncertainty"": 0.22927623987197876, ""gene_count"": 20, ""low_knownness_enhanced"": true, ""low_knownness_gate"": 0.24069883410422402}"
oracle_v15,AD033,0.03128917864788838,medium,0,0.7707237601280212,0,CLEAR: ORACLE NOISE,0.0897535587152829,"{""uncertainty"": 0.22927623987197876, ""gene_count"": 20, ""low_knownness_enhanced"": true, ""low_knownness_gate"": 0.24069883410422402}"
oracle_v15,AD116,0.03128917864788838,medium,0,0.7707237601280212,0,CLEAR: ORACLE NOISE,0.0897535587152829,"{""uncertainty"": 0.22927623987197876, ""gene_count"": 20, ""low_knownness_enhanced"": true, ""low_knownness_gate"": 0.24069883410422402}"
oracle_v15,AD139,0.03128917864788838,medium,0,0.7707237601280212,0,CLEAR: ORACLE NOISE,0.0897535587152829,"{""uncertainty"": 0.22927623987197876, ""gene_count"": 20, ""low_knownness_enhanced"": true, ""low_knownness_gate"": 0.24069883410422402}"
oracle_v15,AD142,0.03128917864788838,medium,0,0.7707237601280212,0,CLEAR: ORACLE NOISE,0.0897535587152829,"{""uncertainty"": 0.22927623987197876, ""gene_count"": 20, ""low_knownness_enhanced"": true, ""low_knownness_gate"": 0.24069883410422402}"
oracle_v15,AD145,0.03128917864788838,medium,0,0.7707237601280212,0,CLEAR: ORACLE NOISE,0.0897535587152829,"{""uncertainty"": 0.22927623987197876, ""gene_count"": 20, ""low_knownness_enhanced"": true, ""low_knownness_gate"": 0.24069883410422402}"
oracle_v15,AD161,0.03128917864788838,medium,0,0.7707237601280212,0,CLEAR: ORACLE NOISE,0.0897535587152829,"{""uncertainty"": 0.22927623987197876, ""gene_count"": 20, ""low_knownness_enhanced"": true, ""low_knownness_gate"": 0.24069883410422402}"
oracle_v15,AD199,0.03128917864788838,medium,0,0.7707237601280212,1,CLEAR: ORACLE NOISE,0.0897535587152829,"{""uncertainty"": 0.22927623987197876, ""gene_count"": 20, ""low_knownness_enhanced"": true, ""low_knownness_gate"": 0.24069883410422402}"
oracle_v15,AD201,0.03128917864788838,medium,0,0.7707237601280212,0,CLEAR: ORACLE NOISE,0.0897535587152829,"{""uncertainty"": 0.22927623987197876, ""gene_count"": 20, ""low_knownness_enhanced"": true, ""low_knownness_gate"": 0.24069883410422402}"
oracle_v15,AD241,0.03128917864788838,medium,0,0.7707237601280212,0,CLEAR: ORACLE NOISE,0.0897535587152829,"{""uncertainty"": 0.22927623987197876, ""gene_count"": 20, ""low_knownness_enhanced"": true, ""low_knownness_gate"": 0.24069883410422402}"
oracle_v15,AD242,0.03128917864788838,medium,0,0.7707237601280212,0,CLEAR: ORACLE NOISE,0.0897535587152829,"{""uncertainty"": 0.22927623987197876, ""gene_count"": 20, ""low_knownness_enhanced"": true, ""low_knownness_gate"": 0.24069883410422402}"
oracle_v15,AD261,0.03128917864788838,medium,0,0.7707237601280212,0,CLEAR: ORACLE NOISE,0.0897535587152829,"{""uncertainty"": 0.22927623987197876, ""gene_count"": 20, ""low_knownness_enhanced"": true, ""low_knownness_gate"": 0.24069883410422402}"
oracle_v15,AD282,0.03128917864788838,medium,0,0.7707237601280212,1,CLEAR: ORACLE NOISE,0.0897535587152829,"{""uncertainty"": 0.22927623987197876, ""gene_count"": 20, ""low_knownness_enhanced"": true, ""low_knownness_gate"": 0.24069883410422402}"
oracle_v15,AD385,0.03128917864788838,medium,0,0.7707237601280212,0,CLEAR: ORACLE NOISE,0.0897535587152829,"{""uncertainty"": 0.22927623987197876, ""gene_count"": 20, ""low_knownness_enhanced"": true, ""low_knownness_gate"": 0.24069883410422402}"
oracle_v15,AD391,0.03128917864788838,medium,0,0.7707237601280212,0,CLEAR: ORACLE NOISE,0.0897535587152829,"{""uncertainty"": 0.22927623987197876, ""gene_count"": 20, ""low_knownness_enhanced"": true, ""low_knownness_gate"": 0.24069883410422402}"
oracle_v15,AD407,0.03128917864788838,medium,0,0.7707237601280212,2,CLEAR: ORACLE NOISE,0.0897535587152829,"{""uncertainty"": 0.22927623987197876, ""gene_count"": 20, ""low_knownness_enhanced"": true, ""low_knownness_gate"": 0.24069883410422402}"
oracle_v15,AD422,0.03128917864788838,medium,0,0.7707237601280212,1,CLEAR: ORACLE NOISE,0.0897535587152829,"{""uncertainty"": 0.22927623987197876, ""gene_count"": 20, ""low_knownness_enhanced"": true, ""low_knownness_gate"": 0.24069883410422402}"
oracle_v15,AD425,0.03128917864788838,medium,0,0.7707237601280212,1,CLEAR: ORACLE NOISE,0.0897535587152829,"{""uncertainty"": 0.22927623987197876, ""gene_count"": 20, ""low_knownness_enhanced"": true, ""low_knownness_gate"": 0.24069883410422402}"
oracle_v15,AD463,0.03128917864788838,medium,0,0.7707237601280212,1,CLEAR: ORACLE NOISE,0.0897535587152829,"{""uncertainty"": 0.22927623987197876, ""gene_count"": 20, ""low_knownness_enhanced"": true, ""low_knownness_gate"": 0.24069883410422402}"
oracle_v15,AD489,0.03128917864788838,medium,0,0.7707237601280212,0,CLEAR: ORACLE NOISE,0.0897535587152829,"{""uncertainty"": 0.22927623987197876, ""gene_count"": 20, ""low_knownness_enhanced"": true, ""low_knownness_gate"": 0.24069883410422402}"
oracle_v15,AD523,0.03128917864788838,medium,0,0.7707237601280212,0,CLEAR: ORACLE NOISE,0.0897535587152829,"{""uncertainty"": 0.22927623987197876, ""gene_count"": 20, ""low_knownness_enhanced"": true, ""low_knownness_gate"": 0.24069883410422402}"
oracle_v15,AD525,0.03128917864788838,medium,0,0.7707237601280212,0,CLEAR: ORACLE NOISE,0.0897535587152829,"{""uncertainty"": 0.22927623987197876, ""gene_count"": 20, ""low_knownness_enhanced"": true, ""low_knownness_gate"": 0.24069883410422402}"
oracle_v15,AD592,0.03128917864788838,medium,0,0.7707237601280212,1,CLEAR: ORACLE NOISE,0.0897535587152829,"{""uncertainty"": 0.22927623987197876, ""gene_count"": 20, ""low_knownness_enhanced"": true, ""low_knownness_gate"": 0.24069883410422402}"
oracle_v15,AD594,0.03128917864788838,medium,0,0.7707237601280212,2,CLEAR: ORACLE NOISE,0.0897535587152829,"{""uncertainty"": 0.22927623987197876, ""gene_count"": 20, ""low_knownness_enhanced"": true, ""low_knownness_gate"": 0.24069883410422402}"
oracle_v15,AD595,0.03128917864788838,medium,0,0.7707237601280212,0,CLEAR: ORACLE NOISE,0.0897535587152829,"{""uncertainty"": 0.22927623987197876, ""gene_count"": 20, ""low_knownness_enhanced"": true, ""low_knownness_gate"": 0.24069883410422402}"
oracle_v15,AD596,0.03128917864788838,medium,1,0.7707237601280212,3,CLEAR: ORACLE NOISE,0.0897535587152829,"{""uncertainty"": 0.22927623987197876, ""gene_count"": 20, ""low_knownness_enhanced"": true, ""low_knownness_gate"": 0.24069883410422402}"
oracle_v15,AD600,0.03128917864788838,medium,1,0.7707237601280212,3,CLEAR: ORACLE NOISE,0.0897535587152829,"{""uncertainty"": 0.22927623987197876, ""gene_count"": 20, ""low_knownness_enhanced"": true, ""low_knownness_gate"": 0.24069883410422402}"
oracle_v15,AD616,0.03128917864788838,medium,0,0.7707237601280212,0,CLEAR: ORACLE NOISE,0.0897535587152829,"{""uncertainty"": 0.22927623987197876, ""gene_count"": 20, ""low_knownness_enhanced"": true, ""low_knownness_gate"": 0.24069883410422402}"
oracle_v15,AD621,0.03128917864788838,medium,0,0.7707237601280212,1,CLEAR: ORACLE NOISE,0.0897535587152829,"{""uncertainty"": 0.22927623987197876, ""gene_count"": 20, ""low_knownness_enhanced"": true, ""low_knownness_gate"": 0.24069883410422402}"
oracle_v15,AD692,0.03128917864788838,medium,0,0.7707237601280212,1,CLEAR: ORACLE NOISE,0.0897535587152829,"{""uncertainty"": 0.22927623987197876, ""gene_count"": 20, ""low_knownness_enhanced"": true, ""low_knownness_gate"": 0.24069883410422402}"
oracle_v15,AD833,0.03128917864788838,medium,0,0.7707237601280212,0,CLEAR: ORACLE NOISE,0.0897535587152829,"{""uncertainty"": 0.22927623987197876, ""gene_count"": 20, ""low_knownness_enhanced"": true, ""low_knownness_gate"": 0.24069883410422402}"
oracle_v15,AD849,0.03128917864788838,medium,0,0.7707237601280212,1,CLEAR: ORACLE NOISE,0.0897535587152829,"{""uncertainty"": 0.22927623987197876, ""gene_count"": 20, ""low_knownness_enhanced"": true, ""low_knownness_gate"": 0.24069883410422402}"
oracle_v15,AD850,0.03128917864788838,medium,0,0.7707237601280212,0,CLEAR: ORACLE NOISE,0.0897535587152829,"{""uncertainty"": 0.22927623987197876, ""gene_count"": 20, ""low_knownness_enhanced"": true, ""low_knownness_gate"": 0.24069883410422402}"
oracle_v15,AD946,0.03128917864788838,medium,0,0.7707237601280212,0,CLEAR: ORACLE NOISE,0.0897535587152829,"{""uncertainty"": 0.22927623987197876, ""gene_count"": 20, ""low_knownness_enhanced"": true, ""low_knownness_gate"": 0.24069883410422402}"
oracle_v15,AD957,0.03128917864788838,medium,0,0.7707237601280212,0,CLEAR: ORACLE NOISE,0.0897535587152829,"{""uncertainty"": 0.22927623987197876, ""gene_count"": 20, ""low_knownness_enhanced"": true, ""low_knownness_gate"": 0.24069883410422402}"
oracle_v15,AD985,0.03128917864788838,medium,0,0.7707237601280212,0,CLEAR: ORACLE NOISE,0.0897535587152829,"{""uncertainty"": 0.22927623987197876, ""gene_count"": 20, ""low_knownness_enhanced"": true, ""low_knownness_gate"": 0.24069883410422402}"
oracle_v15,AE059,0.03128917864788838,medium,0,0.7707237601280212,2,CLEAR: ORACLE NOISE,0.0897535587152829,"{""uncertainty"": 0.22927623987197876, ""gene_count"": 20, ""low_knownness_enhanced"": true, ""low_knownness_gate"": 0.24069883410422402}"
oracle_v15,AE068,0.03128917864788838,medium,0,0.7707237601280212,0,CLEAR: ORACLE NOISE,0.0897535587152829,"{""uncertainty"": 0.22927623987197876, ""gene_count"": 20, ""low_knownness_enhanced"": true, ""low_knownness_gate"": 0.24069883410422402}"
oracle_v15,AE144,0.03128917864788838,medium,0,0.7707237601280212,0,CLEAR: ORACLE NOISE,0.0897535587152829,"{""uncertainty"": 0.22927623987197876, ""gene_count"": 20, ""low_knownness_enhanced"": true, ""low_knownness_gate"": 0.24069883410422402}"
oracle_v15,AE147,0.03128917864788838,medium,0,0.7707237601280212,0,CLEAR: ORACLE NOISE,0.0897535587152829,"{""uncertainty"": 0.22927623987197876, ""gene_count"": 20, ""low_knownness_enhanced"": true, ""low_knownness_gate"": 0.24069883410422402}"
oracle_v15,AE275,0.03128917864788838,medium,0,0.7707237601280212,0,CLEAR: ORACLE NOISE,0.0897535587152829,"{""uncertainty"": 0.22927623987197876, ""gene_count"": 20, ""low_knownness_enhanced"": true, ""low_knownness_gate"": 0.24069883410422402}"
oracle_v15,AE336,0.03128917864788838,medium,0,0.7707237601280212,0,CLEAR: ORACLE NOISE,0.0897535587152829,"{""uncertainty"": 0.22927623987197876, ""gene_count"": 20, ""low_knownness_enhanced"": true, ""low_knownness_gate"": 0.24069883410422402}"
oracle_v15,AE356,0.03128917864788838,medium,0,0.7707237601280212,0,CLEAR: ORACLE NOISE,0.0897535587152829,"{""uncertainty"": 0.22927623987197876, ""gene_count"": 20, ""low_knownness_enhanced"": true, ""low_knownness_gate"": 0.24069883410422402}"
oracle_v15,AE361,0.03128917864788838,medium,0,0.7707237601280212,0,CLEAR: ORACLE NOISE,0.0897535587152829,"{""uncertainty"": 0.22927623987197876, ""gene_count"": 20, ""low_knownness_enhanced"": true, ""low_knownness_gate"": 0.24069883410422402}"
oracle_v15,AE364,0.03128917864788838,medium,0,0.7707237601280212,0,CLEAR: ORACLE NOISE,0.0897535587152829,"{""uncertainty"": 0.22927623987197876, ""gene_count"": 20, ""low_knownness_enhanced"": true, ""low_knownness_gate"": 0.24069883410422402}"
oracle_v15,AE404,0.03128917864788838,medium,0,0.7707237601280212,0,CLEAR: ORACLE NOISE,0.0897535587152829,"{""uncertainty"": 0.22927623987197876, ""gene_count"": 20, ""low_knownness_enhanced"": true, ""low_knownness_gate"": 0.24069883410422402}"
oracle_v15,AE433,0.03128917864788838,medium,0,0.7707237601280212,0,CLEAR: ORACLE NOISE,0.0897535587152829,"{""uncertainty"": 0.22927623987197876, ""gene_count"": 20, ""low_knownness_enhanced"": true, ""low_knownness_gate"": 0.24069883410422402}"
oracle_v15,AE441,0.03128917864788838,medium,0,0.7707237601280212,0,CLEAR: ORACLE NOISE,0.0897535587152829,"{""uncertainty"": 0.22927623987197876, ""gene_count"": 20, ""low_knownness_enhanced"": true, ""low_knownness_gate"": 0.24069883410422402}"
oracle_v15,AE492,0.03128917864788838,medium,0,0.7707237601280212,0,CLEAR: ORACLE NOISE,0.0897535587152829,"{""uncertainty"": 0.22927623987197876, ""gene_count"": 20, ""low_knownness_enhanced"": true, ""low_knownness_gate"": 0.24069883410422402}"
oracle_v15,AE556,0.03128917864788838,medium,0,0.7707237601280212,0,CLEAR: ORACLE NOISE,0.0897535587152829,"{""uncertainty"": 0.22927623987197876, ""gene_count"": 20, ""low_knownness_enhanced"": true, ""low_knownness_gate"": 0.24069883410422402}"
oracle_v15,AE579,0.03128917864788838,medium,0,0.7707237601280212,0,CLEAR: ORACLE NOISE,0.0897535587152829,"{""uncertainty"": 0.22927623987197876, ""gene_count"": 20, ""low_knownness_enhanced"": true, ""low_knownness_gate"": 0.24069883410422402}"
oracle_v15,AE602,0.03128917864788838,medium,0,0.7707237601280212,0,CLEAR: ORACLE NOISE,0.0897535587152829,"{""uncertainty"": 0.22927623987197876, ""gene_count"": 20, ""low_knownness_enhanced"": true, ""low_knownness_gate"": 0.24069883410422402}"
oracle_v15,AE605,0.03128917864788838,medium,0,0.7707237601280212,1,CLEAR: ORACLE NOISE,0.0897535587152829,"{""uncertainty"": 0.22927623987197876, ""gene_count"": 20, ""low_knownness_enhanced"": true, ""low_knownness_gate"": 0.24069883410422402}"
oracle_v15,AE623,0.03128917864788838,medium,0,0.7707237601280212,0,CLEAR: ORACLE NOISE,0.0897535587152829,"{""uncertainty"": 0.22927623987197876, ""gene_count"": 20, ""low_knownness_enhanced"": true, ""low_knownness_gate"": 0.24069883410422402}"
oracle_v15,AE635,0.03128917864788838,medium,0,0.7707237601280212,0,CLEAR: ORACLE NOISE,0.0897535587152829,"{""uncertainty"": 0.22927623987197876, ""gene_count"": 20, ""low_knownness_enhanced"": true, ""low_knownness_gate"": 0.24069883410422402}"
oracle_v15,AE641,0.03128917864788838,medium,0,0.7707237601280212,0,CLEAR: ORACLE NOISE,0.0897535587152829,"{""uncertainty"": 0.22927623987197876, ""gene_count"": 20, ""low_knownness_enhanced"": true, ""low_knownness_gate"": 0.24069883410422402}"
oracle_v15,AE677,0.03128917864788838,medium,0,0.7707237601280212,0,CLEAR: ORACLE NOISE,0.0897535587152829,"{""uncertainty"": 0.22927623987197876, ""gene_count"": 20, ""low_knownness_enhanced"": true, ""low_knownness_gate"": 0.24069883410422402}"
oracle_v15,AE681,0.03128917864788838,medium,0,0.7707237601280212,0,CLEAR: ORACLE NOISE,0.0897535587152829,"{""uncertainty"": 0.22927623987197876, ""gene_count"": 20, ""low_knownness_enhanced"": true, ""low_knownness_gate"": 0.24069883410422402}"
oracle_v15,AE684,0.03128917864788838,medium,0,0.7707237601280212,0,CLEAR: ORACLE NOISE,0.0897535587152829,"{""uncertainty"": 0.22927623987197876, ""gene_count"": 20, ""low_knownness_enhanced"": true, ""low_knownness_gate"": 0.24069883410422402}"
oracle_v15,AE686,0.03128917864788838,medium,0,0.7707237601280212,0,CLEAR: ORACLE NOISE,0.0897535587152829,"{""uncertainty"": 0.22927623987197876, ""gene_count"": 20, ""low_knownness_enhanced"": true, ""low_knownness_gate"": 0.24069883410422402}"
oracle_v15,AE687,0.03128917864788838,medium,0,0.7707237601280212,1,CLEAR: ORACLE NOISE,0.0897535587152829,"{""uncertainty"": 0.22927623987197876, ""gene_count"": 20, ""low_knownness_enhanced"": true, ""low_knownness_gate"": 0.24069883410422402}"
oracle_v15,AE707,0.03128917864788838,medium,0,0.7707237601280212,1,CLEAR: ORACLE NOISE,0.0897535587152829,"{""uncertainty"": 0.22927623987197876, ""gene_count"": 20, ""low_knownness_enhanced"": true, ""low_knownness_gate"": 0.24069883410422402}"
oracle_v15,AE709,0.03128917864788838,medium,0,0.7707237601280212,0,CLEAR: ORACLE NOISE,0.0897535587152829,"{""uncertainty"": 0.22927623987197876, ""gene_count"": 20, ""low_knownness_enhanced"": true, ""low_knownness_gate"": 0.24069883410422402}"
oracle_v15,AE729,0.03128917864788838,medium,0,0.7707237601280212,1,CLEAR: ORACLE NOISE,0.0897535587152829,"{""uncertainty"": 0.22927623987197876, ""gene_count"": 20, ""low_knownness_enhanced"": true, ""low_knownness_gate"": 0.24069883410422402}"
oracle_v15,AE793,0.03128917864788838,medium,1,0.7707237601280212,3,CLEAR: ORACLE NOISE,0.0897535587152829,"{""uncertainty"": 0.22927623987197876, ""gene_count"": 20, ""low_knownness_enhanced"": true, ""low_knownness_gate"": 0.24069883410422402}"
oracle_v15,AE824,0.03128917864788838,medium,0,0.7707237601280212,0,CLEAR: ORACLE NOISE,0.0897535587152829,"{""uncertainty"": 0.22927623987197876, ""gene_count"": 20, ""low_knownness_enhanced"": true, ""low_knownness_gate"": 0.24069883410422402}"
oracle_v15,AE832,0.03128917864788838,medium,0,0.7707237601280212,0,CLEAR: ORACLE NOISE,0.0897535587152829,"{""uncertainty"": 0.22927623987197876, ""gene_count"": 20, ""low_knownness_enhanced"": true, ""low_knownness_gate"": 0.24069883410422402}"
oracle_v15,AE849,0.03128917864788838,medium,0,0.7707237601280212,2,CLEAR: ORACLE NOISE,0.0897535587152829,"{""uncertainty"": 0.22927623987197876, ""gene_count"": 20, ""low_knownness_enhanced"": true, ""low_knownness_gate"": 0.24069883410422402}"
oracle_v15,AE871,0.03128917864788838,medium,0,0.7707237601280212,0,CLEAR: ORACLE NOISE,0.0897535587152829,"{""uncertainty"": 0.22927623987197876, ""gene_count"": 20, ""low_knownness_enhanced"": true, ""low_knownness_gate"": 0.24069883410422402}"
oracle_v15,AE939,0.03128917864788838,medium,0,0.7707237601280212,0,CLEAR: ORACLE NOISE,0.0897535587152829,"{""uncertainty"": 0.22927623987197876, ""gene_count"": 20, ""low_knownness_enhanced"": true, ""low_knownness_gate"": 0.24069883410422402}"
oracle_v15,AE944,0.03128917864788838,medium,0,0.7707237601280212,0,CLEAR: ORACLE NOISE,0.0897535587152829,"{""uncertainty"": 0.22927623987197876, ""gene_count"": 20, ""low_knownness_enhanced"": true, ""low_knownness_gate"": 0.24069883410422402}"
oracle_v15,AF026,0.03128917864788838,medium,0,0.7707237601280212,2,CLEAR: ORACLE NOISE,0.0897535587152829,"{""uncertainty"": 0.22927623987197876, ""gene_count"": 20, ""low_knownness_enhanced"": true, ""low_knownness_gate"": 0.24069883410422402}"
oracle_v15,AF075,0.03128917864788838,medium,0,0.7707237601280212,1,CLEAR: ORACLE NOISE,0.0897535587152829,"{""uncertainty"": 0.22927623987197876, ""gene_count"": 20, ""low_knownness_enhanced"": true, ""low_knownness_gate"": 0.24069883410422402}"
oracle_v15,AF083,0.03128917864788838,medium,0,0.7707237601280212,0,CLEAR: ORACLE NOISE,0.0897535587152829,"{""uncertainty"": 0.22927623987197876, ""gene_count"": 20, ""low_knownness_enhanced"": true, ""low_knownness_gate"": 0.24069883410422402}"
oracle_v15,AF108,0.03128917864788838,medium,0,0.7707237601280212,0,CLEAR: ORACLE NOISE,0.0897535587152829,"{""uncertainty"": 0.22927623987197876, ""gene_count"": 20, ""low_knownness_enhanced"": true, ""low_knownness_gate"": 0.24069883410422402}"
oracle_v15,AF152,0.03128917864788838,medium,0,0.7707237601280212,1,CLEAR: ORACLE NOISE,0.0897535587152829,"{""uncertainty"": 0.22927623987197876, ""gene_count"": 20, ""low_knownness_enhanced"": true, ""low_knownness_gate"": 0.24069883410422402}"
oracle_v15,AF170,0.03128917864788838,medium,0,0.7707237601280212,1,CLEAR: ORACLE NOISE,0.0897535587152829,"{""uncertainty"": 0.22927623987197876, ""gene_count"": 20, ""low_knownness_enhanced"": true, ""low_knownness_gate"": 0.24069883410422402}"
oracle_v15,AF220,0.03128917864788838,medium,0,0.7707237601280212,0,CLEAR: ORACLE NOISE,0.0897535587152829,"{""uncertainty"": 0.22927623987197876, ""gene_count"": 20, ""low_knownness_enhanced"": true, ""low_knownness_gate"": 0.24069883410422402}"
oracle_v15,AF233,0.03128917864788838,medium,0,0.7707237601280212,0,CLEAR: ORACLE NOISE,0.0897535587152829,"{""uncertainty"": 0.22927623987197876, ""gene_count"": 20, ""low_knownness_enhanced"": true, ""low_knownness_gate"": 0.24069883410422402}"
oracle_v15,AF247,0.03128917864788838,medium,0,0.7707237601280212,0,CLEAR: ORACLE NOISE,0.0897535587152829,"{""uncertainty"": 0.22927623987197876, ""gene_count"": 20, ""low_knownness_enhanced"": true, ""low_knownness_gate"": 0.24069883410422402}"
oracle_v15,AF248,0.03128917864788838,medium,0,0.7707237601280212,0,CLEAR: ORACLE NOISE,0.0897535587152829,"{""uncertainty"": 0.22927623987197876, ""gene_count"": 20, ""low_knownness_enhanced"": true, ""low_knownness_gate"": 0.24069883410422402}"
oracle_v15,AF253,0.03128917864788838,medium,0,0.7707237601280212,0,CLEAR: ORACLE NOISE,0.0897535587152829,"{""uncertainty"": 0.22927623987197876, ""gene_count"": 20, ""low_knownness_enhanced"": true, ""low_knownness_gate"": 0.24069883410422402}"
oracle_v15,AF265,0.03128917864788838,medium,0,0.7707237601280212,2,CLEAR: ORACLE NOISE,0.0897535587152829,"{""uncertainty"": 0.22927623987197876, ""gene_count"": 20, ""low_knownness_enhanced"": true, ""low_knownness_gate"": 0.24069883410422402}"
oracle_v15,AF269,0.03128917864788838,medium,0,0.7707237601280212,0,CLEAR: ORACLE NOISE,0.0897535587152829,"{""uncertainty"": 0.22927623987197876, ""gene_count"": 20, ""low_knownness_enhanced"": true, ""low_knownness_gate"": 0.24069883410422402}"
oracle_v15,AF271,0.03128917864788838,medium,0,0.7707237601280212,0,CLEAR: ORACLE NOISE,0.0897535587152829,"{""uncertainty"": 0.22927623987197876, ""gene_count"": 20, ""low_knownness_enhanced"": true, ""low_knownness_gate"": 0.24069883410422402}"
oracle_v15,AF297,0.03128917864788838,medium,0,0.7707237601280212,0,CLEAR: ORACLE NOISE,0.0897535587152829,"{""uncertainty"": 0.22927623987197876, ""gene_count"": 20, ""low_knownness_enhanced"": true, ""low_knownness_gate"": 0.24069883410422402}"
oracle_v15,AF353,0.03128917864788838,medium,0,0.7707237601280212,0,CLEAR: ORACLE NOISE,0.0897535587152829,"{""uncertainty"": 0.22927623987197876, ""gene_count"": 20, ""low_knownness_enhanced"": true, ""low_knownness_gate"": 0.24069883410422402}"
oracle_v15,AF408,0.03128917864788838,medium,0,0.7707237601280212,0,CLEAR: ORACLE NOISE,0.0897535587152829,"{""uncertainty"": 0.22927623987197876, ""gene_count"": 20, ""low_knownness_enhanced"": true, ""low_knownness_gate"": 0.24069883410422402}"
oracle_v15,AF409,0.03128917864788838,medium,0,0.7707237601280212,0,CLEAR: ORACLE NOISE,0.0897535587152829,"{""uncertainty"": 0.22927623987197876, ""gene_count"": 20, ""low_knownness_enhanced"": true, ""low_knownness_gate"": 0.24069883410422402}"
oracle_v15,AF420,0.03128917864788838,medium,0,0.7707237601280212,1,CLEAR: ORACLE NOISE,0.0897535587152829,"{""uncertainty"": 0.22927623987197876, ""gene_count"": 20, ""low_knownness_enhanced"": true, ""low_knownness_gate"": 0.24069883410422402}"
oracle_v15,AF484,0.03128917864788838,medium,0,0.7707237601280212,0,CLEAR: ORACLE NOISE,0.0897535587152829,"{""uncertainty"": 0.22927623987197876, ""gene_count"": 20, ""low_knownness_enhanced"": true, ""low_knownness_gate"": 0.24069883410422402}"
oracle_v15,AF519,0.03128917864788838,medium,0,0.7707237601280212,0,CLEAR: ORACLE NOISE,0.0897535587152829,"{""uncertainty"": 0.22927623987197876, ""gene_count"": 20, ""low_knownness_enhanced"": true, ""low_knownness_gate"": 0.24069883410422402}"
oracle_v15,AF520,0.03128917864788838,medium,0,0.7707237601280212,0,CLEAR: ORACLE NOISE,0.0897535587152829,"{""uncertainty"": 0.22927623987197876, ""gene_count"": 20, ""low_knownness_enhanced"": true, ""low_knownness_gate"": 0.24069883410422402}"
oracle_v15,AF547,0.03128917864788838,medium,0,0.7707237601280212,1,CLEAR: ORACLE NOISE,0.0897535587152829,"{""uncertainty"": 0.22927623987197876, ""gene_count"": 20, ""low_knownness_enhanced"": true, ""low_knownness_gate"": 0.24069883410422402}"
oracle_v15,AF587,0.03128917864788838,medium,0,0.7707237601280212,0,CLEAR: ORACLE NOISE,0.0897535587152829,"{""uncertainty"": 0.22927623987197876, ""gene_count"": 20, ""low_knownness_enhanced"": true, ""low_knownness_gate"": 0.24069883410422402}"
oracle_v15,AF672,0.03128917864788838,medium,0,0.7707237601280212,0,CLEAR: ORACLE NOISE,0.0897535587152829,"{""uncertainty"": 0.22927623987197876, ""gene_count"": 20, ""low_knownness_enhanced"": true, ""low_knownness_gate"": 0.24069883410422402}"
oracle_v15,AF694,0.03128917864788838,medium,0,0.7707237601280212,0,CLEAR: ORACLE NOISE,0.0897535587152829,"{""uncertainty"": 0.22927623987197876, ""gene_count"": 20, ""low_knownness_enhanced"": true, ""low_knownness_gate"": 0.24069883410422402}"
oracle_v15,AF702,0.03128917864788838,medium,0,0.7707237601280212,0,CLEAR: ORACLE NOISE,0.0897535587152829,"{""uncertainty"": 0.22927623987197876, ""gene_count"": 20, ""low_knownness_enhanced"": true, ""low_knownness_gate"": 0.24069883410422402}"
oracle_v15,AF744,0.03128917864788838,medium,0,0.7707237601280212,0,CLEAR: ORACLE NOISE,0.0897535587152829,"{""uncertainty"": 0.22927623987197876, ""gene_count"": 20, ""low_knownness_enhanced"": true, ""low_knownness_gate"": 0.24069883410422402}"
oracle_v15,AF749,0.03128917864788838,medium,0,0.7707237601280212,0,CLEAR: ORACLE NOISE,0.0897535587152829,"{""uncertainty"": 0.22927623987197876, ""gene_count"": 20, ""low_knownness_enhanced"": true, ""low_knownness_gate"": 0.24069883410422402}"
oracle_v15,AF750,0.03128917864788838,medium,0,0.7707237601280212,0,CLEAR: ORACLE NOISE,0.0897535587152829,"{""uncertainty"": 0.22927623987197876, ""gene_count"": 20, ""low_knownness_enhanced"": true, ""low_knownness_gate"": 0.24069883410422402}"
oracle_v15,AF754,0.03128917864788838,medium,0,0.7707237601280212,0,CLEAR: ORACLE NOISE,0.0897535587152829,"{""uncertainty"": 0.22927623987197876, ""gene_count"": 20, ""low_knownness_enhanced"": true, ""low_knownness_gate"": 0.24069883410422402}"
oracle_v15,AF771,0.03128917864788838,medium,0,0.7707237601280212,1,CLEAR: ORACLE NOISE,0.0897535587152829,"{""uncertainty"": 0.22927623987197876, ""gene_count"": 20, ""low_knownness_enhanced"": true, ""low_knownness_gate"": 0.24069883410422402}"
oracle_v15,AF779,0.03128917864788838,medium,0,0.7707237601280212,0,CLEAR: ORACLE NOISE,0.0897535587152829,"{""uncertainty"": 0.22927623987197876, ""gene_count"": 20, ""low_knownness_enhanced"": true, ""low_knownness_gate"": 0.24069883410422402}"
oracle_v15,AF882,0.03128917864788838,medium,0,0.7707237601280212,1,CLEAR: ORACLE NOISE,0.0897535587152829,"{""uncertainty"": 0.22927623987197876, ""gene_count"": 20, ""low_knownness_enhanced"": true, ""low_knownness_gate"": 0.24069883410422402}"
oracle_v15,AF910,0.03128917864788838,medium,0,0.7707237601280212,0,CLEAR: ORACLE NOISE,0.0897535587152829,"{""uncertainty"": 0.22927623987197876, ""gene_count"": 20, ""low_knownness_enhanced"": true, ""low_knownness_gate"": 0.24069883410422402}"
oracle_v15,AF912,0.03128917864788838,medium,0,0.7707237601280212,0,CLEAR: ORACLE NOISE,0.0897535587152829,"{""uncertainty"": 0.22927623987197876, ""gene_count"": 20, ""low_knownness_enhanced"": true, ""low_knownness_gate"": 0.24069883410422402}"
oracle_v15,AF960,0.03128917864788838,medium,0,0.7707237601280212,0,CLEAR: ORACLE NOISE,0.0897535587152829,"{""uncertainty"": 0.22927623987197876, ""gene_count"": 20, ""low_knownness_enhanced"": true, ""low_knownness_gate"": 0.24069883410422402}"
oracle_v15,AG001,0.03128917864788838,medium,0,0.7707237601280212,0,CLEAR: ORACLE NOISE,0.0897535587152829,"{""uncertainty"": 0.22927623987197876, ""gene_count"": 20, ""low_knownness_enhanced"": true, ""low_knownness_gate"": 0.24069883410422402}"
oracle_v15,AG003,0.03128917864788838,medium,0,0.7707237601280212,2,CLEAR: ORACLE NOISE,0.0897535587152829,"{""uncertainty"": 0.22927623987197876, ""gene_count"": 20, ""low_knownness_enhanced"": true, ""low_knownness_gate"": 0.24069883410422402}"
oracle_v15,AG118,0.03128917864788838,medium,0,0.7707237601280212,1,CLEAR: ORACLE NOISE,0.0897535587152829,"{""uncertainty"": 0.22927623987197876, ""gene_count"": 20, ""low_knownness_enhanced"": true, ""low_knownness_gate"": 0.24069883410422402}"
oracle_v15,AG137,0.03128917864788838,medium,1,0.7707237601280212,3,CLEAR: ORACLE NOISE,0.0897535587152829,"{""uncertainty"": 0.22927623987197876, ""gene_count"": 20, ""low_knownness_enhanced"": true, ""low_knownness_gate"": 0.24069883410422402}"
oracle_v15,AG188,0.03128917864788838,medium,0,0.7707237601280212,0,CLEAR: ORACLE NOISE,0.0897535587152829,"{""uncertainty"": 0.22927623987197876, ""gene_count"": 20, ""low_knownness_enhanced"": true, ""low_knownness_gate"": 0.24069883410422402}"
oracle_v15,AG190,0.03128917864788838,medium,0,0.7707237601280212,0,CLEAR: ORACLE NOISE,0.0897535587152829,"{""uncertainty"": 0.22927623987197876, ""gene_count"": 20, ""low_knownness_enhanced"": true, ""low_knownness_gate"": 0.24069883410422402}"
oracle_v15,AG196,0.03128917864788838,medium,0,0.7707237601280212,0,CLEAR: ORACLE NOISE,0.0897535587152829,"{""uncertainty"": 0.22927623987197876, ""gene_count"": 20, ""low_knownness_enhanced"": true, ""low_knownness_gate"": 0.24069883410422402}"
oracle_v15,AG206,0.03128917864788838,medium,0,0.7707237601280212,0,CLEAR: ORACLE NOISE,0.0897535587152829,"{""uncertainty"": 0.22927623987197876, ""gene_count"": 20, ""low_knownness_enhanced"": true, ""low_knownness_gate"": 0.24069883410422402}"
oracle_v15,AG224,0.03128917864788838,medium,0,0.7707237601280212,0,CLEAR: ORACLE NOISE,0.0897535587152829,"{""uncertainty"": 0.22927623987197876, ""gene_count"": 20, ""low_knownness_enhanced"": true, ""low_knownness_gate"": 0.24069883410422402}"
oracle_v15,AG256,0.03128917864788838,medium,0,0.7707237601280212,0,CLEAR: ORACLE NOISE,0.0897535587152829,"{""uncertainty"": 0.22927623987197876, ""gene_count"": 20, ""low_knownness_enhanced"": true, ""low_knownness_gate"": 0.24069883410422402}"
oracle_v15,AG279,0.03128917864788838,medium,0,0.7707237601280212,0,CLEAR: ORACLE NOISE,0.0897535587152829,"{""uncertainty"": 0.22927623987197876, ""gene_count"": 20, ""low_knownness_enhanced"": true, ""low_knownness_gate"": 0.24069883410422402}"
oracle_v15,AG357,0.03128917864788838,medium,0,0.7707237601280212,0,CLEAR: ORACLE NOISE,0.0897535587152829,"{""uncertainty"": 0.22927623987197876, ""gene_count"": 20, ""low_knownness_enhanced"": true, ""low_knownness_gate"": 0.24069883410422402}"
oracle_v15,AG426,0.03128917864788838,medium,0,0.7707237601280212,0,CLEAR: ORACLE NOISE,0.0897535587152829,"{""uncertainty"": 0.22927623987197876, ""gene_count"": 20, ""low_knownness_enhanced"": true, ""low_knownness_gate"": 0.24069883410422402}"
oracle_v15,AG427,0.03128917864788838,medium,0,0.7707237601280212,0,CLEAR: ORACLE NOISE,0.0897535587152829,"{""uncertainty"": 0.22927623987197876, ""gene_count"": 20, ""low_knownness_enhanced"": true, ""low_knownness_gate"": 0.24069883410422402}"
oracle_v15,AG431,0.03128917864788838,medium,0,0.7707237601280212,1,CLEAR: ORACLE NOISE,0.0897535587152829,"{""uncertainty"": 0.22927623987197876, ""gene_count"": 20, ""low_knownness_enhanced"": true, ""low_knownness_gate"": 0.24069883410422402}"
oracle_v15,AG443,0.03128917864788838,medium,0,0.7707237601280212,0,CLEAR: ORACLE NOISE,0.0897535587152829,"{""uncertainty"": 0.22927623987197876, ""gene_count"": 20, ""low_knownness_enhanced"": true, ""low_knownness_gate"": 0.24069883410422402}"
oracle_v15,AG458,0.03128917864788838,medium,0,0.7707237601280212,0,CLEAR: ORACLE NOISE,0.0897535587152829,"{""uncertainty"": 0.22927623987197876, ""gene_count"": 20, ""low_knownness_enhanced"": true, ""low_knownness_gate"": 0.24069883410422402}"
oracle_v15,AG470,0.03128917864788838,medium,0,0.7707237601280212,0,CLEAR: ORACLE NOISE,0.0897535587152829,"{""uncertainty"": 0.22927623987197876, ""gene_count"": 20, ""low_knownness_enhanced"": true, ""low_knownness_gate"": 0.24069883410422402}"
oracle_v15,AG528,0.03128917864788838,medium,0,0.7707237601280212,0,CLEAR: ORACLE NOISE,0.0897535587152829,"{""uncertainty"": 0.22927623987197876, ""gene_count"": 20, ""low_knownness_enhanced"": true, ""low_knownness_gate"": 0.24069883410422402}"
oracle_v15,AG544,0.03128917864788838,medium,0,0.7707237601280212,0,CLEAR: ORACLE NOISE,0.0897535587152829,"{""uncertainty"": 0.22927623987197876, ""gene_count"": 20, ""low_knownness_enhanced"": true, ""low_knownness_gate"": 0.24069883410422402}"
oracle_v15,AG571,0.03128917864788838,medium,0,0.7707237601280212,0,CLEAR: ORACLE NOISE,0.0897535587152829,"{""uncertainty"": 0.22927623987197876, ""gene_count"": 20, ""low_knownness_enhanced"": true, ""low_knownness_gate"": 0.24069883410422402}"
oracle_v15,AG572,0.03128917864788838,medium,0,0.7707237601280212,0,CLEAR: ORACLE NOISE,0.0897535587152829,"{""uncertainty"": 0.22927623987197876, ""gene_count"": 20, ""low_knownness_enhanced"": true, ""low_knownness_gate"": 0.24069883410422402}"
oracle_v15,AG584,0.03128917864788838,medium,0,0.7707237601280212,0,CLEAR: ORACLE NOISE,0.0897535587152829,"{""uncertainty"": 0.22927623987197876, ""gene_count"": 20, ""low_knownness_enhanced"": true, ""low_knownness_gate"": 0.24069883410422402}"
oracle_v15,AG592,0.03128917864788838,medium,0,0.7707237601280212,0,CLEAR: ORACLE NOISE,0.0897535587152829,"{""uncertainty"": 0.22927623987197876, ""gene_count"": 20, ""low_knownness_enhanced"": true, ""low_knownness_gate"": 0.24069883410422402}"
oracle_v15,AG602,0.03128917864788838,medium,0,0.7707237601280212,0,CLEAR: ORACLE NOISE,0.0897535587152829,"{""uncertainty"": 0.22927623987197876, ""gene_count"": 20, ""low_knownness_enhanced"": true, ""low_knownness_gate"": 0.24069883410422402}"
oracle_v15,AG645,0.03128917864788838,medium,0,0.7707237601280212,0,CLEAR: ORACLE NOISE,0.0897535587152829,"{""uncertainty"": 0.22927623987197876, ""gene_count"": 20, ""low_knownness_enhanced"": true, ""low_knownness_gate"": 0.24069883410422402}"
oracle_v15,AG670,0.03128917864788838,medium,0,0.7707237601280212,0,CLEAR: ORACLE NOISE,0.0897535587152829,"{""uncertainty"": 0.22927623987197876, ""gene_count"": 20, ""low_knownness_enhanced"": true, ""low_knownness_gate"": 0.24069883410422402}"
oracle_v15,AG680,0.03128917864788838,medium,0,0.7707237601280212,0,CLEAR: ORACLE NOISE,0.0897535587152829,"{""uncertainty"": 0.22927623987197876, ""gene_count"": 20, ""low_knownness_enhanced"": true, ""low_knownness_gate"": 0.24069883410422402}"
oracle_v15,AG682,0.03128917864788838,medium,0,0.7707237601280212,0,CLEAR: ORACLE NOISE,0.0897535587152829,"{""uncertainty"": 0.22927623987197876, ""gene_count"": 20, ""low_knownness_enhanced"": true, ""low_knownness_gate"": 0.24069883410422402}"
oracle_v15,AG686,0.03128917864788838,medium,0,0.7707237601280212,0,CLEAR: ORACLE NOISE,0.0897535587152829,"{""uncertainty"": 0.22927623987197876, ""gene_count"": 20, ""low_knownness_enhanced"": true, ""low_knownness_gate"": 0.24069883410422402}"
oracle_v15,AG748,0.03128917864788838,medium,0,0.7707237601280212,1,CLEAR: ORACLE NOISE,0.0897535587152829,"{""uncertainty"": 0.22927623987197876, ""gene_count"": 20, ""low_knownness_enhanced"": true, ""low_knownness_gate"": 0.24069883410422402}"
oracle_v15,AG773,0.03128917864788838,medium,0,0.7707237601280212,1,CLEAR: ORACLE NOISE,0.0897535587152829,"{""uncertainty"": 0.22927623987197876, ""gene_count"": 20, ""low_knownness_enhanced"": true, ""low_knownness_gate"": 0.24069883410422402}"
oracle_v15,AG850,0.03128917864788838,medium,0,0.7707237601280212,0,CLEAR: ORACLE NOISE,0.0897535587152829,"{""uncertainty"": 0.22927623987197876, ""gene_count"": 20, ""low_knownness_enhanced"": true, ""low_knownness_gate"": 0.24069883410422402}"
oracle_v15,AG873,0.03128917864788838,medium,0,0.7707237601280212,1,CLEAR: ORACLE NOISE,0.0897535587152829,"{""uncertainty"": 0.22927623987197876, ""gene_count"": 20, ""low_knownness_enhanced"": true, ""low_knownness_gate"": 0.24069883410422402}"
oracle_v15,AG874,0.03128917864788838,medium,0,0.7707237601280212,0,CLEAR: ORACLE NOISE,0.0897535587152829,"{""uncertainty"": 0.22927623987197876, ""gene_count"": 20, ""low_knownness_enhanced"": true, ""low_knownness_gate"": 0.24069883410422402}"
oracle_v15,AG888,0.03128917864788838,medium,0,0.7707237601280212,0,CLEAR: ORACLE NOISE,0.0897535587152829,"{""uncertainty"": 0.22927623987197876, ""gene_count"": 20, ""low_knownness_enhanced"": true, ""low_knownness_gate"": 0.24069883410422402}"
oracle_v15,AG953,0.03128917864788838,medium,0,0.7707237601280212,0,CLEAR: ORACLE NOISE,0.0897535587152829,"{""uncertainty"": 0.22927623987197876, ""gene_count"": 20, ""low_knownness_enhanced"": true, ""low_knownness_gate"": 0.24069883410422402}"
oracle_v15,AG972,0.03128917864788838,medium,0,0.7707237601280212,1,CLEAR: ORACLE NOISE,0.0897535587152829,"{""uncertainty"": 0.22927623987197876, ""gene_count"": 20, ""low_knownness_enhanced"": true, ""low_knownness_gate"": 0.24069883410422402}"
oracle_v15,AH024,0.03128917864788838,medium,0,0.7707237601280212,0,CLEAR: ORACLE NOISE,0.0897535587152829,"{""uncertainty"": 0.22927623987197876, ""gene_count"": 20, ""low_knownness_enhanced"": true, ""low_knownness_gate"": 0.24069883410422402}"
oracle_v15,AH061,0.03128917864788838,medium,0,0.7707237601280212,0,CLEAR: ORACLE NOISE,0.0897535587152829,"{""uncertainty"": 0.22927623987197876, ""gene_count"": 20, ""low_knownness_enhanced"": true, ""low_knownness_gate"": 0.24069883410422402}"
oracle_v15,AH062,0.03128917864788838,medium,0,0.7707237601280212,0,CLEAR: ORACLE NOISE,0.0897535587152829,"{""uncertainty"": 0.22927623987197876, ""gene_count"": 20, ""low_knownness_enhanced"": true, ""low_knownness_gate"": 0.24069883410422402}"
oracle_v15,AH071,0.03128917864788838,medium,0,0.7707237601280212,0,CLEAR: ORACLE NOISE,0.0897535587152829,"{""uncertainty"": 0.22927623987197876, ""gene_count"": 20, ""low_knownness_enhanced"": true, ""low_knownness_gate"": 0.24069883410422402}"
oracle_v15,AH121,0.03128917864788838,medium,0,0.7707237601280212,1,CLEAR: ORACLE NOISE,0.0897535587152829,"{""uncertainty"": 0.22927623987197876, ""gene_count"": 20, ""low_knownness_enhanced"": true, ""low_knownness_gate"": 0.24069883410422402}"
oracle_v15,AH138,0.03128917864788838,medium,0,0.7707237601280212,0,CLEAR: ORACLE NOISE,0.0897535587152829,"{""uncertainty"": 0.22927623987197876, ""gene_count"": 20, ""low_knownness_enhanced"": true, ""low_knownness_gate"": 0.24069883410422402}"
oracle_v15,AH166,0.03128917864788838,medium,0,0.7707237601280212,1,CLEAR: ORACLE NOISE,0.0897535587152829,"{""uncertainty"": 0.22927623987197876, ""gene_count"": 20, ""low_knownness_enhanced"": true, ""low_knownness_gate"": 0.24069883410422402}"
oracle_v15,AH178,0.03128917864788838,medium,0,0.7707237601280212,0,CLEAR: ORACLE NOISE,0.0897535587152829,"{""uncertainty"": 0.22927623987197876, ""gene_count"": 20, ""low_knownness_enhanced"": true, ""low_knownness_gate"": 0.24069883410422402}"
oracle_v15,AH216,0.03128917864788838,medium,0,0.7707237601280212,0,CLEAR: ORACLE NOISE,0.0897535587152829,"{""uncertainty"": 0.22927623987197876, ""gene_count"": 20, ""low_knownness_enhanced"": true, ""low_knownness_gate"": 0.24069883410422402}"
oracle_v15,AH220,0.03128917864788838,medium,0,0.7707237601280212,0,CLEAR: ORACLE NOISE,0.0897535587152829,"{""uncertainty"": 0.22927623987197876, ""gene_count"": 20, ""low_knownness_enhanced"": true, ""low_knownness_gate"": 0.24069883410422402}"
oracle_v15,AH299,0.03128917864788838,medium,0,0.7707237601280212,0,CLEAR: ORACLE NOISE,0.0897535587152829,"{""uncertainty"": 0.22927623987197876, ""gene_count"": 20, ""low_knownness_enhanced"": true, ""low_knownness_gate"": 0.24069883410422402}"
oracle_v15,AH302,0.03128917864788838,medium,0,0.7707237601280212,0,CLEAR: ORACLE NOISE,0.0897535587152829,"{""uncertainty"": 0.22927623987197876, ""gene_count"": 20, ""low_knownness_enhanced"": true, ""low_knownness_gate"": 0.24069883410422402}"
oracle_v15,AH311,0.03128917864788838,medium,0,0.7707237601280212,0,CLEAR: ORACLE NOISE,0.0897535587152829,"{""uncertainty"": 0.22927623987197876, ""gene_count"": 20, ""low_knownness_enhanced"": true, ""low_knownness_gate"": 0.24069883410422402}"
oracle_v15,AH397,0.03128917864788838,medium,0,0.7707237601280212,0,CLEAR: ORACLE NOISE,0.0897535587152829,"{""uncertainty"": 0.22927623987197876, ""gene_count"": 20, ""low_knownness_enhanced"": true, ""low_knownness_gate"": 0.24069883410422402}"
oracle_v15,AH402,0.03128917864788838,medium,0,0.7707237601280212,1,CLEAR: ORACLE NOISE,0.0897535587152829,"{""uncertainty"": 0.22927623987197876, ""gene_count"": 20, ""low_knownness_enhanced"": true, ""low_knownness_gate"": 0.24069883410422402}"
oracle_v15,AH410,0.03128917864788838,medium,0,0.7707237601280212,0,CLEAR: ORACLE NOISE,0.0897535587152829,"{""uncertainty"": 0.22927623987197876, ""gene_count"": 20, ""low_knownness_enhanced"": true, ""low_knownness_gate"": 0.24069883410422402}"
oracle_v15,AH420,0.03128917864788838,medium,0,0.7707237601280212,1,CLEAR: ORACLE NOISE,0.0897535587152829,"{""uncertainty"": 0.22927623987197876, ""gene_count"": 20, ""low_knownness_enhanced"": true, ""low_knownness_gate"": 0.24069883410422402}"
oracle_v15,AH458,0.03128917864788838,medium,0,0.7707237601280212,0,CLEAR: ORACLE NOISE,0.0897535587152829,"{""uncertainty"": 0.22927623987197876, ""gene_count"": 20, ""low_knownness_enhanced"": true, ""low_knownness_gate"": 0.24069883410422402}"
oracle_v15,AH492,0.03128917864788838,medium,0,0.7707237601280212,0,CLEAR: ORACLE NOISE,0.0897535587152829,"{""uncertainty"": 0.22927623987197876, ""gene_count"": 20, ""low_knownness_enhanced"": true, ""low_knownness_gate"": 0.24069883410422402}"
oracle_v15,AH493,0.03128917864788838,medium,0,0.7707237601280212,0,CLEAR: ORACLE NOISE,0.0897535587152829,"{""uncertainty"": 0.22927623987197876, ""gene_count"": 20, ""low_knownness_enhanced"": true, ""low_knownness_gate"": 0.24069883410422402}"
oracle_v15,AA131,0.017467316873884205,medium,0,0.770741879940033,2,CLEAR: ORACLE NOISE,0.08974758342858546,"{""uncertainty"": 0.22925812005996704, ""gene_count"": 20, ""low_knownness_enhanced"": true, ""low_knownness_gate"": 0.2406326077384664}"
oracle_v15,AA940,0.017467316873884205,medium,0,0.770741879940033,0,CLEAR: ORACLE NOISE,0.08974758342858546,"{""uncertainty"": 0.22925812005996704, ""gene_count"": 20, ""low_knownness_enhanced"": true, ""low_knownness_gate"": 0.2406326077384664}"
oracle_v15,AB423,0.017467316873884205,medium,0,0.770741879940033,0,CLEAR: ORACLE NOISE,0.08974758342858546,"{""uncertainty"": 0.22925812005996704, ""gene_count"": 20, ""low_knownness_enhanced"": true, ""low_knownness_gate"": 0.2406326077384664}"
oracle_v15,AB566,0.017467316873884205,medium,0,0.770741879940033,0,CLEAR: ORACLE NOISE,0.08974758342858546,"{""uncertainty"": 0.22925812005996704, ""gene_count"": 20, ""low_knownness_enhanced"": true, ""low_knownness_gate"": 0.2406326077384664}"
oracle_v15,AB583,0.017467316873884205,medium,0,0.770741879940033,0,CLEAR: ORACLE NOISE,0.08974758342858546,"{""uncertainty"": 0.22925812005996704, ""gene_count"": 20, ""low_knownness_enhanced"": true, ""low_knownness_gate"": 0.2406326077384664}"
oracle_v15,AB766,0.017467316873884205,medium,0,0.770741879940033,1,CLEAR: ORACLE NOISE,0.08974758342858546,"{""uncertainty"": 0.22925812005996704, ""gene_count"": 20, ""low_knownness_enhanced"": true, ""low_knownness_gate"": 0.2406326077384664}"
oracle_v15,AC324,0.017467316873884205,medium,0,0.770741879940033,1,CLEAR: ORACLE NOISE,0.08974758342858546,"{""uncertainty"": 0.22925812005996704, ""gene_count"": 20, ""low_knownness_enhanced"": true, ""low_knownness_gate"": 0.2406326077384664}"
oracle_v15,AC886,0.017467316873884205,medium,0,0.770741879940033,0,CLEAR: ORACLE NOISE,0.08974758342858546,"{""uncertainty"": 0.22925812005996704, ""gene_count"": 20, ""low_knownness_enhanced"": true, ""low_knownness_gate"": 0.2406326077384664}"
oracle_v15,AD206,0.017467316873884205,medium,0,0.770741879940033,0,CLEAR: ORACLE NOISE,0.08974758342858546,"{""uncertainty"": 0.22925812005996704, ""gene_count"": 20, ""low_knownness_enhanced"": true, ""low_knownness_gate"": 0.2406326077384664}"
oracle_v15,AD468,0.017467316873884205,medium,0,0.770741879940033,0,CLEAR: ORACLE NOISE,0.08974758342858546,"{""uncertainty"": 0.22925812005996704, ""gene_count"": 20, ""low_knownness_enhanced"": true, ""low_knownness_gate"": 0.2406326077384664}"
oracle_v15,AE448,0.017467316873884205,medium,0,0.770741879940033,0,CLEAR: ORACLE NOISE,0.08974758342858546,"{""uncertainty"": 0.22925812005996704, ""gene_count"": 20, ""low_knownness_enhanced"": true, ""low_knownness_gate"": 0.2406326077384664}"
oracle_v15,AE945,0.017467316873884205,medium,0,0.770741879940033,0,CLEAR: ORACLE NOISE,0.08974758342858546,"{""uncertainty"": 0.22925812005996704, ""gene_count"": 20, ""low_knownness_enhanced"": true, ""low_knownness_gate"": 0.2406326077384664}"
oracle_v15,AF107,0.017467316873884205,medium,0,0.770741879940033,0,CLEAR: ORACLE NOISE,0.08974758342858546,"{""uncertainty"": 0.22925812005996704, ""gene_count"": 20, ""low_knownness_enhanced"": true, ""low_knownness_gate"": 0.2406326077384664}"
oracle_v15,AF258,0.017467316873884205,medium,0,0.770741879940033,0,CLEAR: ORACLE NOISE,0.08974758342858546,"{""uncertainty"": 0.22925812005996704, ""gene_count"": 20, ""low_knownness_enhanced"": true, ""low_knownness_gate"": 0.2406326077384664}"
oracle_v15,AF815,0.017467316873884205,medium,0,0.770741879940033,0,CLEAR: ORACLE NOISE,0.08974758342858546,"{""uncertainty"": 0.22925812005996704, ""gene_count"": 20, ""low_knownness_enhanced"": true, ""low_knownness_gate"": 0.2406326077384664}"
oracle_v15,AG106,0.017467316873884205,medium,0,0.770741879940033,0,CLEAR: ORACLE NOISE,0.08974758342858546,"{""uncertainty"": 0.22925812005996704, ""gene_count"": 20, ""low_knownness_enhanced"": true, ""low_knownness_gate"": 0.2406326077384664}"
oracle_v15,AG152,0.017467316873884205,medium,0,0.770741879940033,1,CLEAR: ORACLE NOISE,0.08974758342858546,"{""uncertainty"": 0.22925812005996704, ""gene_count"": 20, ""low_knownness_enhanced"": true, ""low_knownness_gate"": 0.2406326077384664}"
oracle_v15,AG555,0.017467316873884205,medium,0,0.770741879940033,0,CLEAR: ORACLE NOISE,0.08974758342858546,"{""uncertainty"": 0.22925812005996704, ""gene_count"": 20, ""low_knownness_enhanced"": true, ""low_knownness_gate"": 0.2406326077384664}"
oracle_v15,AH008,0.017467316873884205,medium,0,0.770741879940033,0,CLEAR: ORACLE NOISE,0.08974758342858546,"{""uncertainty"": 0.22925812005996704, ""gene_count"": 20, ""low_knownness_enhanced"": true, ""low_knownness_gate"": 0.2406326077384664}"
oracle_v15,AH119,0.017467316873884205,medium,0,0.770741879940033,0,CLEAR: ORACLE NOISE,0.08974758342858546,"{""uncertainty"": 0.22925812005996704, ""gene_count"": 20, ""low_knownness_enhanced"": true, ""low_knownness_gate"": 0.2406326077384664}"
oracle_v15,AH122,0.017467316873884205,medium,0,0.770741879940033,1,CLEAR: ORACLE NOISE,0.08974758342858546,"{""uncertainty"": 0.22925812005996704, ""gene_count"": 20, ""low_knownness_enhanced"": true, ""low_knownness_gate"": 0.2406326077384664}"
oracle_v15,AH230,0.017467316873884205,medium,0,0.770741879940033,0,CLEAR: ORACLE NOISE,0.08974758342858546,"{""uncertainty"": 0.22925812005996704, ""gene_count"": 20, ""low_knownness_enhanced"": true, ""low_knownness_gate"": 0.2406326077384664}"
oracle_v15,AH363,0.017467316873884205,medium,0,0.770741879940033,0,CLEAR: ORACLE NOISE,0.08974758342858546,"{""uncertainty"": 0.22925812005996704, ""gene_count"": 20, ""low_knownness_enhanced"": true, ""low_knownness_gate"": 0.2406326077384664}"
oracle_v15,AH395,0.017467316873884205,medium,0,0.770741879940033,0,CLEAR: ORACLE NOISE,0.08974758342858546,"{""uncertainty"": 0.22925812005996704, ""gene_count"": 20, ""low_knownness_enhanced"": true, ""low_knownness_gate"": 0.2406326077384664}"
oracle_v15,AH428,0.017467316873884205,medium,0,0.770741879940033,0,CLEAR: ORACLE NOISE,0.08974758342858546,"{""uncertainty"": 0.22925812005996704, ""gene_count"": 20, ""low_knownness_enhanced"": true, ""low_knownness_gate"": 0.2406326077384664}"
oracle_v15,AH479,0.017467316873884205,medium,0,0.770741879940033,0,CLEAR: ORACLE NOISE,0.08974758342858546,"{""uncertainty"": 0.22925812005996704, ""gene_count"": 20, ""low_knownness_enhanced"": true, ""low_knownness_gate"": 0.2406326077384664}"
oracle_v15,AA003,0.01744063895246983,medium,0,0.7703609466552734,2,CLEAR: ORACLE NOISE,0.0895662155126189,"{""uncertainty"": 0.22963905334472656, ""gene_count"": 20, ""low_knownness_enhanced"": true, ""low_knownness_gate"": 0.2420275051351117}"
oracle_v15,AF100,0.017412282415246966,medium,0,0.7689529210329056,0,CLEAR: ORACLE NOISE,0.0892571454338078,"{""uncertainty"": 0.23104707896709442, ""gene_count"": 20, ""low_knownness_enhanced"": true, ""low_knownness_gate"": 0.24723101428895922}"
oracle_v15,AC563,0.017401040606713297,medium,0,0.7694587409496307,1,CLEAR: ORACLE NOISE,0.08925819171016802,"{""uncertainty"": 0.23054125905036926, ""gene_count"": 20, ""low_knownness_enhanced"": true, ""low_knownness_gate"": 0.24535309132237404}"
oracle_v15,AE052,0.017321972437715532,medium,0,0.7699597030878067,0,CLEAR: ORACLE NOISE,0.08891044192860664,"{""uncertainty"": 0.2300402969121933, ""gene_count"": 20, ""low_knownness_enhanced"": true, ""low_knownness_gate"": 0.24350271538176327}"
oracle_v15,AE893,0.017321628220891956,medium,0,0.7712882608175278,1,CLEAR: ORACLE NOISE,0.08906208606665245,"{""uncertainty"": 0.22871173918247223, ""gene_count"": 20, ""low_knownness_enhanced"": true, ""low_knownness_gate"": 0.2386414831586921}"
oracle_v15,AF578,0.01728531669876576,medium,0,0.77145716547966,0,CLEAR: ORACLE NOISE,0.0888948379083827,"{""uncertainty"": 0.22854283452033997, ""gene_count"": 20, ""low_knownness_enhanced"": true, ""low_knownness_gate"": 0.23802825356748594}"
oracle_v15,AD584,0.01716692175767422,medium,0,0.7724031507968903,0,CLEAR: ORACLE NOISE,0.08839418608288718,"{""uncertainty"": 0.22759684920310974, ""gene_count"": 20, ""low_knownness_enhanced"": true, ""low_knownness_gate"": 0.23461379657825776}"
oracle_v15,AB641,0.017015723400330546,medium,0,0.774175763130188,1,CLEAR: ORACLE NOISE,0.08781668399509623,"{""uncertainty"": 0.225824236869812, ""gene_count"": 20, ""low_knownness_enhanced"": true, ""low_knownness_gate"": 0.22830762321607073}"
oracle_v15,AB889,0.017009989060974125,medium,0,0.7741864174604416,1,CLEAR: ORACLE NOISE,0.0877882962246801,"{""uncertainty"": 0.2258135825395584, ""gene_count"": 20, ""low_knownness_enhanced"": true, ""low_knownness_gate"": 0.22827008309843666}"
oracle_v15,AD067,0.016873191930866244,medium,0,0.7763356417417526,0,CLEAR: ORACLE NOISE,0.08732400267056883,"{""uncertainty"": 0.22366435825824738, ""gene_count"": 20, ""low_knownness_enhanced"": true, ""low_knownness_gate"": 0.22078637672256302}"
oracle_v15,AF098,0.016873191930866244,medium,0,0.7763356417417526,1,CLEAR: ORACLE NOISE,0.08732400267056883,"{""uncertainty"": 0.22366435825824738, ""gene_count"": 20, ""low_knownness_enhanced"": true, ""low_knownness_gate"": 0.22078637672256302}"
oracle_v15,AB729,0.016705168299889567,medium,0,0.778335765004158,1,CLEAR: ORACLE NOISE,0.08667712241878334,"{""uncertainty"": 0.22166423499584198, ""gene_count"": 20, ""low_knownness_enhanced"": true, ""low_knownness_gate"": 0.2139812776716913}"
