model_name,backbone_id,risk_probability,confidence_tier,label_geo_spread,knownness_score,n_new_countries_future,explanation,alarm_score,meta
BioSpread,UNSEEN::AA811,0.21132884919643402,medium,0,0.6098677515983582,0,LOW_RISK,0.0,
BioSpread,UNSEEN::AA270,0.21212705969810486,medium,0,0.6040646433830261,0,LOW_RISK,0.0,
BioSpread,AG392,0.6334390044212341,review,0,0.5321669280529022,0,MODERATE_RISK,0.0,
BioSpread,UNSEEN::AG120,0.2120136022567749,medium,0,0.6042929589748383,0,LOW_RISK,0.0,
BioSpread,UNSEEN::AA418,0.21226631104946136,medium,0,0.603852242231369,0,LOW_RISK,0.0,
BioSpread,AG991,0.37228479981422424,review,0,0.5450253784656525,0,LOW_RISK,0.0,
BioSpread,UNSEEN::AB840,0.21121950447559357,medium,0,0.6059203445911407,0,LOW_RISK,0.0,
BioSpread,UNSEEN::AF144,0.2117864489555359,medium,0,0.6047713160514832,0,LOW_RISK,0.0,
BioSpread,UNSEEN::AE029,0.2117338329553604,medium,0,0.604937344789505,0,LOW_RISK,0.0,
BioSpread,UNSEEN::AH273,0.21216735243797302,medium,0,0.6039808392524719,0,LOW_RISK,0.0,
BioSpread,UNSEEN::AD392,0.2121686190366745,medium,0,0.6039780676364899,0,LOW_RISK,0.0,
BioSpread,UNSEEN::AA826,0.2117631435394287,medium,0,0.6048985123634338,0,LOW_RISK,0.0,
BioSpread,AA859,0.7413285374641418,review,1,0.5603495836257935,0,MODERATE_RISK,0.0,
BioSpread,UNSEEN::AC394,0.2121686190366745,medium,0,0.6039780676364899,0,LOW_RISK,0.0,
BioSpread,AG428,0.317307710647583,review,0,0.5733245611190796,0,LOW_RISK,0.0,
BioSpread,UNSEEN::AA898,0.2121686190366745,medium,0,0.6039780676364899,0,LOW_RISK,0.0,
BioSpread,AC558,0.7121855020523071,review,0,0.5396557748317719,0,MODERATE_RISK,0.0,
BioSpread,AB220,0.6594536900520325,review,0,0.5289348363876343,0,MODERATE_RISK,0.0,
BioSpread,AD688,0.7423400282859802,review,0,0.5626415014266968,0,MODERATE_RISK,0.0,
BioSpread,AB931,0.6901776194572449,review,0,0.5434384047985077,0,MODERATE_RISK,0.0,
BioSpread,UNSEEN::AF494,0.21216821670532227,medium,0,0.6039789617061615,0,LOW_RISK,0.0,
BioSpread,UNSEEN::AG201,0.2117031216621399,medium,0,0.6049771010875702,0,LOW_RISK,0.0,
BioSpread,UNSEEN::AG041,0.21228453516960144,medium,0,0.6037172675132751,0,LOW_RISK,0.0,
BioSpread,AF297,0.24097777903079987,medium,0,0.6041990220546722,0,LOW_RISK,0.0,
BioSpread,AC125,0.7482691407203674,review,1,0.5762723982334137,0,MODERATE_RISK,0.0,
BioSpread,UNSEEN::AA105,0.21178410947322845,medium,0,0.6048592627048492,0,LOW_RISK,0.0,
BioSpread,AD768,0.7453662157058716,review,0,0.5662716627120972,0,MODERATE_RISK,0.0,
BioSpread,AD769,0.5228689908981323,review,0,0.5080108940601349,0,MODERATE_RISK,0.0,
BioSpread,UNSEEN::AC514,0.21149876713752747,medium,0,0.6054367125034332,0,LOW_RISK,0.0,
BioSpread,AA950,0.7142422199249268,review,0,0.5531457960605621,0,MODERATE_RISK,0.0,
BioSpread,AA940,0.36113402247428894,review,0,0.5413320362567902,0,LOW_RISK,0.0,
BioSpread,UNSEEN::AB752,0.21215488016605377,medium,0,0.6040110290050507,0,LOW_RISK,0.0,
BioSpread,UNSEEN::AG416,0.21216730773448944,medium,0,0.603980541229248,0,LOW_RISK,0.0,
BioSpread,UNSEEN::AE670,0.21211501955986023,medium,0,0.6040895581245422,0,LOW_RISK,0.0,
BioSpread,AD581,0.6967996954917908,review,0,0.5494307577610016,0,MODERATE_RISK,0.0,
BioSpread,AE471,0.35610613226890564,review,0,0.5625649392604828,0,LOW_RISK,0.0,
BioSpread,UNSEEN::AF541,0.21310772001743317,medium,0,0.601952314376831,0,LOW_RISK,0.0,
BioSpread,UNSEEN::AD011,0.21179871261119843,medium,0,0.6048385202884674,0,LOW_RISK,0.0,
BioSpread,AA200,0.7230555415153503,review,0,0.5534761250019073,0,MODERATE_RISK,0.0,
BioSpread,AF268,0.7088871598243713,review,0,0.5473208725452423,0,MODERATE_RISK,0.0,
BioSpread,AC496,0.18447449803352356,medium,0,0.6583673357963562,0,LOW_RISK,0.0,
BioSpread,AB272,0.7419262528419495,review,1,0.5630394518375397,0,MODERATE_RISK,0.0,
BioSpread,AA378,0.7422600388526917,review,1,0.572678953409195,0,MODERATE_RISK,0.0,
BioSpread,AC096,0.7114080190658569,review,0,0.547976553440094,0,MODERATE_RISK,0.0,
BioSpread,UNSEEN::AG522,0.21228085458278656,medium,0,0.6038222312927246,0,LOW_RISK,0.0,
BioSpread,AB186,0.7249141931533813,review,1,0.5499370992183685,0,MODERATE_RISK,0.0,
BioSpread,UNSEEN::AB184,0.21174390614032745,medium,0,0.6048876941204071,0,LOW_RISK,0.0,
BioSpread,AC212,0.7447460889816284,review,1,0.566163957118988,0,MODERATE_RISK,0.0,
BioSpread,AF008,0.2618556022644043,review,0,0.5957536995410919,0,LOW_RISK,0.0,
BioSpread,AG471,0.7141403555870056,review,0,0.5469944477081299,0,MODERATE_RISK,0.0,
BioSpread,UNSEEN::AD464,0.21042685210704803,medium,0,0.6078700721263885,0,LOW_RISK,0.0,
BioSpread,AC185,0.6886712312698364,review,0,0.5341208279132843,0,MODERATE_RISK,0.0,
BioSpread,UNSEEN::AF624,0.21215488016605377,medium,0,0.6040066182613373,0,LOW_RISK,0.0,
BioSpread,UNSEEN::AC600,0.2121420055627823,medium,0,0.6040333807468414,0,LOW_RISK,0.0,
BioSpread,UNSEEN::AG327,0.2120353877544403,medium,0,0.6042766273021698,0,LOW_RISK,0.0,
BioSpread,UNSEEN::AF880,0.21230708062648773,medium,0,0.6036985814571381,0,LOW_RISK,0.0,
BioSpread,AB981,0.6681544780731201,review,0,0.5058299899101257,0,MODERATE_RISK,0.0,
BioSpread,AG317,0.6740570068359375,review,0,0.5357362627983093,0,MODERATE_RISK,0.0,
BioSpread,AD365,0.707107424736023,review,0,0.5403686463832855,0,MODERATE_RISK,0.0,
BioSpread,AG744,0.5789528489112854,review,0,0.5166706442832947,0,MODERATE_RISK,0.0,
BioSpread,UNSEEN::AB185,0.21200649440288544,medium,0,0.6043064296245575,0,LOW_RISK,0.0,
BioSpread,AD206,0.5933902263641357,review,0,0.48195844888687134,0,MODERATE_RISK,0.0,
BioSpread,UNSEEN::AC233,0.21216735243797302,medium,0,0.6039808392524719,0,LOW_RISK,0.0,
BioSpread,AC060,0.6833041310310364,review,0,0.5365100502967834,0,MODERATE_RISK,0.0,
BioSpread,UNSEEN::AG250,0.2121669501066208,medium,0,0.6039817333221436,0,LOW_RISK,0.0,
BioSpread,UNSEEN::AE628,0.2119988650083542,medium,0,0.6043237149715424,0,LOW_RISK,0.0,
BioSpread,UNSEEN::AC923,0.2121686190366745,medium,0,0.6039780676364899,0,LOW_RISK,0.0,
BioSpread,UNSEEN::AF593,0.2118525207042694,medium,0,0.6047248542308807,0,LOW_RISK,0.0,
BioSpread,UNSEEN::AC391,0.21216557919979095,medium,0,0.6039839386940002,0,LOW_RISK,0.0,
BioSpread,UNSEEN::AG758,0.2121686190366745,medium,0,0.6039780676364899,0,LOW_RISK,0.0,
BioSpread,AF744,0.26318585872650146,review,0,0.5900714099407196,0,LOW_RISK,0.0,
BioSpread,AG331,0.19839881360530853,medium,0,0.6294874250888824,0,LOW_RISK,0.0,
BioSpread,AC913,0.6605826020240784,review,0,0.5474110841751099,0,MODERATE_RISK,0.0,
BioSpread,AG782,0.5794687271118164,review,0,0.5168352425098419,0,MODERATE_RISK,0.0,
BioSpread,AF253,0.6107595562934875,review,0,0.5066236257553101,0,MODERATE_RISK,0.0,
BioSpread,UNSEEN::AD856,0.2121686190366745,medium,0,0.6039780676364899,0,LOW_RISK,0.0,
BioSpread,UNSEEN::AB638,0.2114880383014679,medium,0,0.6054207980632782,0,LOW_RISK,0.0,
BioSpread,AA094,0.7436431050300598,review,0,0.5639761984348297,0,MODERATE_RISK,0.0,
BioSpread,AC550,0.6597199440002441,review,0,0.5349406898021698,0,MODERATE_RISK,0.0,
BioSpread,UNSEEN::AG374,0.21173007786273956,medium,0,0.6049160659313202,0,LOW_RISK,0.0,
BioSpread,UNSEEN::AG808,0.21189789474010468,medium,0,0.6046771705150604,0,LOW_RISK,0.0,
BioSpread,UNSEEN::AA023,0.2119930386543274,medium,0,0.6043344140052795,0,LOW_RISK,0.0,
BioSpread,UNSEEN::AB961,0.21160779893398285,medium,0,0.6052528023719788,0,LOW_RISK,0.0,
BioSpread,AH290,0.4768078327178955,review,0,0.5213854014873505,0,LOW_RISK,0.0,
BioSpread,UNSEEN::AE591,0.21229471266269684,medium,0,0.6037241518497467,0,LOW_RISK,0.0,
BioSpread,UNSEEN::AH414,0.2121669501066208,medium,0,0.6039817333221436,0,LOW_RISK,0.0,
BioSpread,UNSEEN::AD656,0.21215488016605377,medium,0,0.6040066182613373,0,LOW_RISK,0.0,
BioSpread,UNSEEN::AE497,0.21181635558605194,medium,0,0.6046965420246124,0,LOW_RISK,0.0,
BioSpread,UNSEEN::AH279,0.21165943145751953,medium,0,0.6050170063972473,0,LOW_RISK,0.0,
BioSpread,UNSEEN::AH449,0.21219779551029205,medium,0,0.6039623618125916,0,LOW_RISK,0.0,
BioSpread,UNSEEN::AA198,0.21230868995189667,medium,0,0.6036950349807739,0,LOW_RISK,0.0,
BioSpread,AA879,0.2204888015985489,medium,0,0.6197155714035034,0,LOW_RISK,0.0,
BioSpread,AE935,0.7438197731971741,review,0,0.5672227144241333,0,MODERATE_RISK,0.0,
BioSpread,UNSEEN::AD192,0.21201050281524658,medium,0,0.6042989194393158,0,LOW_RISK,0.0,
BioSpread,AE095,0.722878098487854,review,0,0.5578325986862183,0,MODERATE_RISK,0.0,
BioSpread,UNSEEN::AB986,0.21210522949695587,medium,0,0.6041642129421234,0,LOW_RISK,0.0,
BioSpread,AE192,0.27334147691726685,medium,0,0.6197722554206848,0,LOW_RISK,0.0,
BioSpread,AA405,0.7478980422019958,review,0,0.5708256363868713,0,MODERATE_RISK,0.0,
BioSpread,UNSEEN::AH005,0.2121669501066208,medium,0,0.6039817333221436,0,LOW_RISK,0.0,
BioSpread,UNSEEN::AB204,0.21211712062358856,medium,0,0.6041699349880219,0,LOW_RISK,0.0,
BioSpread,AA947,0.7434313297271729,review,0,0.5680411458015442,0,MODERATE_RISK,0.0,
BioSpread,UNSEEN::AH489,0.21216250956058502,medium,0,0.6040114462375641,0,LOW_RISK,0.0,
BioSpread,AG276,0.2617328464984894,review,0,0.5958198010921478,0,LOW_RISK,0.0,
BioSpread,AG458,0.607379674911499,review,0,0.5056634247303009,0,MODERATE_RISK,0.0,
BioSpread,AB152,0.7085166573524475,review,1,0.552324116230011,0,MODERATE_RISK,0.0,
BioSpread,AA013,0.7484521865844727,review,0,0.5690814256668091,0,MODERATE_RISK,0.0,
BioSpread,AB766,0.6785942912101746,review,0,0.537773847579956,0,MODERATE_RISK,0.0,
BioSpread,UNSEEN::AG039,0.21216821670532227,medium,0,0.6039789617061615,0,LOW_RISK,0.0,
BioSpread,UNSEEN::AD337,0.2114264965057373,medium,0,0.6056278944015503,0,LOW_RISK,0.0,
BioSpread,UNSEEN::AA691,0.21211715042591095,medium,0,0.6040568053722382,0,LOW_RISK,0.0,
BioSpread,AE340,0.26735958456993103,medium,0,0.6042512059211731,0,LOW_RISK,0.0,
BioSpread,AB680,0.6939355731010437,review,0,0.5435780584812164,0,MODERATE_RISK,0.0,
BioSpread,UNSEEN::AA600,0.21217703819274902,medium,0,0.603981077671051,0,LOW_RISK,0.0,
BioSpread,AB278,0.7434161901473999,review,0,0.5635537803173065,0,MODERATE_RISK,0.0,
BioSpread,AE282,0.5228564143180847,review,0,0.5080100297927856,0,MODERATE_RISK,0.0,
BioSpread,UNSEEN::AH239,0.21216821670532227,medium,0,0.6039789617061615,0,LOW_RISK,0.0,
BioSpread,UNSEEN::AC459,0.21216779947280884,medium,0,0.6039798557758331,0,LOW_RISK,0.0,
BioSpread,UNSEEN::AB962,0.21127688884735107,medium,0,0.6059331595897675,0,LOW_RISK,0.0,
BioSpread,UNSEEN::AH434,0.21201276779174805,medium,0,0.6042947769165039,0,LOW_RISK,0.0,
BioSpread,UNSEEN::AH256,0.21229557693004608,medium,0,0.603722333908081,0,LOW_RISK,0.0,
BioSpread,UNSEEN::AH232,0.2121686190366745,medium,0,0.6039780676364899,0,LOW_RISK,0.0,
BioSpread,UNSEEN::AF663,0.2121385931968689,medium,0,0.6040372848510742,0,LOW_RISK,0.0,
BioSpread,UNSEEN::AA108,0.2116398811340332,medium,0,0.6051637232303619,0,LOW_RISK,0.0,
BioSpread,UNSEEN::AG455,0.2121540606021881,medium,0,0.6040084660053253,0,LOW_RISK,0.0,
BioSpread,AC257,0.6913182139396667,review,0,0.5441210865974426,0,MODERATE_RISK,0.0,
BioSpread,AC451,0.6913965940475464,review,0,0.5441417396068573,0,MODERATE_RISK,0.0,
BioSpread,UNSEEN::AE659,0.21209140121936798,medium,0,0.6041102409362793,0,LOW_RISK,0.0,
BioSpread,UNSEEN::AG301,0.2121686190366745,medium,0,0.6039780676364899,0,LOW_RISK,0.0,
BioSpread,UNSEEN::AH275,0.21230827271938324,medium,0,0.6036959290504456,0,LOW_RISK,0.0,
BioSpread,UNSEEN::AA861,0.21536926925182343,medium,0,0.6014774143695831,0,LOW_RISK,0.0,
BioSpread,UNSEEN::AH247,0.21216779947280884,medium,0,0.6039798557758331,0,LOW_RISK,0.0,
BioSpread,UNSEEN::AH189,0.21216821670532227,medium,0,0.6039789617061615,0,LOW_RISK,0.0,
BioSpread,UNSEEN::AG797,0.21216779947280884,medium,0,0.6039798557758331,0,LOW_RISK,0.0,
BioSpread,UNSEEN::AB922,0.21141766011714935,medium,0,0.6056506931781769,0,LOW_RISK,0.0,
BioSpread,UNSEEN::AA813,0.21198394894599915,medium,0,0.6043896079063416,0,LOW_RISK,0.0,
BioSpread,UNSEEN::AD310,0.21191725134849548,medium,0,0.6045118868350983,0,LOW_RISK,0.0,
BioSpread,AF152,0.7149524092674255,review,0,0.5488550662994385,0,MODERATE_RISK,0.0,
BioSpread,AA230,0.659568190574646,review,0,0.5353301763534546,0,MODERATE_RISK,0.0,
BioSpread,UNSEEN::AG006,0.21216821670532227,medium,0,0.6039789617061615,0,LOW_RISK,0.0,
BioSpread,AD158,0.7345800399780273,review,1,0.5636883974075317,0,MODERATE_RISK,0.0,
BioSpread,AF546,0.1846553534269333,medium,0,0.6549895405769348,0,LOW_RISK,0.0,
BioSpread,AB804,0.7479678988456726,review,0,0.5687369108200073,0,MODERATE_RISK,0.0,
BioSpread,UNSEEN::AF235,0.21135301887989044,medium,0,0.6056455671787262,0,LOW_RISK,0.0,
BioSpread,AH311,0.22051005065441132,medium,0,0.6196993887424469,0,LOW_RISK,0.0,
BioSpread,UNSEEN::AF962,0.2120702862739563,medium,0,0.604220449924469,0,LOW_RISK,0.0,
BioSpread,UNSEEN::AC652,0.2121536284685135,medium,0,0.6040093898773193,0,LOW_RISK,0.0,
BioSpread,UNSEEN::AB712,0.21097692847251892,medium,0,0.6064922511577606,0,LOW_RISK,0.0,
BioSpread,UNSEEN::AF820,0.21216779947280884,medium,0,0.6039798557758331,0,LOW_RISK,0.0,
BioSpread,UNSEEN::AC862,0.2121276706457138,medium,0,0.6041384041309357,0,LOW_RISK,0.0,
BioSpread,UNSEEN::AA804,0.2121553122997284,medium,0,0.6040101051330566,0,LOW_RISK,0.0,
BioSpread,UNSEEN::AF945,0.21216687560081482,medium,0,0.6039814651012421,0,LOW_RISK,0.0,
BioSpread,AC035,0.5742073655128479,review,0,0.5298133790493011,0,MODERATE_RISK,0.0,
BioSpread,AA752,0.7363782525062561,review,1,0.5636052787303925,0,MODERATE_RISK,0.0,
BioSpread,UNSEEN::AE308,0.21216779947280884,medium,0,0.6039798557758331,0,LOW_RISK,0.0,
BioSpread,AA021,0.7461584210395813,review,0,0.5669546127319336,0,MODERATE_RISK,0.0,
BioSpread,AG826,0.2617696523666382,review,0,0.59579998254776,0,LOW_RISK,0.0,
BioSpread,UNSEEN::AE327,0.21203456819057465,medium,0,0.6042784750461578,0,LOW_RISK,0.0,
BioSpread,UNSEEN::AF886,0.21216735243797302,medium,0,0.6039808392524719,0,LOW_RISK,0.0,
BioSpread,AG490,0.26188015937805176,review,0,0.5957404971122742,0,LOW_RISK,0.0,
BioSpread,AB891,0.7280964255332947,review,0,0.558407336473465,0,MODERATE_RISK,0.0,
BioSpread,AC187,0.696047842502594,review,0,0.5385260879993439,0,MODERATE_RISK,0.0,
BioSpread,UNSEEN::AE435,0.21214209496974945,medium,0,0.6040304899215698,0,LOW_RISK,0.0,
BioSpread,UNSEEN::AD996,0.21114300191402435,medium,0,0.6061067283153534,0,LOW_RISK,0.0,
BioSpread,AH021,0.2618187665939331,review,0,0.5957734882831573,0,LOW_RISK,0.0,
BioSpread,UNSEEN::AE758,0.21215449273586273,medium,0,0.6040075123310089,0,LOW_RISK,0.0,
BioSpread,AD359,0.6395575404167175,review,0,0.5274625420570374,0,MODERATE_RISK,0.0,
BioSpread,AA346,0.7463119029998779,review,1,0.5666118264198303,0,MODERATE_RISK,0.0,
BioSpread,UNSEEN::AD855,0.21230746805667877,medium,0,0.6036976873874664,0,LOW_RISK,0.0,
BioSpread,UNSEEN::AB876,0.21196822822093964,medium,0,0.6044936180114746,0,LOW_RISK,0.0,
BioSpread,UNSEEN::AB935,0.2120005488395691,medium,0,0.6043200492858887,0,LOW_RISK,0.0,
BioSpread,AD572,0.7120342254638672,review,1,0.5519106090068817,0,MODERATE_RISK,0.0,
BioSpread,UNSEEN::AH144,0.21216735243797302,medium,0,0.6039808392524719,0,LOW_RISK,0.0,
BioSpread,UNSEEN::AA858,0.21159246563911438,medium,0,0.6052096784114838,0,LOW_RISK,0.0,
BioSpread,AE813,0.7477942109107971,review,0,0.5685749351978302,0,MODERATE_RISK,0.0,
BioSpread,UNSEEN::AD077,0.2117517739534378,medium,0,0.6048018336296082,0,LOW_RISK,0.0,
BioSpread,AE519,0.3277202844619751,review,0,0.5698674321174622,0,LOW_RISK,0.0,
BioSpread,AB564,0.6138244867324829,review,0,0.5334261953830719,0,MODERATE_RISK,0.0,
BioSpread,UNSEEN::AC754,0.21181592345237732,medium,0,0.6046974956989288,0,LOW_RISK,0.0,
BioSpread,AD702,0.7495517730712891,review,0,0.5703486800193787,0,MODERATE_RISK,0.0,
BioSpread,AE381,0.6022468209266663,review,1,0.5230590105056763,0,MODERATE_RISK,0.0,
BioSpread,UNSEEN::AG307,0.2120136022567749,medium,0,0.6042929589748383,0,LOW_RISK,0.0,
BioSpread,UNSEEN::AF116,0.2121540606021881,medium,0,0.6040084660053253,0,LOW_RISK,0.0,
BioSpread,UNSEEN::AB488,0.21201403439044952,medium,0,0.6042920649051666,0,LOW_RISK,0.0,
BioSpread,UNSEEN::AB310,0.21167463064193726,medium,0,0.6051170229911804,0,LOW_RISK,0.0,
BioSpread,AH121,0.6880916357040405,review,0,0.5448839962482452,0,MODERATE_RISK,0.0,
BioSpread,AF255,0.5399407148361206,review,0,0.5060400366783142,0,MODERATE_RISK,0.0,
BioSpread,AH072,0.6268698573112488,review,0,0.5161958932876587,0,MODERATE_RISK,0.0,
BioSpread,UNSEEN::AE724,0.21185719966888428,medium,0,0.6046115458011627,0,LOW_RISK,0.0,
BioSpread,AD453,0.7443709373474121,review,0,0.5675197243690491,0,MODERATE_RISK,0.0,
BioSpread,UNSEEN::AC093,0.21057315170764923,medium,0,0.6075265109539032,0,LOW_RISK,0.0,
BioSpread,UNSEEN::AH250,0.21216735243797302,medium,0,0.6039808392524719,0,LOW_RISK,0.0,
BioSpread,AE536,0.7382586002349854,review,0,0.5599582195281982,0,MODERATE_RISK,0.0,
BioSpread,UNSEEN::AF613,0.2124335914850235,medium,0,0.6035042703151703,0,LOW_RISK,0.0,
BioSpread,UNSEEN::AC161,0.2119549959897995,medium,0,0.6044158041477203,0,LOW_RISK,0.0,
BioSpread,AB559,0.7479613423347473,review,1,0.5671756863594055,0,MODERATE_RISK,0.0,
BioSpread,AF956,0.5743159651756287,review,0,0.5364345610141754,0,MODERATE_RISK,0.0,
BioSpread,UNSEEN::AE809,0.2107953280210495,medium,0,0.6070033311843872,0,LOW_RISK,0.0,
BioSpread,UNSEEN::AH508,0.21216821670532227,medium,0,0.6039789617061615,0,LOW_RISK,0.0,
BioSpread,UNSEEN::AC526,0.21216735243797302,medium,0,0.6039808392524719,0,LOW_RISK,0.0,
BioSpread,UNSEEN::AD753,0.21216735243797302,medium,0,0.6039808392524719,0,LOW_RISK,0.0,
BioSpread,AB820,0.7426518797874451,review,0,0.5644429624080658,0,MODERATE_RISK,0.0,
BioSpread,UNSEEN::AG030,0.21215488016605377,medium,0,0.6040066182613373,0,LOW_RISK,0.0,
BioSpread,UNSEEN::AC995,0.21214932203292847,medium,0,0.604105532169342,0,LOW_RISK,0.0,
BioSpread,AE827,0.32792115211486816,review,0,0.569927841424942,0,LOW_RISK,0.0,
BioSpread,AG454,0.6870241761207581,review,0,0.544148325920105,0,MODERATE_RISK,0.0,
BioSpread,UNSEEN::AF113,0.21194559335708618,medium,0,0.6045112907886505,0,LOW_RISK,0.0,
BioSpread,UNSEEN::AC135,0.21216730773448944,medium,0,0.603980541229248,0,LOW_RISK,0.0,
BioSpread,AC537,0.7201786041259766,review,0,0.5564947724342346,0,MODERATE_RISK,0.0,
BioSpread,AA942,0.7233209609985352,review,0,0.5618744194507599,0,MODERATE_RISK,0.0,
BioSpread,AD223,0.6885402202606201,review,0,0.5463043749332428,0,MODERATE_RISK,0.0,
BioSpread,UNSEEN::AA916,0.2119104266166687,medium,0,0.6046047806739807,0,LOW_RISK,0.0,
BioSpread,UNSEEN::AE608,0.21118083596229553,medium,0,0.6060585677623749,0,LOW_RISK,0.0,
BioSpread,UNSEEN::AF159,0.21191807091236115,medium,0,0.6045642495155334,0,LOW_RISK,0.0,
BioSpread,UNSEEN::AF689,0.21191540360450745,medium,0,0.6044449806213379,0,LOW_RISK,0.0,
BioSpread,UNSEEN::AA986,0.21216687560081482,medium,0,0.6039814651012421,0,LOW_RISK,0.0,
BioSpread,UNSEEN::AF343,0.21198581159114838,medium,0,0.6043508052825928,0,LOW_RISK,0.0,
BioSpread,UNSEEN::AB394,0.21200013160705566,medium,0,0.6043253839015961,0,LOW_RISK,0.0,
BioSpread,AA324,0.7476488351821899,review,1,0.5684245526790619,0,MODERATE_RISK,0.0,
BioSpread,AD183,0.3177168071269989,review,0,0.5734043419361115,0,LOW_RISK,0.0,
BioSpread,UNSEEN::AF860,0.21210522949695587,medium,0,0.6041642129421234,0,LOW_RISK,0.0,
BioSpread,AB858,0.5999801158905029,review,0,0.5212939083576202,0,MODERATE_RISK,0.0,
BioSpread,AD040,0.6577471494674683,review,0,0.535017341375351,0,MODERATE_RISK,0.0,
BioSpread,UNSEEN::AF724,0.21213506162166595,medium,0,0.6040469110012054,0,LOW_RISK,0.0,
BioSpread,UNSEEN::AC466,0.21215488016605377,medium,0,0.6040066182613373,0,LOW_RISK,0.0,
BioSpread,AE707,0.6516606211662292,review,0,0.5293818116188049,0,MODERATE_RISK,0.0,
BioSpread,AE144,0.22048169374465942,medium,0,0.6197210252285004,0,LOW_RISK,0.0,
BioSpread,AA323,0.74518221616745,review,1,0.5629050135612488,0,MODERATE_RISK,0.0,
BioSpread,UNSEEN::AD770,0.21180234849452972,medium,0,0.6047257483005524,0,LOW_RISK,0.0,
BioSpread,AD071,0.26192933320999146,review,0,0.5957140326499939,0,LOW_RISK,0.0,
BioSpread,UNSEEN::AB831,0.21183820068836212,medium,0,0.6046500205993652,0,LOW_RISK,0.0,
BioSpread,AE922,0.7412410974502563,review,0,0.5647792220115662,0,MODERATE_RISK,0.0,
BioSpread,UNSEEN::AC206,0.21113191545009613,medium,0,0.6062039136886597,0,LOW_RISK,0.0,
BioSpread,UNSEEN::AG979,0.21216821670532227,medium,0,0.6039789617061615,0,LOW_RISK,0.0,
BioSpread,UNSEEN::AA354,0.21148495376110077,medium,0,0.6053920984268188,0,LOW_RISK,0.0,
BioSpread,UNSEEN::AC552,0.21230827271938324,medium,0,0.6036959290504456,0,LOW_RISK,0.0,
BioSpread,UNSEEN::AF119,0.2121686190366745,medium,0,0.6039780676364899,0,LOW_RISK,0.0,
BioSpread,UNSEEN::AA468,0.21217575669288635,medium,0,0.6039838492870331,0,LOW_RISK,0.0,
BioSpread,UNSEEN::AB340,0.21110756695270538,medium,0,0.6063310205936432,0,LOW_RISK,0.0,
BioSpread,AC717,0.5712510347366333,review,0,0.5361728966236115,0,MODERATE_RISK,0.0,
BioSpread,AD204,0.7120380997657776,review,0,0.5519658029079437,0,MODERATE_RISK,0.0,
BioSpread,UNSEEN::AA391,0.2118435800075531,medium,0,0.6046398878097534,0,LOW_RISK,0.0,
BioSpread,UNSEEN::AH507,0.21216821670532227,medium,0,0.6039789617061615,0,LOW_RISK,0.0,
BioSpread,UNSEEN::AD176,0.2121686190366745,medium,0,0.6039780676364899,0,LOW_RISK,0.0,
BioSpread,UNSEEN::AF338,0.21216821670532227,medium,0,0.6039789617061615,0,LOW_RISK,0.0,
BioSpread,UNSEEN::AE255,0.2121145874261856,medium,0,0.6040904521942139,0,LOW_RISK,0.0,
BioSpread,AB364,0.5714846253395081,review,0,0.5151554942131042,0,MODERATE_RISK,0.0,
BioSpread,AD067,0.7395329475402832,review,0,0.560365229845047,0,MODERATE_RISK,0.0,
BioSpread,UNSEEN::AB627,0.21229390799999237,medium,0,0.6037259101867676,0,LOW_RISK,0.0,
BioSpread,UNSEEN::AB166,0.21199928224086761,medium,0,0.6043228209018707,0,LOW_RISK,0.0,
BioSpread,UNSEEN::AG129,0.211986243724823,medium,0,0.6043498814105988,0,LOW_RISK,0.0,
BioSpread,UNSEEN::AB301,0.2121686190366745,medium,0,0.6039780676364899,0,LOW_RISK,0.0,
BioSpread,UNSEEN::AE662,0.21210215985774994,medium,0,0.6041162610054016,0,LOW_RISK,0.0,
BioSpread,UNSEEN::AC764,0.21216821670532227,medium,0,0.6039789617061615,0,LOW_RISK,0.0,
BioSpread,AB877,0.2204888015985489,medium,0,0.6197155714035034,0,LOW_RISK,0.0,
BioSpread,UNSEEN::AE089,0.211973637342453,medium,0,0.6043759882450104,0,LOW_RISK,0.0,
BioSpread,AD829,0.6362847685813904,review,0,0.5155537128448486,0,MODERATE_RISK,0.0,
BioSpread,AB709,0.7155469655990601,review,1,0.5475131273269653,0,MODERATE_RISK,0.0,
BioSpread,AD013,0.6761689782142639,review,0,0.5367209315299988,0,MODERATE_RISK,0.0,
BioSpread,AC797,0.5736529231071472,review,0,0.5151442885398865,0,MODERATE_RISK,0.0,
BioSpread,AG528,0.2337169647216797,medium,0,0.6094060838222504,0,LOW_RISK,0.0,
BioSpread,AB011,0.34302809834480286,review,0,0.5657700300216675,0,LOW_RISK,0.0,
BioSpread,UNSEEN::AB345,0.21216779947280884,medium,0,0.6039798557758331,0,LOW_RISK,0.0,
BioSpread,UNSEEN::AD220,0.2122955471277237,medium,0,0.603726714849472,0,LOW_RISK,0.0,
BioSpread,UNSEEN::AC026,0.20926298201084137,medium,0,0.6105557084083557,0,LOW_RISK,0.0,
BioSpread,UNSEEN::AE510,0.21230323612689972,medium,0,0.6037963926792145,0,LOW_RISK,0.0,
BioSpread,UNSEEN::AH444,0.21185222268104553,medium,0,0.6046207547187805,0,LOW_RISK,0.0,
BioSpread,UNSEEN::AG489,0.2121669501066208,medium,0,0.6039817333221436,0,LOW_RISK,0.0,
BioSpread,UNSEEN::AA978,0.21207201480865479,medium,0,0.6042934060096741,0,LOW_RISK,0.0,
BioSpread,UNSEEN::AC505,0.2118435800075531,medium,0,0.6046398878097534,0,LOW_RISK,0.0,
BioSpread,AB869,0.6920204758644104,review,0,0.5407975316047668,0,MODERATE_RISK,0.0,
BioSpread,UNSEEN::AB191,0.21881990134716034,review,0,0.597736656665802,0,LOW_RISK,0.0,
BioSpread,AA577,0.733250081539154,review,0,0.5632392466068268,0,MODERATE_RISK,0.0,
BioSpread,UNSEEN::AD784,0.21216779947280884,medium,0,0.6039798557758331,0,LOW_RISK,0.0,
BioSpread,UNSEEN::AD552,0.2121308594942093,medium,0,0.6040282249450684,0,LOW_RISK,0.0,
BioSpread,UNSEEN::AG154,0.2118154913187027,medium,0,0.6046984195709229,0,LOW_RISK,0.0,
BioSpread,AF537,0.7472773194313049,review,0,0.5685605108737946,0,MODERATE_RISK,0.0,
BioSpread,AE605,0.5723877549171448,review,0,0.5094650387763977,0,MODERATE_RISK,0.0,
BioSpread,AD760,0.6189892292022705,review,0,0.5324206054210663,0,MODERATE_RISK,0.0,
BioSpread,UNSEEN::AF926,0.2121145874261856,medium,0,0.6040904521942139,0,LOW_RISK,0.0,
BioSpread,UNSEEN::AD813,0.21201226115226746,medium,0,0.6042954921722412,0,LOW_RISK,0.0,
BioSpread,AB481,0.6883845925331116,review,0,0.5366140007972717,0,MODERATE_RISK,0.0,
BioSpread,AA329,0.7457495331764221,review,0,0.5670545101165771,0,MODERATE_RISK,0.0,
BioSpread,AC607,0.5715293288230896,review,0,0.5151640176773071,0,MODERATE_RISK,0.0,
BioSpread,AC693,0.7224506735801697,review,0,0.5669651031494141,0,MODERATE_RISK,0.0,
BioSpread,AC397,0.6895248889923096,review,0,0.5486103892326355,0,MODERATE_RISK,0.0,
BioSpread,AC099,0.7096872329711914,review,0,0.5448255240917206,0,MODERATE_RISK,0.0,
BioSpread,UNSEEN::AD208,0.21167270839214325,medium,0,0.6049893498420715,0,LOW_RISK,0.0,
BioSpread,AB663,0.5538891553878784,review,0,0.5182799100875854,0,MODERATE_RISK,0.0,
BioSpread,UNSEEN::AD274,0.2121540606021881,medium,0,0.6040084660053253,0,LOW_RISK,0.0,
BioSpread,AA678,0.3169136047363281,review,0,0.5735054016113281,0,LOW_RISK,0.0,
BioSpread,UNSEEN::AF531,0.21214158833026886,medium,0,0.6040343046188354,0,LOW_RISK,0.0,
BioSpread,UNSEEN::AA347,0.21200954914093018,medium,0,0.6043197512626648,0,LOW_RISK,0.0,
BioSpread,UNSEEN::AA273,0.2119988650083542,medium,0,0.6043237149715424,0,LOW_RISK,0.0,
BioSpread,UNSEEN::AD121,0.21147771179676056,medium,0,0.6055038869380951,0,LOW_RISK,0.0,
BioSpread,UNSEEN::AC722,0.21214061975479126,medium,0,0.6041070520877838,0,LOW_RISK,0.0,
BioSpread,UNSEEN::AB182,0.2109384983778,medium,0,0.6066738069057465,0,LOW_RISK,0.0,
BioSpread,AC374,0.6915264129638672,review,0,0.547184020280838,0,MODERATE_RISK,0.0,
BioSpread,UNSEEN::AE279,0.21216821670532227,medium,0,0.6039789617061615,0,LOW_RISK,0.0,
BioSpread,UNSEEN::AA561,0.21216779947280884,medium,0,0.6039798557758331,0,LOW_RISK,0.0,
BioSpread,AC647,0.6941832900047302,review,0,0.5476918518543243,0,MODERATE_RISK,0.0,
BioSpread,UNSEEN::AG603,0.21230746805667877,medium,0,0.6036976873874664,0,LOW_RISK,0.0,
BioSpread,UNSEEN::AF243,0.21214419603347778,medium,0,0.6040005683898926,0,LOW_RISK,0.0,
BioSpread,UNSEEN::AB044,0.2102595716714859,medium,0,0.6082154512405396,0,LOW_RISK,0.0,
BioSpread,AA282,0.7488065958023071,review,1,0.5723018646240234,0,MODERATE_RISK,0.0,
BioSpread,UNSEEN::AB298,0.21215488016605377,medium,0,0.6040066182613373,0,LOW_RISK,0.0,
BioSpread,AF634,0.5714561343193054,review,0,0.5151509046554565,0,MODERATE_RISK,0.0,
BioSpread,UNSEEN::AC842,0.21211418509483337,medium,0,0.6040914058685303,0,LOW_RISK,0.0,
BioSpread,UNSEEN::AD423,0.2119719386100769,medium,0,0.6043797433376312,0,LOW_RISK,0.0,
BioSpread,AE951,0.5227934718132019,review,0,0.5080057680606842,0,MODERATE_RISK,0.0,
BioSpread,UNSEEN::AG843,0.21216779947280884,medium,0,0.6039798557758331,0,LOW_RISK,0.0,
BioSpread,UNSEEN::AA081,0.21175390481948853,medium,0,0.604881227016449,0,LOW_RISK,0.0,
BioSpread,UNSEEN::AG074,0.21230708062648773,medium,0,0.6036985814571381,0,LOW_RISK,0.0,
BioSpread,UNSEEN::AB615,0.21040645241737366,medium,0,0.6080309152603149,0,LOW_RISK,0.0,
BioSpread,AD962,0.7151293158531189,review,0,0.5544475615024567,0,MODERATE_RISK,0.0,
BioSpread,AC756,0.7243816256523132,review,0,0.5589059591293335,0,MODERATE_RISK,0.0,
BioSpread,AB438,0.7466645836830139,review,0,0.5652446150779724,0,MODERATE_RISK,0.0,
BioSpread,AE068,0.691564679145813,review,0,0.5370551347732544,0,MODERATE_RISK,0.0,
BioSpread,UNSEEN::AA066,0.21201317012310028,medium,0,0.6042939126491547,0,LOW_RISK,0.0,
BioSpread,AB741,0.7372312545776367,review,1,0.5653953850269318,0,MODERATE_RISK,0.0,
BioSpread,AB721,0.7280439138412476,review,1,0.5584813356399536,0,MODERATE_RISK,0.0,
BioSpread,UNSEEN::AF942,0.2121553122997284,medium,0,0.6040057241916656,0,LOW_RISK,0.0,
BioSpread,UNSEEN::AB380,0.2119862288236618,medium,0,0.6044221222400665,0,LOW_RISK,0.0,
BioSpread,AC940,0.7426263093948364,review,0,0.566865473985672,0,MODERATE_RISK,0.0,
BioSpread,AA967,0.6919640898704529,review,0,0.5462473928928375,0,MODERATE_RISK,0.0,
BioSpread,UNSEEN::AA540,0.2121669501066208,medium,0,0.6039817333221436,0,LOW_RISK,0.0,
BioSpread,UNSEEN::AG506,0.2121686190366745,medium,0,0.6039780676364899,0,LOW_RISK,0.0,
BioSpread,AB664,0.48089420795440674,review,0,0.5007510781288147,0,LOW_RISK,0.0,
BioSpread,UNSEEN::AB782,0.2120399922132492,medium,0,0.6043177247047424,0,LOW_RISK,0.0,
BioSpread,AF848,0.6717534065246582,review,0,0.54082390666008,0,MODERATE_RISK,0.0,
BioSpread,AA531,0.7447101473808289,review,1,0.5667295157909393,0,MODERATE_RISK,0.0,
BioSpread,UNSEEN::AD262,0.21198582649230957,medium,0,0.6043552160263062,0,LOW_RISK,0.0,
BioSpread,UNSEEN::AF178,0.21213461458683014,medium,0,0.6041358709335327,0,LOW_RISK,0.0,
BioSpread,AF121,0.6138244867324829,review,0,0.5334261953830719,0,MODERATE_RISK,0.0,
BioSpread,AC844,0.7201906442642212,review,0,0.5568302273750305,0,MODERATE_RISK,0.0,
BioSpread,UNSEEN::AE074,0.21216735243797302,medium,0,0.6039808392524719,0,LOW_RISK,0.0,
BioSpread,UNSEEN::AD174,0.2121669501066208,medium,0,0.6039817333221436,0,LOW_RISK,0.0,
BioSpread,AC350,0.708763599395752,review,0,0.5478590130805969,0,MODERATE_RISK,0.0,
BioSpread,AG810,0.3723393678665161,review,0,0.5450123250484467,0,LOW_RISK,0.0,
BioSpread,UNSEEN::AF221,0.21216821670532227,medium,0,0.6039789617061615,0,LOW_RISK,0.0,
BioSpread,AC907,0.7286588549613953,review,0,0.5617951154708862,0,MODERATE_RISK,0.0,
BioSpread,AB432,0.3279556930065155,review,0,0.5699164867401123,0,LOW_RISK,0.0,
BioSpread,UNSEEN::AG156,0.21201403439044952,medium,0,0.6042920649051666,0,LOW_RISK,0.0,
BioSpread,UNSEEN::AC234,0.21216735243797302,medium,0,0.6039808392524719,0,LOW_RISK,0.0,
BioSpread,AD105,0.4976499080657959,review,0,0.5230082273483276,0,LOW_RISK,0.0,
BioSpread,UNSEEN::AG294,0.2121509164571762,medium,0,0.6040140688419342,0,LOW_RISK,0.0,
BioSpread,UNSEEN::AE506,0.21230323612689972,medium,0,0.6037963926792145,0,LOW_RISK,0.0,
BioSpread,UNSEEN::AG597,0.21230746805667877,medium,0,0.6036976873874664,0,LOW_RISK,0.0,
BioSpread,UNSEEN::AD606,0.21216735243797302,medium,0,0.6039808392524719,0,LOW_RISK,0.0,
BioSpread,AC775,0.7434350848197937,review,0,0.5641588270664215,0,MODERATE_RISK,0.0,
BioSpread,AF005,0.6675695776939392,review,0,0.5342702269554138,0,MODERATE_RISK,0.0,
BioSpread,UNSEEN::AF446,0.212307870388031,medium,0,0.6036968231201172,0,LOW_RISK,0.0,
BioSpread,UNSEEN::AF774,0.21216557919979095,medium,0,0.6039839386940002,0,LOW_RISK,0.0,
BioSpread,UNSEEN::AG971,0.21216735243797302,medium,0,0.6039808392524719,0,LOW_RISK,0.0,
BioSpread,UNSEEN::AG038,0.2121553122997284,medium,0,0.6040101051330566,0,LOW_RISK,0.0,
BioSpread,AB992,0.6396850943565369,review,0,0.5275327861309052,0,MODERATE_RISK,0.0,
BioSpread,AB850,0.6218035817146301,review,0,0.5354117155075073,0,MODERATE_RISK,0.0,
BioSpread,AA089,0.7447224259376526,review,0,0.5716188848018646,0,MODERATE_RISK,0.0,
BioSpread,AC694,0.6544581651687622,review,1,0.5523747205734253,0,MODERATE_RISK,0.0,
BioSpread,AC664,0.6779818534851074,review,0,0.5319072306156158,0,MODERATE_RISK,0.0,
BioSpread,UNSEEN::AE799,0.21165673434734344,medium,0,0.6050224602222443,0,LOW_RISK,0.0,
BioSpread,AE025,0.702977180480957,review,0,0.5535411536693573,0,MODERATE_RISK,0.0,
BioSpread,AE159,0.6390830278396606,review,0,0.5402709543704987,0,MODERATE_RISK,0.0,
BioSpread,AC014,0.7034995555877686,review,0,0.5436687469482422,0,MODERATE_RISK,0.0,
BioSpread,AE640,0.6962541341781616,review,0,0.5435106158256531,0,MODERATE_RISK,0.0,
BioSpread,UNSEEN::AC225,0.21214379370212555,medium,0,0.6040014624595642,0,LOW_RISK,0.0,
BioSpread,AA703,0.675624668598175,review,0,0.5349334478378296,0,MODERATE_RISK,0.0,
BioSpread,AG272,0.7213056087493896,review,0,0.5495775640010834,0,MODERATE_RISK,0.0,
BioSpread,UNSEEN::AC194,0.2120228111743927,medium,0,0.604302704334259,0,LOW_RISK,0.0,
BioSpread,UNSEEN::AE964,0.2121536284685135,medium,0,0.6040093898773193,0,LOW_RISK,0.0,
BioSpread,UNSEEN::AB848,0.2121686190366745,medium,0,0.6039780676364899,0,LOW_RISK,0.0,
BioSpread,AH401,0.261867880821228,review,0,0.5957471132278442,0,LOW_RISK,0.0,
BioSpread,UNSEEN::AC288,0.21143531799316406,medium,0,0.6054282784461975,0,LOW_RISK,0.0,
BioSpread,AH458,0.5828818082809448,review,0,0.5139450132846832,0,MODERATE_RISK,0.0,
BioSpread,AG862,0.5229319334030151,review,0,0.5080152153968811,0,MODERATE_RISK,0.0,
BioSpread,UNSEEN::AF112,0.211986243724823,medium,0,0.6043498814105988,0,LOW_RISK,0.0,
BioSpread,AF332,0.5228689908981323,review,0,0.5080108940601349,0,MODERATE_RISK,0.0,
BioSpread,AC375,0.5188629627227783,review,0,0.5007615387439728,0,MODERATE_RISK,0.0,
BioSpread,UNSEEN::AF627,0.2121686190366745,medium,0,0.6039780676364899,0,LOW_RISK,0.0,
BioSpread,AB696,0.3784552812576294,review,0,0.5564512014389038,0,LOW_RISK,0.0,
BioSpread,AE989,0.6742833256721497,review,0,0.5374685227870941,0,MODERATE_RISK,0.0,
BioSpread,UNSEEN::AC561,0.21172307431697845,medium,0,0.6049141883850098,0,LOW_RISK,0.0,
BioSpread,AC888,0.7482522130012512,review,1,0.575328528881073,0,MODERATE_RISK,0.0,
BioSpread,UNSEEN::AG984,0.21216779947280884,medium,0,0.6039798557758331,0,LOW_RISK,0.0,
BioSpread,UNSEEN::AF071,0.21216735243797302,medium,0,0.6039808392524719,0,LOW_RISK,0.0,
BioSpread,UNSEEN::AD327,0.21216735243797302,medium,0,0.6039808392524719,0,LOW_RISK,0.0,
BioSpread,UNSEEN::AE634,0.21201317012310028,medium,0,0.6042939126491547,0,LOW_RISK,0.0,
BioSpread,UNSEEN::AD146,0.2121446430683136,medium,0,0.6039995849132538,0,LOW_RISK,0.0,
BioSpread,AD957,0.6632189750671387,review,0,0.4998445510864258,0,MODERATE_RISK,0.0,
BioSpread,UNSEEN::AF788,0.21137088537216187,medium,0,0.6057159006595612,0,LOW_RISK,0.0,
BioSpread,UNSEEN::AD961,0.21173015236854553,medium,0,0.6049163043498993,0,LOW_RISK,0.0,
BioSpread,UNSEEN::AC419,0.212127223610878,medium,0,0.6041349470615387,0,LOW_RISK,0.0,
BioSpread,UNSEEN::AA120,0.21120521426200867,medium,0,0.6061806082725525,0,LOW_RISK,0.0,
BioSpread,AF360,0.2618924677371979,review,0,0.5957338511943817,0,LOW_RISK,0.0,
BioSpread,UNSEEN::AA692,0.21214061975479126,medium,0,0.6041070520877838,0,LOW_RISK,0.0,
BioSpread,UNSEEN::AC400,0.2124335914850235,medium,0,0.6035042703151703,0,LOW_RISK,0.0,
BioSpread,UNSEEN::AD112,0.21181543171405792,medium,0,0.6047026216983795,0,LOW_RISK,0.0,
BioSpread,UNSEEN::AA444,0.21205687522888184,medium,0,0.6042527854442596,0,LOW_RISK,0.0,
BioSpread,AA964,0.7454071640968323,review,1,0.5666300058364868,0,MODERATE_RISK,0.0,
BioSpread,UNSEEN::AF707,0.21216270327568054,medium,0,0.6040776371955872,0,LOW_RISK,0.0,
BioSpread,AA099,0.6385517716407776,review,0,0.5400460362434387,0,MODERATE_RISK,0.0,
BioSpread,AH440,0.6138180494308472,review,0,0.5334250032901764,0,MODERATE_RISK,0.0,
BioSpread,UNSEEN::AB408,0.21134768426418304,medium,0,0.6057779788970947,0,LOW_RISK,0.0,
BioSpread,UNSEEN::AH328,0.21216821670532227,medium,0,0.6039789617061615,0,LOW_RISK,0.0,
BioSpread,AF390,0.6893705129623413,review,0,0.5447115302085876,0,MODERATE_RISK,0.0,
BioSpread,UNSEEN::AB622,0.2131144404411316,medium,0,0.6019375026226044,0,LOW_RISK,0.0,
BioSpread,AD759,0.5629502534866333,review,0,0.5354353785514832,0,MODERATE_RISK,0.0,
BioSpread,UNSEEN::AB716,0.21624335646629333,review,0,0.5991233587265015,0,LOW_RISK,0.0,
BioSpread,AH316,0.26196619868278503,review,0,0.5956941843032837,0,LOW_RISK,0.0,
BioSpread,UNSEEN::AD231,0.21216735243797302,medium,0,0.6039808392524719,0,LOW_RISK,0.0,
BioSpread,AC735,0.3394232392311096,review,0,0.5663647353649139,0,LOW_RISK,0.0,
BioSpread,AD945,0.7186322808265686,review,0,0.5546078383922577,0,MODERATE_RISK,0.0,
BioSpread,UNSEEN::AC881,0.21161368489265442,medium,0,0.6051693260669708,0,LOW_RISK,0.0,
BioSpread,UNSEEN::AB569,0.21229442954063416,medium,0,0.6037859916687012,0,LOW_RISK,0.0,
BioSpread,UNSEEN::AG799,0.2121308594942093,medium,0,0.6040282249450684,0,LOW_RISK,0.0,
BioSpread,UNSEEN::AH156,0.21108059585094452,medium,0,0.6062592267990112,0,LOW_RISK,0.0,
BioSpread,AA552,0.7451873421669006,review,0,0.5671955645084381,0,MODERATE_RISK,0.0,
BioSpread,UNSEEN::AG834,0.21195848286151886,medium,0,0.6044077277183533,0,LOW_RISK,0.0,
BioSpread,UNSEEN::AD947,0.21178576350212097,medium,0,0.6047385036945343,0,LOW_RISK,0.0,
BioSpread,UNSEEN::AF406,0.21191950142383575,medium,0,0.6044888198375702,0,LOW_RISK,0.0,
BioSpread,UNSEEN::AE811,0.21229390799999237,medium,0,0.6037259101867676,0,LOW_RISK,0.0,
BioSpread,UNSEEN::AG956,0.21215270459651947,medium,0,0.6040109992027283,0,LOW_RISK,0.0,
BioSpread,UNSEEN::AB695,0.2101571410894394,medium,0,0.6083393692970276,0,LOW_RISK,0.0,
BioSpread,AC545,0.6839108467102051,review,0,0.5287668406963348,0,MODERATE_RISK,0.0,
BioSpread,UNSEEN::AA485,0.2117297351360321,medium,0,0.6049259305000305,0,LOW_RISK,0.0,
BioSpread,AG000,0.6698418259620667,review,0,0.5268767774105072,0,MODERATE_RISK,0.0,
BioSpread,UNSEEN::AA897,0.2121686190366745,medium,0,0.6039780676364899,0,LOW_RISK,0.0,
BioSpread,UNSEEN::AG286,0.21230868995189667,medium,0,0.6036950349807739,0,LOW_RISK,0.0,
BioSpread,UNSEEN::AE135,0.2121553122997284,medium,0,0.6040057241916656,0,LOW_RISK,0.0,
BioSpread,UNSEEN::AA098,0.21230868995189667,medium,0,0.6036950349807739,0,LOW_RISK,0.0,
BioSpread,UNSEEN::AF186,0.21230827271938324,medium,0,0.6036959290504456,0,LOW_RISK,0.0,
BioSpread,UNSEEN::AB800,0.21216779947280884,medium,0,0.6039798557758331,0,LOW_RISK,0.0,
BioSpread,UNSEEN::AF662,0.21174532175064087,medium,0,0.60488161444664,0,LOW_RISK,0.0,
BioSpread,UNSEEN::AC379,0.21214158833026886,medium,0,0.6040343046188354,0,LOW_RISK,0.0,
BioSpread,UNSEEN::AE979,0.21230827271938324,medium,0,0.6036959290504456,0,LOW_RISK,0.0,
BioSpread,UNSEEN::AH113,0.2116994708776474,medium,0,0.6049338579177856,0,LOW_RISK,0.0,
BioSpread,AG682,0.4526999294757843,review,0,0.51686230301857,0,LOW_RISK,0.0,
BioSpread,UNSEEN::AB063,0.21170735359191895,medium,0,0.605015367269516,0,LOW_RISK,0.0,
BioSpread,UNSEEN::AB474,0.21216779947280884,medium,0,0.6039798557758331,0,LOW_RISK,0.0,
BioSpread,UNSEEN::AG451,0.2121540606021881,medium,0,0.6040128469467163,0,LOW_RISK,0.0,
BioSpread,UNSEEN::AC218,0.2119450569152832,medium,0,0.6044356524944305,0,LOW_RISK,0.0,
BioSpread,AB887,0.7043247222900391,review,0,0.5464320778846741,0,MODERATE_RISK,0.0,
BioSpread,AC686,0.7019133567810059,review,1,0.5531588792800903,0,MODERATE_RISK,0.0,
BioSpread,UNSEEN::AE227,0.21212328970432281,medium,0,0.6041767299175262,0,LOW_RISK,0.0,
BioSpread,AA605,0.577460527420044,review,0,0.5161872804164886,0,MODERATE_RISK,0.0,
BioSpread,UNSEEN::AB383,0.21184739470481873,medium,0,0.6046823561191559,0,LOW_RISK,0.0,
BioSpread,UNSEEN::AG537,0.21201403439044952,medium,0,0.6042920649051666,0,LOW_RISK,0.0,
BioSpread,AA638,0.5721824765205383,review,0,0.536346048116684,0,MODERATE_RISK,0.0,
BioSpread,UNSEEN::AF404,0.21216821670532227,medium,0,0.6039789617061615,0,LOW_RISK,0.0,
BioSpread,UNSEEN::AE962,0.21230708062648773,medium,0,0.6036985814571381,0,LOW_RISK,0.0,
BioSpread,AC366,0.22048169374465942,medium,0,0.6197210252285004,0,LOW_RISK,0.0,
BioSpread,AC690,0.7228487730026245,review,1,0.5656050443649292,0,MODERATE_RISK,0.0,
BioSpread,UNSEEN::AH251,0.212307870388031,medium,0,0.6036968231201172,0,LOW_RISK,0.0,
BioSpread,AB362,0.7228568196296692,review,0,0.5564258098602295,0,MODERATE_RISK,0.0,
BioSpread,UNSEEN::AC471,0.21216735243797302,medium,0,0.6039808392524719,0,LOW_RISK,0.0,
BioSpread,UNSEEN::AA956,0.21187545359134674,medium,0,0.6047069430351257,0,LOW_RISK,0.0,
BioSpread,AE560,0.5093865990638733,review,0,0.5186242461204529,0,MODERATE_RISK,0.0,
BioSpread,AH479,0.5437982678413391,review,0,0.5096053779125214,0,MODERATE_RISK,0.0,
BioSpread,AC396,0.5629019737243652,review,0,0.5354307889938354,0,MODERATE_RISK,0.0,
BioSpread,AH428,0.5752332210540771,review,0,0.516865074634552,0,MODERATE_RISK,0.0,
BioSpread,UNSEEN::AC284,0.21193180978298187,medium,0,0.6044466495513916,0,LOW_RISK,0.0,
BioSpread,AA519,0.7381537556648254,review,1,0.5622908771038055,0,MODERATE_RISK,0.0,
BioSpread,AG967,0.26196619868278503,review,0,0.5956941843032837,0,LOW_RISK,0.0,
BioSpread,UNSEEN::AG662,0.21216779947280884,medium,0,0.6039798557758331,0,LOW_RISK,0.0,
BioSpread,UNSEEN::AB758,0.2114124894142151,medium,0,0.6056817173957825,0,LOW_RISK,0.0,
BioSpread,AC180,0.7086058259010315,review,0,0.5491824150085449,0,MODERATE_RISK,0.0,
BioSpread,UNSEEN::AC266,0.21163055300712585,medium,0,0.6051529347896576,0,LOW_RISK,0.0,
BioSpread,UNSEEN::AB988,0.2121536284685135,medium,0,0.6040093898773193,0,LOW_RISK,0.0,
BioSpread,AA705,0.7173136472702026,review,0,0.5526433289051056,0,MODERATE_RISK,0.0,
BioSpread,AF995,0.5229067206382751,review,0,0.5080134868621826,0,MODERATE_RISK,0.0,
BioSpread,UNSEEN::AH372,0.21216821670532227,medium,0,0.6039789617061615,0,LOW_RISK,0.0,
BioSpread,UNSEEN::AA817,0.21123503148555756,medium,0,0.6058990955352783,0,LOW_RISK,0.0,
BioSpread,AE643,0.6454223990440369,review,0,0.5385392904281616,0,MODERATE_RISK,0.0,
BioSpread,UNSEEN::AF139,0.2121686190366745,medium,0,0.6039780676364899,0,LOW_RISK,0.0,
BioSpread,UNSEEN::AD211,0.2124335914850235,medium,0,0.6035042703151703,0,LOW_RISK,0.0,
BioSpread,UNSEEN::AG183,0.21230827271938324,medium,0,0.6036959290504456,0,LOW_RISK,0.0,
BioSpread,AD254,0.5009322166442871,review,0,0.5548598766326904,0,MODERATE_RISK,0.0,
BioSpread,UNSEEN::AE540,0.21153537929058075,medium,0,0.6053824424743652,0,LOW_RISK,0.0,
BioSpread,UNSEEN::AA965,0.21700270473957062,review,0,0.5982668399810791,0,LOW_RISK,0.0,
BioSpread,UNSEEN::AG846,0.21199969947338104,medium,0,0.6043218672275543,0,LOW_RISK,0.0,
BioSpread,UNSEEN::AB390,0.21176394820213318,medium,0,0.6049355566501617,0,LOW_RISK,0.0,
BioSpread,UNSEEN::AA935,0.21227097511291504,medium,0,0.6037454903125763,0,LOW_RISK,0.0,
BioSpread,AC293,0.743349552154541,review,0,0.5656389594078064,0,MODERATE_RISK,0.0,
BioSpread,AB808,0.7478666305541992,review,0,0.5704111158847809,0,MODERATE_RISK,0.0,
BioSpread,UNSEEN::AF136,0.21215680241584778,medium,0,0.604000598192215,0,LOW_RISK,0.0,
BioSpread,UNSEEN::AD658,0.21201233565807343,medium,0,0.6042957603931427,0,LOW_RISK,0.0,
BioSpread,UNSEEN::AG429,0.21180108189582825,medium,0,0.6048607528209686,0,LOW_RISK,0.0,
BioSpread,AC005,0.7186184525489807,review,0,0.5461433827877045,0,MODERATE_RISK,0.0,
BioSpread,UNSEEN::AB827,0.2119017243385315,medium,0,0.6045691967010498,0,LOW_RISK,0.0,
BioSpread,UNSEEN::AG282,0.2119722217321396,medium,0,0.6044513285160065,0,LOW_RISK,0.0,
BioSpread,UNSEEN::AH501,0.21230868995189667,medium,0,0.6036950349807739,0,LOW_RISK,0.0,
BioSpread,AG883,0.6220000982284546,review,0,0.53733029961586,0,MODERATE_RISK,0.0,
BioSpread,UNSEEN::AB055,0.21190129220485687,medium,0,0.6045618653297424,0,LOW_RISK,0.0,
BioSpread,AF580,0.5228689908981323,review,0,0.5080108940601349,0,MODERATE_RISK,0.0,
BioSpread,AB068,0.7137004137039185,review,0,0.5466658174991608,0,MODERATE_RISK,0.0,
BioSpread,AD571,0.6779723167419434,review,0,0.5319018959999084,0,MODERATE_RISK,0.0,
BioSpread,UNSEEN::AA506,0.21190983057022095,medium,0,0.6045773327350616,0,LOW_RISK,0.0,
BioSpread,AC030,0.7454704642295837,review,1,0.5682671964168549,0,MODERATE_RISK,0.0,
BioSpread,UNSEEN::AF973,0.21216735243797302,medium,0,0.6039808392524719,0,LOW_RISK,0.0,
BioSpread,UNSEEN::AF651,0.21214379370212555,medium,0,0.6040014624595642,0,LOW_RISK,0.0,
BioSpread,UNSEEN::AA335,0.21214702725410461,medium,0,0.6040217578411102,0,LOW_RISK,0.0,
BioSpread,UNSEEN::AC016,0.21207879483699799,medium,0,0.6042191684246063,0,LOW_RISK,0.0,
BioSpread,UNSEEN::AB669,0.21185678243637085,medium,0,0.6046125292778015,0,LOW_RISK,0.0,
BioSpread,AA103,0.7276700735092163,review,1,0.5596591830253601,0,MODERATE_RISK,0.0,
BioSpread,UNSEEN::AH514,0.21216779947280884,medium,0,0.6039798557758331,0,LOW_RISK,0.0,
BioSpread,UNSEEN::AB317,0.2120654284954071,medium,0,0.6042514741420746,0,LOW_RISK,0.0,
BioSpread,AC733,0.719578742980957,review,1,0.5568562150001526,0,MODERATE_RISK,0.0,
BioSpread,AC470,0.6894503831863403,review,0,0.5431724786758423,0,MODERATE_RISK,0.0,
BioSpread,UNSEEN::AH151,0.2119324803352356,medium,0,0.6044617593288422,0,LOW_RISK,0.0,
BioSpread,UNSEEN::AE562,0.21216821670532227,medium,0,0.6039789617061615,0,LOW_RISK,0.0,
BioSpread,AF609,0.7476077079772949,review,1,0.5690065622329712,0,MODERATE_RISK,0.0,
BioSpread,AE149,0.26188015937805176,review,0,0.5957404971122742,0,LOW_RISK,0.0,
BioSpread,UNSEEN::AC321,0.209488183259964,medium,0,0.609906941652298,0,LOW_RISK,0.0,
BioSpread,UNSEEN::AF529,0.21212828159332275,medium,0,0.6040619611740112,0,LOW_RISK,0.0,
BioSpread,UNSEEN::AG280,0.21216821670532227,medium,0,0.6039789617061615,0,LOW_RISK,0.0,
BioSpread,AG075,0.26273906230926514,review,0,0.5953523218631744,0,LOW_RISK,0.0,
BioSpread,UNSEEN::AF776,0.21216779947280884,medium,0,0.6039798557758331,0,LOW_RISK,0.0,
BioSpread,UNSEEN::AB321,0.21230827271938324,medium,0,0.6036959290504456,0,LOW_RISK,0.0,
BioSpread,UNSEEN::AD090,0.21186520159244537,medium,0,0.6046242713928223,0,LOW_RISK,0.0,
BioSpread,UNSEEN::AB491,0.2118150144815445,medium,0,0.604699045419693,0,LOW_RISK,0.0,
BioSpread,UNSEEN::AG155,0.21216779947280884,medium,0,0.6039798557758331,0,LOW_RISK,0.0,
BioSpread,AC154,0.6863701343536377,review,1,0.5433333218097687,0,MODERATE_RISK,0.0,
BioSpread,AC156,0.5726954340934753,review,0,0.515244871377945,0,MODERATE_RISK,0.0,
BioSpread,UNSEEN::AF096,0.21216735243797302,medium,0,0.6039808392524719,0,LOW_RISK,0.0,
BioSpread,UNSEEN::AA454,0.20773911476135254,medium,0,0.6133195161819458,0,LOW_RISK,0.0,
BioSpread,AD207,0.7125512957572937,review,0,0.5387173891067505,0,MODERATE_RISK,0.0,
BioSpread,AG723,0.5944576263427734,review,0,0.511352151632309,0,MODERATE_RISK,0.0,
BioSpread,AF365,0.5228564143180847,review,0,0.5080100297927856,0,MODERATE_RISK,0.0,
BioSpread,UNSEEN::AF710,0.21206988394260406,medium,0,0.604221373796463,0,LOW_RISK,0.0,
BioSpread,AB865,0.6691675186157227,review,0,0.5325190424919128,0,MODERATE_RISK,0.0,
BioSpread,AF787,0.6742936968803406,review,0,0.5374734103679657,0,MODERATE_RISK,0.0,
BioSpread,UNSEEN::AE714,0.21202151477336884,medium,0,0.6043055355548859,0,LOW_RISK,0.0,
BioSpread,UNSEEN::AD782,0.21216779947280884,medium,0,0.6039798557758331,0,LOW_RISK,0.0,
BioSpread,AA314,0.7481541633605957,review,0,0.5684722363948822,0,MODERATE_RISK,0.0,
BioSpread,UNSEEN::AB847,0.21216902136802673,medium,0,0.6039815247058868,0,LOW_RISK,0.0,
BioSpread,AC666,0.1988675594329834,medium,0,0.6285402476787567,0,LOW_RISK,0.0,
BioSpread,UNSEEN::AD421,0.21217575669288635,medium,0,0.6039838492870331,0,LOW_RISK,0.0,
BioSpread,UNSEEN::AD511,0.21185244619846344,medium,0,0.6046506762504578,0,LOW_RISK,0.0,
BioSpread,AB736,0.6698002219200134,review,0,0.5399563014507294,0,MODERATE_RISK,0.0,
BioSpread,UNSEEN::AH364,0.21216821670532227,medium,0,0.6039789617061615,0,LOW_RISK,0.0,
BioSpread,AC370,0.6598721146583557,review,0,0.5358484089374542,0,MODERATE_RISK,0.0,
BioSpread,UNSEEN::AD783,0.21216779947280884,medium,0,0.6039798557758331,0,LOW_RISK,0.0,
BioSpread,UNSEEN::AF114,0.2117386758327484,medium,0,0.6049154102802277,0,LOW_RISK,0.0,
BioSpread,AH238,0.56293123960495,review,0,0.535433441400528,0,MODERATE_RISK,0.0,
BioSpread,AC525,0.6734211444854736,review,0,0.5517973601818085,0,MODERATE_RISK,0.0,
BioSpread,AB896,0.4117888808250427,review,0,0.5287023484706879,0,LOW_RISK,0.0,
BioSpread,UNSEEN::AD037,0.2123638540506363,medium,0,0.6036169826984406,0,LOW_RISK,0.0,
BioSpread,AB525,0.5197135806083679,review,0,0.5008420944213867,0,MODERATE_RISK,0.0,
BioSpread,UNSEEN::AF570,0.21210038661956787,medium,0,0.6041196882724762,0,LOW_RISK,0.0,
BioSpread,UNSEEN::AA121,0.21062394976615906,medium,0,0.6073111593723297,0,LOW_RISK,0.0,
BioSpread,AE867,0.7064177393913269,review,0,0.5427400171756744,0,MODERATE_RISK,0.0,
BioSpread,UNSEEN::AG879,0.21216735243797302,medium,0,0.6039808392524719,0,LOW_RISK,0.0,
BioSpread,UNSEEN::AF690,0.21216648817062378,medium,0,0.6039823293685913,0,LOW_RISK,0.0,
BioSpread,AB842,0.6597984433174133,review,0,0.5357978641986847,0,MODERATE_RISK,0.0,
BioSpread,UNSEEN::AA534,0.21216821670532227,medium,0,0.6039789617061615,0,LOW_RISK,0.0,
BioSpread,UNSEEN::AC081,0.21198973059654236,medium,0,0.6043793857097626,0,LOW_RISK,0.0,
BioSpread,UNSEEN::AD383,0.21216779947280884,medium,0,0.6039798557758331,0,LOW_RISK,0.0,
BioSpread,UNSEEN::AB075,0.21107986569404602,medium,0,0.6063716113567352,0,LOW_RISK,0.0,
BioSpread,UNSEEN::AF799,0.21220621466636658,medium,0,0.6039437353610992,0,LOW_RISK,0.0,
BioSpread,AA158,0.7209451198577881,review,0,0.5522686839103699,0,MODERATE_RISK,0.0,
BioSpread,UNSEEN::AD086,0.21199612319469452,medium,0,0.6043284833431244,0,LOW_RISK,0.0,
BioSpread,UNSEEN::AB963,0.21217167377471924,medium,0,0.603999674320221,0,LOW_RISK,0.0,
BioSpread,UNSEEN::AG042,0.21216779947280884,medium,0,0.6039798557758331,0,LOW_RISK,0.0,
BioSpread,UNSEEN::AG661,0.21214379370212555,medium,0,0.6040014624595642,0,LOW_RISK,0.0,
BioSpread,UNSEEN::AA632,0.21187390387058258,medium,0,0.6046229302883148,0,LOW_RISK,0.0,
BioSpread,UNSEEN::AB053,0.21184268593788147,medium,0,0.6046418249607086,0,LOW_RISK,0.0,
BioSpread,UNSEEN::AC063,0.2121669501066208,medium,0,0.6039817333221436,0,LOW_RISK,0.0,
BioSpread,UNSEEN::AA408,0.2121252864599228,medium,0,0.60406494140625,0,LOW_RISK,0.0,
BioSpread,AC863,0.7369333505630493,review,0,0.564896821975708,0,MODERATE_RISK,0.0,
BioSpread,AA742,0.7157178521156311,review,1,0.5570663809776306,0,MODERATE_RISK,0.0,
BioSpread,UNSEEN::AE459,0.2121536284685135,medium,0,0.6040093898773193,0,LOW_RISK,0.0,
BioSpread,UNSEEN::AA292,0.21201276779174805,medium,0,0.6042947769165039,0,LOW_RISK,0.0,
BioSpread,AB494,0.6977192759513855,review,0,0.5444612205028534,0,MODERATE_RISK,0.0,
BioSpread,UNSEEN::AA787,0.21230708062648773,medium,0,0.6036985814571381,0,LOW_RISK,0.0,
BioSpread,UNSEEN::AD875,0.21214379370212555,medium,0,0.6040014624595642,0,LOW_RISK,0.0,
BioSpread,AB433,0.7018477916717529,review,0,0.5408567786216736,0,MODERATE_RISK,0.0,
BioSpread,AB843,0.3801376521587372,review,0,0.5576252639293671,0,LOW_RISK,0.0,
BioSpread,UNSEEN::AF372,0.21230746805667877,medium,0,0.6036976873874664,0,LOW_RISK,0.0,
BioSpread,UNSEEN::AB898,0.21173487603664398,medium,0,0.6048663556575775,0,LOW_RISK,0.0,
BioSpread,UNSEEN::AE174,0.21205644309520721,medium,0,0.6042492985725403,0,LOW_RISK,0.0,
BioSpread,AC113,0.6937545537948608,review,1,0.5556467473506927,0,MODERATE_RISK,0.0,
BioSpread,UNSEEN::AG281,0.21218280494213104,medium,0,0.6039933562278748,0,LOW_RISK,0.0,
BioSpread,UNSEEN::AD083,0.211966410279274,medium,0,0.6044926643371582,0,LOW_RISK,0.0,
BioSpread,AA165,0.6880829334259033,review,0,0.5448251664638519,0,MODERATE_RISK,0.0,
BioSpread,UNSEEN::AH075,0.22012799978256226,review,0,0.5972637832164764,0,LOW_RISK,0.0,
BioSpread,AH336,0.6993189454078674,review,0,0.545348733663559,0,MODERATE_RISK,0.0,
BioSpread,AC536,0.7289168238639832,review,1,0.5560096502304077,0,MODERATE_RISK,0.0,
BioSpread,UNSEEN::AF836,0.21182996034622192,medium,0,0.6046682000160217,0,LOW_RISK,0.0,
BioSpread,AA359,0.7447115778923035,review,0,0.5668816864490509,0,MODERATE_RISK,0.0,
BioSpread,UNSEEN::AC103,0.21216821670532227,medium,0,0.6039789617061615,0,LOW_RISK,0.0,
BioSpread,UNSEEN::AA825,0.21155156195163727,medium,0,0.6052147448062897,0,LOW_RISK,0.0,
BioSpread,AD621,0.48948800563812256,review,0,0.5186701416969299,0,LOW_RISK,0.0,
BioSpread,UNSEEN::AB863,0.21185807883739471,medium,0,0.6046096384525299,0,LOW_RISK,0.0,
BioSpread,AA349,0.7471888661384583,review,1,0.5683135092258453,0,MODERATE_RISK,0.0,
BioSpread,AE546,0.5717204809188843,review,0,0.5152325332164764,0,MODERATE_RISK,0.0,
BioSpread,UNSEEN::AF653,0.2121669501066208,medium,0,0.6039817333221436,0,LOW_RISK,0.0,
BioSpread,UNSEEN::AH291,0.21216735243797302,medium,0,0.6039808392524719,0,LOW_RISK,0.0,
BioSpread,AC856,0.655761182308197,review,0,0.5261126458644867,0,MODERATE_RISK,0.0,
BioSpread,AE136,0.5714343190193176,review,0,0.5151486992835999,0,MODERATE_RISK,0.0,
BioSpread,AA923,0.7456375360488892,review,0,0.5681291222572327,0,MODERATE_RISK,0.0,
BioSpread,AA607,0.6780798435211182,review,0,0.5434537529945374,0,MODERATE_RISK,0.0,
BioSpread,AE801,0.3278715908527374,review,0,0.5699432492256165,0,LOW_RISK,0.0,
BioSpread,UNSEEN::AC977,0.21050338447093964,medium,0,0.6076262295246124,0,LOW_RISK,0.0,
BioSpread,AG192,0.7436754703521729,review,0,0.5681591928005219,0,MODERATE_RISK,0.0,
BioSpread,AH438,0.2618924677371979,review,0,0.5957338511943817,0,LOW_RISK,0.0,
BioSpread,UNSEEN::AA489,0.21216735243797302,medium,0,0.6039808392524719,0,LOW_RISK,0.0,
BioSpread,UNSEEN::AC132,0.2120702862739563,medium,0,0.604220449924469,0,LOW_RISK,0.0,
BioSpread,AA622,0.743881344795227,review,1,0.5636818110942841,0,MODERATE_RISK,0.0,
BioSpread,AG057,0.5840683579444885,review,0,0.5187128484249115,0,MODERATE_RISK,0.0,
BioSpread,AG172,0.40222811698913574,review,0,0.5527112483978271,0,LOW_RISK,0.0,
BioSpread,AC295,0.7447859048843384,review,0,0.5653477609157562,0,MODERATE_RISK,0.0,
BioSpread,UNSEEN::AF478,0.21198581159114838,medium,0,0.6043508052825928,0,LOW_RISK,0.0,
BioSpread,UNSEEN::AG840,0.2119627743959427,medium,0,0.6043699383735657,0,LOW_RISK,0.0,
BioSpread,UNSEEN::AA191,0.21129968762397766,medium,0,0.6057517230510712,0,LOW_RISK,0.0,
BioSpread,UNSEEN::AB792,0.21215446293354034,medium,0,0.6040119230747223,0,LOW_RISK,0.0,
BioSpread,UNSEEN::AE114,0.21200013160705566,medium,0,0.6043209433555603,0,LOW_RISK,0.0,
BioSpread,UNSEEN::AG396,0.21216779947280884,medium,0,0.6039798557758331,0,LOW_RISK,0.0,
BioSpread,AC309,0.7467641234397888,review,1,0.570035457611084,0,MODERATE_RISK,0.0,
BioSpread,UNSEEN::AB065,0.21147125959396362,medium,0,0.6054810881614685,0,LOW_RISK,0.0,
BioSpread,UNSEEN::AG502,0.21215449273586273,medium,0,0.6040075123310089,0,LOW_RISK,0.0,
BioSpread,UNSEEN::AG499,0.21216821670532227,medium,0,0.6039789617061615,0,LOW_RISK,0.0,
BioSpread,UNSEEN::AG939,0.2120177149772644,medium,0,0.6043481230735779,0,LOW_RISK,0.0,
BioSpread,UNSEEN::AC929,0.21197280287742615,medium,0,0.6043778657913208,0,LOW_RISK,0.0,
BioSpread,UNSEEN::AB973,0.21134890615940094,medium,0,0.6057582795619965,0,LOW_RISK,0.0,
BioSpread,UNSEEN::AE205,0.21216201782226562,medium,0,0.604012131690979,0,LOW_RISK,0.0,
BioSpread,UNSEEN::AC928,0.21200013160705566,medium,0,0.6043209433555603,0,LOW_RISK,0.0,
BioSpread,UNSEEN::AE342,0.21200013160705566,medium,0,0.6043209433555603,0,LOW_RISK,0.0,
BioSpread,UNSEEN::AC101,0.21202242374420166,medium,0,0.6042953431606293,0,LOW_RISK,0.0,
BioSpread,UNSEEN::AG220,0.21231472492218018,medium,0,0.6037678718566895,0,LOW_RISK,0.0,
BioSpread,AB413,0.724825382232666,review,1,0.5608220398426056,0,MODERATE_RISK,0.0,
BioSpread,UNSEEN::AC991,0.21216735243797302,medium,0,0.6039808392524719,0,LOW_RISK,0.0,
BioSpread,UNSEEN::AA971,0.21108447015285492,medium,0,0.6062840819358826,0,LOW_RISK,0.0,
BioSpread,UNSEEN::AE803,0.2117447704076767,medium,0,0.6048699021339417,0,LOW_RISK,0.0,
BioSpread,AD809,0.1899416148662567,medium,0,0.6483930945396423,0,LOW_RISK,0.0,
BioSpread,UNSEEN::AD095,0.21216735243797302,medium,0,0.6039808392524719,0,LOW_RISK,0.0,
BioSpread,UNSEEN::AE479,0.21142154932022095,medium,0,0.6055767834186554,0,LOW_RISK,0.0,
BioSpread,AA330,0.7458170652389526,review,0,0.565371185541153,0,MODERATE_RISK,0.0,
BioSpread,AC982,0.5573118329048157,review,0,0.5349171757698059,0,MODERATE_RISK,0.0,
BioSpread,UNSEEN::AE276,0.21209309995174408,medium,0,0.604193776845932,0,LOW_RISK,0.0,
BioSpread,UNSEEN::AG925,0.21216779947280884,medium,0,0.6039798557758331,0,LOW_RISK,0.0,
BioSpread,UNSEEN::AF259,0.21230868995189667,medium,0,0.6036950349807739,0,LOW_RISK,0.0,
BioSpread,AD594,0.6843155026435852,review,0,0.5384044647216797,0,MODERATE_RISK,0.0,
BioSpread,AF303,0.26188015937805176,review,0,0.5957404971122742,0,LOW_RISK,0.0,
BioSpread,AE458,0.6301743388175964,review,0,0.5234106183052063,0,MODERATE_RISK,0.0,
BioSpread,AC007,0.7007010579109192,review,0,0.552437037229538,0,MODERATE_RISK,0.0,
BioSpread,UNSEEN::AC207,0.21176199615001678,medium,0,0.6048097908496857,0,LOW_RISK,0.0,
BioSpread,UNSEEN::AD831,0.21214033663272858,medium,0,0.6040370166301727,0,LOW_RISK,0.0,
BioSpread,UNSEEN::AC039,0.21229660511016846,medium,0,0.6037181913852692,0,LOW_RISK,0.0,
BioSpread,UNSEEN::AD995,0.2121364176273346,medium,0,0.6041368246078491,0,LOW_RISK,0.0,
BioSpread,UNSEEN::AA542,0.21208761632442474,medium,0,0.6041466593742371,0,LOW_RISK,0.0,
BioSpread,UNSEEN::AD156,0.21187478303909302,medium,0,0.604603499174118,0,LOW_RISK,0.0,
BioSpread,UNSEEN::AB174,0.21181650459766388,medium,0,0.604690819978714,0,LOW_RISK,0.0,
BioSpread,AE730,0.7418036460876465,review,0,0.5652693510055542,0,MODERATE_RISK,0.0,
BioSpread,UNSEEN::AB678,0.21216735243797302,medium,0,0.6039808392524719,0,LOW_RISK,0.0,
BioSpread,UNSEEN::AE200,0.21209178864955902,medium,0,0.6041921973228455,0,LOW_RISK,0.0,
BioSpread,AH402,0.49086838960647583,review,0,0.518813282251358,0,LOW_RISK,0.0,
BioSpread,UNSEEN::AB471,0.2119726687669754,medium,0,0.6044503450393677,0,LOW_RISK,0.0,
BioSpread,UNSEEN::AC557,0.21216821670532227,medium,0,0.6039789617061615,0,LOW_RISK,0.0,
BioSpread,AG432,0.657767653465271,review,0,0.5350260138511658,0,MODERATE_RISK,0.0,
BioSpread,UNSEEN::AD113,0.2116723209619522,medium,0,0.6049902439117432,0,LOW_RISK,0.0,
BioSpread,UNSEEN::AD368,0.2121686190366745,medium,0,0.6039780676364899,0,LOW_RISK,0.0,
BioSpread,AD033,0.6273144483566284,review,0,0.5121910274028778,0,MODERATE_RISK,0.0,
BioSpread,AC874,0.6872280836105347,review,0,0.5483814775943756,0,MODERATE_RISK,0.0,
BioSpread,UNSEEN::AA169,0.21190673112869263,medium,0,0.6045918762683868,0,LOW_RISK,0.0,
BioSpread,UNSEEN::AE746,0.2120136022567749,medium,0,0.6042929589748383,0,LOW_RISK,0.0,
BioSpread,AD924,0.26196619868278503,review,0,0.5956941843032837,0,LOW_RISK,0.0,
BioSpread,AD601,0.685241162776947,review,0,0.5434609651565552,0,MODERATE_RISK,0.0,
BioSpread,UNSEEN::AF416,0.21206364035606384,medium,0,0.6042505502700806,0,LOW_RISK,0.0,
BioSpread,AB015,0.5265003442764282,review,0,0.531828761100769,0,MODERATE_RISK,0.0,
BioSpread,UNSEEN::AB372,0.21212303638458252,medium,0,0.604164719581604,0,LOW_RISK,0.0,
BioSpread,AD278,0.7027299404144287,review,0,0.5417477488517761,0,MODERATE_RISK,0.0,
BioSpread,AD468,0.5689658522605896,review,0,0.5241355001926422,0,MODERATE_RISK,0.0,
BioSpread,AA830,0.7400130033493042,review,0,0.5619600415229797,0,MODERATE_RISK,0.0,
BioSpread,UNSEEN::AD983,0.2115413397550583,medium,0,0.605262041091919,0,LOW_RISK,0.0,
BioSpread,AD461,0.714969277381897,review,0,0.5566060543060303,0,MODERATE_RISK,0.0,
BioSpread,AA218,0.6940585374832153,review,0,0.5274101495742798,0,MODERATE_RISK,0.0,
BioSpread,AC846,0.5945146679878235,review,0,0.5113662481307983,0,MODERATE_RISK,0.0,
BioSpread,UNSEEN::AA925,0.21215449273586273,medium,0,0.6040075123310089,0,LOW_RISK,0.0,
BioSpread,AE702,0.2618187665939331,review,0,0.5957734882831573,0,LOW_RISK,0.0,
BioSpread,UNSEEN::AG442,0.21201276779174805,medium,0,0.6042947769165039,0,LOW_RISK,0.0,
BioSpread,AD343,0.3277096450328827,review,0,0.5698488056659698,0,LOW_RISK,0.0,
BioSpread,AC654,0.7121763229370117,review,1,0.5557365119457245,0,MODERATE_RISK,0.0,
BioSpread,UNSEEN::AH262,0.21230827271938324,medium,0,0.6036959290504456,0,LOW_RISK,0.0,
BioSpread,UNSEEN::AH333,0.21216735243797302,medium,0,0.6039808392524719,0,LOW_RISK,0.0,
BioSpread,UNSEEN::AA493,0.21170012652873993,medium,0,0.6050901412963867,0,LOW_RISK,0.0,
BioSpread,AC726,0.744668185710907,review,0,0.5673500597476959,0,MODERATE_RISK,0.0,
BioSpread,UNSEEN::AE092,0.21214033663272858,medium,0,0.6040370166301727,0,LOW_RISK,0.0,
BioSpread,AA018,0.7484254837036133,review,1,0.5704374313354492,0,MODERATE_RISK,0.0,
BioSpread,UNSEEN::AE514,0.21216821670532227,medium,0,0.6039789617061615,0,LOW_RISK,0.0,
BioSpread,AD139,0.4117888808250427,review,0,0.5287023484706879,0,LOW_RISK,0.0,
BioSpread,AA593,0.7413873672485352,review,0,0.5624887049198151,0,MODERATE_RISK,0.0,
BioSpread,UNSEEN::AC747,0.21174390614032745,medium,0,0.6048876941204071,0,LOW_RISK,0.0,
BioSpread,UNSEEN::AC986,0.2121228128671646,medium,0,0.6041733026504517,0,LOW_RISK,0.0,
BioSpread,AC429,0.22048169374465942,medium,0,0.6197210252285004,0,LOW_RISK,0.0,
BioSpread,AA976,0.722737729549408,review,0,0.5567129552364349,0,MODERATE_RISK,0.0,
BioSpread,UNSEEN::AF600,0.2121686190366745,medium,0,0.6039780676364899,0,LOW_RISK,0.0,
BioSpread,UNSEEN::AA388,0.21228240430355072,medium,0,0.6037539839744568,0,LOW_RISK,0.0,
BioSpread,UNSEEN::AF601,0.21201269328594208,medium,0,0.6042945683002472,0,LOW_RISK,0.0,
BioSpread,AD221,0.3517920970916748,review,0,0.5628834664821625,0,LOW_RISK,0.0,
BioSpread,AC992,0.3277246356010437,review,0,0.5700789988040924,0,LOW_RISK,0.0,
BioSpread,UNSEEN::AC727,0.21107932925224304,medium,0,0.6063216030597687,0,LOW_RISK,0.0,
BioSpread,UNSEEN::AA665,0.2118220180273056,medium,0,0.6047723293304443,0,LOW_RISK,0.0,
BioSpread,UNSEEN::AH517,0.21216735243797302,medium,0,0.6039808392524719,0,LOW_RISK,0.0,
BioSpread,UNSEEN::AF631,0.21168948709964752,medium,0,0.605043351650238,0,LOW_RISK,0.0,
BioSpread,UNSEEN::AA469,0.2116309553384781,medium,0,0.6052207946777344,0,LOW_RISK,0.0,
BioSpread,UNSEEN::AE899,0.21203625202178955,medium,0,0.6042747795581818,0,LOW_RISK,0.0,
BioSpread,UNSEEN::AD072,0.21223317086696625,medium,0,0.6038970053195953,0,LOW_RISK,0.0,
BioSpread,AF554,0.5840669870376587,review,0,0.5175524950027466,0,MODERATE_RISK,0.0,
BioSpread,AD539,0.6323071122169495,review,0,0.5217349529266357,0,MODERATE_RISK,0.0,
BioSpread,AE260,0.6742755174636841,review,0,0.5374647378921509,0,MODERATE_RISK,0.0,
BioSpread,AF784,0.5228689908981323,review,0,0.5080108940601349,0,MODERATE_RISK,0.0,
BioSpread,UNSEEN::AD351,0.2120114266872406,medium,0,0.6042973101139069,0,LOW_RISK,0.0,
BioSpread,UNSEEN::AE211,0.21206197142601013,medium,0,0.6042000353336334,0,LOW_RISK,0.0,
BioSpread,UNSEEN::AD626,0.21164001524448395,medium,0,0.6050788760185242,0,LOW_RISK,0.0,
BioSpread,AE237,0.6945996284484863,review,0,0.5460921823978424,0,MODERATE_RISK,0.0,
BioSpread,AB660,0.5228312611579895,review,0,0.5080083012580872,0,MODERATE_RISK,0.0,
BioSpread,UNSEEN::AC614,0.2118140608072281,medium,0,0.6047006845474243,0,LOW_RISK,0.0,
BioSpread,UNSEEN::AF811,0.21185201406478882,medium,0,0.6046478152275085,0,LOW_RISK,0.0,
BioSpread,UNSEEN::AB198,0.21201276779174805,medium,0,0.6042947769165039,0,LOW_RISK,0.0,
BioSpread,AH339,0.26196619868278503,review,0,0.5956941843032837,0,LOW_RISK,0.0,
BioSpread,UNSEEN::AE418,0.21210132539272308,medium,0,0.6041180789470673,0,LOW_RISK,0.0,
BioSpread,AA739,0.7455353140830994,review,1,0.5678279995918274,0,MODERATE_RISK,0.0,
BioSpread,AD785,0.7049203515052795,review,0,0.550216794013977,0,MODERATE_RISK,0.0,
BioSpread,UNSEEN::AB316,0.21216270327568054,medium,0,0.6040776371955872,0,LOW_RISK,0.0,
BioSpread,AD332,0.6865103840827942,review,0,0.5421261489391327,0,MODERATE_RISK,0.0,
BioSpread,UNSEEN::AF015,0.21204300224781036,medium,0,0.6042772829532623,0,LOW_RISK,0.0,
BioSpread,UNSEEN::AG922,0.21206988394260406,medium,0,0.604221373796463,0,LOW_RISK,0.0,
BioSpread,UNSEEN::AA949,0.21200013160705566,medium,0,0.6043209433555603,0,LOW_RISK,0.0,
BioSpread,UNSEEN::AC681,0.21154628694057465,medium,0,0.6053871214389801,0,LOW_RISK,0.0,
BioSpread,UNSEEN::AC494,0.21216821670532227,medium,0,0.6039789617061615,0,LOW_RISK,0.0,
BioSpread,UNSEEN::AC765,0.21230868995189667,medium,0,0.6036950349807739,0,LOW_RISK,0.0,
BioSpread,UNSEEN::AF986,0.21206560730934143,medium,0,0.6042385399341583,0,LOW_RISK,0.0,
BioSpread,UNSEEN::AE040,0.212294340133667,medium,0,0.603725016117096,0,LOW_RISK,0.0,
BioSpread,UNSEEN::AA288,0.2118525207042694,medium,0,0.6047248542308807,0,LOW_RISK,0.0,
BioSpread,UNSEEN::AG293,0.21212805807590485,medium,0,0.604057103395462,0,LOW_RISK,0.0,
BioSpread,UNSEEN::AD387,0.21199969947338104,medium,0,0.6043218672275543,0,LOW_RISK,0.0,
BioSpread,AB150,0.7042557597160339,review,0,0.5443234443664551,0,MODERATE_RISK,0.0,
BioSpread,UNSEEN::AH148,0.2121536284685135,medium,0,0.6040093898773193,0,LOW_RISK,0.0,
BioSpread,UNSEEN::AG116,0.21201403439044952,medium,0,0.6042920649051666,0,LOW_RISK,0.0,
BioSpread,UNSEEN::AA556,0.2098282277584076,medium,0,0.6088512539863586,0,LOW_RISK,0.0,
BioSpread,UNSEEN::AF020,0.2121686190366745,medium,0,0.6039780676364899,0,LOW_RISK,0.0,
BioSpread,AF213,0.4062495529651642,review,0,0.5624147057533264,0,LOW_RISK,0.0,
BioSpread,UNSEEN::AF781,0.212294340133667,medium,0,0.603725016117096,0,LOW_RISK,0.0,
BioSpread,UNSEEN::AD689,0.21216735243797302,medium,0,0.6039808392524719,0,LOW_RISK,0.0,
BioSpread,AA398,0.7413387298583984,review,0,0.5648200809955597,0,MODERATE_RISK,0.0,
BioSpread,UNSEEN::AE153,0.21230708062648773,medium,0,0.6036985814571381,0,LOW_RISK,0.0,
BioSpread,AA266,0.6455147862434387,review,0,0.540317714214325,0,MODERATE_RISK,0.0,
BioSpread,AC486,0.668002188205719,review,0,0.5355823338031769,0,MODERATE_RISK,0.0,
BioSpread,UNSEEN::AF400,0.21227769553661346,medium,0,0.6038583219051361,0,LOW_RISK,0.0,
BioSpread,UNSEEN::AA674,0.21061725914478302,medium,0,0.6073456406593323,0,LOW_RISK,0.0,
BioSpread,AC163,0.7481992840766907,review,0,0.5763861536979675,0,MODERATE_RISK,0.0,
BioSpread,UNSEEN::AF674,0.21216779947280884,medium,0,0.6039798557758331,0,LOW_RISK,0.0,
BioSpread,UNSEEN::AF095,0.2121553122997284,medium,0,0.6040057241916656,0,LOW_RISK,0.0,
BioSpread,AE261,0.6873422861099243,review,0,0.544814258813858,0,MODERATE_RISK,0.0,
BioSpread,UNSEEN::AH459,0.21230827271938324,medium,0,0.6036959290504456,0,LOW_RISK,0.0,
BioSpread,UNSEEN::AD134,0.21216821670532227,medium,0,0.6039789617061615,0,LOW_RISK,0.0,
BioSpread,UNSEEN::AB196,0.21196125447750092,medium,0,0.6043997704982758,0,LOW_RISK,0.0,
BioSpread,UNSEEN::AD903,0.2121308594942093,medium,0,0.6040282249450684,0,LOW_RISK,0.0,
BioSpread,AA283,0.7439720630645752,review,0,0.5651867389678955,0,MODERATE_RISK,0.0,
BioSpread,UNSEEN::AC574,0.2118440419435501,medium,0,0.6046433746814728,0,LOW_RISK,0.0,
BioSpread,AE233,0.7361674308776855,review,1,0.5589632987976074,0,MODERATE_RISK,0.0,
BioSpread,UNSEEN::AD550,0.21207112073898315,medium,0,0.604218602180481,0,LOW_RISK,0.0,
BioSpread,AB460,0.7494422793388367,review,1,0.5702859461307526,0,MODERATE_RISK,0.0,
BioSpread,AA562,0.7187998294830322,review,0,0.5467487573623657,0,MODERATE_RISK,0.0,
BioSpread,UNSEEN::AB699,0.21214158833026886,medium,0,0.6040343046188354,0,LOW_RISK,0.0,
BioSpread,AB161,0.7454708218574524,review,1,0.567974865436554,0,MODERATE_RISK,0.0,
BioSpread,AF496,0.6600561738014221,review,0,0.5359645783901215,0,MODERATE_RISK,0.0,
BioSpread,AB774,0.6792610883712769,review,0,0.5458246469497681,0,MODERATE_RISK,0.0,
BioSpread,AC688,0.7148833274841309,review,0,0.5508542656898499,0,MODERATE_RISK,0.0,
BioSpread,UNSEEN::AD987,0.21216821670532227,medium,0,0.6039789617061615,0,LOW_RISK,0.0,
BioSpread,UNSEEN::AC521,0.2121686190366745,medium,0,0.6039780676364899,0,LOW_RISK,0.0,
BioSpread,AD328,0.7470968961715698,review,0,0.5695071816444397,0,MODERATE_RISK,0.0,
BioSpread,UNSEEN::AG894,0.2121686190366745,medium,0,0.6039780676364899,0,LOW_RISK,0.0,
BioSpread,AB012,0.5833991765975952,review,0,0.5173187553882599,0,MODERATE_RISK,0.0,
BioSpread,AB902,0.6826897859573364,review,0,0.5326727628707886,0,MODERATE_RISK,0.0,
BioSpread,UNSEEN::AA172,0.20463210344314575,medium,0,0.6207113265991211,0,LOW_RISK,0.0,
BioSpread,AE484,0.6867442727088928,review,0,0.5441125631332397,0,MODERATE_RISK,0.0,
BioSpread,UNSEEN::AG698,0.21201276779174805,medium,0,0.6042947769165039,0,LOW_RISK,0.0,
BioSpread,UNSEEN::AH341,0.21216779947280884,medium,0,0.6039798557758331,0,LOW_RISK,0.0,
BioSpread,AA623,0.7415757179260254,review,0,0.5605722069740295,0,MODERATE_RISK,0.0,
BioSpread,AA865,0.7080885767936707,review,0,0.5486271977424622,0,MODERATE_RISK,0.0,
BioSpread,AH412,0.5229193568229675,review,0,0.5080142915248871,0,MODERATE_RISK,0.0,
BioSpread,UNSEEN::AD443,0.2092095911502838,medium,0,0.6102762222290039,0,LOW_RISK,0.0,
BioSpread,UNSEEN::AF742,0.2117159217596054,medium,0,0.6049501001834869,0,LOW_RISK,0.0,
BioSpread,UNSEEN::AA748,0.21208806335926056,medium,0,0.604145735502243,0,LOW_RISK,0.0,
BioSpread,UNSEEN::AF963,0.21229292452335358,medium,0,0.603727251291275,0,LOW_RISK,0.0,
BioSpread,UNSEEN::AA789,0.21214351058006287,medium,0,0.6040282249450684,0,LOW_RISK,0.0,
BioSpread,UNSEEN::AB651,0.21216735243797302,medium,0,0.6039808392524719,0,LOW_RISK,0.0,
BioSpread,AD747,0.6812625527381897,review,0,0.5372874140739441,0,MODERATE_RISK,0.0,
BioSpread,UNSEEN::AG612,0.21216821670532227,medium,0,0.6039789617061615,0,LOW_RISK,0.0,
BioSpread,AE064,0.2618924677371979,review,0,0.5957338511943817,0,LOW_RISK,0.0,
BioSpread,UNSEEN::AF440,0.21198447048664093,medium,0,0.6043533384799957,0,LOW_RISK,0.0,
BioSpread,UNSEEN::AE756,0.21215449273586273,medium,0,0.6040075123310089,0,LOW_RISK,0.0,
BioSpread,AH187,0.26183104515075684,review,0,0.5957669019699097,0,LOW_RISK,0.0,
BioSpread,UNSEEN::AD344,0.21214202046394348,medium,0,0.60403773188591,0,LOW_RISK,0.0,
BioSpread,UNSEEN::AE816,0.2121381014585495,medium,0,0.6040410697460175,0,LOW_RISK,0.0,
BioSpread,UNSEEN::AC603,0.21201050281524658,medium,0,0.6042989194393158,0,LOW_RISK,0.0,
BioSpread,UNSEEN::AC962,0.21155139803886414,medium,0,0.605338990688324,0,LOW_RISK,0.0,
BioSpread,UNSEEN::AA946,0.2117759883403778,medium,0,0.6047850251197815,0,LOW_RISK,0.0,
BioSpread,UNSEEN::AD132,0.21211427450180054,medium,0,0.6041663289070129,0,LOW_RISK,0.0,
BioSpread,AC711,0.5508787631988525,review,1,0.507237583398819,0,MODERATE_RISK,0.0,
BioSpread,UNSEEN::AD032,0.2118416577577591,medium,0,0.6047068238258362,0,LOW_RISK,0.0,
BioSpread,AA005,0.7067646980285645,review,0,0.5431455075740814,0,MODERATE_RISK,0.0,
BioSpread,AC495,0.6930946111679077,review,0,0.5419333279132843,0,MODERATE_RISK,0.0,
BioSpread,UNSEEN::AC019,0.21306945383548737,medium,0,0.6020306646823883,0,LOW_RISK,0.0,
BioSpread,UNSEEN::AF364,0.21310772001743317,medium,0,0.601952314376831,0,LOW_RISK,0.0,
BioSpread,UNSEEN::AG160,0.21230708062648773,medium,0,0.6036985814571381,0,LOW_RISK,0.0,
BioSpread,UNSEEN::AE145,0.2121686190366745,medium,0,0.6039780676364899,0,LOW_RISK,0.0,
BioSpread,UNSEEN::AE718,0.21216735243797302,medium,0,0.6039808392524719,0,LOW_RISK,0.0,
BioSpread,AG126,0.29197078943252563,review,0,0.579418420791626,0,LOW_RISK,0.0,
BioSpread,UNSEEN::AD956,0.21215856075286865,medium,0,0.6039972007274628,0,LOW_RISK,0.0,
BioSpread,AD774,0.6620205044746399,review,0,0.5367223620414734,0,MODERATE_RISK,0.0,
BioSpread,UNSEEN::AH135,0.2121553122997284,medium,0,0.6040057241916656,0,LOW_RISK,0.0,
BioSpread,UNSEEN::AB908,0.21216821670532227,medium,0,0.6039789617061615,0,LOW_RISK,0.0,
BioSpread,UNSEEN::AA637,0.2119988650083542,medium,0,0.6043237149715424,0,LOW_RISK,0.0,
BioSpread,AH138,0.6181020736694336,review,0,0.5174529850482941,0,MODERATE_RISK,0.0,
BioSpread,AD358,0.7422698736190796,review,0,0.5710328817367554,0,MODERATE_RISK,0.0,
BioSpread,AB675,0.7032453417778015,review,0,0.5480853319168091,0,MODERATE_RISK,0.0,
BioSpread,AA067,0.7457759380340576,review,0,0.5655584633350372,0,MODERATE_RISK,0.0,
BioSpread,AD306,0.7227000594139099,review,0,0.5556416809558868,0,MODERATE_RISK,0.0,
BioSpread,UNSEEN::AE062,0.21210090816020966,medium,0,0.6041941344738007,0,LOW_RISK,0.0,
BioSpread,AA225,0.5227683782577515,review,0,0.5080040395259857,0,MODERATE_RISK,0.0,
BioSpread,UNSEEN::AF007,0.2124335914850235,medium,0,0.6035042703151703,0,LOW_RISK,0.0,
BioSpread,UNSEEN::AG060,0.21216821670532227,medium,0,0.6039789617061615,0,LOW_RISK,0.0,
BioSpread,AF228,0.6395005583763123,review,0,0.5274429321289062,0,MODERATE_RISK,0.0,
BioSpread,UNSEEN::AB073,0.21168893575668335,medium,0,0.605002224445343,0,LOW_RISK,0.0,
BioSpread,AC827,0.1844649463891983,medium,0,0.6569566428661346,0,LOW_RISK,0.0,
BioSpread,AD485,0.7345486283302307,review,1,0.5592601001262665,0,MODERATE_RISK,0.0,
BioSpread,UNSEEN::AB273,0.21223917603492737,medium,0,0.6038912832736969,0,LOW_RISK,0.0,
BioSpread,AH019,0.5996199250221252,review,0,0.532231330871582,0,MODERATE_RISK,0.0,
BioSpread,AA036,0.7196547389030457,review,0,0.5560837984085083,0,MODERATE_RISK,0.0,
BioSpread,UNSEEN::AE570,0.21201792359352112,medium,0,0.6043121516704559,0,LOW_RISK,0.0,
BioSpread,UNSEEN::AB049,0.21123524010181427,medium,0,0.606075257062912,0,LOW_RISK,0.0,
BioSpread,UNSEEN::AD148,0.2121979147195816,medium,0,0.6039367020130157,0,LOW_RISK,0.0,
BioSpread,AE548,0.7504667639732361,review,1,0.5791552662849426,0,MODERATE_RISK,0.0,
BioSpread,AA979,0.7364386320114136,review,0,0.5651527941226959,0,MODERATE_RISK,0.0,
BioSpread,UNSEEN::AG434,0.21185621619224548,medium,0,0.6046594083309174,0,LOW_RISK,0.0,
BioSpread,UNSEEN::AE412,0.2118118554353714,medium,0,0.6048096716403961,0,LOW_RISK,0.0,
BioSpread,UNSEEN::AF451,0.21204033493995667,medium,0,0.6042822599411011,0,LOW_RISK,0.0,
BioSpread,UNSEEN::AB287,0.21182872354984283,medium,0,0.6046718955039978,0,LOW_RISK,0.0,
BioSpread,UNSEEN::AE274,0.21216779947280884,medium,0,0.6039798557758331,0,LOW_RISK,0.0,
BioSpread,UNSEEN::AF048,0.21216779947280884,medium,0,0.6039798557758331,0,LOW_RISK,0.0,
BioSpread,UNSEEN::AD007,0.2118397355079651,medium,0,0.604681521654129,0,LOW_RISK,0.0,
BioSpread,UNSEEN::AB215,0.21216735243797302,medium,0,0.6039808392524719,0,LOW_RISK,0.0,
BioSpread,UNSEEN::AG957,0.21216779947280884,medium,0,0.6039798557758331,0,LOW_RISK,0.0,
BioSpread,AD516,0.5229067206382751,review,0,0.5080134868621826,0,MODERATE_RISK,0.0,
BioSpread,UNSEEN::AF778,0.21184317767620087,medium,0,0.6046408116817474,0,LOW_RISK,0.0,
BioSpread,UNSEEN::AB144,0.21201276779174805,medium,0,0.6042947769165039,0,LOW_RISK,0.0,
BioSpread,AB258,0.695024311542511,review,1,0.5473392307758331,0,MODERATE_RISK,0.0,
BioSpread,AC439,0.7050558924674988,review,0,0.5548716187477112,0,MODERATE_RISK,0.0,
BioSpread,UNSEEN::AB023,0.21188153326511383,medium,0,0.6045900285243988,0,LOW_RISK,0.0,
BioSpread,AA074,0.6374386548995972,review,0,0.5175973474979401,0,MODERATE_RISK,0.0,
BioSpread,AG874,0.670942485332489,review,0,0.530482828617096,0,MODERATE_RISK,0.0,
BioSpread,AA765,0.6271821856498718,review,1,0.5110867619514465,0,MODERATE_RISK,0.0,
BioSpread,UNSEEN::AB697,0.21189631521701813,medium,0,0.6045972406864166,0,LOW_RISK,0.0,
BioSpread,UNSEEN::AE503,0.2120009958744049,medium,0,0.6043234765529633,0,LOW_RISK,0.0,
BioSpread,UNSEEN::AC700,0.21217608451843262,medium,0,0.6040497720241547,0,LOW_RISK,0.0,
BioSpread,AF348,0.6210188865661621,review,0,0.5371069014072418,0,MODERATE_RISK,0.0,
BioSpread,AE578,0.6742833256721497,review,0,0.5374685227870941,0,MODERATE_RISK,0.0,
BioSpread,AB944,0.741969108581543,review,0,0.5658169388771057,0,MODERATE_RISK,0.0,
BioSpread,UNSEEN::AD342,0.21172553300857544,medium,0,0.6049391031265259,0,LOW_RISK,0.0,
BioSpread,AA316,0.7457586526870728,review,1,0.565966010093689,0,MODERATE_RISK,0.0,
BioSpread,AB171,0.7442634105682373,review,1,0.5632319152355194,0,MODERATE_RISK,0.0,
BioSpread,UNSEEN::AA712,0.2119891345500946,medium,0,0.6044749021530151,0,LOW_RISK,0.0,
BioSpread,UNSEEN::AE499,0.21215449273586273,medium,0,0.6040075123310089,0,LOW_RISK,0.0,
BioSpread,AA356,0.7447568774223328,review,1,0.5674928426742554,0,MODERATE_RISK,0.0,
BioSpread,UNSEEN::AE328,0.2121669501066208,medium,0,0.6039817333221436,0,LOW_RISK,0.0,
BioSpread,AE142,0.7169003486633301,review,0,0.55251544713974,0,MODERATE_RISK,0.0,
BioSpread,UNSEEN::AB279,0.21197637915611267,medium,0,0.6044754981994629,0,LOW_RISK,0.0,
BioSpread,AG265,0.5228689908981323,review,0,0.5080108940601349,0,MODERATE_RISK,0.0,
BioSpread,AC942,0.7227737307548523,review,0,0.5570006966590881,0,MODERATE_RISK,0.0,
BioSpread,AD458,0.5846477150917053,review,0,0.5177586376667023,0,MODERATE_RISK,0.0,
BioSpread,UNSEEN::AG094,0.21216735243797302,medium,0,0.6039808392524719,0,LOW_RISK,0.0,
BioSpread,UNSEEN::AE532,0.2121553122997284,medium,0,0.6040057241916656,0,LOW_RISK,0.0,
BioSpread,UNSEEN::AG325,0.2120136022567749,medium,0,0.6042929589748383,0,LOW_RISK,0.0,
BioSpread,UNSEEN::AC010,0.21230708062648773,medium,0,0.6036985814571381,0,LOW_RISK,0.0,
BioSpread,UNSEEN::AB376,0.2117478996515274,medium,0,0.6049260795116425,0,LOW_RISK,0.0,
BioSpread,AE109,0.7460408806800842,review,1,0.5678108632564545,0,MODERATE_RISK,0.0,
BioSpread,UNSEEN::AA727,0.21201184391975403,medium,0,0.6042964160442352,0,LOW_RISK,0.0,
BioSpread,UNSEEN::AA220,0.21209262311458588,medium,0,0.604190319776535,0,LOW_RISK,0.0,
BioSpread,AE604,0.7286547422409058,review,1,0.5536374747753143,0,MODERATE_RISK,0.0,
BioSpread,AA308,0.7251843214035034,review,0,0.5516336560249329,0,MODERATE_RISK,0.0,
BioSpread,UNSEEN::AB211,0.21185719966888428,medium,0,0.6046115458011627,0,LOW_RISK,0.0,
BioSpread,UNSEEN::AD003,0.21200013160705566,medium,0,0.6043209433555603,0,LOW_RISK,0.0,
BioSpread,AB056,0.7328754663467407,review,1,0.559793621301651,0,MODERATE_RISK,0.0,
BioSpread,UNSEEN::AD887,0.2121567577123642,medium,0,0.6040003001689911,0,LOW_RISK,0.0,
BioSpread,UNSEEN::AH124,0.21230708062648773,medium,0,0.6036985814571381,0,LOW_RISK,0.0,
BioSpread,UNSEEN::AG163,0.21199838817119598,medium,0,0.6043287813663483,0,LOW_RISK,0.0,
BioSpread,AC804,0.5227934718132019,review,0,0.5080057680606842,0,MODERATE_RISK,0.0,
BioSpread,UNSEEN::AF130,0.21197280287742615,medium,0,0.6043822765350342,0,LOW_RISK,0.0,
BioSpread,UNSEEN::AF149,0.21185633540153503,medium,0,0.6046134829521179,0,LOW_RISK,0.0,
BioSpread,AA178,0.744952917098999,review,0,0.5652611553668976,0,MODERATE_RISK,0.0,
BioSpread,AA064,0.5231958627700806,review,0,0.5080795586109161,0,MODERATE_RISK,0.0,
BioSpread,UNSEEN::AE346,0.21216821670532227,medium,0,0.6039789617061615,0,LOW_RISK,0.0,
BioSpread,UNSEEN::AE850,0.21216821670532227,medium,0,0.6039789617061615,0,LOW_RISK,0.0,
BioSpread,UNSEEN::AA544,0.21216735243797302,medium,0,0.6039808392524719,0,LOW_RISK,0.0,
BioSpread,UNSEEN::AA948,0.21230868995189667,medium,0,0.6036950349807739,0,LOW_RISK,0.0,
BioSpread,UNSEEN::AA591,0.21214383840560913,medium,0,0.6040546000003815,0,LOW_RISK,0.0,
BioSpread,AF441,0.26498058438301086,review,0,0.5927664041519165,0,LOW_RISK,0.0,
BioSpread,AB275,0.741208553314209,review,0,0.5611735582351685,0,MODERATE_RISK,0.0,
BioSpread,UNSEEN::AF039,0.21216779947280884,medium,0,0.6039798557758331,0,LOW_RISK,0.0,
BioSpread,AC629,0.7483329176902771,review,0,0.5692345201969147,0,MODERATE_RISK,0.0,
BioSpread,AE415,0.7261516451835632,review,1,0.5584416687488556,0,MODERATE_RISK,0.0,
BioSpread,AG298,0.7439616322517395,review,0,0.5649835765361786,0,MODERATE_RISK,0.0,
BioSpread,UNSEEN::AA843,0.21216779947280884,medium,0,0.6039798557758331,0,LOW_RISK,0.0,
BioSpread,AD402,0.7456576824188232,review,0,0.5691298246383667,0,MODERATE_RISK,0.0,
BioSpread,UNSEEN::AG725,0.21214668452739716,medium,0,0.604110449552536,0,LOW_RISK,0.0,
BioSpread,UNSEEN::AA127,0.210580974817276,medium,0,0.6074983179569244,0,LOW_RISK,0.0,
BioSpread,UNSEEN::AE073,0.2121145874261856,medium,0,0.6040904521942139,0,LOW_RISK,0.0,
BioSpread,AF719,0.5227934718132019,review,0,0.5080057680606842,0,MODERATE_RISK,0.0,
BioSpread,AC773,0.7184884548187256,review,0,0.5555656254291534,0,MODERATE_RISK,0.0,
BioSpread,AF432,0.6655876040458679,review,0,0.550597608089447,0,MODERATE_RISK,0.0,
BioSpread,UNSEEN::AE528,0.21216648817062378,medium,0,0.6039823293685913,0,LOW_RISK,0.0,
BioSpread,UNSEEN::AG212,0.21214957535266876,medium,0,0.6041175127029419,0,LOW_RISK,0.0,
BioSpread,UNSEEN::AE085,0.21216730773448944,medium,0,0.603980541229248,0,LOW_RISK,0.0,
BioSpread,AG312,0.733490526676178,review,0,0.5616002082824707,0,MODERATE_RISK,0.0,
BioSpread,AG114,0.6001390814781189,review,0,0.5262226462364197,0,MODERATE_RISK,0.0,
BioSpread,AE160,0.6353780627250671,review,0,0.5392182171344757,0,MODERATE_RISK,0.0,
BioSpread,UNSEEN::AA918,0.21216779947280884,medium,0,0.6039798557758331,0,LOW_RISK,0.0,
BioSpread,AF386,0.6356958746910095,review,0,0.5265446603298187,0,MODERATE_RISK,0.0,
BioSpread,AF910,0.7034395337104797,review,0,0.5318540632724762,0,MODERATE_RISK,0.0,
BioSpread,UNSEEN::AE012,0.21216735243797302,medium,0,0.6039808392524719,0,LOW_RISK,0.0,
BioSpread,UNSEEN::AA487,0.21200814843177795,medium,0,0.604329526424408,0,LOW_RISK,0.0,
BioSpread,AC890,0.6100881695747375,review,0,0.5127728283405304,0,MODERATE_RISK,0.0,
BioSpread,UNSEEN::AC373,0.2114022970199585,medium,0,0.6057411134243011,0,LOW_RISK,0.0,
BioSpread,AG315,0.7080350518226624,review,0,0.5478276312351227,0,MODERATE_RISK,0.0,
BioSpread,UNSEEN::AH108,0.21230746805667877,medium,0,0.6036976873874664,0,LOW_RISK,0.0,
BioSpread,AD481,0.7174103856086731,review,0,0.5507722198963165,0,MODERATE_RISK,0.0,
BioSpread,AB642,0.7454005479812622,review,0,0.5662905871868134,0,MODERATE_RISK,0.0,
BioSpread,UNSEEN::AA687,0.2121407389640808,medium,0,0.6040405035018921,0,LOW_RISK,0.0,
BioSpread,UNSEEN::AE473,0.21209178864955902,medium,0,0.6041921973228455,0,LOW_RISK,0.0,
BioSpread,AG424,0.5228186249732971,review,0,0.5080074965953827,0,MODERATE_RISK,0.0,
BioSpread,AF033,0.6639192700386047,review,0,0.5373097658157349,0,MODERATE_RISK,0.0,
BioSpread,UNSEEN::AC388,0.21201317012310028,medium,0,0.6042939126491547,0,LOW_RISK,0.0,
BioSpread,UNSEEN::AF198,0.212140753865242,medium,0,0.6040361225605011,0,LOW_RISK,0.0,
BioSpread,UNSEEN::AH426,0.21216779947280884,medium,0,0.6039798557758331,0,LOW_RISK,0.0,
BioSpread,UNSEEN::AA299,0.21161508560180664,medium,0,0.6051106452941895,0,LOW_RISK,0.0,
BioSpread,UNSEEN::AC446,0.21216315031051636,medium,0,0.6040810942649841,0,LOW_RISK,0.0,
BioSpread,UNSEEN::AH471,0.21216821670532227,medium,0,0.6039789617061615,0,LOW_RISK,0.0,
BioSpread,UNSEEN::AC149,0.2118491530418396,medium,0,0.6046267151832581,0,LOW_RISK,0.0,
BioSpread,AH390,0.6126126050949097,review,1,0.5163247585296631,0,MODERATE_RISK,0.0,
BioSpread,UNSEEN::AA402,0.20612037181854248,medium,0,0.6166526675224304,0,LOW_RISK,0.0,
BioSpread,AC948,0.70976322889328,review,1,0.5564111173152924,0,MODERATE_RISK,0.0,
BioSpread,AD818,0.700482189655304,review,1,0.5387099385261536,0,MODERATE_RISK,0.0,
BioSpread,UNSEEN::AG852,0.2121686190366745,medium,0,0.6039780676364899,0,LOW_RISK,0.0,
BioSpread,UNSEEN::AC434,0.21200847625732422,medium,0,0.6043969988822937,0,LOW_RISK,0.0,
BioSpread,AE256,0.2619047462940216,review,0,0.5957272946834564,0,LOW_RISK,0.0,
BioSpread,AF686,0.7484768629074097,review,1,0.5705404877662659,0,MODERATE_RISK,0.0,
BioSpread,UNSEEN::AA533,0.21193161606788635,medium,0,0.6045359969139099,0,LOW_RISK,0.0,
BioSpread,UNSEEN::AD805,0.21216779947280884,medium,0,0.6039798557758331,0,LOW_RISK,0.0,
BioSpread,AC100,0.7231149077415466,review,0,0.5601872801780701,0,MODERATE_RISK,0.0,
BioSpread,AF154,0.6596691608428955,review,0,0.5356824994087219,0,MODERATE_RISK,0.0,
BioSpread,UNSEEN::AF210,0.2121420055627823,medium,0,0.6040333807468414,0,LOW_RISK,0.0,
BioSpread,AD533,0.7039921283721924,review,0,0.5432751476764679,0,MODERATE_RISK,0.0,
BioSpread,AF453,0.6943075060844421,review,0,0.5413009226322174,0,MODERATE_RISK,0.0,
BioSpread,AA888,0.6833052635192871,review,0,0.5473697483539581,0,MODERATE_RISK,0.0,
BioSpread,AE772,0.6846922636032104,review,0,0.5401335060596466,0,MODERATE_RISK,0.0,
BioSpread,UNSEEN::AE168,0.2119983583688736,medium,0,0.604378879070282,0,LOW_RISK,0.0,
BioSpread,AF383,0.7074297070503235,review,0,0.5492618680000305,0,MODERATE_RISK,0.0,
BioSpread,UNSEEN::AB237,0.209922194480896,medium,0,0.6089954972267151,0,LOW_RISK,0.0,
BioSpread,UNSEEN::AE769,0.21201233565807343,medium,0,0.6042957603931427,0,LOW_RISK,0.0,
BioSpread,UNSEEN::AE869,0.21200743317604065,medium,0,0.6043048202991486,0,LOW_RISK,0.0,
BioSpread,UNSEEN::AB924,0.21116089820861816,medium,0,0.6060524880886078,0,LOW_RISK,0.0,
BioSpread,UNSEEN::AC639,0.21199515461921692,medium,0,0.6043521165847778,0,LOW_RISK,0.0,
BioSpread,UNSEEN::AG788,0.2121686190366745,medium,0,0.6039780676364899,0,LOW_RISK,0.0,
BioSpread,UNSEEN::AF539,0.21197737753391266,medium,0,0.6043667793273926,0,LOW_RISK,0.0,
BioSpread,UNSEEN::AA075,0.21198707818984985,medium,0,0.6043480336666107,0,LOW_RISK,0.0,
BioSpread,UNSEEN::AE072,0.21216779947280884,medium,0,0.6039798557758331,0,LOW_RISK,0.0,
BioSpread,UNSEEN::AE196,0.21216779947280884,medium,0,0.6039798557758331,0,LOW_RISK,0.0,
BioSpread,UNSEEN::AF791,0.2114800214767456,medium,0,0.605480283498764,0,LOW_RISK,0.0,
BioSpread,UNSEEN::AF076,0.2121686190366745,medium,0,0.6039780676364899,0,LOW_RISK,0.0,
BioSpread,AG202,0.684320330619812,review,0,0.5430523157119751,0,MODERATE_RISK,0.0,
BioSpread,UNSEEN::AF173,0.2121686190366745,medium,0,0.6039780676364899,0,LOW_RISK,0.0,
BioSpread,AF247,0.2204888015985489,medium,0,0.6197155714035034,0,LOW_RISK,0.0,
BioSpread,UNSEEN::AH478,0.21230868995189667,medium,0,0.6036950349807739,0,LOW_RISK,0.0,
BioSpread,UNSEEN::AF773,0.21216779947280884,medium,0,0.6039798557758331,0,LOW_RISK,0.0,
BioSpread,UNSEEN::AA743,0.21197323501110077,medium,0,0.6043813228607178,0,LOW_RISK,0.0,
BioSpread,AE147,0.607379674911499,review,0,0.5056634247303009,0,MODERATE_RISK,0.0,
BioSpread,AE555,0.5629005432128906,review,0,0.5354313552379608,0,MODERATE_RISK,0.0,
BioSpread,UNSEEN::AH104,0.21216821670532227,medium,0,0.6039789617061615,0,LOW_RISK,0.0,
BioSpread,UNSEEN::AG891,0.21216735243797302,medium,0,0.6039808392524719,0,LOW_RISK,0.0,
BioSpread,UNSEEN::AF829,0.21229049563407898,medium,0,0.6038273274898529,0,LOW_RISK,0.0,
BioSpread,UNSEEN::AG136,0.2120136022567749,medium,0,0.6042929589748383,0,LOW_RISK,0.0,
BioSpread,UNSEEN::AD012,0.21212828159332275,medium,0,0.6040619611740112,0,LOW_RISK,0.0,
BioSpread,UNSEEN::AA821,0.21488375961780548,medium,0,0.6017962992191315,0,LOW_RISK,0.0,
BioSpread,AD194,0.7441611289978027,review,1,0.5646488964557648,0,MODERATE_RISK,0.0,
BioSpread,UNSEEN::AH027,0.21184268593788147,medium,0,0.6046418249607086,0,LOW_RISK,0.0,
BioSpread,AF636,0.6548850536346436,review,0,0.5342740118503571,0,MODERATE_RISK,0.0,
BioSpread,AB361,0.7267462015151978,review,0,0.5615279376506805,0,MODERATE_RISK,0.0,
BioSpread,AC826,0.2618924677371979,review,0,0.5957338511943817,0,LOW_RISK,0.0,
BioSpread,UNSEEN::AH070,0.21201226115226746,medium,0,0.6042954921722412,0,LOW_RISK,0.0,
BioSpread,UNSEEN::AF094,0.21216730773448944,medium,0,0.603980541229248,0,LOW_RISK,0.0,
BioSpread,AB803,0.6721324324607849,review,0,0.5310159027576447,0,MODERATE_RISK,0.0,
BioSpread,UNSEEN::AA882,0.21120783686637878,medium,0,0.6060959100723267,0,LOW_RISK,0.0,
BioSpread,AD726,0.7209135890007019,review,0,0.5529521107673645,0,MODERATE_RISK,0.0,
BioSpread,UNSEEN::AD008,0.21214158833026886,medium,0,0.6040343046188354,0,LOW_RISK,0.0,
BioSpread,AG710,0.5934168696403503,review,0,0.5140385031700134,0,MODERATE_RISK,0.0,
BioSpread,UNSEEN::AC277,0.21210071444511414,medium,0,0.6042026877403259,0,LOW_RISK,0.0,
BioSpread,AF184,0.5104377865791321,review,0,0.5322901606559753,0,MODERATE_RISK,0.0,
BioSpread,AD087,0.7154141068458557,review,0,0.5440245270729065,0,MODERATE_RISK,0.0,
BioSpread,AE685,0.6610671281814575,review,0,0.5211352407932281,0,MODERATE_RISK,0.0,
BioSpread,UNSEEN::AC221,0.21214379370212555,medium,0,0.6040014624595642,0,LOW_RISK,0.0,
BioSpread,UNSEEN::AD427,0.21187882125377655,medium,0,0.6045959293842316,0,LOW_RISK,0.0,
BioSpread,AA514,0.7344695329666138,review,1,0.5580644607543945,0,MODERATE_RISK,0.0,
BioSpread,UNSEEN::AE127,0.2121669501066208,medium,0,0.6039817333221436,0,LOW_RISK,0.0,
BioSpread,UNSEEN::AE322,0.21029488742351532,medium,0,0.6079750955104828,0,LOW_RISK,0.0,
BioSpread,UNSEEN::AC003,0.21198709309101105,medium,0,0.6043524146080017,0,LOW_RISK,0.0,
BioSpread,UNSEEN::AB691,0.21199928224086761,medium,0,0.6043228209018707,0,LOW_RISK,0.0,
BioSpread,UNSEEN::AG258,0.2119041085243225,medium,0,0.6044912338256836,0,LOW_RISK,0.0,
BioSpread,UNSEEN::AF695,0.21196125447750092,medium,0,0.6043997704982758,0,LOW_RISK,0.0,
BioSpread,UNSEEN::AD604,0.21209178864955902,medium,0,0.6041921973228455,0,LOW_RISK,0.0,
BioSpread,AD590,0.7086867094039917,review,1,0.5519702434539795,0,MODERATE_RISK,0.0,
BioSpread,UNSEEN::AB439,0.21229080855846405,medium,0,0.6037314832210541,0,LOW_RISK,0.0,
BioSpread,AA154,0.7101634740829468,review,0,0.5432950854301453,0,MODERATE_RISK,0.0,
BioSpread,UNSEEN::AD430,0.21214033663272858,medium,0,0.6040370166301727,0,LOW_RISK,0.0,
BioSpread,AA212,0.7214792966842651,review,0,0.5455544292926788,0,MODERATE_RISK,0.0,
BioSpread,UNSEEN::AF656,0.21230868995189667,medium,0,0.6036950349807739,0,LOW_RISK,0.0,
BioSpread,UNSEEN::AG594,0.2121686190366745,medium,0,0.6039780676364899,0,LOW_RISK,0.0,
BioSpread,AB740,0.7452706098556519,review,1,0.567121684551239,0,MODERATE_RISK,0.0,
BioSpread,AD534,0.5229067206382751,review,0,0.5080134868621826,0,MODERATE_RISK,0.0,
BioSpread,UNSEEN::AB959,0.2121540606021881,medium,0,0.6040084660053253,0,LOW_RISK,0.0,
BioSpread,UNSEEN::AG619,0.2121686190366745,medium,0,0.6039780676364899,0,LOW_RISK,0.0,
BioSpread,UNSEEN::AB845,0.21210172772407532,medium,0,0.6041171848773956,0,LOW_RISK,0.0,
BioSpread,UNSEEN::AA721,0.21216821670532227,medium,0,0.6039789617061615,0,LOW_RISK,0.0,
BioSpread,AG158,0.5791305303573608,review,0,0.5167388319969177,0,MODERATE_RISK,0.0,
BioSpread,AF472,0.7417926788330078,review,0,0.5661355257034302,0,MODERATE_RISK,0.0,
BioSpread,AC570,0.7485975027084351,review,0,0.5680264830589294,0,MODERATE_RISK,0.0,
BioSpread,AG720,0.5104106664657593,review,0,0.5322904288768768,0,MODERATE_RISK,0.0,
BioSpread,UNSEEN::AC859,0.21216779947280884,medium,0,0.6039798557758331,0,LOW_RISK,0.0,
BioSpread,AA831,0.7431591749191284,review,1,0.5624083578586578,0,MODERATE_RISK,0.0,
BioSpread,UNSEEN::AA527,0.2114323377609253,medium,0,0.6056027710437775,0,LOW_RISK,0.0,
BioSpread,AG592,0.22051005065441132,medium,0,0.6196993887424469,0,LOW_RISK,0.0,
BioSpread,AF387,0.5857807993888855,review,0,0.5175249874591827,0,MODERATE_RISK,0.0,
BioSpread,UNSEEN::AA025,0.21177804470062256,medium,0,0.6047316789627075,0,LOW_RISK,0.0,
BioSpread,UNSEEN::AB708,0.21216779947280884,medium,0,0.6039798557758331,0,LOW_RISK,0.0,
BioSpread,UNSEEN::AG747,0.21214379370212555,medium,0,0.6040014624595642,0,LOW_RISK,0.0,
BioSpread,UNSEEN::AE345,0.21216779947280884,medium,0,0.6039798557758331,0,LOW_RISK,0.0,
BioSpread,AC242,0.7465865015983582,review,0,0.5661479234695435,0,MODERATE_RISK,0.0,
BioSpread,UNSEEN::AF254,0.2120136022567749,medium,0,0.6042929589748383,0,LOW_RISK,0.0,
BioSpread,AC279,0.6732466220855713,review,0,0.5147154033184052,0,MODERATE_RISK,0.0,
BioSpread,UNSEEN::AA629,0.21199898421764374,medium,0,0.6043207943439484,0,LOW_RISK,0.0,
BioSpread,UNSEEN::AC382,0.2121553122997284,medium,0,0.6040057241916656,0,LOW_RISK,0.0,
BioSpread,UNSEEN::AB540,0.21214105188846588,medium,0,0.6041105389595032,0,LOW_RISK,0.0,
BioSpread,UNSEEN::AE468,0.21162669360637665,medium,0,0.6052042841911316,0,LOW_RISK,0.0,
BioSpread,UNSEEN::AE146,0.2121686190366745,medium,0,0.6039780676364899,0,LOW_RISK,0.0,
BioSpread,UNSEEN::AD761,0.21163170039653778,medium,0,0.6051681339740753,0,LOW_RISK,0.0,
BioSpread,AA159,0.7203702926635742,review,0,0.5481252670288086,0,MODERATE_RISK,0.0,
BioSpread,UNSEEN::AF102,0.2121669501066208,medium,0,0.6039817333221436,0,LOW_RISK,0.0,
BioSpread,UNSEEN::AE480,0.21120622754096985,medium,0,0.6060506403446198,0,LOW_RISK,0.0,
BioSpread,AD976,0.7333042025566101,review,0,0.5641464591026306,0,MODERATE_RISK,0.0,
BioSpread,UNSEEN::AC080,0.2119881957769394,medium,0,0.6043437421321869,0,LOW_RISK,0.0,
BioSpread,UNSEEN::AG870,0.21168607473373413,medium,0,0.6049616038799286,0,LOW_RISK,0.0,
BioSpread,UNSEEN::AD503,0.21201099455356598,medium,0,0.6042982637882233,0,LOW_RISK,0.0,
BioSpread,UNSEEN::AE715,0.2119189202785492,medium,0,0.6045795977115631,0,LOW_RISK,0.0,
BioSpread,UNSEEN::AH385,0.21214158833026886,medium,0,0.6040343046188354,0,LOW_RISK,0.0,
BioSpread,UNSEEN::AB990,0.212307870388031,medium,0,0.6036968231201172,0,LOW_RISK,0.0,
BioSpread,AG675,0.6395481824874878,review,0,0.5274592339992523,0,MODERATE_RISK,0.0,
BioSpread,AB292,0.7010818719863892,review,0,0.5436890423297882,0,MODERATE_RISK,0.0,
BioSpread,UNSEEN::AF068,0.2121553122997284,medium,0,0.6040101051330566,0,LOW_RISK,0.0,
BioSpread,UNSEEN::AB493,0.21215395629405975,medium,0,0.6040082573890686,0,LOW_RISK,0.0,
BioSpread,AC155,0.5921692252159119,review,0,0.5195822417736053,0,MODERATE_RISK,0.0,
BioSpread,UNSEEN::AH221,0.21198707818984985,medium,0,0.6043480336666107,0,LOW_RISK,0.0,
BioSpread,AF081,0.5869579911231995,review,0,0.5381662547588348,0,MODERATE_RISK,0.0,
BioSpread,UNSEEN::AE022,0.21214160323143005,medium,0,0.6040386259555817,0,LOW_RISK,0.0,
BioSpread,UNSEEN::AA853,0.21120324730873108,medium,0,0.6060743927955627,0,LOW_RISK,0.0,
BioSpread,AD315,0.7067484855651855,review,0,0.5464029908180237,0,MODERATE_RISK,0.0,
BioSpread,UNSEEN::AD673,0.21212661266326904,medium,0,0.6040624678134918,0,LOW_RISK,0.0,
BioSpread,UNSEEN::AF199,0.21201226115226746,medium,0,0.6042954921722412,0,LOW_RISK,0.0,
BioSpread,UNSEEN::AD260,0.21214061975479126,medium,0,0.6041070520877838,0,LOW_RISK,0.0,
BioSpread,AG048,0.3279288113117218,review,0,0.5700650811195374,0,LOW_RISK,0.0,
BioSpread,UNSEEN::AE559,0.21209196746349335,medium,0,0.6041836738586426,0,LOW_RISK,0.0,
BioSpread,AA837,0.7470574378967285,review,1,0.5657244920730591,0,MODERATE_RISK,0.0,
BioSpread,UNSEEN::AG085,0.21199969947338104,medium,0,0.6043218672275543,0,LOW_RISK,0.0,
BioSpread,AF053,0.3394593298435211,review,0,0.5788670480251312,0,LOW_RISK,0.0,
BioSpread,UNSEEN::AA047,0.21189051866531372,medium,0,0.6045903861522675,0,LOW_RISK,0.0,
BioSpread,UNSEEN::AA785,0.2121553122997284,medium,0,0.6040057241916656,0,LOW_RISK,0.0,
BioSpread,AD480,0.7075338959693909,review,0,0.5483848750591278,0,MODERATE_RISK,0.0,
BioSpread,AE485,0.6961004137992859,review,0,0.5431669056415558,0,MODERATE_RISK,0.0,
BioSpread,AF614,0.6843320727348328,review,0,0.543058842420578,0,MODERATE_RISK,0.0,
BioSpread,UNSEEN::AB970,0.21207882463932037,medium,0,0.6042235791683197,0,LOW_RISK,0.0,
BioSpread,UNSEEN::AG246,0.21206670999526978,medium,0,0.6042530834674835,0,LOW_RISK,0.0,
BioSpread,AG399,0.5229067206382751,review,0,0.5080134868621826,0,MODERATE_RISK,0.0,
BioSpread,AD059,0.7423366904258728,review,0,0.5610311925411224,0,MODERATE_RISK,0.0,
BioSpread,UNSEEN::AE181,0.2121308594942093,medium,0,0.6040282249450684,0,LOW_RISK,0.0,
BioSpread,AB945,0.7412542700767517,review,0,0.5622300505638123,0,MODERATE_RISK,0.0,
BioSpread,AB303,0.6855821013450623,review,0,0.5347322523593903,0,MODERATE_RISK,0.0,
BioSpread,UNSEEN::AG790,0.212307870388031,medium,0,0.6036968231201172,0,LOW_RISK,0.0,
BioSpread,AB428,0.6063685417175293,review,0,0.5145303308963776,0,MODERATE_RISK,0.0,
BioSpread,UNSEEN::AC428,0.2122955471277237,medium,0,0.603726714849472,0,LOW_RISK,0.0,
BioSpread,AF961,0.26196619868278503,review,0,0.5956941843032837,0,LOW_RISK,0.0,
BioSpread,UNSEEN::AA365,0.21197006106376648,medium,0,0.6043537855148315,0,LOW_RISK,0.0,
BioSpread,UNSEEN::AA987,0.21213707327842712,medium,0,0.6040723919868469,0,LOW_RISK,0.0,
BioSpread,AF665,0.7193304896354675,review,0,0.5467405319213867,0,MODERATE_RISK,0.0,
BioSpread,AE362,0.5229193568229675,review,0,0.5080142915248871,0,MODERATE_RISK,0.0,
BioSpread,AA570,0.5075737237930298,review,0,0.5183673202991486,0,MODERATE_RISK,0.0,
BioSpread,AC056,0.7165030241012573,review,0,0.5469731390476227,0,MODERATE_RISK,0.0,
BioSpread,AG686,0.24097777903079987,medium,0,0.6041990220546722,0,LOW_RISK,0.0,
BioSpread,AF408,0.527296781539917,review,0,0.5303004682064056,0,MODERATE_RISK,0.0,
BioSpread,UNSEEN::AG742,0.2117762565612793,medium,0,0.6048362553119659,0,LOW_RISK,0.0,
BioSpread,AE980,0.31702470779418945,review,0,0.5735370218753815,0,LOW_RISK,0.0,
BioSpread,AG683,0.7369290590286255,review,0,0.5656349062919617,0,MODERATE_RISK,0.0,
BioSpread,UNSEEN::AD641,0.2117733657360077,medium,0,0.6048773527145386,0,LOW_RISK,0.0,
BioSpread,UNSEEN::AD681,0.2121397703886032,medium,0,0.604078471660614,0,LOW_RISK,0.0,
BioSpread,AE133,0.6328489780426025,review,0,0.5078829228878021,0,MODERATE_RISK,0.0,
BioSpread,UNSEEN::AD307,0.21640023589134216,review,0,0.5985927879810333,0,LOW_RISK,0.0,
BioSpread,UNSEEN::AF131,0.21215488016605377,medium,0,0.6040066182613373,0,LOW_RISK,0.0,
BioSpread,UNSEEN::AD099,0.21215879917144775,medium,0,0.6040308177471161,0,LOW_RISK,0.0,
BioSpread,UNSEEN::AF732,0.21200013160705566,medium,0,0.6043209433555603,0,LOW_RISK,0.0,
BioSpread,UNSEEN::AE305,0.21212787926197052,medium,0,0.6040628552436829,0,LOW_RISK,0.0,
BioSpread,AD837,0.7096477150917053,review,0,0.554982990026474,0,MODERATE_RISK,0.0,
BioSpread,AE492,0.6114959120750427,review,0,0.528748095035553,0,MODERATE_RISK,0.0,
BioSpread,AF676,0.46831628680229187,review,0,0.5589889883995056,0,LOW_RISK,0.0,
BioSpread,AB822,0.7293619513511658,review,0,0.5573005974292755,0,MODERATE_RISK,0.0,
BioSpread,UNSEEN::AA044,0.21229557693004608,medium,0,0.603722333908081,0,LOW_RISK,0.0,
BioSpread,AA252,0.5506418347358704,review,0,0.5315989255905151,0,MODERATE_RISK,0.0,
BioSpread,UNSEEN::AA340,0.21199925243854523,medium,0,0.6043225228786469,0,LOW_RISK,0.0,
BioSpread,AC803,0.6611705422401428,review,0,0.5367111563682556,0,MODERATE_RISK,0.0,
BioSpread,AE457,0.7429213523864746,review,0,0.5729465186595917,0,MODERATE_RISK,0.0,
BioSpread,UNSEEN::AG817,0.21228085458278656,medium,0,0.6038222312927246,0,LOW_RISK,0.0,
BioSpread,UNSEEN::AB255,0.21150806546211243,medium,0,0.6053330600261688,0,LOW_RISK,0.0,
BioSpread,UNSEEN::AF016,0.21198667585849762,medium,0,0.6043489277362823,0,LOW_RISK,0.0,
BioSpread,AA345,0.7456911206245422,review,1,0.5692995488643646,0,MODERATE_RISK,0.0,
BioSpread,UNSEEN::AG494,0.21193693578243256,medium,0,0.6045080423355103,0,LOW_RISK,0.0,
BioSpread,UNSEEN::AE116,0.21184208989143372,medium,0,0.6047186553478241,0,LOW_RISK,0.0,
BioSpread,AE672,0.7161146402359009,review,0,0.5526578724384308,0,MODERATE_RISK,0.0,
BioSpread,AE427,0.6830534338951111,review,1,0.5428509712219238,0,MODERATE_RISK,0.0,
BioSpread,AE157,0.6387069821357727,review,0,0.5401087701320648,0,MODERATE_RISK,0.0,
BioSpread,AA595,0.7471712231636047,review,0,0.5669808387756348,0,MODERATE_RISK,0.0,
BioSpread,AA295,0.7457913756370544,review,1,0.5683238208293915,0,MODERATE_RISK,0.0,
BioSpread,AF248,0.4724222719669342,review,0,0.5011982619762421,0,LOW_RISK,0.0,
BioSpread,AA634,0.6973240375518799,review,0,0.5506449937820435,0,MODERATE_RISK,0.0,
BioSpread,AF098,0.7386563420295715,review,0,0.5614992380142212,0,MODERATE_RISK,0.0,
BioSpread,UNSEEN::AE296,0.21094991266727448,medium,0,0.606584221124649,0,LOW_RISK,0.0,
BioSpread,AB570,0.5228815674781799,review,0,0.5080117583274841,0,MODERATE_RISK,0.0,
BioSpread,UNSEEN::AC197,0.21216735243797302,medium,0,0.6039808392524719,0,LOW_RISK,0.0,
BioSpread,UNSEEN::AE405,0.21165154874324799,medium,0,0.6051965653896332,0,LOW_RISK,0.0,
BioSpread,AF954,0.7149965167045593,review,0,0.551293671131134,0,MODERATE_RISK,0.0,
BioSpread,AG131,0.7238030433654785,review,0,0.5568364262580872,0,MODERATE_RISK,0.0,
BioSpread,UNSEEN::AC059,0.2121313214302063,medium,0,0.6040273010730743,0,LOW_RISK,0.0,
BioSpread,UNSEEN::AD561,0.2121669501066208,medium,0,0.6039817333221436,0,LOW_RISK,0.0,
BioSpread,UNSEEN::AC899,0.21181122958660126,medium,0,0.6047655344009399,0,LOW_RISK,0.0,
BioSpread,UNSEEN::AA491,0.21218906342983246,medium,0,0.6039562225341797,0,LOW_RISK,0.0,
BioSpread,UNSEEN::AC626,0.21210049092769623,medium,0,0.6041199564933777,0,LOW_RISK,0.0,
BioSpread,UNSEEN::AH477,0.21216735243797302,medium,0,0.6039808392524719,0,LOW_RISK,0.0,
BioSpread,UNSEEN::AC871,0.21200013160705566,medium,0,0.6043209433555603,0,LOW_RISK,0.0,
BioSpread,UNSEEN::AC673,0.21216779947280884,medium,0,0.6039798557758331,0,LOW_RISK,0.0,
BioSpread,UNSEEN::AA309,0.21214842796325684,medium,0,0.6041114926338196,0,LOW_RISK,0.0,
BioSpread,UNSEEN::AG961,0.21216648817062378,medium,0,0.6039823293685913,0,LOW_RISK,0.0,
BioSpread,UNSEEN::AF904,0.21201317012310028,medium,0,0.6042939126491547,0,LOW_RISK,0.0,
BioSpread,AE043,0.6739833354949951,review,0,0.5356798768043518,0,MODERATE_RISK,0.0,
BioSpread,AA442,0.745185911655426,review,1,0.5658524334430695,0,MODERATE_RISK,0.0,
BioSpread,UNSEEN::AE552,0.2131204456090927,medium,0,0.6019262671470642,0,LOW_RISK,0.0,
BioSpread,UNSEEN::AG684,0.21215449273586273,medium,0,0.6040075123310089,0,LOW_RISK,0.0,
BioSpread,UNSEEN::AB937,0.2119988650083542,medium,0,0.6043237149715424,0,LOW_RISK,0.0,
BioSpread,AD074,0.6397660970687866,review,0,0.5109561681747437,0,MODERATE_RISK,0.0,
BioSpread,AC408,0.7452093362808228,review,0,0.5689535140991211,0,MODERATE_RISK,0.0,
BioSpread,UNSEEN::AE464,0.21216779947280884,medium,0,0.6039798557758331,0,LOW_RISK,0.0,
BioSpread,UNSEEN::AC198,0.21216821670532227,medium,0,0.6039789617061615,0,LOW_RISK,0.0,
BioSpread,UNSEEN::AA333,0.21192115545272827,medium,0,0.6045531630516052,0,LOW_RISK,0.0,
BioSpread,AB503,0.639538586139679,review,0,0.5274559259414673,0,MODERATE_RISK,0.0,
BioSpread,UNSEEN::AB231,0.21179364621639252,medium,0,0.6048009097576141,0,LOW_RISK,0.0,
BioSpread,UNSEEN::AF620,0.21216358244419098,medium,0,0.6040171682834625,0,LOW_RISK,0.0,
BioSpread,UNSEEN::AA090,0.21214379370212555,medium,0,0.6040014624595642,0,LOW_RISK,0.0,
BioSpread,UNSEEN::AE712,0.21183039247989655,medium,0,0.6046672761440277,0,LOW_RISK,0.0,
BioSpread,UNSEEN::AG561,0.21221128106117249,medium,0,0.6039305925369263,0,LOW_RISK,0.0,
BioSpread,UNSEEN::AF616,0.21199525892734528,medium,0,0.6043303608894348,0,LOW_RISK,0.0,
BioSpread,AC222,0.7426590323448181,review,1,0.5751086473464966,0,MODERATE_RISK,0.0,
BioSpread,AC216,0.7492209076881409,review,1,0.5708344876766205,0,MODERATE_RISK,0.0,
BioSpread,UNSEEN::AA055,0.21216033399105072,medium,0,0.6039941012859344,0,LOW_RISK,0.0,
BioSpread,UNSEEN::AC651,0.2122943252325058,medium,0,0.6037293672561646,0,LOW_RISK,0.0,
BioSpread,UNSEEN::AC461,0.21199928224086761,medium,0,0.6043228209018707,0,LOW_RISK,0.0,
BioSpread,UNSEEN::AE770,0.21214158833026886,medium,0,0.6040343046188354,0,LOW_RISK,0.0,
BioSpread,UNSEEN::AG210,0.21192620694637299,medium,0,0.6045461595058441,0,LOW_RISK,0.0,
BioSpread,UNSEEN::AB297,0.21230868995189667,medium,0,0.6036950349807739,0,LOW_RISK,0.0,
BioSpread,UNSEEN::AF127,0.2121686190366745,medium,0,0.6039780676364899,0,LOW_RISK,0.0,
BioSpread,UNSEEN::AB610,0.2121669501066208,medium,0,0.6039817333221436,0,LOW_RISK,0.0,
BioSpread,UNSEEN::AD041,0.2121332585811615,medium,0,0.6041054129600525,0,LOW_RISK,0.0,
BioSpread,AC919,0.6871515512466431,review,0,0.5455765426158905,0,MODERATE_RISK,0.0,
BioSpread,UNSEEN::AG380,0.21198132634162903,medium,0,0.6043298244476318,0,LOW_RISK,0.0,
BioSpread,UNSEEN::AE437,0.21107734739780426,medium,0,0.6063520908355713,0,LOW_RISK,0.0,
BioSpread,AC040,0.7057541012763977,review,0,0.5359281003475189,0,MODERATE_RISK,0.0,
BioSpread,AA932,0.6031091809272766,review,0,0.5410769879817963,0,MODERATE_RISK,0.0,
BioSpread,UNSEEN::AF870,0.21199928224086761,medium,0,0.6043228209018707,0,LOW_RISK,0.0,
BioSpread,AB867,0.7022358775138855,review,0,0.5502199828624725,0,MODERATE_RISK,0.0,
BioSpread,UNSEEN::AD149,0.21215488016605377,medium,0,0.6040110290050507,0,LOW_RISK,0.0,
BioSpread,AH347,0.2619539201259613,review,0,0.5957008302211761,0,LOW_RISK,0.0,
BioSpread,UNSEEN::AE290,0.2121686190366745,medium,0,0.6039780676364899,0,LOW_RISK,0.0,
BioSpread,UNSEEN::AE595,0.21216735243797302,medium,0,0.6039808392524719,0,LOW_RISK,0.0,
BioSpread,UNSEEN::AC349,0.21197320520877838,medium,0,0.6043769419193268,0,LOW_RISK,0.0,
BioSpread,AD124,0.5228564143180847,review,0,0.5080100297927856,0,MODERATE_RISK,0.0,
BioSpread,UNSEEN::AD109,0.21198204159736633,medium,0,0.6043919920921326,0,LOW_RISK,0.0,
BioSpread,AD116,0.6875268220901489,review,0,0.5339475274085999,0,MODERATE_RISK,0.0,
BioSpread,AE162,0.7441661953926086,review,0,0.5694431066513062,0,MODERATE_RISK,0.0,
BioSpread,UNSEEN::AF574,0.21223331987857819,medium,0,0.6039047241210938,0,LOW_RISK,0.0,
BioSpread,AF138,0.372357577085495,review,0,0.545007973909378,0,LOW_RISK,0.0,
BioSpread,UNSEEN::AD446,0.21206322312355042,medium,0,0.6042482852935791,0,LOW_RISK,0.0,
BioSpread,UNSEEN::AB613,0.2115447223186493,medium,0,0.6053766012191772,0,LOW_RISK,0.0,
BioSpread,UNSEEN::AA726,0.21201184391975403,medium,0,0.6042964160442352,0,LOW_RISK,0.0,
BioSpread,UNSEEN::AC215,0.21216779947280884,medium,0,0.6039798557758331,0,LOW_RISK,0.0,
BioSpread,UNSEEN::AH375,0.21230868995189667,medium,0,0.6036950349807739,0,LOW_RISK,0.0,
BioSpread,UNSEEN::AC895,0.21216735243797302,medium,0,0.6039808392524719,0,LOW_RISK,0.0,
BioSpread,AG177,0.5988722443580627,review,0,0.51461461186409,0,MODERATE_RISK,0.0,
BioSpread,AF323,0.2618187665939331,review,0,0.5957734882831573,0,LOW_RISK,0.0,
BioSpread,AC800,0.3278287947177887,review,0,0.5700961053371429,0,LOW_RISK,0.0,
BioSpread,AA343,0.7436035871505737,review,0,0.5679475367069244,0,MODERATE_RISK,0.0,
BioSpread,AA327,0.7460162043571472,review,0,0.5691341757774353,0,MODERATE_RISK,0.0,
BioSpread,UNSEEN::AD674,0.21212446689605713,medium,0,0.6040667593479156,0,LOW_RISK,0.0,
BioSpread,AG510,0.2619047462940216,review,0,0.5957272946834564,0,LOW_RISK,0.0,
BioSpread,UNSEEN::AC698,0.21215446293354034,medium,0,0.6040119230747223,0,LOW_RISK,0.0,
BioSpread,UNSEEN::AG694,0.21215270459651947,medium,0,0.6040109992027283,0,LOW_RISK,0.0,
BioSpread,UNSEEN::AC729,0.21151642501354218,medium,0,0.6054441332817078,0,LOW_RISK,0.0,
BioSpread,UNSEEN::AH317,0.21216735243797302,medium,0,0.6039808392524719,0,LOW_RISK,0.0,
BioSpread,AC671,0.7459908127784729,review,0,0.5692305862903595,0,MODERATE_RISK,0.0,
BioSpread,AE488,0.3285031020641327,review,0,0.56977578997612,0,LOW_RISK,0.0,
BioSpread,AC660,0.2602233588695526,review,0,0.5955476760864258,0,LOW_RISK,0.0,
BioSpread,UNSEEN::AE713,0.21214158833026886,medium,0,0.6040343046188354,0,LOW_RISK,0.0,
BioSpread,AC534,0.728884756565094,review,0,0.5627792775630951,0,MODERATE_RISK,0.0,
BioSpread,AB679,0.7462078332901001,review,0,0.5747322142124176,0,MODERATE_RISK,0.0,
BioSpread,UNSEEN::AE218,0.2123073786497116,medium,0,0.6036975085735321,0,LOW_RISK,0.0,
BioSpread,UNSEEN::AA048,0.21022255718708038,medium,0,0.6197352707386017,0,LOW_RISK,0.0,
BioSpread,AC090,0.7339085936546326,review,0,0.56418576836586,0,MODERATE_RISK,0.0,
BioSpread,UNSEEN::AD750,0.2121536284685135,medium,0,0.6040093898773193,0,LOW_RISK,0.0,
BioSpread,UNSEEN::AC878,0.2120136022567749,medium,0,0.6042929589748383,0,LOW_RISK,0.0,
BioSpread,AA608,0.685476541519165,review,0,0.5436390936374664,0,MODERATE_RISK,0.0,
BioSpread,AE432,0.5228438377380371,review,0,0.5080091655254364,0,MODERATE_RISK,0.0,
BioSpread,UNSEEN::AB126,0.21205154061317444,medium,0,0.6042628288269043,0,LOW_RISK,0.0,
BioSpread,AF482,0.571986973285675,review,0,0.5153132081031799,0,MODERATE_RISK,0.0,
BioSpread,UNSEEN::AG688,0.21216779947280884,medium,0,0.6039798557758331,0,LOW_RISK,0.0,
BioSpread,UNSEEN::AG525,0.21216821670532227,medium,0,0.6039789617061615,0,LOW_RISK,0.0,
BioSpread,AB568,0.6716268658638,review,0,0.5406314134597778,0,MODERATE_RISK,0.0,
BioSpread,AF226,0.26192933320999146,review,0,0.5957140326499939,0,LOW_RISK,0.0,
BioSpread,UNSEEN::AG139,0.21217621862888336,medium,0,0.6039829254150391,0,LOW_RISK,0.0,
BioSpread,UNSEEN::AA207,0.2119714617729187,medium,0,0.6043803691864014,0,LOW_RISK,0.0,
BioSpread,UNSEEN::AC444,0.21198707818984985,medium,0,0.6043480336666107,0,LOW_RISK,0.0,
BioSpread,UNSEEN::AF970,0.21230868995189667,medium,0,0.6036950349807739,0,LOW_RISK,0.0,
BioSpread,UNSEEN::AD811,0.21214202046394348,medium,0,0.60403773188591,0,LOW_RISK,0.0,
BioSpread,UNSEEN::AB358,0.2117163985967636,medium,0,0.6049449741840363,0,LOW_RISK,0.0,
BioSpread,AD578,0.7269769906997681,review,1,0.5614466667175293,0,MODERATE_RISK,0.0,
BioSpread,UNSEEN::AC130,0.21216602623462677,medium,0,0.6039832830429077,0,LOW_RISK,0.0,
BioSpread,UNSEEN::AA954,0.21215449273586273,medium,0,0.6040075123310089,0,LOW_RISK,0.0,
BioSpread,UNSEEN::AB389,0.21217240393161774,medium,0,0.6040158867835999,0,LOW_RISK,0.0,
BioSpread,UNSEEN::AC285,0.21208876371383667,medium,0,0.6041995584964752,0,LOW_RISK,0.0,
BioSpread,AH435,0.2617328464984894,review,0,0.5958198010921478,0,LOW_RISK,0.0,
BioSpread,UNSEEN::AC041,0.2116452008485794,medium,0,0.6051511466503143,0,LOW_RISK,0.0,
BioSpread,AB601,0.74201899766922,review,0,0.5646543502807617,0,MODERATE_RISK,0.0,
BioSpread,AF812,0.7389684915542603,review,0,0.5621353089809418,0,MODERATE_RISK,0.0,
BioSpread,UNSEEN::AF711,0.2122097611427307,medium,0,0.6039372384548187,0,LOW_RISK,0.0,
BioSpread,UNSEEN::AF291,0.2123986929655075,medium,0,0.6035606563091278,0,LOW_RISK,0.0,
BioSpread,AD926,0.5104241967201233,review,0,0.5322903096675873,0,MODERATE_RISK,0.0,
BioSpread,UNSEEN::AF355,0.21216735243797302,medium,0,0.6039808392524719,0,LOW_RISK,0.0,
BioSpread,UNSEEN::AD240,0.212307870388031,medium,0,0.6036968231201172,0,LOW_RISK,0.0,
BioSpread,UNSEEN::AE470,0.2116718739271164,medium,0,0.604991227388382,0,LOW_RISK,0.0,
BioSpread,AD584,0.7435035705566406,review,0,0.5668075978755951,0,MODERATE_RISK,0.0,
BioSpread,UNSEEN::AF055,0.21201317012310028,medium,0,0.6042939126491547,0,LOW_RISK,0.0,
BioSpread,UNSEEN::AF522,0.21164384484291077,medium,0,0.605049192905426,0,LOW_RISK,0.0,
BioSpread,AA338,0.7477559447288513,review,1,0.5709128677845001,0,MODERATE_RISK,0.0,
BioSpread,UNSEEN::AD532,0.21190938353538513,medium,0,0.6045655608177185,0,LOW_RISK,0.0,
BioSpread,AC115,0.5636913180351257,review,0,0.5355778634548187,0,MODERATE_RISK,0.0,
BioSpread,UNSEEN::AD695,0.21216821670532227,medium,0,0.6039789617061615,0,LOW_RISK,0.0,
BioSpread,UNSEEN::AB916,0.21216434240341187,medium,0,0.6039866209030151,0,LOW_RISK,0.0,
BioSpread,AA926,0.26192933320999146,review,0,0.5957140326499939,0,LOW_RISK,0.0,
BioSpread,UNSEEN::AE420,0.21215488016605377,medium,0,0.6040066182613373,0,LOW_RISK,0.0,
BioSpread,UNSEEN::AA189,0.2121686190366745,medium,0,0.6039780676364899,0,LOW_RISK,0.0,
BioSpread,UNSEEN::AE918,0.21180278062820435,medium,0,0.6048116385936737,0,LOW_RISK,0.0,
BioSpread,UNSEEN::AF429,0.21184515953063965,medium,0,0.6046947538852692,0,LOW_RISK,0.0,
BioSpread,AB324,0.6257793307304382,review,0,0.5327253341674805,0,MODERATE_RISK,0.0,
BioSpread,UNSEEN::AB934,0.21216821670532227,medium,0,0.6039789617061615,0,LOW_RISK,0.0,
BioSpread,UNSEEN::AE150,0.2121686190366745,medium,0,0.6039780676364899,0,LOW_RISK,0.0,
BioSpread,AA401,0.7266704440116882,review,1,0.550921618938446,0,MODERATE_RISK,0.0,
BioSpread,UNSEEN::AA755,0.2123294472694397,medium,0,0.6036723256111145,0,LOW_RISK,0.0,
BioSpread,UNSEEN::AE118,0.21178403496742249,medium,0,0.6048677563667297,0,LOW_RISK,0.0,
BioSpread,AA170,0.7463067770004272,review,0,0.5677772760391235,0,MODERATE_RISK,0.0,
BioSpread,UNSEEN::AE030,0.2113320231437683,medium,0,0.605844646692276,0,LOW_RISK,0.0,
BioSpread,UNSEEN::AC367,0.21230871975421906,medium,0,0.6036993265151978,0,LOW_RISK,0.0,
BioSpread,UNSEEN::AB450,0.21215488016605377,medium,0,0.6040066182613373,0,LOW_RISK,0.0,
BioSpread,UNSEEN::AE565,0.21198152005672455,medium,0,0.6043767929077148,0,LOW_RISK,0.0,
BioSpread,AB229,0.7460833787918091,review,1,0.5682145655155182,0,MODERATE_RISK,0.0,
BioSpread,UNSEEN::AB021,0.21230708062648773,medium,0,0.6036985814571381,0,LOW_RISK,0.0,
BioSpread,UNSEEN::AB343,0.2118649184703827,medium,0,0.6047027409076691,0,LOW_RISK,0.0,
BioSpread,AE404,0.6107573509216309,review,0,0.5110343396663666,0,MODERATE_RISK,0.0,
BioSpread,UNSEEN::AE343,0.21214379370212555,medium,0,0.6040014624595642,0,LOW_RISK,0.0,
BioSpread,UNSEEN::AB604,0.2118654102087021,medium,0,0.604683130979538,0,LOW_RISK,0.0,
BioSpread,UNSEEN::AF057,0.21216821670532227,medium,0,0.6039789617061615,0,LOW_RISK,0.0,
BioSpread,UNSEEN::AB834,0.2115408033132553,medium,0,0.6052589118480682,0,LOW_RISK,0.0,
BioSpread,UNSEEN::AE728,0.21216735243797302,medium,0,0.6039808392524719,0,LOW_RISK,0.0,
BioSpread,AA436,0.7450841069221497,review,1,0.565892368555069,0,MODERATE_RISK,0.0,
BioSpread,UNSEEN::AG324,0.21215488016605377,medium,0,0.6040066182613373,0,LOW_RISK,0.0,
BioSpread,UNSEEN::AG124,0.2124335914850235,medium,0,0.6035042703151703,0,LOW_RISK,0.0,
BioSpread,AG670,0.34731772541999817,review,0,0.5507549941539764,0,LOW_RISK,0.0,
BioSpread,UNSEEN::AB713,0.2116381675004959,medium,0,0.6051171123981476,0,LOW_RISK,0.0,
BioSpread,AB557,0.7205563187599182,review,1,0.5534232258796692,0,MODERATE_RISK,0.0,
BioSpread,UNSEEN::AE436,0.21216735243797302,medium,0,0.6039808392524719,0,LOW_RISK,0.0,
BioSpread,AA781,0.697985827922821,review,1,0.5407456755638123,0,MODERATE_RISK,0.0,
BioSpread,AB957,0.7435566782951355,review,0,0.5659319460391998,0,MODERATE_RISK,0.0,
BioSpread,UNSEEN::AG582,0.2122841477394104,medium,0,0.6037181317806244,0,LOW_RISK,0.0,
BioSpread,AB442,0.6930749416351318,review,1,0.5352258086204529,0,MODERATE_RISK,0.0,
BioSpread,UNSEEN::AD036,0.2114206850528717,medium,0,0.605717122554779,0,LOW_RISK,0.0,
BioSpread,UNSEEN::AC848,0.2121420055627823,medium,0,0.6040333807468414,0,LOW_RISK,0.0,
BioSpread,AC058,0.6838634610176086,review,0,0.5366945862770081,0,MODERATE_RISK,0.0,
BioSpread,UNSEEN::AD824,0.21151183545589447,medium,0,0.6054517924785614,0,LOW_RISK,0.0,
BioSpread,AE551,0.6913806200027466,review,0,0.5484956800937653,0,MODERATE_RISK,0.0,
BioSpread,UNSEEN::AG568,0.21196234226226807,medium,0,0.6043708920478821,0,LOW_RISK,0.0,
BioSpread,UNSEEN::AA320,0.21122214198112488,medium,0,0.6060170531272888,0,LOW_RISK,0.0,
BioSpread,UNSEEN::AF645,0.21216821670532227,medium,0,0.6039789617061615,0,LOW_RISK,0.0,
BioSpread,UNSEEN::AH371,0.2121540606021881,medium,0,0.6040128469467163,0,LOW_RISK,0.0,
BioSpread,UNSEEN::AG663,0.21216779947280884,medium,0,0.6039798557758331,0,LOW_RISK,0.0,
BioSpread,AD506,0.682827353477478,review,0,0.543686717748642,0,MODERATE_RISK,0.0,
BioSpread,UNSEEN::AC422,0.2118435800075531,medium,0,0.6046398878097534,0,LOW_RISK,0.0,
BioSpread,UNSEEN::AD117,0.21185678243637085,medium,0,0.6046125292778015,0,LOW_RISK,0.0,
BioSpread,UNSEEN::AD700,0.21215449273586273,medium,0,0.6040075123310089,0,LOW_RISK,0.0,
BioSpread,AG746,0.6253811120986938,review,0,0.5214087963104248,0,MODERATE_RISK,0.0,
BioSpread,UNSEEN::AG495,0.21181099116802216,medium,0,0.6047986447811127,0,LOW_RISK,0.0,
BioSpread,AC524,0.7055835127830505,review,0,0.5550882518291473,0,MODERATE_RISK,0.0,
BioSpread,AG024,0.5631248354911804,review,0,0.5354771018028259,0,MODERATE_RISK,0.0,
BioSpread,AD691,0.261867880821228,review,0,0.5957471132278442,0,LOW_RISK,0.0,
BioSpread,AE006,0.18219825625419617,medium,0,0.6582783460617065,0,LOW_RISK,0.0,
BioSpread,AC542,0.7471603155136108,review,0,0.5712836980819702,0,MODERATE_RISK,0.0,
BioSpread,AF582,0.7438909411430359,review,0,0.5682814121246338,0,MODERATE_RISK,0.0,
BioSpread,AC798,0.6297059059143066,review,0,0.5093635320663452,0,MODERATE_RISK,0.0,
BioSpread,UNSEEN::AB234,0.212307870388031,medium,0,0.6036968231201172,0,LOW_RISK,0.0,
BioSpread,UNSEEN::AB617,0.21216821670532227,medium,0,0.6039789617061615,0,LOW_RISK,0.0,
BioSpread,UNSEEN::AB942,0.21230827271938324,medium,0,0.6036959290504456,0,LOW_RISK,0.0,
BioSpread,AC134,0.7415828108787537,review,0,0.5631993412971497,0,MODERATE_RISK,0.0,
BioSpread,AD524,0.5228815674781799,review,0,0.5080117583274841,0,MODERATE_RISK,0.0,
BioSpread,AF315,0.6420092582702637,review,0,0.5410335958003998,0,MODERATE_RISK,0.0,
BioSpread,AD434,0.5815338492393494,review,0,0.5163228511810303,0,MODERATE_RISK,0.0,
BioSpread,UNSEEN::AB088,0.21199312806129456,medium,0,0.6044242680072784,0,LOW_RISK,0.0,
BioSpread,UNSEEN::AE695,0.21214115619659424,medium,0,0.6040352284908295,0,LOW_RISK,0.0,
BioSpread,AB072,0.7336705923080444,review,1,0.558510959148407,0,MODERATE_RISK,0.0,
BioSpread,UNSEEN::AH253,0.21216821670532227,medium,0,0.6039789617061615,0,LOW_RISK,0.0,
BioSpread,AD665,0.6539650559425354,review,0,0.5146400630474091,0,MODERATE_RISK,0.0,
BioSpread,AF185,0.6592934727668762,review,0,0.5353451669216156,0,MODERATE_RISK,0.0,
BioSpread,UNSEEN::AB163,0.21192814409732819,medium,0,0.6045817732810974,0,LOW_RISK,0.0,
BioSpread,UNSEEN::AB216,0.21216735243797302,medium,0,0.6039808392524719,0,LOW_RISK,0.0,
BioSpread,AC710,0.4154912233352661,review,0,0.5401943922042847,0,LOW_RISK,0.0,
BioSpread,UNSEEN::AE819,0.2120172530412674,medium,0,0.6043115854263306,0,LOW_RISK,0.0,
BioSpread,UNSEEN::AF920,0.21185678243637085,medium,0,0.6046125292778015,0,LOW_RISK,0.0,
BioSpread,UNSEEN::AA471,0.21201317012310028,medium,0,0.6042939126491547,0,LOW_RISK,0.0,
BioSpread,AG199,0.6870853900909424,review,0,0.5387221872806549,0,MODERATE_RISK,0.0,
BioSpread,AB872,0.7481986880302429,review,0,0.5704200565814972,0,MODERATE_RISK,0.0,
BioSpread,UNSEEN::AF334,0.21199969947338104,medium,0,0.6043262779712677,0,LOW_RISK,0.0,
BioSpread,AF644,0.6598599553108215,review,0,0.5323612987995148,0,MODERATE_RISK,0.0,
BioSpread,UNSEEN::AA394,0.212021142244339,medium,0,0.6042981147766113,0,LOW_RISK,0.0,
BioSpread,UNSEEN::AC569,0.21182996034622192,medium,0,0.6046682000160217,0,LOW_RISK,0.0,
BioSpread,UNSEEN::AA569,0.21201276779174805,medium,0,0.6042947769165039,0,LOW_RISK,0.0,
BioSpread,AC661,0.6666475534439087,review,0,0.5314159691333771,0,MODERATE_RISK,0.0,
BioSpread,UNSEEN::AD089,0.21198931336402893,medium,0,0.6043148338794708,0,LOW_RISK,0.0,
BioSpread,UNSEEN::AE884,0.2117263674736023,medium,0,0.604945570230484,0,LOW_RISK,0.0,
BioSpread,UNSEEN::AA511,0.21201403439044952,medium,0,0.6042920649051666,0,LOW_RISK,0.0,
BioSpread,AD600,0.6909715533256531,review,1,0.5462517440319061,0,MODERATE_RISK,0.0,
BioSpread,AD163,0.7009516954421997,review,0,0.5359756946563721,0,MODERATE_RISK,0.0,
BioSpread,AE509,0.6563965082168579,review,0,0.5342918038368225,0,MODERATE_RISK,0.0,
BioSpread,UNSEEN::AG604,0.21230746805667877,medium,0,0.6036976873874664,0,LOW_RISK,0.0,
BioSpread,UNSEEN::AE198,0.21216779947280884,medium,0,0.6039798557758331,0,LOW_RISK,0.0,
BioSpread,AC151,0.18170128762722015,medium,0,0.6617843508720398,0,LOW_RISK,0.0,
BioSpread,UNSEEN::AH376,0.21216735243797302,medium,0,0.6039808392524719,0,LOW_RISK,0.0,
BioSpread,AA751,0.7330789566040039,review,0,0.5611124336719513,0,MODERATE_RISK,0.0,
BioSpread,AC549,0.5228815674781799,review,0,0.5080117583274841,0,MODERATE_RISK,0.0,
BioSpread,UNSEEN::AA210,0.21216735243797302,medium,0,0.6039808392524719,0,LOW_RISK,0.0,
BioSpread,UNSEEN::AC250,0.21216735243797302,medium,0,0.6039808392524719,0,LOW_RISK,0.0,
BioSpread,UNSEEN::AB247,0.21201317012310028,medium,0,0.6042939126491547,0,LOW_RISK,0.0,
BioSpread,AB914,0.5863015651702881,review,0,0.5050345659255981,0,MODERATE_RISK,0.0,
BioSpread,UNSEEN::AG999,0.21216821670532227,medium,0,0.6039789617061615,0,LOW_RISK,0.0,
BioSpread,UNSEEN::AG516,0.21181128919124603,medium,0,0.6047282516956329,0,LOW_RISK,0.0,
BioSpread,UNSEEN::AG652,0.21199969947338104,medium,0,0.6043218672275543,0,LOW_RISK,0.0,
BioSpread,AA199,0.6806014180183411,review,0,0.5294097661972046,0,MODERATE_RISK,0.0,
BioSpread,UNSEEN::AE680,0.2121686190366745,medium,0,0.6039780676364899,0,LOW_RISK,0.0,
BioSpread,UNSEEN::AG391,0.21218056976795197,medium,0,0.6039973795413971,0,LOW_RISK,0.0,
BioSpread,UNSEEN::AD469,0.212307870388031,medium,0,0.6036968231201172,0,LOW_RISK,0.0,
BioSpread,UNSEEN::AD920,0.2121669501066208,medium,0,0.6039817333221436,0,LOW_RISK,0.0,
BioSpread,AF088,0.6562777161598206,review,0,0.5342015027999878,0,MODERATE_RISK,0.0,
BioSpread,UNSEEN::AD039,0.21230746805667877,medium,0,0.6036976873874664,0,LOW_RISK,0.0,
BioSpread,UNSEEN::AE547,0.21216779947280884,medium,0,0.6039798557758331,0,LOW_RISK,0.0,
BioSpread,AE186,0.6313959956169128,review,0,0.5230439305305481,0,MODERATE_RISK,0.0,
BioSpread,AB541,0.7489681243896484,review,0,0.5715495645999908,0,MODERATE_RISK,0.0,
BioSpread,UNSEEN::AD715,0.21197496354579926,medium,0,0.6043443977832794,0,LOW_RISK,0.0,
BioSpread,UNSEEN::AB960,0.21216341853141785,medium,0,0.6039882302284241,0,LOW_RISK,0.0,
BioSpread,UNSEEN::AA032,0.20165681838989258,medium,0,0.6290289461612701,0,LOW_RISK,0.0,
BioSpread,AC774,0.7466750741004944,review,0,0.5690335631370544,0,MODERATE_RISK,0.0,
BioSpread,AE944,0.6839389204978943,review,0,0.5404088795185089,0,MODERATE_RISK,0.0,
BioSpread,UNSEEN::AG575,0.2121553122997284,medium,0,0.6040057241916656,0,LOW_RISK,0.0,
BioSpread,AD241,0.7005491256713867,review,0,0.5415410697460175,0,MODERATE_RISK,0.0,
BioSpread,UNSEEN::AG881,0.21216779947280884,medium,0,0.6039798557758331,0,LOW_RISK,0.0,
BioSpread,UNSEEN::AD069,0.21200141310691833,medium,0,0.6043504476547241,0,LOW_RISK,0.0,
BioSpread,UNSEEN::AH149,0.21198537945747375,medium,0,0.6043517887592316,0,LOW_RISK,0.0,
BioSpread,AA202,0.67177814245224,review,0,0.5267088711261749,0,MODERATE_RISK,0.0,
BioSpread,UNSEEN::AA438,0.21181607246398926,medium,0,0.6048034429550171,0,LOW_RISK,0.0,
BioSpread,AA114,0.7302209138870239,review,1,0.559257835149765,0,MODERATE_RISK,0.0,
BioSpread,AE318,0.7163432836532593,review,0,0.5562431216239929,0,MODERATE_RISK,0.0,
BioSpread,UNSEEN::AF306,0.21216821670532227,medium,0,0.6039789617061615,0,LOW_RISK,0.0,
BioSpread,AD374,0.5228438377380371,review,0,0.5080091655254364,0,MODERATE_RISK,0.0,
BioSpread,UNSEEN::AH069,0.21215488016605377,medium,0,0.6040110290050507,0,LOW_RISK,0.0,
BioSpread,AF269,0.7034852504730225,review,0,0.5427760779857635,0,MODERATE_RISK,0.0,
BioSpread,UNSEEN::AC359,0.21149982511997223,medium,0,0.6053440868854523,0,LOW_RISK,0.0,
BioSpread,UNSEEN::AH055,0.2121420055627823,medium,0,0.6040333807468414,0,LOW_RISK,0.0,
BioSpread,UNSEEN::AA495,0.21216779947280884,medium,0,0.6039798557758331,0,LOW_RISK,0.0,
BioSpread,UNSEEN::AG858,0.2121553122997284,medium,0,0.6040101051330566,0,LOW_RISK,0.0,
BioSpread,UNSEEN::AA481,0.21216648817062378,medium,0,0.6039823293685913,0,LOW_RISK,0.0,
BioSpread,UNSEEN::AH060,0.21215449273586273,medium,0,0.6040075123310089,0,LOW_RISK,0.0,
BioSpread,UNSEEN::AE453,0.21201317012310028,medium,0,0.6042939126491547,0,LOW_RISK,0.0,
BioSpread,UNSEEN::AE325,0.21216779947280884,medium,0,0.6039798557758331,0,LOW_RISK,0.0,
BioSpread,AC577,0.7499600052833557,review,0,0.5721486806869507,0,MODERATE_RISK,0.0,
BioSpread,UNSEEN::AG132,0.21204307675361633,medium,0,0.604331761598587,0,LOW_RISK,0.0,
BioSpread,UNSEEN::AD568,0.2120315581560135,medium,0,0.604263037443161,0,LOW_RISK,0.0,
BioSpread,UNSEEN::AD428,0.2121669501066208,medium,0,0.6039817333221436,0,LOW_RISK,0.0,
BioSpread,UNSEEN::AA321,0.21152901649475098,medium,0,0.6053628623485565,0,LOW_RISK,0.0,
BioSpread,UNSEEN::AF278,0.21201317012310028,medium,0,0.6042939126491547,0,LOW_RISK,0.0,
BioSpread,AF043,0.7484921813011169,review,0,0.5679517090320587,0,MODERATE_RISK,0.0,
BioSpread,AF333,0.5717028975486755,review,0,0.5152290761470795,0,MODERATE_RISK,0.0,
BioSpread,AB238,0.7282506823539734,review,1,0.5566362142562866,0,MODERATE_RISK,0.0,
BioSpread,UNSEEN::AH022,0.21198581159114838,medium,0,0.6043508052825928,0,LOW_RISK,0.0,
BioSpread,UNSEEN::AD819,0.21204830706119537,medium,0,0.6042286157608032,0,LOW_RISK,0.0,
BioSpread,UNSEEN::AE967,0.2121536284685135,medium,0,0.6040093898773193,0,LOW_RISK,0.0,
BioSpread,UNSEEN::AA118,0.21053944528102875,medium,0,0.6075551807880402,0,LOW_RISK,0.0,
BioSpread,AB768,0.6361644268035889,review,0,0.522278219461441,0,MODERATE_RISK,0.0,
BioSpread,AC105,0.7278631925582886,review,1,0.5574356019496918,0,MODERATE_RISK,0.0,
BioSpread,AD989,0.6395575404167175,review,0,0.5274625420570374,0,MODERATE_RISK,0.0,
BioSpread,UNSEEN::AD873,0.21197320520877838,medium,0,0.6043769419193268,0,LOW_RISK,0.0,
BioSpread,UNSEEN::AB597,0.21183905005455017,medium,0,0.6046481132507324,0,LOW_RISK,0.0,
BioSpread,UNSEEN::AE018,0.21154822409152985,medium,0,0.6052491366863251,0,LOW_RISK,0.0,
BioSpread,AD927,0.5104241967201233,review,0,0.5322903096675873,0,MODERATE_RISK,0.0,
BioSpread,UNSEEN::AA484,0.21185116469860077,medium,0,0.6047191023826599,0,LOW_RISK,0.0,
BioSpread,UNSEEN::AG962,0.21216735243797302,medium,0,0.6039808392524719,0,LOW_RISK,0.0,
BioSpread,UNSEEN::AB261,0.2120487093925476,medium,0,0.6042321026325226,0,LOW_RISK,0.0,
BioSpread,UNSEEN::AC868,0.21195979416370392,medium,0,0.604404866695404,0,LOW_RISK,0.0,
BioSpread,AA597,0.673882246017456,review,0,0.5447255671024323,0,MODERATE_RISK,0.0,
BioSpread,AA698,0.7296631932258606,review,1,0.5594096779823303,0,MODERATE_RISK,0.0,
BioSpread,AC057,0.6848218441009521,review,0,0.5369885563850403,0,MODERATE_RISK,0.0,
BioSpread,UNSEEN::AA392,0.212224543094635,medium,0,0.6038986146450043,0,LOW_RISK,0.0,
BioSpread,UNSEEN::AH485,0.21201276779174805,medium,0,0.6042947769165039,0,LOW_RISK,0.0,
BioSpread,UNSEEN::AE928,0.20977304875850677,medium,0,0.6093269288539886,0,LOW_RISK,0.0,
BioSpread,UNSEEN::AC435,0.21229515969753265,medium,0,0.6037232279777527,0,LOW_RISK,0.0,
BioSpread,AB379,0.5512197613716125,review,0,0.5263043642044067,0,MODERATE_RISK,0.0,
BioSpread,AD038,0.6665014028549194,review,0,0.5360798537731171,0,MODERATE_RISK,0.0,
BioSpread,UNSEEN::AC303,0.21136362850666046,medium,0,0.6056843400001526,0,LOW_RISK,0.0,
BioSpread,UNSEEN::AH510,0.21216735243797302,medium,0,0.6039808392524719,0,LOW_RISK,0.0,
BioSpread,AG108,0.7297815680503845,review,0,0.5694929659366608,0,MODERATE_RISK,0.0,
BioSpread,AC360,0.33299413323402405,review,0,0.5618037581443787,0,LOW_RISK,0.0,
BioSpread,UNSEEN::AB739,0.21200399100780487,medium,0,0.6043407320976257,0,LOW_RISK,0.0,
BioSpread,UNSEEN::AA711,0.21181344985961914,medium,0,0.6046966016292572,0,LOW_RISK,0.0,
BioSpread,UNSEEN::AD500,0.21230708062648773,medium,0,0.6036985814571381,0,LOW_RISK,0.0,
BioSpread,UNSEEN::AH015,0.212307870388031,medium,0,0.6036968231201172,0,LOW_RISK,0.0,
BioSpread,AA240,0.2083340287208557,medium,0,0.6410933136940002,0,LOW_RISK,0.0,
BioSpread,UNSEEN::AE067,0.21176612377166748,medium,0,0.6048037111759186,0,LOW_RISK,0.0,
BioSpread,AC230,0.5189661383628845,review,0,0.5007696151733398,0,MODERATE_RISK,0.0,
BioSpread,AA434,0.7492000460624695,review,1,0.5698316395282745,0,MODERATE_RISK,0.0,
BioSpread,AG614,0.5997369289398193,review,0,0.514577180147171,0,MODERATE_RISK,0.0,
BioSpread,UNSEEN::AG355,0.21224573254585266,medium,0,0.6038789451122284,0,LOW_RISK,0.0,
BioSpread,UNSEEN::AC404,0.2121669501066208,medium,0,0.6039817333221436,0,LOW_RISK,0.0,
BioSpread,UNSEEN::AE033,0.21216821670532227,medium,0,0.6039789617061615,0,LOW_RISK,0.0,
BioSpread,UNSEEN::AD381,0.21216735243797302,medium,0,0.6039808392524719,0,LOW_RISK,0.0,
BioSpread,UNSEEN::AA550,0.2121686190366745,medium,0,0.6039780676364899,0,LOW_RISK,0.0,
BioSpread,UNSEEN::AG320,0.21191488206386566,medium,0,0.6045373976230621,0,LOW_RISK,0.0,
BioSpread,AE298,0.6742703318595886,review,0,0.5374622344970703,0,MODERATE_RISK,0.0,
BioSpread,AA045,0.7460377812385559,review,1,0.567066490650177,0,MODERATE_RISK,0.0,
BioSpread,UNSEEN::AF953,0.21216735243797302,medium,0,0.6039808392524719,0,LOW_RISK,0.0,
BioSpread,UNSEEN::AE583,0.21139934659004211,medium,0,0.6056736707687378,0,LOW_RISK,0.0,
BioSpread,UNSEEN::AG448,0.21216779947280884,medium,0,0.6039798557758331,0,LOW_RISK,0.0,
BioSpread,UNSEEN::AD518,0.2099507749080658,medium,0,0.6087325513362885,0,LOW_RISK,0.0,
BioSpread,UNSEEN::AG401,0.2121446430683136,medium,0,0.6039995849132538,0,LOW_RISK,0.0,
BioSpread,UNSEEN::AF438,0.2121420055627823,medium,0,0.6040333807468414,0,LOW_RISK,0.0,
BioSpread,AF563,0.7456175088882446,review,1,0.5694770812988281,0,MODERATE_RISK,0.0,
BioSpread,UNSEEN::AE477,0.21216821670532227,medium,0,0.6039789617061615,0,LOW_RISK,0.0,
BioSpread,UNSEEN::AA115,0.21216735243797302,medium,0,0.6039808392524719,0,LOW_RISK,0.0,
BioSpread,UNSEEN::AF067,0.21175968647003174,medium,0,0.6048139929771423,0,LOW_RISK,0.0,
BioSpread,UNSEEN::AC354,0.21216779947280884,medium,0,0.6039798557758331,0,LOW_RISK,0.0,
BioSpread,UNSEEN::AB770,0.2119988650083542,medium,0,0.6043237149715424,0,LOW_RISK,0.0,
BioSpread,AF521,0.6088423728942871,review,0,0.5170175135135651,0,MODERATE_RISK,0.0,
BioSpread,AH220,0.2386452555656433,medium,0,0.6059003472328186,0,LOW_RISK,0.0,
BioSpread,AD454,0.674285888671875,review,0,0.537469744682312,0,MODERATE_RISK,0.0,
BioSpread,AA525,0.7473525404930115,review,1,0.5704865455627441,0,MODERATE_RISK,0.0,
BioSpread,UNSEEN::AE267,0.21214379370212555,medium,0,0.6040014624595642,0,LOW_RISK,0.0,
BioSpread,AE556,0.6109306812286377,review,0,0.5067193806171417,0,MODERATE_RISK,0.0,
BioSpread,UNSEEN::AB694,0.21081410348415375,medium,0,0.6068428754806519,0,LOW_RISK,0.0,
BioSpread,AA452,0.7483413219451904,review,1,0.5685774385929108,0,MODERATE_RISK,0.0,
BioSpread,UNSEEN::AA362,0.2118571400642395,medium,0,0.6047041416168213,0,LOW_RISK,0.0,
BioSpread,UNSEEN::AF887,0.21198667585849762,medium,0,0.6043489277362823,0,LOW_RISK,0.0,
BioSpread,UNSEEN::AC348,0.21201276779174805,medium,0,0.6042947769165039,0,LOW_RISK,0.0,
BioSpread,AE939,0.48086386919021606,review,0,0.5007511973381042,0,LOW_RISK,0.0,
BioSpread,UNSEEN::AA385,0.2121046781539917,medium,0,0.6040826141834259,0,LOW_RISK,0.0,
BioSpread,UNSEEN::AG848,0.2121540606021881,medium,0,0.6040084660053253,0,LOW_RISK,0.0,
BioSpread,UNSEEN::AC275,0.21231606602668762,medium,0,0.6037653684616089,0,LOW_RISK,0.0,
BioSpread,UNSEEN::AG047,0.21221065521240234,medium,0,0.6039356589317322,0,LOW_RISK,0.0,
BioSpread,AF749,0.5632140636444092,review,0,0.5032535493373871,0,MODERATE_RISK,0.0,
BioSpread,UNSEEN::AH503,0.21230708062648773,medium,0,0.6036985814571381,0,LOW_RISK,0.0,
BioSpread,UNSEEN::AG135,0.2121613621711731,medium,0,0.6040801405906677,0,LOW_RISK,0.0,
BioSpread,AG274,0.639538586139679,review,0,0.5274559259414673,0,MODERATE_RISK,0.0,
BioSpread,AD253,0.5937743782997131,review,0,0.5133132338523865,0,MODERATE_RISK,0.0,
BioSpread,UNSEEN::AA037,0.21158698201179504,medium,0,0.605209082365036,0,LOW_RISK,0.0,
BioSpread,UNSEEN::AE656,0.21193334460258484,medium,0,0.6044599115848541,0,LOW_RISK,0.0,
BioSpread,AB508,0.5773618817329407,review,0,0.5161696076393127,0,MODERATE_RISK,0.0,
BioSpread,AG146,0.6634698510169983,review,0,0.5373182594776154,0,MODERATE_RISK,0.0,
BioSpread,AC546,0.3279103934764862,review,0,0.570054680109024,0,LOW_RISK,0.0,
BioSpread,AD153,0.45986613631248474,review,0,0.5554796159267426,0,LOW_RISK,0.0,
BioSpread,AC476,0.6868639588356018,review,0,0.5336549580097198,0,MODERATE_RISK,0.0,
BioSpread,UNSEEN::AH039,0.21216735243797302,medium,0,0.6039808392524719,0,LOW_RISK,0.0,
BioSpread,UNSEEN::AA933,0.2122955471277237,medium,0,0.603726714849472,0,LOW_RISK,0.0,
BioSpread,AF318,0.6155276298522949,review,0,0.5187366902828217,0,MODERATE_RISK,0.0,
BioSpread,UNSEEN::AG944,0.21216735243797302,medium,0,0.6039808392524719,0,LOW_RISK,0.0,
BioSpread,UNSEEN::AC810,0.2112339287996292,medium,0,0.6060022115707397,0,LOW_RISK,0.0,
BioSpread,AF106,0.6780053377151489,review,0,0.5319207608699799,0,MODERATE_RISK,0.0,
BioSpread,UNSEEN::AB551,0.21216735243797302,medium,0,0.6039808392524719,0,LOW_RISK,0.0,
BioSpread,UNSEEN::AC131,0.21216779947280884,medium,0,0.6039798557758331,0,LOW_RISK,0.0,
BioSpread,UNSEEN::AE371,0.21170035004615784,medium,0,0.6049319505691528,0,LOW_RISK,0.0,
BioSpread,UNSEEN::AC932,0.21186693012714386,medium,0,0.604620486497879,0,LOW_RISK,0.0,
BioSpread,UNSEEN::AG760,0.2121553122997284,medium,0,0.6040101051330566,0,LOW_RISK,0.0,
BioSpread,UNSEEN::AA126,0.21118193864822388,medium,0,0.6062102615833282,0,LOW_RISK,0.0,
BioSpread,AG942,0.5850083827972412,review,0,0.5188125669956207,0,MODERATE_RISK,0.0,
BioSpread,UNSEEN::AB919,0.2120119333267212,medium,0,0.6043209433555603,0,LOW_RISK,0.0,
BioSpread,AC802,0.40562331676483154,review,0,0.5651382803916931,0,LOW_RISK,0.0,
BioSpread,UNSEEN::AC073,0.21155931055545807,medium,0,0.6053003668785095,0,LOW_RISK,0.0,
BioSpread,AB972,0.7362982630729675,review,0,0.5588882863521576,0,MODERATE_RISK,0.0,
BioSpread,UNSEEN::AH497,0.212294340133667,medium,0,0.603725016117096,0,LOW_RISK,0.0,
BioSpread,UNSEEN::AG768,0.21216730773448944,medium,0,0.603980541229248,0,LOW_RISK,0.0,
BioSpread,UNSEEN::AF382,0.21216735243797302,medium,0,0.6039808392524719,0,LOW_RISK,0.0,
BioSpread,UNSEEN::AA737,0.21230868995189667,medium,0,0.6036950349807739,0,LOW_RISK,0.0,
BioSpread,UNSEEN::AG916,0.21216779947280884,medium,0,0.6039798557758331,0,LOW_RISK,0.0,
BioSpread,AB583,0.36113402247428894,review,0,0.5413320362567902,0,LOW_RISK,0.0,
BioSpread,UNSEEN::AC175,0.21199969947338104,medium,0,0.6043218672275543,0,LOW_RISK,0.0,
BioSpread,AB081,0.7479509115219116,review,0,0.5765542387962341,0,MODERATE_RISK,0.0,
BioSpread,UNSEEN::AD389,0.2118435800075531,medium,0,0.6046398878097534,0,LOW_RISK,0.0,
BioSpread,UNSEEN::AD411,0.21216332912445068,medium,0,0.6040096580982208,0,LOW_RISK,0.0,
BioSpread,UNSEEN::AH236,0.21215488016605377,medium,0,0.6040066182613373,0,LOW_RISK,0.0,
BioSpread,UNSEEN::AE461,0.21216779947280884,medium,0,0.6039798557758331,0,LOW_RISK,0.0,
BioSpread,UNSEEN::AE651,0.21200935542583466,medium,0,0.6043306887149811,0,LOW_RISK,0.0,
BioSpread,UNSEEN::AA458,0.2098715454339981,medium,0,0.608795702457428,0,LOW_RISK,0.0,
BioSpread,AG595,0.7440645098686218,review,0,0.5715208053588867,0,MODERATE_RISK,0.0,
BioSpread,UNSEEN::AG251,0.2121669501066208,medium,0,0.6039817333221436,0,LOW_RISK,0.0,
BioSpread,AC457,0.7081080675125122,review,0,0.547059178352356,0,MODERATE_RISK,0.0,
BioSpread,UNSEEN::AF877,0.21215008199214935,medium,0,0.6040158867835999,0,LOW_RISK,0.0,
BioSpread,UNSEEN::AG963,0.21216735243797302,medium,0,0.6039808392524719,0,LOW_RISK,0.0,
BioSpread,UNSEEN::AF704,0.2120136022567749,medium,0,0.6042929589748383,0,LOW_RISK,0.0,
BioSpread,AD181,0.6076785922050476,review,0,0.5225329101085663,0,MODERATE_RISK,0.0,
BioSpread,AE400,0.6521728038787842,review,0,0.5280898809432983,0,MODERATE_RISK,0.0,
BioSpread,UNSEEN::AB547,0.22163906693458557,review,0,0.5964867770671844,0,LOW_RISK,0.0,
BioSpread,UNSEEN::AB714,0.2115161120891571,medium,0,0.6053695976734161,0,LOW_RISK,0.0,
BioSpread,UNSEEN::AG095,0.21216779947280884,medium,0,0.6039798557758331,0,LOW_RISK,0.0,
BioSpread,UNSEEN::AF731,0.21216821670532227,medium,0,0.6039789617061615,0,LOW_RISK,0.0,
BioSpread,AF011,0.7445282340049744,review,0,0.5671721994876862,0,MODERATE_RISK,0.0,
BioSpread,UNSEEN::AG704,0.21198226511478424,medium,0,0.6043661832809448,0,LOW_RISK,0.0,
BioSpread,UNSEEN::AA886,0.2111324518918991,medium,0,0.606088787317276,0,LOW_RISK,0.0,
BioSpread,AC677,0.7444282174110413,review,0,0.5662235617637634,0,MODERATE_RISK,0.0,
BioSpread,AD209,0.32148411870002747,review,0,0.5851062834262848,0,LOW_RISK,0.0,
BioSpread,UNSEEN::AH354,0.2120136022567749,medium,0,0.6042929589748383,0,LOW_RISK,0.0,
BioSpread,UNSEEN::AA416,0.21216735243797302,medium,0,0.6039808392524719,0,LOW_RISK,0.0,
BioSpread,UNSEEN::AH468,0.21216779947280884,medium,0,0.6039798557758331,0,LOW_RISK,0.0,
BioSpread,UNSEEN::AF001,0.21199928224086761,medium,0,0.6043228209018707,0,LOW_RISK,0.0,
BioSpread,UNSEEN::AE051,0.21216648817062378,medium,0,0.6039823293685913,0,LOW_RISK,0.0,
BioSpread,AF274,0.6742884516716003,review,0,0.5374709665775299,0,MODERATE_RISK,0.0,
BioSpread,AA768,0.7449844479560852,review,0,0.5658939480781555,0,MODERATE_RISK,0.0,
BioSpread,UNSEEN::AC750,0.21199434995651245,medium,0,0.6044014394283295,0,LOW_RISK,0.0,
BioSpread,AF545,0.19213443994522095,medium,0,0.6526884138584137,0,LOW_RISK,0.0,
BioSpread,AH270,0.6396897435188293,review,0,0.5275343954563141,0,MODERATE_RISK,0.0,
BioSpread,UNSEEN::AD413,0.21184401214122772,medium,0,0.604638934135437,0,LOW_RISK,0.0,
BioSpread,UNSEEN::AE946,0.21216648817062378,medium,0,0.6039823293685913,0,LOW_RISK,0.0,
BioSpread,UNSEEN::AH301,0.21216735243797302,medium,0,0.6039808392524719,0,LOW_RISK,0.0,
BioSpread,AA411,0.7479485273361206,review,1,0.5688957571983337,0,MODERATE_RISK,0.0,
BioSpread,AC326,0.6742807626724243,review,0,0.5374671816825867,0,MODERATE_RISK,0.0,
BioSpread,UNSEEN::AG915,0.21214115619659424,medium,0,0.6040352284908295,0,LOW_RISK,0.0,
BioSpread,UNSEEN::AH017,0.21216735243797302,medium,0,0.6039808392524719,0,LOW_RISK,0.0,
BioSpread,UNSEEN::AE486,0.212307870388031,medium,0,0.6036968231201172,0,LOW_RISK,0.0,
BioSpread,AC999,0.5735541582107544,review,0,0.5157963037490845,0,MODERATE_RISK,0.0,
BioSpread,UNSEEN::AB544,0.21196646988391876,medium,0,0.6044893562793732,0,LOW_RISK,0.0,
BioSpread,AD880,0.2809770107269287,review,0,0.5960862636566162,0,LOW_RISK,0.0,
BioSpread,UNSEEN::AA439,0.21080957353115082,medium,0,0.607003390789032,0,LOW_RISK,0.0,
BioSpread,AA164,0.6855992078781128,review,0,0.5434339940547943,0,MODERATE_RISK,0.0,
BioSpread,AA973,0.733910083770752,review,0,0.5617150664329529,0,MODERATE_RISK,0.0,
BioSpread,AE161,0.6384561061859131,review,0,0.5400002896785736,0,MODERATE_RISK,0.0,
BioSpread,UNSEEN::AG497,0.21230827271938324,medium,0,0.6036959290504456,0,LOW_RISK,0.0,
BioSpread,AB114,0.747414767742157,review,1,0.5753034353256226,0,MODERATE_RISK,0.0,
BioSpread,AE164,0.6353642344474792,review,0,0.5392139554023743,0,MODERATE_RISK,0.0,
BioSpread,UNSEEN::AF831,0.21176405251026154,medium,0,0.6048749387264252,0,LOW_RISK,0.0,
BioSpread,AD735,0.7033803462982178,review,0,0.5487508475780487,0,MODERATE_RISK,0.0,
BioSpread,UNSEEN::AA186,0.21226535737514496,medium,0,0.6037843227386475,0,LOW_RISK,0.0,
BioSpread,UNSEEN::AE807,0.21094045042991638,medium,0,0.6067823469638824,0,LOW_RISK,0.0,
BioSpread,AB554,0.18394441902637482,medium,0,0.6569671630859375,0,LOW_RISK,0.0,
BioSpread,AB649,0.709650456905365,review,0,0.5517425537109375,0,MODERATE_RISK,0.0,
BioSpread,UNSEEN::AG012,0.21093308925628662,medium,0,0.6066575646400452,0,LOW_RISK,0.0,
BioSpread,UNSEEN::AD450,0.2256896048784256,review,0,0.5934001803398132,0,LOW_RISK,0.0,
BioSpread,UNSEEN::AG368,0.21194396913051605,medium,0,0.6045017540454865,0,LOW_RISK,0.0,
BioSpread,UNSEEN::AE247,0.21205155551433563,medium,0,0.6042759716510773,0,LOW_RISK,0.0,
BioSpread,AA515,0.7393583059310913,review,1,0.5638404488563538,0,MODERATE_RISK,0.0,
BioSpread,UNSEEN::AB059,0.21108515560626984,medium,0,0.6063732504844666,0,LOW_RISK,0.0,
BioSpread,UNSEEN::AC941,0.21190081536769867,medium,0,0.6045666933059692,0,LOW_RISK,0.0,
BioSpread,UNSEEN::AD582,0.2069246619939804,medium,0,0.6149379014968872,0,LOW_RISK,0.0,
BioSpread,AB350,0.6790030002593994,review,0,0.5360601246356964,0,MODERATE_RISK,0.0,
BioSpread,UNSEEN::AH067,0.21216779947280884,medium,0,0.6039798557758331,0,LOW_RISK,0.0,
BioSpread,UNSEEN::AB170,0.212136372923851,medium,0,0.6040444672107697,0,LOW_RISK,0.0,
BioSpread,UNSEEN::AA815,0.2112726867198944,medium,0,0.6059806048870087,0,LOW_RISK,0.0,
BioSpread,AH214,0.26192933320999146,review,0,0.5957140326499939,0,LOW_RISK,0.0,
BioSpread,UNSEEN::AC974,0.21201403439044952,medium,0,0.6042920649051666,0,LOW_RISK,0.0,
BioSpread,UNSEEN::AB399,0.21216735243797302,medium,0,0.6039808392524719,0,LOW_RISK,0.0,
BioSpread,AF027,0.5728739500045776,review,0,0.5362211167812347,0,MODERATE_RISK,0.0,
BioSpread,AF687,0.7435789704322815,review,0,0.5659935772418976,0,MODERATE_RISK,0.0,
BioSpread,UNSEEN::AF464,0.21183083951473236,medium,0,0.6046662926673889,0,LOW_RISK,0.0,
BioSpread,AE275,0.5195943117141724,review,0,0.49471306800842285,0,MODERATE_RISK,0.0,
BioSpread,AG737,0.6554352045059204,review,0,0.5341044366359711,0,MODERATE_RISK,0.0,
BioSpread,AA795,0.7427030205726624,review,0,0.5652065277099609,0,MODERATE_RISK,0.0,
BioSpread,UNSEEN::AH455,0.21212828159332275,medium,0,0.6040619611740112,0,LOW_RISK,0.0,
BioSpread,UNSEEN::AC343,0.21188771724700928,medium,0,0.6045984327793121,0,LOW_RISK,0.0,
BioSpread,UNSEEN::AD010,0.2118554264307022,medium,0,0.6046150624752045,0,LOW_RISK,0.0,
BioSpread,UNSEEN::AE673,0.21187102794647217,medium,0,0.6046760976314545,0,LOW_RISK,0.0,
BioSpread,AF888,0.7441176176071167,review,0,0.573722779750824,0,MODERATE_RISK,0.0,
BioSpread,AC493,0.735049843788147,review,0,0.5689261555671692,0,MODERATE_RISK,0.0,
BioSpread,UNSEEN::AG261,0.21216821670532227,medium,0,0.6039789617061615,0,LOW_RISK,0.0,
BioSpread,UNSEEN::AC906,0.21216779947280884,medium,0,0.6039798557758331,0,LOW_RISK,0.0,
BioSpread,AB644,0.7444624304771423,review,1,0.5631133019924164,0,MODERATE_RISK,0.0,
BioSpread,AA855,0.7455498576164246,review,0,0.5676624178886414,0,MODERATE_RISK,0.0,
BioSpread,AC769,0.6874718070030212,review,0,0.53962242603302,0,MODERATE_RISK,0.0,
BioSpread,AC876,0.666344940662384,review,0,0.5345740020275116,0,MODERATE_RISK,0.0,
BioSpread,UNSEEN::AH106,0.21230746805667877,medium,0,0.6036976873874664,0,LOW_RISK,0.0,
BioSpread,UNSEEN::AG144,0.21215488016605377,medium,0,0.6040066182613373,0,LOW_RISK,0.0,
BioSpread,AC855,0.6638785004615784,review,0,0.5308926403522491,0,MODERATE_RISK,0.0,
BioSpread,AC998,0.6580061316490173,review,0,0.5351843535900116,0,MODERATE_RISK,0.0,
BioSpread,AH242,0.7131511569023132,review,0,0.5531992018222809,0,MODERATE_RISK,0.0,
BioSpread,AC818,0.6670582890510559,review,0,0.5384022891521454,0,MODERATE_RISK,0.0,
BioSpread,AB927,0.7256131172180176,review,0,0.5553490817546844,0,MODERATE_RISK,0.0,
BioSpread,AF399,0.6908588409423828,review,0,0.5480549037456512,0,MODERATE_RISK,0.0,
BioSpread,AG215,0.3157306909561157,medium,0,0.6079109907150269,0,LOW_RISK,0.0,
BioSpread,UNSEEN::AE394,0.212224543094635,medium,0,0.6038986146450043,0,LOW_RISK,0.0,
BioSpread,UNSEEN::AA643,0.21216779947280884,medium,0,0.6039798557758331,0,LOW_RISK,0.0,
BioSpread,AF584,0.1844261884689331,medium,0,0.6557204127311707,0,LOW_RISK,0.0,
BioSpread,AD915,0.6434324979782104,review,0,0.5413006246089935,0,MODERATE_RISK,0.0,
BioSpread,AG775,0.5104647874832153,review,0,0.5322898924350739,0,MODERATE_RISK,0.0,
BioSpread,AG130,0.6909770369529724,review,0,0.5481759011745453,0,MODERATE_RISK,0.0,
BioSpread,AH206,0.5229319334030151,review,0,0.5080152153968811,0,MODERATE_RISK,0.0,
BioSpread,AD580,0.4464128017425537,review,0,0.5468350946903229,0,LOW_RISK,0.0,
BioSpread,AF525,0.26188015937805176,review,0,0.5957404971122742,0,LOW_RISK,0.0,
BioSpread,UNSEEN::AF155,0.21201233565807343,medium,0,0.6042957603931427,0,LOW_RISK,0.0,
BioSpread,UNSEEN::AG920,0.21201233565807343,medium,0,0.6042957603931427,0,LOW_RISK,0.0,
BioSpread,UNSEEN::AH461,0.2121686190366745,medium,0,0.6039780676364899,0,LOW_RISK,0.0,
BioSpread,UNSEEN::AH029,0.2121669501066208,medium,0,0.6039817333221436,0,LOW_RISK,0.0,
BioSpread,AC903,0.5228438377380371,review,0,0.5080091655254364,0,MODERATE_RISK,0.0,
BioSpread,UNSEEN::AD377,0.21216735243797302,medium,0,0.6039808392524719,0,LOW_RISK,0.0,
BioSpread,UNSEEN::AE805,0.21162629127502441,medium,0,0.6050935685634613,0,LOW_RISK,0.0,
BioSpread,UNSEEN::AE424,0.21224598586559296,medium,0,0.6038704216480255,0,LOW_RISK,0.0,
BioSpread,UNSEEN::AC739,0.21188592910766602,medium,0,0.6046493649482727,0,LOW_RISK,0.0,
BioSpread,UNSEEN::AC028,0.21199923753738403,medium,0,0.6043934226036072,0,LOW_RISK,0.0,
BioSpread,AH302,0.225204199552536,medium,0,0.6159195899963379,0,LOW_RISK,0.0,
BioSpread,UNSEEN::AA224,0.212307870388031,medium,0,0.6036968231201172,0,LOW_RISK,0.0,
BioSpread,UNSEEN::AE812,0.2121669501066208,medium,0,0.6039817333221436,0,LOW_RISK,0.0,
BioSpread,UNSEEN::AG809,0.21230868995189667,medium,0,0.6036950349807739,0,LOW_RISK,0.0,
BioSpread,UNSEEN::AE626,0.2121686190366745,medium,0,0.6039780676364899,0,LOW_RISK,0.0,
BioSpread,UNSEEN::AC083,0.21210022270679474,medium,0,0.6041364371776581,0,LOW_RISK,0.0,
BioSpread,AF568,0.7233536243438721,review,0,0.5586874783039093,0,MODERATE_RISK,0.0,
BioSpread,AE901,0.512076735496521,review,0,0.5419354140758514,0,MODERATE_RISK,0.0,
BioSpread,AB133,0.7437564730644226,review,0,0.5656144022941589,0,MODERATE_RISK,0.0,
BioSpread,UNSEEN::AG664,0.21215181052684784,medium,0,0.60401251912117,0,LOW_RISK,0.0,
BioSpread,UNSEEN::AD742,0.21216735243797302,medium,0,0.6039808392524719,0,LOW_RISK,0.0,
BioSpread,UNSEEN::AB218,0.21216779947280884,medium,0,0.6039798557758331,0,LOW_RISK,0.0,
BioSpread,AF669,0.5865254998207092,review,0,0.524204432964325,0,MODERATE_RISK,0.0,
BioSpread,UNSEEN::AE796,0.21230868995189667,medium,0,0.6036950349807739,0,LOW_RISK,0.0,
BioSpread,UNSEEN::AD203,0.21215488016605377,medium,0,0.6040066182613373,0,LOW_RISK,0.0,
BioSpread,AG100,0.1850416511297226,medium,0,0.6539650857448578,0,LOW_RISK,0.0,
BioSpread,UNSEEN::AA344,0.21156032383441925,medium,0,0.6053800582885742,0,LOW_RISK,0.0,
BioSpread,UNSEEN::AF427,0.21215488016605377,medium,0,0.6040066182613373,0,LOW_RISK,0.0,
BioSpread,UNSEEN::AB402,0.21199928224086761,medium,0,0.6043228209018707,0,LOW_RISK,0.0,
BioSpread,UNSEEN::AD528,0.2121642380952835,medium,0,0.6039864420890808,0,LOW_RISK,0.0,
BioSpread,UNSEEN::AH243,0.21216779947280884,medium,0,0.6039798557758331,0,LOW_RISK,0.0,
BioSpread,AE773,0.7450301647186279,review,0,0.5674572288990021,0,MODERATE_RISK,0.0,
BioSpread,AE317,0.6914976835250854,review,0,0.5443568527698517,0,MODERATE_RISK,0.0,
BioSpread,UNSEEN::AE825,0.21230827271938324,medium,0,0.6036959290504456,0,LOW_RISK,0.0,
BioSpread,UNSEEN::AC576,0.21216779947280884,medium,0,0.6039798557758331,0,LOW_RISK,0.0,
BioSpread,AD850,0.6714834570884705,review,0,0.5334010720252991,0,MODERATE_RISK,0.0,
BioSpread,UNSEEN::AF955,0.21199969947338104,medium,0,0.6043218672275543,0,LOW_RISK,0.0,
BioSpread,AD648,0.6809898018836975,review,0,0.5380311012268066,0,MODERATE_RISK,0.0,
BioSpread,UNSEEN::AA393,0.212224543094635,medium,0,0.6038986146450043,0,LOW_RISK,0.0,
BioSpread,UNSEEN::AG260,0.2121686190366745,medium,0,0.6039780676364899,0,LOW_RISK,0.0,
BioSpread,UNSEEN::AC123,0.21196922659873962,medium,0,0.6044135689735413,0,LOW_RISK,0.0,
BioSpread,UNSEEN::AB349,0.2121274322271347,medium,0,0.604126363992691,0,LOW_RISK,0.0,
BioSpread,UNSEEN::AA173,0.2079092264175415,medium,0,0.61314457654953,0,LOW_RISK,0.0,
BioSpread,AG203,0.5229067206382751,review,0,0.5080134868621826,0,MODERATE_RISK,0.0,
BioSpread,UNSEEN::AE087,0.21216730773448944,medium,0,0.603980541229248,0,LOW_RISK,0.0,
BioSpread,AG389,0.7426156401634216,review,0,0.5649748742580414,0,MODERATE_RISK,0.0,
BioSpread,UNSEEN::AG002,0.2120114266872406,medium,0,0.6042973101139069,0,LOW_RISK,0.0,
BioSpread,AG554,0.6395609974861145,review,0,0.523729145526886,0,MODERATE_RISK,0.0,
BioSpread,AE313,0.7066305875778198,review,0,0.5496612787246704,0,MODERATE_RISK,0.0,
BioSpread,UNSEEN::AE141,0.21216779947280884,medium,0,0.6039798557758331,0,LOW_RISK,0.0,
BioSpread,UNSEEN::AG721,0.2118886113166809,medium,0,0.6045926511287689,0,LOW_RISK,0.0,
BioSpread,AG660,0.510383665561676,review,0,0.5322906672954559,0,MODERATE_RISK,0.0,
BioSpread,UNSEEN::AH387,0.21216735243797302,medium,0,0.6039808392524719,0,LOW_RISK,0.0,
BioSpread,UNSEEN::AH012,0.2115752100944519,medium,0,0.6051927804946899,0,LOW_RISK,0.0,
BioSpread,AC594,0.6412872672080994,review,0,0.5270237624645233,0,MODERATE_RISK,0.0,
BioSpread,UNSEEN::AE206,0.21230827271938324,medium,0,0.6036959290504456,0,LOW_RISK,0.0,
BioSpread,AF147,0.7443405985832214,review,0,0.5659433305263519,0,MODERATE_RISK,0.0,
BioSpread,AA161,0.7261313199996948,review,0,0.5645270049571991,0,MODERATE_RISK,0.0,
BioSpread,AE516,0.2619170546531677,review,0,0.5957206189632416,0,LOW_RISK,0.0,
BioSpread,UNSEEN::AD840,0.2121686190366745,medium,0,0.6039780676364899,0,LOW_RISK,0.0,
BioSpread,AB057,0.7173108458518982,review,0,0.542444109916687,0,MODERATE_RISK,0.0,
BioSpread,UNSEEN::AA697,0.21176527440547943,medium,0,0.6048494577407837,0,LOW_RISK,0.0,
BioSpread,AB857,0.6742884516716003,review,0,0.5374709665775299,0,MODERATE_RISK,0.0,
BioSpread,AA424,0.7449579238891602,review,1,0.5664384365081787,0,MODERATE_RISK,0.0,
BioSpread,UNSEEN::AC695,0.21171057224273682,medium,0,0.6051102876663208,0,LOW_RISK,0.0,
BioSpread,UNSEEN::AC062,0.21205644309520721,medium,0,0.6042492985725403,0,LOW_RISK,0.0,
BioSpread,UNSEEN::AC399,0.21230868995189667,medium,0,0.6036950349807739,0,LOW_RISK,0.0,
BioSpread,AC472,0.7428771257400513,review,0,0.5645062029361725,0,MODERATE_RISK,0.0,
BioSpread,AF909,0.6806105375289917,review,0,0.5275586545467377,0,MODERATE_RISK,0.0,
BioSpread,UNSEEN::AG895,0.2131204456090927,medium,0,0.6019262671470642,0,LOW_RISK,0.0,
BioSpread,AC162,0.635138750076294,review,0,0.5244808197021484,0,MODERATE_RISK,0.0,
BioSpread,AD972,0.7397766709327698,review,0,0.5787007212638855,0,MODERATE_RISK,0.0,
BioSpread,UNSEEN::AB571,0.21216779947280884,medium,0,0.6039798557758331,0,LOW_RISK,0.0,
BioSpread,UNSEEN::AF037,0.21184401214122772,medium,0,0.604638934135437,0,LOW_RISK,0.0,
BioSpread,UNSEEN::AG543,0.2121540606021881,medium,0,0.6040084660053253,0,LOW_RISK,0.0,
BioSpread,AD585,0.19459159672260284,medium,0,0.6368997693061829,0,LOW_RISK,0.0,
BioSpread,UNSEEN::AF682,0.21216821670532227,medium,0,0.6039789617061615,0,LOW_RISK,0.0,
BioSpread,UNSEEN::AD065,0.21216779947280884,medium,0,0.6039798557758331,0,LOW_RISK,0.0,
BioSpread,UNSEEN::AF958,0.21201276779174805,medium,0,0.6042947769165039,0,LOW_RISK,0.0,
BioSpread,AD780,0.5108031630516052,review,0,0.5323241651058197,0,MODERATE_RISK,0.0,
BioSpread,UNSEEN::AD188,0.2115648239850998,medium,0,0.6053144037723541,0,LOW_RISK,0.0,
BioSpread,AA729,0.47175052762031555,review,0,0.5404493510723114,0,LOW_RISK,0.0,
BioSpread,AE299,0.7074047327041626,review,0,0.5488773882389069,0,MODERATE_RISK,0.0,
BioSpread,UNSEEN::AE284,0.2117386758327484,medium,0,0.6049154102802277,0,LOW_RISK,0.0,
BioSpread,UNSEEN::AE843,0.2119189202785492,medium,0,0.6045795977115631,0,LOW_RISK,0.0,
BioSpread,UNSEEN::AC708,0.2121420055627823,medium,0,0.6040333807468414,0,LOW_RISK,0.0,
BioSpread,AC420,0.5654996633529663,review,0,0.5142337381839752,0,MODERATE_RISK,0.0,
BioSpread,AF271,0.5720564126968384,review,0,0.49645233154296875,0,MODERATE_RISK,0.0,
BioSpread,AA563,0.7381914854049683,review,1,0.5639378726482391,0,MODERATE_RISK,0.0,
BioSpread,AB780,0.6298003792762756,review,0,0.4878179430961609,0,MODERATE_RISK,0.0,
BioSpread,AE341,0.743968665599823,review,0,0.5663527846336365,0,MODERATE_RISK,0.0,
BioSpread,AG072,0.5103971362113953,review,0,0.5322905778884888,0,MODERATE_RISK,0.0,
BioSpread,UNSEEN::AE209,0.21201276779174805,medium,0,0.6042947769165039,0,LOW_RISK,0.0,
BioSpread,UNSEEN::AA655,0.21185719966888428,medium,0,0.6046115458011627,0,LOW_RISK,0.0,
BioSpread,AA352,0.7414153814315796,review,1,0.5619262754917145,0,MODERATE_RISK,0.0,
BioSpread,UNSEEN::AA612,0.21216821670532227,medium,0,0.6039789617061615,0,LOW_RISK,0.0,
BioSpread,AG772,0.26192933320999146,review,0,0.5957140326499939,0,LOW_RISK,0.0,
BioSpread,AB527,0.7166936993598938,review,0,0.5552182495594025,0,MODERATE_RISK,0.0,
BioSpread,UNSEEN::AC918,0.21216735243797302,medium,0,0.6039808392524719,0,LOW_RISK,0.0,
BioSpread,AC795,0.6395196318626404,review,0,0.5274494290351868,0,MODERATE_RISK,0.0,
BioSpread,AA059,0.40138891339302063,review,0,0.565242201089859,0,LOW_RISK,0.0,
BioSpread,UNSEEN::AC685,0.21201403439044952,medium,0,0.6042920649051666,0,LOW_RISK,0.0,
BioSpread,UNSEEN::AD195,0.21095682680606842,medium,0,0.6065591871738434,0,LOW_RISK,0.0,
BioSpread,UNSEEN::AD512,0.2121540606021881,medium,0,0.6040084660053253,0,LOW_RISK,0.0,
BioSpread,AC742,0.5289244651794434,review,0,0.5403853952884674,0,MODERATE_RISK,0.0,
BioSpread,UNSEEN::AD431,0.2121669501066208,medium,0,0.6039817333221436,0,LOW_RISK,0.0,
BioSpread,AB146,0.7194129824638367,review,0,0.5575856864452362,0,MODERATE_RISK,0.0,
BioSpread,AC914,0.6991737484931946,review,0,0.5543347001075745,0,MODERATE_RISK,0.0,
BioSpread,UNSEEN::AE864,0.21201233565807343,medium,0,0.6042957603931427,0,LOW_RISK,0.0,
BioSpread,AC571,0.7394654750823975,review,0,0.5626527070999146,0,MODERATE_RISK,0.0,
BioSpread,UNSEEN::AD815,0.2118784338235855,medium,0,0.6045745313167572,0,LOW_RISK,0.0,
BioSpread,UNSEEN::AB463,0.21230746805667877,medium,0,0.6036976873874664,0,LOW_RISK,0.0,
BioSpread,AC380,0.31712809205055237,review,0,0.5735768973827362,0,LOW_RISK,0.0,
BioSpread,AF702,0.6666475534439087,review,0,0.5314159691333771,0,MODERATE_RISK,0.0,
BioSpread,UNSEEN::AC029,0.21201317012310028,medium,0,0.6042939126491547,0,LOW_RISK,0.0,
BioSpread,UNSEEN::AF283,0.21230827271938324,medium,0,0.6036959290504456,0,LOW_RISK,0.0,
BioSpread,UNSEEN::AD670,0.21216516196727753,medium,0,0.6039848327636719,0,LOW_RISK,0.0,
BioSpread,AB506,0.5641573667526245,review,0,0.5079624056816101,0,MODERATE_RISK,0.0,
BioSpread,UNSEEN::AH413,0.21213798224925995,medium,0,0.6041120290756226,0,LOW_RISK,0.0,
BioSpread,AD634,0.6786572933197021,review,0,0.5191598236560822,0,MODERATE_RISK,0.0,
BioSpread,AD046,0.5562393665313721,review,0,0.5083657205104828,0,MODERATE_RISK,0.0,
BioSpread,AC127,0.6466788053512573,review,0,0.49466103315353394,0,MODERATE_RISK,0.0,
BioSpread,UNSEEN::AG697,0.2117386758327484,medium,0,0.6049154102802277,0,LOW_RISK,0.0,
BioSpread,AF792,0.620915412902832,review,0,0.5161646902561188,0,MODERATE_RISK,0.0,
BioSpread,AG521,0.6844288110733032,review,0,0.5431414544582367,0,MODERATE_RISK,0.0,
BioSpread,UNSEEN::AC291,0.2119642198085785,medium,0,0.6043644547462463,0,LOW_RISK,0.0,
BioSpread,UNSEEN::AC033,0.21210360527038574,medium,0,0.6041863262653351,0,LOW_RISK,0.0,
BioSpread,AG064,0.6303316950798035,review,0,0.5234943330287933,0,MODERATE_RISK,0.0,
BioSpread,UNSEEN::AA298,0.21203717589378357,medium,0,0.6042879521846771,0,LOW_RISK,0.0,
BioSpread,AC630,0.7441677451133728,review,0,0.5667510330677032,0,MODERATE_RISK,0.0,
BioSpread,UNSEEN::AH217,0.21216821670532227,medium,0,0.6039789617061615,0,LOW_RISK,0.0,
BioSpread,AD419,0.35641053318977356,review,0,0.5792906582355499,0,LOW_RISK,0.0,
BioSpread,UNSEEN::AB406,0.21088562905788422,medium,0,0.6069455444812775,0,LOW_RISK,0.0,
BioSpread,UNSEEN::AC389,0.2120136022567749,medium,0,0.6042929589748383,0,LOW_RISK,0.0,
BioSpread,UNSEEN::AA651,0.21206988394260406,medium,0,0.604221373796463,0,LOW_RISK,0.0,
BioSpread,AC585,0.6774353384971619,review,0,0.5449721217155457,0,MODERATE_RISK,0.0,
BioSpread,UNSEEN::AA272,0.21214033663272858,medium,0,0.6040370166301727,0,LOW_RISK,0.0,
BioSpread,UNSEEN::AD654,0.21194593608379364,medium,0,0.6044337451457977,0,LOW_RISK,0.0,
BioSpread,AB790,0.5547202825546265,review,0,0.4790447950363159,0,MODERATE_RISK,0.0,
BioSpread,UNSEEN::AF608,0.2121686190366745,medium,0,0.6039780676364899,0,LOW_RISK,0.0,
BioSpread,AF513,0.6195734143257141,review,0,0.5075741708278656,0,MODERATE_RISK,0.0,
BioSpread,UNSEEN::AE558,0.2121988832950592,medium,0,0.6039563417434692,0,LOW_RISK,0.0,
BioSpread,UNSEEN::AA907,0.21154803037643433,medium,0,0.6053383350372314,0,LOW_RISK,0.0,
BioSpread,UNSEEN::AA762,0.21201615035533905,medium,0,0.6043155789375305,0,LOW_RISK,0.0,
BioSpread,UNSEEN::AH313,0.21201317012310028,medium,0,0.6042939126491547,0,LOW_RISK,0.0,
BioSpread,AE189,0.5797715187072754,review,0,0.5323783755302429,0,MODERATE_RISK,0.0,
BioSpread,AC228,0.5637360215187073,review,1,0.509813666343689,0,MODERATE_RISK,0.0,
BioSpread,AH362,0.5229067206382751,review,0,0.5080134868621826,0,MODERATE_RISK,0.0,
BioSpread,UNSEEN::AG560,0.21216821670532227,medium,0,0.6039789617061615,0,LOW_RISK,0.0,
BioSpread,UNSEEN::AF557,0.21199969947338104,medium,0,0.6043218672275543,0,LOW_RISK,0.0,
BioSpread,UNSEEN::AA100,0.21076446771621704,medium,0,0.6071741878986359,0,LOW_RISK,0.0,
BioSpread,UNSEEN::AE170,0.2121669501066208,medium,0,0.6039817333221436,0,LOW_RISK,0.0,
BioSpread,UNSEEN::AE529,0.21214918792247772,medium,0,0.6040174663066864,0,LOW_RISK,0.0,
BioSpread,UNSEEN::AF693,0.21205644309520721,medium,0,0.6042492985725403,0,LOW_RISK,0.0,
BioSpread,AF844,0.643456757068634,review,0,0.5358792841434479,0,MODERATE_RISK,0.0,
BioSpread,UNSEEN::AG145,0.21216821670532227,medium,0,0.6039789617061615,0,LOW_RISK,0.0,
BioSpread,UNSEEN::AC136,0.21194013953208923,medium,0,0.6045297980308533,0,LOW_RISK,0.0,
BioSpread,AB682,0.741753101348877,review,0,0.5632583498954773,0,MODERATE_RISK,0.0,
BioSpread,AE754,0.6356958746910095,review,0,0.5265446603298187,0,MODERATE_RISK,0.0,
BioSpread,UNSEEN::AF652,0.2131204456090927,medium,0,0.6019262671470642,0,LOW_RISK,0.0,
BioSpread,UNSEEN::AH208,0.21199969947338104,medium,0,0.6043218672275543,0,LOW_RISK,0.0,
BioSpread,UNSEEN::AC178,0.21216821670532227,medium,0,0.6039789617061615,0,LOW_RISK,0.0,
BioSpread,UNSEEN::AD275,0.21215449273586273,medium,0,0.6040075123310089,0,LOW_RISK,0.0,
BioSpread,AG433,0.7431867122650146,review,0,0.565133273601532,0,MODERATE_RISK,0.0,
BioSpread,UNSEEN::AF407,0.21215488016605377,medium,0,0.6040066182613373,0,LOW_RISK,0.0,
BioSpread,AF823,0.6845872402191162,review,0,0.5432741940021515,0,MODERATE_RISK,0.0,
BioSpread,UNSEEN::AC706,0.21186919510364532,medium,0,0.6046537756919861,0,LOW_RISK,0.0,
BioSpread,UNSEEN::AF436,0.2122684121131897,medium,0,0.6037828028202057,0,LOW_RISK,0.0,
BioSpread,AG520,0.7394859194755554,review,0,0.5688499808311462,0,MODERATE_RISK,0.0,
BioSpread,UNSEEN::AG255,0.21216292679309845,medium,0,0.6039888560771942,0,LOW_RISK,0.0,
BioSpread,AG892,0.61899334192276,review,0,0.5072272717952728,0,MODERATE_RISK,0.0,
BioSpread,UNSEEN::AB515,0.21201403439044952,medium,0,0.6042920649051666,0,LOW_RISK,0.0,
BioSpread,AF515,0.7463072538375854,review,0,0.568874716758728,0,MODERATE_RISK,0.0,
BioSpread,UNSEEN::AF849,0.2120005488395691,medium,0,0.6043200492858887,0,LOW_RISK,0.0,
BioSpread,UNSEEN::AE961,0.21230708062648773,medium,0,0.6036985814571381,0,LOW_RISK,0.0,
BioSpread,UNSEEN::AD371,0.21199969947338104,medium,0,0.6043218672275543,0,LOW_RISK,0.0,
BioSpread,AD309,0.7437398433685303,review,0,0.5652722716331482,0,MODERATE_RISK,0.0,
BioSpread,AD618,0.6624442338943481,review,0,0.538016676902771,0,MODERATE_RISK,0.0,
BioSpread,UNSEEN::AE014,0.21214419603347778,medium,0,0.6040005683898926,0,LOW_RISK,0.0,
BioSpread,AA449,0.7492323517799377,review,1,0.5706088840961456,0,MODERATE_RISK,0.0,
BioSpread,AE055,0.6656565070152283,review,0,0.531420886516571,0,MODERATE_RISK,0.0,
BioSpread,UNSEEN::AD269,0.21201276779174805,medium,0,0.6042947769165039,0,LOW_RISK,0.0,
BioSpread,UNSEEN::AB315,0.2120136022567749,medium,0,0.6042929589748383,0,LOW_RISK,0.0,
BioSpread,UNSEEN::AC631,0.21200701594352722,medium,0,0.6043057143688202,0,LOW_RISK,0.0,
BioSpread,UNSEEN::AF371,0.21198667585849762,medium,0,0.6043489277362823,0,LOW_RISK,0.0,
BioSpread,AG628,0.48076531291007996,review,0,0.5189548432826996,0,LOW_RISK,0.0,
BioSpread,UNSEEN::AB295,0.2121446430683136,medium,0,0.6039995849132538,0,LOW_RISK,0.0,
BioSpread,AE447,0.676437497138977,review,0,0.5414811968803406,0,MODERATE_RISK,0.0,
BioSpread,UNSEEN::AF999,0.21215181052684784,medium,0,0.60401251912117,0,LOW_RISK,0.0,
BioSpread,UNSEEN::AE518,0.21181198954582214,medium,0,0.6048223376274109,0,LOW_RISK,0.0,
BioSpread,AE720,0.6798641085624695,review,0,0.5409033298492432,0,MODERATE_RISK,0.0,
BioSpread,UNSEEN::AD862,0.2119661122560501,medium,0,0.604480654001236,0,LOW_RISK,0.0,
BioSpread,UNSEEN::AC772,0.2207387238740921,medium,0,0.6005894243717194,0,LOW_RISK,0.0,
BioSpread,UNSEEN::AG884,0.21191444993019104,medium,0,0.6045383810997009,0,LOW_RISK,0.0,
BioSpread,UNSEEN::AH160,0.211973637342453,medium,0,0.6043759882450104,0,LOW_RISK,0.0,
BioSpread,AA662,0.7173681259155273,review,0,0.5440642237663269,0,MODERATE_RISK,0.0,
BioSpread,UNSEEN::AB447,0.21158508956432343,medium,0,0.6052828431129456,0,LOW_RISK,0.0,
BioSpread,UNSEEN::AG512,0.21216779947280884,medium,0,0.6039798557758331,0,LOW_RISK,0.0,
BioSpread,UNSEEN::AD617,0.21230868995189667,medium,0,0.6036950349807739,0,LOW_RISK,0.0,
BioSpread,UNSEEN::AG867,0.21216735243797302,medium,0,0.6039808392524719,0,LOW_RISK,0.0,
BioSpread,AE738,0.5103700160980225,review,0,0.5322908759117126,0,MODERATE_RISK,0.0,
BioSpread,AC406,0.7267851233482361,review,0,0.5590088367462158,0,MODERATE_RISK,0.0,
BioSpread,UNSEEN::AF589,0.21216779947280884,medium,0,0.6039798557758331,0,LOW_RISK,0.0,
BioSpread,AG309,0.5714927911758423,review,0,0.5151574611663818,0,MODERATE_RISK,0.0,
BioSpread,AA237,0.7070497870445251,review,1,0.5473747551441193,0,MODERATE_RISK,0.0,
BioSpread,UNSEEN::AG225,0.21197280287742615,medium,0,0.6043778657913208,0,LOW_RISK,0.0,
BioSpread,AD324,0.26188015937805176,review,0,0.5957404971122742,0,LOW_RISK,0.0,
BioSpread,UNSEEN::AC024,0.21105261147022247,medium,0,0.6063864827156067,0,LOW_RISK,0.0,
BioSpread,AF279,0.5486205220222473,review,0,0.5358398854732513,0,MODERATE_RISK,0.0,
BioSpread,UNSEEN::AG133,0.2119358777999878,medium,0,0.6044258773326874,0,LOW_RISK,0.0,
BioSpread,UNSEEN::AH303,0.21216735243797302,medium,0,0.6039808392524719,0,LOW_RISK,0.0,
BioSpread,UNSEEN::AG291,0.21214242279529572,medium,0,0.6040368378162384,0,LOW_RISK,0.0,
BioSpread,UNSEEN::AD902,0.21230827271938324,medium,0,0.6036959290504456,0,LOW_RISK,0.0,
BioSpread,UNSEEN::AG699,0.21216735243797302,medium,0,0.6039808392524719,0,LOW_RISK,0.0,
BioSpread,UNSEEN::AH361,0.21216821670532227,medium,0,0.6039789617061615,0,LOW_RISK,0.0,
BioSpread,UNSEEN::AH441,0.21230827271938324,medium,0,0.6036959290504456,0,LOW_RISK,0.0,
BioSpread,AF204,0.7382216453552246,review,0,0.5660006701946259,0,MODERATE_RISK,0.0,
BioSpread,UNSEEN::AD173,0.21182510256767273,medium,0,0.6047820448875427,0,LOW_RISK,0.0,
BioSpread,UNSEEN::AG119,0.2119758427143097,medium,0,0.6043428182601929,0,LOW_RISK,0.0,
BioSpread,UNSEEN::AD693,0.2131204456090927,medium,0,0.6019262671470642,0,LOW_RISK,0.0,
BioSpread,AE974,0.7345877289772034,review,1,0.5612606704235077,0,MODERATE_RISK,0.0,
BioSpread,UNSEEN::AC981,0.212307870388031,medium,0,0.6036968231201172,0,LOW_RISK,0.0,
BioSpread,AD492,0.6819787621498108,review,0,0.543312132358551,0,MODERATE_RISK,0.0,
BioSpread,UNSEEN::AH293,0.21216779947280884,medium,0,0.6039798557758331,0,LOW_RISK,0.0,
BioSpread,UNSEEN::AD876,0.21214419603347778,medium,0,0.6040005683898926,0,LOW_RISK,0.0,
BioSpread,AA571,0.5457994937896729,review,0,0.5246594846248627,0,MODERATE_RISK,0.0,
BioSpread,AF335,0.7062575817108154,review,0,0.5456253290176392,0,MODERATE_RISK,0.0,
BioSpread,AG722,0.6763421297073364,review,0,0.5405749082565308,0,MODERATE_RISK,0.0,
BioSpread,UNSEEN::AH421,0.21214033663272858,medium,0,0.6040370166301727,0,LOW_RISK,0.0,
BioSpread,UNSEEN::AC584,0.21201276779174805,medium,0,0.6042947769165039,0,LOW_RISK,0.0,
BioSpread,UNSEEN::AE829,0.21230827271938324,medium,0,0.6036959290504456,0,LOW_RISK,0.0,
BioSpread,UNSEEN::AF581,0.212224543094635,medium,0,0.6038986146450043,0,LOW_RISK,0.0,
BioSpread,AA250,0.5195813775062561,review,0,0.49471181631088257,0,MODERATE_RISK,0.0,
BioSpread,UNSEEN::AD901,0.21216821670532227,medium,0,0.6039789617061615,0,LOW_RISK,0.0,
BioSpread,UNSEEN::AB367,0.2123078852891922,medium,0,0.6037054657936096,0,LOW_RISK,0.0,
BioSpread,UNSEEN::AC884,0.2120082825422287,medium,0,0.6043029427528381,0,LOW_RISK,0.0,
BioSpread,AC635,0.7450085282325745,review,0,0.5694260001182556,0,MODERATE_RISK,0.0,
BioSpread,AC167,0.716422438621521,review,0,0.5543287396430969,0,MODERATE_RISK,0.0,
BioSpread,UNSEEN::AE955,0.21214033663272858,medium,0,0.6040370166301727,0,LOW_RISK,0.0,
BioSpread,UNSEEN::AC763,0.21230868995189667,medium,0,0.6036950349807739,0,LOW_RISK,0.0,
BioSpread,AF511,0.26169607043266296,review,0,0.5958395898342133,0,LOW_RISK,0.0,
BioSpread,AG680,0.5156610608100891,review,0,0.5005529820919037,0,MODERATE_RISK,0.0,
BioSpread,UNSEEN::AE511,0.21238304674625397,medium,0,0.6036268174648285,0,LOW_RISK,0.0,
BioSpread,AD382,0.6997564435005188,review,0,0.5478734374046326,0,MODERATE_RISK,0.0,
BioSpread,UNSEEN::AH399,0.212307870388031,medium,0,0.6036968231201172,0,LOW_RISK,0.0,
BioSpread,UNSEEN::AD290,0.21181213855743408,medium,0,0.6047346293926239,0,LOW_RISK,0.0,
BioSpread,AD294,0.7080086469650269,review,0,0.5506835281848907,0,MODERATE_RISK,0.0,
BioSpread,UNSEEN::AB731,0.21166719496250153,medium,0,0.6050675809383392,0,LOW_RISK,0.0,
BioSpread,AE614,0.1849890947341919,medium,0,0.6540735065937042,0,LOW_RISK,0.0,
BioSpread,UNSEEN::AH400,0.21230746805667877,medium,0,0.6036976873874664,0,LOW_RISK,0.0,
BioSpread,AE126,0.609906017780304,review,0,0.528564840555191,0,MODERATE_RISK,0.0,
BioSpread,AA849,0.745968759059906,review,0,0.5651061236858368,0,MODERATE_RISK,0.0,
BioSpread,AE926,0.6396781206130981,review,0,0.5403021275997162,0,MODERATE_RISK,0.0,
BioSpread,UNSEEN::AG514,0.21212947368621826,medium,0,0.6041800379753113,0,LOW_RISK,0.0,
BioSpread,AB681,0.743794858455658,review,0,0.5685208439826965,0,MODERATE_RISK,0.0,
BioSpread,UNSEEN::AF576,0.21710407733917236,review,0,0.5976006984710693,0,LOW_RISK,0.0,
BioSpread,AF224,0.5347923040390015,review,1,0.5222530364990234,0,MODERATE_RISK,0.0,
BioSpread,AC540,0.744957685470581,review,1,0.566180944442749,0,MODERATE_RISK,0.0,
BioSpread,AD931,0.7419179677963257,review,1,0.5674361288547516,0,MODERATE_RISK,0.0,
BioSpread,UNSEEN::AG828,0.21185719966888428,medium,0,0.6046115458011627,0,LOW_RISK,0.0,
BioSpread,UNSEEN::AA233,0.212091326713562,medium,0,0.6041927933692932,0,LOW_RISK,0.0,
BioSpread,UNSEEN::AE241,0.21191991865634918,medium,0,0.6044878661632538,0,LOW_RISK,0.0,
BioSpread,AH310,0.5740004181861877,review,0,0.5362556874752045,0,MODERATE_RISK,0.0,
BioSpread,AA353,0.7453464865684509,review,0,0.5665185451507568,0,MODERATE_RISK,0.0,
BioSpread,UNSEEN::AA110,0.21010185778141022,medium,0,0.608456015586853,0,LOW_RISK,0.0,
BioSpread,AD066,0.2619170546531677,review,0,0.5957206189632416,0,LOW_RISK,0.0,
BioSpread,UNSEEN::AG927,0.2121686190366745,medium,0,0.6039780676364899,0,LOW_RISK,0.0,
BioSpread,UNSEEN::AF703,0.21210522949695587,medium,0,0.6041642129421234,0,LOW_RISK,0.0,
BioSpread,UNSEEN::AD399,0.21157264709472656,medium,0,0.605243980884552,0,LOW_RISK,0.0,
BioSpread,UNSEEN::AD567,0.21210089325904846,medium,0,0.6041190028190613,0,LOW_RISK,0.0,
BioSpread,UNSEEN::AA264,0.21199558675289154,medium,0,0.6043556332588196,0,LOW_RISK,0.0,
BioSpread,AF607,0.7058538198471069,review,1,0.5554788112640381,0,MODERATE_RISK,0.0,
BioSpread,UNSEEN::AD073,0.21198581159114838,medium,0,0.6043508052825928,0,LOW_RISK,0.0,
BioSpread,UNSEEN::AE857,0.21214556694030762,medium,0,0.6041250228881836,0,LOW_RISK,0.0,
BioSpread,UNSEEN::AG143,0.2119988650083542,medium,0,0.6043237149715424,0,LOW_RISK,0.0,
BioSpread,UNSEEN::AB546,0.21184265613555908,medium,0,0.60464146733284,0,LOW_RISK,0.0,
BioSpread,AD838,0.7171487808227539,review,0,0.5520223081111908,0,MODERATE_RISK,0.0,
BioSpread,AD242,0.49419501423835754,review,0,0.5004021227359772,0,LOW_RISK,0.0,
BioSpread,UNSEEN::AE655,0.21216821670532227,medium,0,0.6039789617061615,0,LOW_RISK,0.0,
BioSpread,UNSEEN::AA412,0.21216779947280884,medium,0,0.6039798557758331,0,LOW_RISK,0.0,
BioSpread,AE059,0.6856261491775513,review,0,0.5414239466190338,0,MODERATE_RISK,0.0,
BioSpread,AA694,0.7060158252716064,review,1,0.551982969045639,0,MODERATE_RISK,0.0,
BioSpread,AD198,0.7083511352539062,review,0,0.5542289018630981,0,MODERATE_RISK,0.0,
BioSpread,UNSEEN::AD246,0.21201317012310028,medium,0,0.6042939126491547,0,LOW_RISK,0.0,
BioSpread,UNSEEN::AA477,0.2121686190366745,medium,0,0.6039780676364899,0,LOW_RISK,0.0,
BioSpread,UNSEEN::AD361,0.2120576798915863,medium,0,0.604246586561203,0,LOW_RISK,0.0,
BioSpread,UNSEEN::AH274,0.21216821670532227,medium,0,0.6039789617061615,0,LOW_RISK,0.0,
BioSpread,UNSEEN::AB013,0.21224573254585266,medium,0,0.6038789451122284,0,LOW_RISK,0.0,
BioSpread,UNSEEN::AG112,0.2121686190366745,medium,0,0.6039780676364899,0,LOW_RISK,0.0,
BioSpread,AG379,0.744871973991394,review,0,0.5698354542255402,0,MODERATE_RISK,0.0,
BioSpread,AB445,0.7321121692657471,review,0,0.5581983625888824,0,MODERATE_RISK,0.0,
BioSpread,UNSEEN::AC709,0.21204888820648193,medium,0,0.6042809784412384,0,LOW_RISK,0.0,
BioSpread,UNSEEN::AF957,0.2119588851928711,medium,0,0.6044068336486816,0,LOW_RISK,0.0,
BioSpread,AF150,0.646099865436554,review,0,0.5422581732273102,0,MODERATE_RISK,0.0,
BioSpread,UNSEEN::AC829,0.21215488016605377,medium,0,0.6040066182613373,0,LOW_RISK,0.0,
BioSpread,AF330,0.6254043579101562,review,0,0.5214166641235352,0,MODERATE_RISK,0.0,
BioSpread,UNSEEN::AE450,0.21063050627708435,medium,0,0.6074316501617432,0,LOW_RISK,0.0,
BioSpread,UNSEEN::AA746,0.21128712594509125,medium,0,0.6059580147266388,0,LOW_RISK,0.0,
BioSpread,AD256,0.20455798506736755,medium,0,0.6431594491004944,0,LOW_RISK,0.0,
BioSpread,AD401,0.6675663590431213,review,0,0.5342687368392944,0,MODERATE_RISK,0.0,
BioSpread,AG964,0.6541199088096619,review,0,0.5239852368831635,0,MODERATE_RISK,0.0,
BioSpread,AA564,0.3162318766117096,medium,0,0.6078583002090454,0,LOW_RISK,0.0,
BioSpread,AC517,0.689355194568634,review,1,0.5475369095802307,0,MODERATE_RISK,0.0,
BioSpread,AD027,0.722141444683075,review,0,0.5516679584980011,0,MODERATE_RISK,0.0,
BioSpread,UNSEEN::AC219,0.2121669501066208,medium,0,0.6039817333221436,0,LOW_RISK,0.0,
BioSpread,AF087,0.26192933320999146,review,0,0.5957140326499939,0,LOW_RISK,0.0,
BioSpread,UNSEEN::AC089,0.21216735243797302,medium,0,0.6039808392524719,0,LOW_RISK,0.0,
BioSpread,AC116,0.6357687711715698,review,0,0.54729825258255,0,MODERATE_RISK,0.0,
BioSpread,AC294,0.7424375414848328,review,0,0.5658755600452423,0,MODERATE_RISK,0.0,
BioSpread,AD849,0.2987879514694214,review,0,0.5754189193248749,0,LOW_RISK,0.0,
BioSpread,UNSEEN::AF951,0.21220536530017853,medium,0,0.6039455533027649,0,LOW_RISK,0.0,
BioSpread,AF578,0.7458775043487549,review,0,0.5672833025455475,0,MODERATE_RISK,0.0,
BioSpread,AA050,0.7378256916999817,review,1,0.5642030835151672,0,MODERATE_RISK,0.0,
BioSpread,UNSEEN::AF300,0.21201276779174805,medium,0,0.6042947769165039,0,LOW_RISK,0.0,
BioSpread,AB884,0.5156610608100891,review,0,0.5005529820919037,0,MODERATE_RISK,0.0,
BioSpread,AB897,0.7131678462028503,review,0,0.5492364466190338,0,MODERATE_RISK,0.0,
BioSpread,UNSEEN::AB475,0.21199928224086761,medium,0,0.6043228209018707,0,LOW_RISK,0.0,
BioSpread,UNSEEN::AH030,0.21216735243797302,medium,0,0.6039808392524719,0,LOW_RISK,0.0,
BioSpread,UNSEEN::AE423,0.21215225756168365,medium,0,0.604011595249176,0,LOW_RISK,0.0,
BioSpread,AH145,0.5229319334030151,review,0,0.5080152153968811,0,MODERATE_RISK,0.0,
BioSpread,UNSEEN::AG610,0.21216821670532227,medium,0,0.6039789617061615,0,LOW_RISK,0.0,
BioSpread,AC411,0.7490933537483215,review,0,0.5695662200450897,0,MODERATE_RISK,0.0,
BioSpread,AA776,0.26196619868278503,review,0,0.5956941843032837,0,LOW_RISK,0.0,
BioSpread,UNSEEN::AC186,0.2121686190366745,medium,0,0.6039780676364899,0,LOW_RISK,0.0,
BioSpread,AB672,0.746658980846405,review,1,0.5694313943386078,0,MODERATE_RISK,0.0,
BioSpread,UNSEEN::AA599,0.21117302775382996,medium,0,0.6061343252658844,0,LOW_RISK,0.0,
BioSpread,AD683,0.6198563575744629,review,0,0.5429163873195648,0,MODERATE_RISK,0.0,
BioSpread,UNSEEN::AG503,0.2121669501066208,medium,0,0.6039817333221436,0,LOW_RISK,0.0,
BioSpread,UNSEEN::AE179,0.2121536284685135,medium,0,0.6040093898773193,0,LOW_RISK,0.0,
BioSpread,UNSEEN::AH324,0.21216779947280884,medium,0,0.6039798557758331,0,LOW_RISK,0.0,
BioSpread,UNSEEN::AF302,0.21215569972991943,medium,0,0.6040092408657074,0,LOW_RISK,0.0,
BioSpread,UNSEEN::AG954,0.21216735243797302,medium,0,0.6039808392524719,0,LOW_RISK,0.0,
BioSpread,UNSEEN::AE795,0.2116430401802063,medium,0,0.6052517890930176,0,LOW_RISK,0.0,
BioSpread,UNSEEN::AE315,0.2111172378063202,medium,0,0.6062120497226715,0,LOW_RISK,0.0,
BioSpread,AF066,0.6695241332054138,review,0,0.524335503578186,0,MODERATE_RISK,0.0,
BioSpread,AH267,0.6384477019309998,review,0,0.5399972796440125,0,MODERATE_RISK,0.0,
BioSpread,UNSEEN::AF901,0.21226763725280762,medium,0,0.6038497686386108,0,LOW_RISK,0.0,
BioSpread,AH178,0.2338424175977707,medium,0,0.6093192100524902,0,LOW_RISK,0.0,
BioSpread,AF324,0.5537976622581482,review,0,0.518269956111908,0,MODERATE_RISK,0.0,
BioSpread,UNSEEN::AB351,0.21216779947280884,medium,0,0.6039798557758331,0,LOW_RISK,0.0,
BioSpread,AB530,0.7458025813102722,review,0,0.5669243335723877,0,MODERATE_RISK,0.0,
BioSpread,UNSEEN::AF671,0.21176256239414215,medium,0,0.604854553937912,0,LOW_RISK,0.0,
BioSpread,UNSEEN::AH181,0.21216779947280884,medium,0,0.6039798557758331,0,LOW_RISK,0.0,
BioSpread,AC201,0.7283726930618286,review,0,0.5547593533992767,0,MODERATE_RISK,0.0,
BioSpread,UNSEEN::AB562,0.21215449273586273,medium,0,0.6040075123310089,0,LOW_RISK,0.0,
BioSpread,UNSEEN::AD078,0.21215488016605377,medium,0,0.6040110290050507,0,LOW_RISK,0.0,
BioSpread,UNSEEN::AB003,0.21228362619876862,medium,0,0.6037188470363617,0,LOW_RISK,0.0,
BioSpread,UNSEEN::AG696,0.21199505031108856,medium,0,0.6043605506420135,0,LOW_RISK,0.0,
BioSpread,AG479,0.5228438377380371,review,0,0.5080091655254364,0,MODERATE_RISK,0.0,
BioSpread,AA065,0.5227934718132019,review,0,0.5080057680606842,0,MODERATE_RISK,0.0,
BioSpread,AF069,0.7203440070152283,review,1,0.558976948261261,0,MODERATE_RISK,0.0,
BioSpread,AC148,0.7307511568069458,review,0,0.5591550767421722,0,MODERATE_RISK,0.0,
BioSpread,UNSEEN::AF573,0.21214061975479126,medium,0,0.6041070520877838,0,LOW_RISK,0.0,
BioSpread,UNSEEN::AG377,0.2121686190366745,medium,0,0.6039780676364899,0,LOW_RISK,0.0,
BioSpread,AE911,0.2629671096801758,review,0,0.5952641069889069,0,LOW_RISK,0.0,
BioSpread,AA968,0.7265565991401672,review,0,0.5516543686389923,0,MODERATE_RISK,0.0,
BioSpread,AA920,0.7211055755615234,review,0,0.552232176065445,0,MODERATE_RISK,0.0,
BioSpread,AF075,0.2928004860877991,review,0,0.5789002776145935,0,LOW_RISK,0.0,
BioSpread,AC095,0.7204135060310364,review,1,0.5594949722290039,0,MODERATE_RISK,0.0,
BioSpread,UNSEEN::AG123,0.21214115619659424,medium,0,0.6040352284908295,0,LOW_RISK,0.0,
BioSpread,AD143,0.6826599836349487,review,0,0.54355189204216,0,MODERATE_RISK,0.0,
BioSpread,AB563,0.6271246075630188,review,0,0.5219663083553314,0,MODERATE_RISK,0.0,
BioSpread,UNSEEN::AH182,0.21216821670532227,medium,0,0.6039789617061615,0,LOW_RISK,0.0,
BioSpread,AH511,0.26192933320999146,review,0,0.5957140326499939,0,LOW_RISK,0.0,
BioSpread,UNSEEN::AD006,0.21153050661087036,medium,0,0.6053318977355957,0,LOW_RISK,0.0,
BioSpread,AA435,0.7462302446365356,review,1,0.5668025314807892,0,MODERATE_RISK,0.0,
BioSpread,UNSEEN::AB162,0.21216821670532227,medium,0,0.6039789617061615,0,LOW_RISK,0.0,
BioSpread,AG134,0.7393043041229248,review,0,0.5625230967998505,0,MODERATE_RISK,0.0,
BioSpread,AG524,0.7456404566764832,review,0,0.5714001655578613,0,MODERATE_RISK,0.0,
BioSpread,AB071,0.7310718894004822,review,1,0.5556658208370209,0,MODERATE_RISK,0.0,
BioSpread,AA483,0.6695346236228943,review,0,0.5363172888755798,0,MODERATE_RISK,0.0,
BioSpread,AA788,0.6707020401954651,review,0,0.5273253619670868,0,MODERATE_RISK,0.0,
BioSpread,UNSEEN::AE507,0.2118242383003235,medium,0,0.6047797203063965,0,LOW_RISK,0.0,
BioSpread,AC499,0.5228312611579895,review,0,0.5080083012580872,0,MODERATE_RISK,0.0,
BioSpread,UNSEEN::AE463,0.21216779947280884,medium,0,0.6039798557758331,0,LOW_RISK,0.0,
BioSpread,AF740,0.37550535798072815,review,0,0.5490616261959076,0,LOW_RISK,0.0,
BioSpread,AG106,0.36743107438087463,review,0,0.5396836996078491,0,LOW_RISK,0.0,
BioSpread,UNSEEN::AG615,0.21230746805667877,medium,0,0.6036976873874664,0,LOW_RISK,0.0,
BioSpread,UNSEEN::AD900,0.21216821670532227,medium,0,0.6039789617061615,0,LOW_RISK,0.0,
BioSpread,UNSEEN::AG485,0.21186095476150513,medium,0,0.6046496331691742,0,LOW_RISK,0.0,
BioSpread,UNSEEN::AF467,0.2121686190366745,medium,0,0.6039780676364899,0,LOW_RISK,0.0,
BioSpread,AC365,0.3643929958343506,review,0,0.5717353522777557,0,LOW_RISK,0.0,
BioSpread,UNSEEN::AB819,0.211288183927536,medium,0,0.605815052986145,0,LOW_RISK,0.0,
BioSpread,UNSEEN::AD975,0.21201403439044952,medium,0,0.6042920649051666,0,LOW_RISK,0.0,
BioSpread,UNSEEN::AE286,0.21216779947280884,medium,0,0.6039798557758331,0,LOW_RISK,0.0,
BioSpread,UNSEEN::AD966,0.2119189202785492,medium,0,0.6045448482036591,0,LOW_RISK,0.0,
BioSpread,AB653,0.7101905345916748,review,0,0.5567483603954315,0,MODERATE_RISK,0.0,
BioSpread,AA132,0.5987735390663147,review,0,0.5210019946098328,0,MODERATE_RISK,0.0,
BioSpread,UNSEEN::AG453,0.212030827999115,medium,0,0.6043195724487305,0,LOW_RISK,0.0,
BioSpread,UNSEEN::AC954,0.21216735243797302,medium,0,0.6039808392524719,0,LOW_RISK,0.0,
BioSpread,UNSEEN::AD953,0.21216779947280884,medium,0,0.6039798557758331,0,LOW_RISK,0.0,
BioSpread,UNSEEN::AF058,0.21216821670532227,medium,0,0.6039789617061615,0,LOW_RISK,0.0,
BioSpread,UNSEEN::AG417,0.21216821670532227,medium,0,0.6039789617061615,0,LOW_RISK,0.0,
BioSpread,UNSEEN::AE498,0.21221919357776642,medium,0,0.6039341688156128,0,LOW_RISK,0.0,
BioSpread,AF717,0.7322985529899597,review,0,0.5582375228404999,0,MODERATE_RISK,0.0,
BioSpread,UNSEEN::AB757,0.21213027834892273,medium,0,0.6040530204772949,0,LOW_RISK,0.0,
BioSpread,UNSEEN::AH353,0.212099090218544,medium,0,0.604126513004303,0,LOW_RISK,0.0,
BioSpread,AF377,0.6675599217414856,review,0,0.534265786409378,0,MODERATE_RISK,0.0,
BioSpread,UNSEEN::AC329,0.21201269328594208,medium,0,0.6042945683002472,0,LOW_RISK,0.0,
BioSpread,UNSEEN::AC454,0.21162313222885132,medium,0,0.6051643490791321,0,LOW_RISK,0.0,
BioSpread,UNSEEN::AD733,0.21216779947280884,medium,0,0.6039798557758331,0,LOW_RISK,0.0,
BioSpread,UNSEEN::AB874,0.21201756596565247,medium,0,0.604304701089859,0,LOW_RISK,0.0,
BioSpread,AC069,0.7289193868637085,review,0,0.5618739724159241,0,MODERATE_RISK,0.0,
BioSpread,UNSEEN::AB224,0.2115967869758606,medium,0,0.605315774679184,0,LOW_RISK,0.0,
BioSpread,UNSEEN::AF856,0.21215488016605377,medium,0,0.6040066182613373,0,LOW_RISK,0.0,
BioSpread,UNSEEN::AA446,0.21199928224086761,medium,0,0.6043228209018707,0,LOW_RISK,0.0,
BioSpread,UNSEEN::AA732,0.21202203631401062,medium,0,0.604458212852478,0,LOW_RISK,0.0,
BioSpread,AA474,0.745736300945282,review,0,0.5694197714328766,0,MODERATE_RISK,0.0,
BioSpread,UNSEEN::AB167,0.21131981909275055,medium,0,0.6059027314186096,0,LOW_RISK,0.0,
BioSpread,UNSEEN::AD631,0.21210172772407532,medium,0,0.6041171848773956,0,LOW_RISK,0.0,
BioSpread,AB293,0.652287483215332,review,0,0.5281612277030945,0,MODERATE_RISK,0.0,
BioSpread,UNSEEN::AE262,0.21197320520877838,medium,0,0.6043769419193268,0,LOW_RISK,0.0,
BioSpread,AF345,0.6584433317184448,review,0,0.5352831184864044,0,MODERATE_RISK,0.0,
BioSpread,AA702,0.6671230792999268,review,0,0.5352948606014252,0,MODERATE_RISK,0.0,
BioSpread,UNSEEN::AA027,0.21706680953502655,review,0,0.5995170176029205,0,LOW_RISK,0.0,
BioSpread,UNSEEN::AA364,0.20961275696754456,medium,0,0.60965895652771,0,LOW_RISK,0.0,
BioSpread,UNSEEN::AG736,0.21191029250621796,medium,0,0.6045725345611572,0,LOW_RISK,0.0,
BioSpread,UNSEEN::AG234,0.21215488016605377,medium,0,0.6040066182613373,0,LOW_RISK,0.0,
BioSpread,UNSEEN::AG751,0.2121686190366745,medium,0,0.6039780676364899,0,LOW_RISK,0.0,
BioSpread,AA152,0.7310221195220947,review,0,0.556999534368515,0,MODERATE_RISK,0.0,
BioSpread,AD264,0.7245975136756897,review,0,0.5497188568115234,0,MODERATE_RISK,0.0,
BioSpread,UNSEEN::AE767,0.21230708062648773,medium,0,0.6036985814571381,0,LOW_RISK,0.0,
BioSpread,AG531,0.6597163677215576,review,0,0.5200022459030151,0,MODERATE_RISK,0.0,
BioSpread,AB784,0.5069778561592102,review,0,0.46845316886901855,0,MODERATE_RISK,0.0,
BioSpread,AE542,0.3756334185600281,review,0,0.5490309298038483,0,LOW_RISK,0.0,
BioSpread,UNSEEN::AA287,0.21193739771842957,medium,0,0.6044937372207642,0,LOW_RISK,0.0,
BioSpread,AG431,0.6590976119041443,review,0,0.5322858691215515,0,MODERATE_RISK,0.0,
BioSpread,UNSEEN::AA909,0.21216735243797302,medium,0,0.6039808392524719,0,LOW_RISK,0.0,
BioSpread,AG357,0.2204888015985489,medium,0,0.6197155714035034,0,LOW_RISK,0.0,
BioSpread,UNSEEN::AE166,0.21216687560081482,medium,0,0.6039814651012421,0,LOW_RISK,0.0,
BioSpread,UNSEEN::AH203,0.21211184561252594,medium,0,0.6040667295455933,0,LOW_RISK,0.0,
BioSpread,UNSEEN::AE810,0.2121669501066208,medium,0,0.6039817333221436,0,LOW_RISK,0.0,
BioSpread,UNSEEN::AE501,0.2121686190366745,medium,0,0.6039780676364899,0,LOW_RISK,0.0,
BioSpread,AC872,0.7052277326583862,review,0,0.547934502363205,0,MODERATE_RISK,0.0,
BioSpread,AB966,0.7379797697067261,review,0,0.5583766996860504,0,MODERATE_RISK,0.0,
BioSpread,AG207,0.7432172894477844,review,0,0.5652691125869751,0,MODERATE_RISK,0.0,
BioSpread,AA337,0.7472735047340393,review,0,0.5693604052066803,0,MODERATE_RISK,0.0,
BioSpread,UNSEEN::AA125,0.2116723209619522,medium,0,0.6049902439117432,0,LOW_RISK,0.0,
BioSpread,AC483,0.5862530469894409,review,0,0.5178168416023254,0,MODERATE_RISK,0.0,
BioSpread,AC102,0.7328364849090576,review,0,0.559409499168396,0,MODERATE_RISK,0.0,
BioSpread,AA142,0.7199637293815613,review,0,0.5525484383106232,0,MODERATE_RISK,0.0,
BioSpread,UNSEEN::AB983,0.21184268593788147,medium,0,0.6046418249607086,0,LOW_RISK,0.0,
BioSpread,UNSEEN::AG247,0.21187451481819153,medium,0,0.6046213507652283,0,LOW_RISK,0.0,
BioSpread,UNSEEN::AA024,0.21180424094200134,medium,0,0.6048060953617096,0,LOW_RISK,0.0,
BioSpread,UNSEEN::AE978,0.21216735243797302,medium,0,0.6039808392524719,0,LOW_RISK,0.0,
BioSpread,UNSEEN::AF448,0.21199969947338104,medium,0,0.6043218672275543,0,LOW_RISK,0.0,
BioSpread,UNSEEN::AE384,0.21108269691467285,medium,0,0.6064995229244232,0,LOW_RISK,0.0,
BioSpread,UNSEEN::AG715,0.21216821670532227,medium,0,0.6039789617061615,0,LOW_RISK,0.0,
BioSpread,AB127,0.716880202293396,review,0,0.5483251512050629,0,MODERATE_RISK,0.0,
BioSpread,UNSEEN::AE774,0.21189220249652863,medium,0,0.6046132147312164,0,LOW_RISK,0.0,
BioSpread,UNSEEN::AE383,0.21168489754199982,medium,0,0.6050451099872589,0,LOW_RISK,0.0,
BioSpread,UNSEEN::AH052,0.21206992864608765,medium,0,0.6042130291461945,0,LOW_RISK,0.0,
BioSpread,AB594,0.5641544461250305,review,0,0.5355821847915649,0,MODERATE_RISK,0.0,
BioSpread,AB885,0.7422440052032471,review,0,0.5636438727378845,0,MODERATE_RISK,0.0,
BioSpread,UNSEEN::AE840,0.21179500222206116,medium,0,0.6048443019390106,0,LOW_RISK,0.0,
BioSpread,AD367,0.5796384215354919,review,0,0.5163974761962891,0,MODERATE_RISK,0.0,
BioSpread,AF030,0.697758138179779,review,0,0.5394899845123291,0,MODERATE_RISK,0.0,
BioSpread,AA276,0.7453399300575256,review,1,0.5662467181682587,0,MODERATE_RISK,0.0,
BioSpread,AD261,0.6366286873817444,review,0,0.49198096990585327,0,MODERATE_RISK,0.0,
BioSpread,AA839,0.7440701723098755,review,0,0.5625869035720825,0,MODERATE_RISK,0.0,
BioSpread,AG300,0.5229193568229675,review,0,0.5080142915248871,0,MODERATE_RISK,0.0,
BioSpread,AB472,0.6446971297264099,review,0,0.4932730197906494,0,MODERATE_RISK,0.0,
BioSpread,UNSEEN::AB308,0.2121553122997284,medium,0,0.6040101051330566,0,LOW_RISK,0.0,
BioSpread,UNSEEN::AG908,0.21230868995189667,medium,0,0.6036950349807739,0,LOW_RISK,0.0,
BioSpread,AE520,0.6457280516624451,review,0,0.5425737500190735,0,MODERATE_RISK,0.0,
BioSpread,UNSEEN::AH287,0.21172083914279938,medium,0,0.6049186587333679,0,LOW_RISK,0.0,
BioSpread,AA609,0.7510952949523926,review,1,0.5750447511672974,0,MODERATE_RISK,0.0,
BioSpread,UNSEEN::AG877,0.2121686190366745,medium,0,0.6039780676364899,0,LOW_RISK,0.0,
BioSpread,AB631,0.7489339709281921,review,1,0.5690689086914062,0,MODERATE_RISK,0.0,
BioSpread,AA535,0.7176622748374939,review,0,0.5487189888954163,0,MODERATE_RISK,0.0,
BioSpread,UNSEEN::AG914,0.21216821670532227,medium,0,0.6039789617061615,0,LOW_RISK,0.0,
BioSpread,AF802,0.19467467069625854,medium,0,0.6492157578468323,0,LOW_RISK,0.0,
BioSpread,UNSEEN::AA869,0.2121536284685135,medium,0,0.6040093898773193,0,LOW_RISK,0.0,
BioSpread,UNSEEN::AF450,0.21199969947338104,medium,0,0.6043218672275543,0,LOW_RISK,0.0,
BioSpread,UNSEEN::AA688,0.21216779947280884,medium,0,0.6039798557758331,0,LOW_RISK,0.0,
BioSpread,UNSEEN::AF714,0.2121313214302063,medium,0,0.6040273010730743,0,LOW_RISK,0.0,
BioSpread,UNSEEN::AE938,0.2131204456090927,medium,0,0.6019262671470642,0,LOW_RISK,0.0,
BioSpread,UNSEEN::AG601,0.21212175488471985,medium,0,0.6040745973587036,0,LOW_RISK,0.0,
BioSpread,AC641,0.2625768184661865,review,0,0.5944505929946899,0,LOW_RISK,0.0,
BioSpread,UNSEEN::AG635,0.21216779947280884,medium,0,0.6039798557758331,0,LOW_RISK,0.0,
BioSpread,UNSEEN::AG885,0.2121553122997284,medium,0,0.6040057241916656,0,LOW_RISK,0.0,
BioSpread,UNSEEN::AG943,0.21216779947280884,medium,0,0.6039798557758331,0,LOW_RISK,0.0,
BioSpread,UNSEEN::AH277,0.21216779947280884,medium,0,0.6039798557758331,0,LOW_RISK,0.0,
BioSpread,UNSEEN::AG330,0.21216735243797302,medium,0,0.6039808392524719,0,LOW_RISK,0.0,
BioSpread,UNSEEN::AH006,0.21137258410453796,medium,0,0.6057417392730713,0,LOW_RISK,0.0,
BioSpread,UNSEEN::AD441,0.21207349002361298,medium,0,0.604233592748642,0,LOW_RISK,0.0,
BioSpread,UNSEEN::AB214,0.2121686190366745,medium,0,0.6039780676364899,0,LOW_RISK,0.0,
BioSpread,AB886,0.6698887944221497,review,0,0.5364825427532196,0,MODERATE_RISK,0.0,
BioSpread,AF100,0.7439654469490051,review,0,0.5652397274971008,0,MODERATE_RISK,0.0,
BioSpread,UNSEEN::AC402,0.2121446430683136,medium,0,0.6039995849132538,0,LOW_RISK,0.0,
BioSpread,AD985,0.23411722481250763,medium,0,0.6091654896736145,0,LOW_RISK,0.0,
BioSpread,UNSEEN::AC892,0.21194548904895782,medium,0,0.6044347286224365,0,LOW_RISK,0.0,
BioSpread,AA279,0.7480490207672119,review,1,0.5687539875507355,0,MODERATE_RISK,0.0,
BioSpread,AF108,0.6922417283058167,review,0,0.5312653183937073,0,MODERATE_RISK,0.0,
BioSpread,UNSEEN::AA107,0.21107137203216553,medium,0,0.606359988451004,0,LOW_RISK,0.0,
BioSpread,AB982,0.686404824256897,review,0,0.5431727766990662,0,MODERATE_RISK,0.0,
BioSpread,AE251,0.5725057125091553,review,0,0.5154736936092377,0,MODERATE_RISK,0.0,
BioSpread,AB978,0.745200514793396,review,1,0.5677611827850342,0,MODERATE_RISK,0.0,
BioSpread,AF442,0.4436038136482239,review,0,0.553815484046936,0,LOW_RISK,0.0,
BioSpread,UNSEEN::AD084,0.21206386387348175,medium,0,0.6042419373989105,0,LOW_RISK,0.0,
BioSpread,AA166,0.6843892931938171,review,0,0.5431050360202789,0,MODERATE_RISK,0.0,
BioSpread,UNSEEN::AC256,0.21198709309101105,medium,0,0.6043524146080017,0,LOW_RISK,0.0,
BioSpread,UNSEEN::AH132,0.21216779947280884,medium,0,0.6039798557758331,0,LOW_RISK,0.0,
BioSpread,AC177,0.5228201746940613,review,0,0.530283123254776,0,MODERATE_RISK,0.0,
BioSpread,AA553,0.747072696685791,review,1,0.5667268633842468,0,MODERATE_RISK,0.0,
BioSpread,AE717,0.7261841893196106,review,0,0.5563718974590302,0,MODERATE_RISK,0.0,
BioSpread,AC114,0.6402384042739868,review,0,0.548368513584137,0,MODERATE_RISK,0.0,
BioSpread,UNSEEN::AG248,0.21216735243797302,medium,0,0.6039808392524719,0,LOW_RISK,0.0,
BioSpread,UNSEEN::AB033,0.21193073689937592,medium,0,0.604475349187851,0,LOW_RISK,0.0,
BioSpread,AF981,0.32792115211486816,review,0,0.569927841424942,0,LOW_RISK,0.0,
BioSpread,UNSEEN::AA836,0.21171250939369202,medium,0,0.6049692332744598,0,LOW_RISK,0.0,
BioSpread,AB621,0.7444214820861816,review,0,0.5683779120445251,0,MODERATE_RISK,0.0,
BioSpread,UNSEEN::AH177,0.212307870388031,medium,0,0.6036968231201172,0,LOW_RISK,0.0,
BioSpread,UNSEEN::AD292,0.21167878806591034,medium,0,0.605066567659378,0,LOW_RISK,0.0,
BioSpread,UNSEEN::AG302,0.2121686190366745,medium,0,0.6039780676364899,0,LOW_RISK,0.0,
BioSpread,UNSEEN::AG087,0.2121877372264862,medium,0,0.6039587259292603,0,LOW_RISK,0.0,
BioSpread,AC150,0.6830515265464783,review,0,0.5424040853977203,0,MODERATE_RISK,0.0,
BioSpread,UNSEEN::AA631,0.21183812618255615,medium,0,0.6047099530696869,0,LOW_RISK,0.0,
BioSpread,AB365,0.5228186249732971,review,0,0.5080074965953827,0,MODERATE_RISK,0.0,
BioSpread,AG190,0.666727602481842,review,0,0.53147754073143,0,MODERATE_RISK,0.0,
BioSpread,UNSEEN::AG474,0.21198667585849762,medium,0,0.6043489277362823,0,LOW_RISK,0.0,
BioSpread,UNSEEN::AB505,0.212233304977417,medium,0,0.6039091050624847,0,LOW_RISK,0.0,
BioSpread,AE550,0.6199328899383545,review,0,0.5398103892803192,0,MODERATE_RISK,0.0,
BioSpread,AD357,0.6004433631896973,review,0,0.5136117339134216,0,MODERATE_RISK,0.0,
BioSpread,UNSEEN::AE557,0.21166202425956726,medium,0,0.6051721572875977,0,LOW_RISK,0.0,
BioSpread,UNSEEN::AH229,0.2121536284685135,medium,0,0.6040093898773193,0,LOW_RISK,0.0,
BioSpread,UNSEEN::AB048,0.2114063799381256,medium,0,0.6056168079376221,0,LOW_RISK,0.0,
BioSpread,UNSEEN::AG058,0.2121686190366745,medium,0,0.6039780676364899,0,LOW_RISK,0.0,
BioSpread,AA733,0.33333632349967957,review,0,0.5640211403369904,0,LOW_RISK,0.0,
BioSpread,UNSEEN::AB139,0.21216735243797302,medium,0,0.6039808392524719,0,LOW_RISK,0.0,
BioSpread,AE426,0.7422692775726318,review,0,0.5672874748706818,0,MODERATE_RISK,0.0,
BioSpread,UNSEEN::AD339,0.2116854190826416,medium,0,0.6050485372543335,0,LOW_RISK,0.0,
BioSpread,UNSEEN::AA644,0.2121291309595108,medium,0,0.6040688753128052,0,LOW_RISK,0.0,
BioSpread,UNSEEN::AF346,0.211880162358284,medium,0,0.60459303855896,0,LOW_RISK,0.0,
BioSpread,UNSEEN::AC701,0.21216735243797302,medium,0,0.6039808392524719,0,LOW_RISK,0.0,
BioSpread,AB984,0.6826931834220886,review,0,0.551866888999939,0,MODERATE_RISK,0.0,
BioSpread,UNSEEN::AC098,0.21199513971805573,medium,0,0.604356586933136,0,LOW_RISK,0.0,
BioSpread,UNSEEN::AG333,0.21214379370212555,medium,0,0.6040014624595642,0,LOW_RISK,0.0,
BioSpread,AB296,0.6521844863891602,review,0,0.5280945599079132,0,MODERATE_RISK,0.0,
BioSpread,AG285,0.3276471793651581,review,0,0.570017397403717,0,LOW_RISK,0.0,
BioSpread,AB500,0.503589391708374,review,0,0.5004132091999054,0,MODERATE_RISK,0.0,
BioSpread,AG419,0.2871062755584717,review,0,0.5811020135879517,0,LOW_RISK,0.0,
BioSpread,UNSEEN::AE913,0.21201233565807343,medium,0,0.6042957603931427,0,LOW_RISK,0.0,
BioSpread,UNSEEN::AG855,0.21216779947280884,medium,0,0.6039798557758331,0,LOW_RISK,0.0,
BioSpread,AA740,0.5103023648262024,review,0,0.5322915017604828,0,MODERATE_RISK,0.0,
BioSpread,UNSEEN::AF984,0.21230868995189667,medium,0,0.6036950349807739,0,LOW_RISK,0.0,
BioSpread,AD930,0.6756296753883362,review,0,0.5214846134185791,0,MODERATE_RISK,0.0,
BioSpread,AD283,0.6678124070167542,review,0,0.5452367663383484,0,MODERATE_RISK,0.0,
BioSpread,UNSEEN::AF688,0.21209931373596191,medium,0,0.604113906621933,0,LOW_RISK,0.0,
BioSpread,AB795,0.679390013217926,review,0,0.5450330972671509,0,MODERATE_RISK,0.0,
BioSpread,AD885,0.6921228766441345,review,0,0.5446900725364685,0,MODERATE_RISK,0.0,
BioSpread,UNSEEN::AE820,0.2122759371995926,medium,0,0.6037664711475372,0,LOW_RISK,0.0,
BioSpread,AD398,0.6967129111289978,review,0,0.5418844819068909,0,MODERATE_RISK,0.0,
BioSpread,UNSEEN::AD235,0.21216779947280884,medium,0,0.6039798557758331,0,LOW_RISK,0.0,
BioSpread,UNSEEN::AE117,0.21230746805667877,medium,0,0.6036976873874664,0,LOW_RISK,0.0,
BioSpread,UNSEEN::AF375,0.21195660531520844,medium,0,0.6044149994850159,0,LOW_RISK,0.0,
BioSpread,UNSEEN::AB548,0.21206988394260406,medium,0,0.604221373796463,0,LOW_RISK,0.0,
BioSpread,UNSEEN::AB866,0.21216821670532227,medium,0,0.6039789617061615,0,LOW_RISK,0.0,
BioSpread,UNSEEN::AF878,0.21215449273586273,medium,0,0.6040075123310089,0,LOW_RISK,0.0,
BioSpread,UNSEEN::AC538,0.21230708062648773,medium,0,0.6036985814571381,0,LOW_RISK,0.0,
BioSpread,AA409,0.7481590509414673,review,1,0.5664187669754028,0,MODERATE_RISK,0.0,
BioSpread,UNSEEN::AB762,0.21201233565807343,medium,0,0.6042957603931427,0,LOW_RISK,0.0,
BioSpread,AB894,0.6385905146598816,review,0,0.5400555729866028,0,MODERATE_RISK,0.0,
BioSpread,UNSEEN::AC465,0.21206988394260406,medium,0,0.604221373796463,0,LOW_RISK,0.0,
BioSpread,UNSEEN::AA961,0.2113029807806015,medium,0,0.60584557056427,0,LOW_RISK,0.0,
BioSpread,UNSEEN::AD923,0.2131204456090927,medium,0,0.6019262671470642,0,LOW_RISK,0.0,
BioSpread,AA016,0.6864175200462341,review,0,0.5389482378959656,0,MODERATE_RISK,0.0,
BioSpread,AF587,0.6315779089927673,review,0,0.5313648283481598,0,MODERATE_RISK,0.0,
BioSpread,AD740,0.5228564143180847,review,0,0.5080100297927856,0,MODERATE_RISK,0.0,
BioSpread,AC325,0.26192933320999146,review,0,0.5957140326499939,0,LOW_RISK,0.0,
BioSpread,UNSEEN::AC307,0.2119700163602829,medium,0,0.6044145822525024,0,LOW_RISK,0.0,
BioSpread,UNSEEN::AC936,0.21230395138263702,medium,0,0.6037041544914246,0,LOW_RISK,0.0,
BioSpread,AC352,0.6646930575370789,review,1,0.5354253947734833,0,MODERATE_RISK,0.0,
BioSpread,UNSEEN::AH043,0.2121686190366745,medium,0,0.6039780676364899,0,LOW_RISK,0.0,
BioSpread,UNSEEN::AF646,0.21201403439044952,medium,0,0.6042920649051666,0,LOW_RISK,0.0,
BioSpread,UNSEEN::AA307,0.2117987722158432,medium,0,0.6048544049263,0,LOW_RISK,0.0,
BioSpread,UNSEEN::AB852,0.2118588238954544,medium,0,0.6047059297561646,0,LOW_RISK,0.0,
BioSpread,AE854,0.697143018245697,review,0,0.5483430027961731,0,MODERATE_RISK,0.0,
BioSpread,UNSEEN::AC547,0.21153496205806732,medium,0,0.6052767932415009,0,LOW_RISK,0.0,
BioSpread,UNSEEN::AD886,0.21206215023994446,medium,0,0.6041705310344696,0,LOW_RISK,0.0,
BioSpread,UNSEEN::AD538,0.21183039247989655,medium,0,0.6046672761440277,0,LOW_RISK,0.0,
BioSpread,AD687,0.6744267344474792,review,0,0.5375771224498749,0,MODERATE_RISK,0.0,
BioSpread,AA339,0.6625135540962219,review,0,0.5324162840843201,0,MODERATE_RISK,0.0,
BioSpread,AE917,0.7038031816482544,review,0,0.549920529127121,0,MODERATE_RISK,0.0,
BioSpread,UNSEEN::AA834,0.21211928129196167,medium,0,0.6040737628936768,0,LOW_RISK,0.0,
BioSpread,UNSEEN::AE472,0.21203581988811493,medium,0,0.6042757034301758,0,LOW_RISK,0.0,
BioSpread,AF713,0.6399486660957336,review,0,0.540287971496582,0,MODERATE_RISK,0.0,
BioSpread,UNSEEN::AD410,0.21225354075431824,medium,0,0.6038832068443298,0,LOW_RISK,0.0,
BioSpread,AE021,0.20308305323123932,medium,0,0.6417852640151978,0,LOW_RISK,0.0,
BioSpread,UNSEEN::AB995,0.212307870388031,medium,0,0.6036968231201172,0,LOW_RISK,0.0,
BioSpread,UNSEEN::AF260,0.212307870388031,medium,0,0.6036968231201172,0,LOW_RISK,0.0,
BioSpread,AA456,0.7250624299049377,review,0,0.5524381399154663,0,MODERATE_RISK,0.0,
BioSpread,UNSEEN::AC819,0.2121553122997284,medium,0,0.6040057241916656,0,LOW_RISK,0.0,
BioSpread,AH122,0.6225772500038147,review,0,0.5157759785652161,0,MODERATE_RISK,0.0,
BioSpread,UNSEEN::AF165,0.21214863657951355,medium,0,0.6040492653846741,0,LOW_RISK,0.0,
BioSpread,UNSEEN::AA575,0.21068623661994934,medium,0,0.6071761548519135,0,LOW_RISK,0.0,
BioSpread,UNSEEN::AC241,0.21197965741157532,medium,0,0.6043594777584076,0,LOW_RISK,0.0,
BioSpread,AB159,0.744307816028595,review,1,0.5647891461849213,0,MODERATE_RISK,0.0,
BioSpread,AC153,0.6548469662666321,review,0,0.5342583954334259,0,MODERATE_RISK,0.0,
BioSpread,UNSEEN::AF287,0.21195848286151886,medium,0,0.6044077277183533,0,LOW_RISK,0.0,
BioSpread,AE896,0.571510374546051,review,0,0.5151609182357788,0,MODERATE_RISK,0.0,
BioSpread,AD137,0.59340900182724,review,0,0.5140366554260254,0,MODERATE_RISK,0.0,
BioSpread,AC036,0.6395338177680969,review,0,0.5274543464183807,0,MODERATE_RISK,0.0,
BioSpread,UNSEEN::AF241,0.21216779947280884,medium,0,0.6039798557758331,0,LOW_RISK,0.0,
BioSpread,UNSEEN::AA500,0.2121686190366745,medium,0,0.6039780676364899,0,LOW_RISK,0.0,
BioSpread,AG671,0.5228941440582275,review,0,0.5080125629901886,0,MODERATE_RISK,0.0,
BioSpread,AE630,0.5104377865791321,review,0,0.5322901606559753,0,MODERATE_RISK,0.0,
BioSpread,UNSEEN::AB314,0.21216779947280884,medium,0,0.6039798557758331,0,LOW_RISK,0.0,
BioSpread,UNSEEN::AB457,0.21208806335926056,medium,0,0.604145735502243,0,LOW_RISK,0.0,
BioSpread,AF350,0.3722120523452759,review,0,0.5450428128242493,0,LOW_RISK,0.0,
BioSpread,AB468,0.7145667672157288,review,1,0.5593282878398895,0,MODERATE_RISK,0.0,
BioSpread,UNSEEN::AG505,0.2121686190366745,medium,0,0.6039780676364899,0,LOW_RISK,0.0,
BioSpread,UNSEEN::AE786,0.21216779947280884,medium,0,0.6039798557758331,0,LOW_RISK,0.0,
BioSpread,UNSEEN::AD754,0.21216779947280884,medium,0,0.6039798557758331,0,LOW_RISK,0.0,
BioSpread,UNSEEN::AG896,0.21230708062648773,medium,0,0.6036985814571381,0,LOW_RISK,0.0,
BioSpread,UNSEEN::AF239,0.21206587553024292,medium,0,0.6042549312114716,0,LOW_RISK,0.0,
BioSpread,AC886,0.6233764290809631,review,0,0.5058231949806213,0,MODERATE_RISK,0.0,
BioSpread,AC501,0.5797401666641235,review,0,0.516424685716629,0,MODERATE_RISK,0.0,
BioSpread,UNSEEN::AF758,0.21230708062648773,medium,0,0.6036985814571381,0,LOW_RISK,0.0,
BioSpread,UNSEEN::AA617,0.21123574674129486,medium,0,0.6060645580291748,0,LOW_RISK,0.0,
BioSpread,UNSEEN::AA187,0.21218416094779968,medium,0,0.6039880514144897,0,LOW_RISK,0.0,
BioSpread,AG224,0.697721540927887,review,0,0.5412363111972809,0,MODERATE_RISK,0.0,
BioSpread,AH053,0.565532386302948,review,0,0.5142372250556946,0,MODERATE_RISK,0.0,
BioSpread,AB600,0.7447434663772583,review,0,0.5653265714645386,0,MODERATE_RISK,0.0,
BioSpread,AD795,0.37223020195961,review,0,0.5450384616851807,0,LOW_RISK,0.0,
BioSpread,UNSEEN::AG802,0.2121669501066208,medium,0,0.6039817333221436,0,LOW_RISK,0.0,
BioSpread,UNSEEN::AH422,0.21201276779174805,medium,0,0.6042947769165039,0,LOW_RISK,0.0,
BioSpread,UNSEEN::AD270,0.21204695105552673,medium,0,0.6043022871017456,0,LOW_RISK,0.0,
BioSpread,AD296,0.6805720329284668,review,0,0.5393984019756317,0,MODERATE_RISK,0.0,
BioSpread,AD493,0.6820322275161743,review,0,0.5434268116950989,0,MODERATE_RISK,0.0,
BioSpread,AA576,0.7472086548805237,review,0,0.5717719495296478,0,MODERATE_RISK,0.0,
BioSpread,UNSEEN::AH431,0.21201276779174805,medium,0,0.6042947769165039,0,LOW_RISK,0.0,
BioSpread,AG673,0.5229067206382751,review,0,0.5080134868621826,0,MODERATE_RISK,0.0,
BioSpread,UNSEEN::AG519,0.212307870388031,medium,0,0.6036968231201172,0,LOW_RISK,0.0,
BioSpread,UNSEEN::AE425,0.21186847984790802,medium,0,0.6046674251556396,0,LOW_RISK,0.0,
BioSpread,UNSEEN::AG526,0.2118263989686966,medium,0,0.6046751737594604,0,LOW_RISK,0.0,
BioSpread,UNSEEN::AB124,0.21216779947280884,medium,0,0.6039798557758331,0,LOW_RISK,0.0,
BioSpread,UNSEEN::AB975,0.21198095381259918,medium,0,0.6044499576091766,0,LOW_RISK,0.0,
BioSpread,AB815,0.746120035648346,review,0,0.5787540376186371,0,MODERATE_RISK,0.0,
BioSpread,AB671,0.6780458688735962,review,0,0.5279896259307861,0,MODERATE_RISK,0.0,
BioSpread,UNSEEN::AA523,0.20981839299201965,medium,0,0.609121561050415,0,LOW_RISK,0.0,
BioSpread,AC231,0.5725772380828857,review,0,0.5155064761638641,0,MODERATE_RISK,0.0,
BioSpread,UNSEEN::AF969,0.21230868995189667,medium,0,0.6036950349807739,0,LOW_RISK,0.0,
BioSpread,UNSEEN::AF640,0.21216779947280884,medium,0,0.6039798557758331,0,LOW_RISK,0.0,
BioSpread,AD535,0.6982776522636414,review,0,0.5357927083969116,0,MODERATE_RISK,0.0,
BioSpread,UNSEEN::AH450,0.21210429072380066,medium,0,0.6041658222675323,0,LOW_RISK,0.0,
BioSpread,UNSEEN::AE815,0.2121659815311432,medium,0,0.6039829850196838,0,LOW_RISK,0.0,
BioSpread,AG383,0.5227934718132019,review,0,0.5080057680606842,0,MODERATE_RISK,0.0,
BioSpread,UNSEEN::AH213,0.21216779947280884,medium,0,0.6039798557758331,0,LOW_RISK,0.0,
BioSpread,AE407,0.7124301195144653,review,0,0.5468626618385315,0,MODERATE_RISK,0.0,
BioSpread,UNSEEN::AD899,0.21230827271938324,medium,0,0.6036959290504456,0,LOW_RISK,0.0,
BioSpread,UNSEEN::AD551,0.21181857585906982,medium,0,0.6047095954418182,0,LOW_RISK,0.0,
BioSpread,AA900,0.32769209146499634,review,0,0.570106029510498,0,LOW_RISK,0.0,
BioSpread,UNSEEN::AC927,0.21159042418003082,medium,0,0.6052341759204865,0,LOW_RISK,0.0,
BioSpread,UNSEEN::AE761,0.21135257184505463,medium,0,0.605646550655365,0,LOW_RISK,0.0,
BioSpread,UNSEEN::AA455,0.21197280287742615,medium,0,0.6043778657913208,0,LOW_RISK,0.0,
BioSpread,AB319,0.704356849193573,review,1,0.553352415561676,0,MODERATE_RISK,0.0,
BioSpread,AF514,0.7425248026847839,review,0,0.5679541528224945,0,MODERATE_RISK,0.0,
BioSpread,UNSEEN::AA106,0.21009059250354767,medium,0,0.6085561215877533,0,LOW_RISK,0.0,
BioSpread,AD499,0.5228564143180847,review,0,0.5080100297927856,0,MODERATE_RISK,0.0,
BioSpread,AC851,0.26188015937805176,review,0,0.5957404971122742,0,LOW_RISK,0.0,
BioSpread,AF779,0.2204888015985489,medium,0,0.6197155714035034,0,LOW_RISK,0.0,
BioSpread,UNSEEN::AE653,0.21200013160705566,medium,0,0.6043209433555603,0,LOW_RISK,0.0,
BioSpread,AC689,0.7441055774688721,review,0,0.5707427859306335,0,MODERATE_RISK,0.0,
BioSpread,UNSEEN::AD107,0.2119866907596588,medium,0,0.6043533384799957,0,LOW_RISK,0.0,
BioSpread,AA572,0.5229445099830627,review,0,0.5080160796642303,0,MODERATE_RISK,0.0,
BioSpread,UNSEEN::AC812,0.2120102047920227,medium,0,0.6043376624584198,0,LOW_RISK,0.0,
BioSpread,UNSEEN::AD922,0.21216779947280884,medium,0,0.6039798557758331,0,LOW_RISK,0.0,
BioSpread,UNSEEN::AB577,0.21213045716285706,medium,0,0.60402911901474,0,LOW_RISK,0.0,
BioSpread,UNSEEN::AC432,0.21216779947280884,medium,0,0.6039798557758331,0,LOW_RISK,0.0,
BioSpread,UNSEEN::AF162,0.21216779947280884,medium,0,0.6039798557758331,0,LOW_RISK,0.0,
BioSpread,AH470,0.2617206275463104,review,0,0.5958263576030731,0,LOW_RISK,0.0,
BioSpread,UNSEEN::AA459,0.21173040568828583,medium,0,0.605003297328949,0,LOW_RISK,0.0,
BioSpread,UNSEEN::AC832,0.21199969947338104,medium,0,0.6043218672275543,0,LOW_RISK,0.0,
BioSpread,UNSEEN::AC181,0.2114875316619873,medium,0,0.605553388595581,0,LOW_RISK,0.0,
BioSpread,UNSEEN::AC885,0.21172639727592468,medium,0,0.6049500405788422,0,LOW_RISK,0.0,
BioSpread,AD311,0.744626522064209,review,0,0.5663985013961792,0,MODERATE_RISK,0.0,
BioSpread,UNSEEN::AB206,0.21215446293354034,medium,0,0.6040119230747223,0,LOW_RISK,0.0,
BioSpread,AC202,0.7338336706161499,review,1,0.5585968196392059,0,MODERATE_RISK,0.0,
BioSpread,AB320,0.7271592617034912,review,0,0.561444491147995,0,MODERATE_RISK,0.0,
BioSpread,UNSEEN::AC793,0.2131204456090927,medium,0,0.6019262671470642,0,LOW_RISK,0.0,
BioSpread,UNSEEN::AB892,0.21227051317691803,medium,0,0.603746086359024,0,LOW_RISK,0.0,
BioSpread,UNSEEN::AG569,0.21196234226226807,medium,0,0.6043708920478821,0,LOW_RISK,0.0,
BioSpread,AA928,0.6857249140739441,review,0,0.5383205711841583,0,MODERATE_RISK,0.0,
BioSpread,UNSEEN::AB830,0.2121381014585495,medium,0,0.6040410697460175,0,LOW_RISK,0.0,
BioSpread,AE057,0.6843367218971252,review,0,0.5430608987808228,0,MODERATE_RISK,0.0,
BioSpread,UNSEEN::AF054,0.21216821670532227,medium,0,0.6039789617061615,0,LOW_RISK,0.0,
BioSpread,UNSEEN::AE358,0.21151286363601685,medium,0,0.6053170263767242,0,LOW_RISK,0.0,
BioSpread,AD893,0.5229193568229675,review,0,0.5080142915248871,0,MODERATE_RISK,0.0,
BioSpread,UNSEEN::AG658,0.21158525347709656,medium,0,0.6051571071147919,0,LOW_RISK,0.0,
BioSpread,UNSEEN::AH050,0.21159979701042175,medium,0,0.605149120092392,0,LOW_RISK,0.0,
BioSpread,UNSEEN::AE613,0.21230708062648773,medium,0,0.6036985814571381,0,LOW_RISK,0.0,
BioSpread,AG544,0.6780349016189575,review,0,0.5339257121086121,0,MODERATE_RISK,0.0,
BioSpread,UNSEEN::AD793,0.2131204456090927,medium,0,0.6019262671470642,0,LOW_RISK,0.0,
BioSpread,UNSEEN::AF223,0.21216735243797302,medium,0,0.6039808392524719,0,LOW_RISK,0.0,
BioSpread,AC338,0.6725745797157288,review,0,0.5375956892967224,0,MODERATE_RISK,0.0,
BioSpread,UNSEEN::AE248,0.21191950142383575,medium,0,0.6044888198375702,0,LOW_RISK,0.0,
BioSpread,UNSEEN::AB099,0.21214419603347778,medium,0,0.6040005683898926,0,LOW_RISK,0.0,
BioSpread,UNSEEN::AG945,0.21216779947280884,medium,0,0.6039798557758331,0,LOW_RISK,0.0,
BioSpread,UNSEEN::AF575,0.21214202046394348,medium,0,0.60403773188591,0,LOW_RISK,0.0,
BioSpread,UNSEEN::AE002,0.2119450569152832,medium,0,0.6044356524944305,0,LOW_RISK,0.0,
BioSpread,UNSEEN::AH388,0.21216735243797302,medium,0,0.6039808392524719,0,LOW_RISK,0.0,
BioSpread,UNSEEN::AG257,0.2121686190366745,medium,0,0.6039780676364899,0,LOW_RISK,0.0,
BioSpread,AF864,0.5673803687095642,review,0,0.5397861003875732,0,MODERATE_RISK,0.0,
BioSpread,AC245,0.7463846802711487,review,0,0.5671665072441101,0,MODERATE_RISK,0.0,
BioSpread,UNSEEN::AE870,0.21198667585849762,medium,0,0.6043489277362823,0,LOW_RISK,0.0,
BioSpread,UNSEEN::AD234,0.21216735243797302,medium,0,0.6039808392524719,0,LOW_RISK,0.0,
BioSpread,UNSEEN::AE238,0.21216779947280884,medium,0,0.6039798557758331,0,LOW_RISK,0.0,
BioSpread,UNSEEN::AG735,0.21216779947280884,medium,0,0.6039798557758331,0,LOW_RISK,0.0,
BioSpread,AG983,0.5104513168334961,review,0,0.5322900414466858,0,MODERATE_RISK,0.0,
BioSpread,UNSEEN::AG924,0.21216735243797302,medium,0,0.6039808392524719,0,LOW_RISK,0.0,
BioSpread,UNSEEN::AC813,0.2121553122997284,medium,0,0.6040057241916656,0,LOW_RISK,0.0,
BioSpread,UNSEEN::AD935,0.21230827271938324,medium,0,0.6036959290504456,0,LOW_RISK,0.0,
BioSpread,UNSEEN::AA864,0.2121686190366745,medium,0,0.6039780676364899,0,LOW_RISK,0.0,
BioSpread,UNSEEN::AA109,0.21103832125663757,medium,0,0.6064304709434509,0,LOW_RISK,0.0,
BioSpread,UNSEEN::AD259,0.21215449273586273,medium,0,0.6040075123310089,0,LOW_RISK,0.0,
BioSpread,AC407,0.7219613790512085,review,0,0.5614387691020966,0,MODERATE_RISK,0.0,
BioSpread,AD623,0.26175740361213684,review,0,0.5958065688610077,0,LOW_RISK,0.0,
BioSpread,UNSEEN::AH157,0.21310406923294067,medium,0,0.6019591093063354,0,LOW_RISK,0.0,
BioSpread,AG446,0.7481472492218018,review,1,0.5705626010894775,0,MODERATE_RISK,0.0,
BioSpread,UNSEEN::AE589,0.21216735243797302,medium,0,0.6039808392524719,0,LOW_RISK,0.0,
BioSpread,UNSEEN::AD408,0.21188725531101227,medium,0,0.6045949757099152,0,LOW_RISK,0.0,
BioSpread,UNSEEN::AB281,0.2121526449918747,medium,0,0.6040107011795044,0,LOW_RISK,0.0,
BioSpread,UNSEEN::AE077,0.21180365979671478,medium,0,0.604814201593399,0,LOW_RISK,0.0,
BioSpread,UNSEEN::AB490,0.21216779947280884,medium,0,0.6039798557758331,0,LOW_RISK,0.0,
BioSpread,AA255,0.5467689633369446,review,0,0.5263583362102509,0,MODERATE_RISK,0.0,
BioSpread,UNSEEN::AE571,0.21217621862888336,medium,0,0.6039829254150391,0,LOW_RISK,0.0,
BioSpread,AC157,0.609980583190918,review,0,0.5287866592407227,0,MODERATE_RISK,0.0,
BioSpread,AE708,0.7308405041694641,review,0,0.5618433058261871,0,MODERATE_RISK,0.0,
BioSpread,UNSEEN::AE968,0.2121686190366745,medium,0,0.6039780676364899,0,LOW_RISK,0.0,
BioSpread,UNSEEN::AF966,0.212056502699852,medium,0,0.6042409837245941,0,LOW_RISK,0.0,
BioSpread,UNSEEN::AC224,0.21141792833805084,medium,0,0.6055203080177307,0,LOW_RISK,0.0,
BioSpread,AB595,0.7474932074546814,review,1,0.5697735548019409,0,MODERATE_RISK,0.0,
BioSpread,AF123,0.6589731574058533,review,0,0.5466963052749634,0,MODERATE_RISK,0.0,
BioSpread,UNSEEN::AF518,0.21228085458278656,medium,0,0.6038222312927246,0,LOW_RISK,0.0,
BioSpread,UNSEEN::AC867,0.2121686190366745,medium,0,0.6039780676364899,0,LOW_RISK,0.0,
BioSpread,AB148,0.6762239933013916,review,1,0.5365607738494873,0,MODERATE_RISK,0.0,
BioSpread,AF720,0.5228689908981323,review,0,0.5080108940601349,0,MODERATE_RISK,0.0,
BioSpread,AD472,0.6384650468826294,review,0,0.5159560143947601,0,MODERATE_RISK,0.0,
BioSpread,AC427,0.4773974120616913,review,0,0.5556862056255341,0,LOW_RISK,0.0,
BioSpread,AG011,0.5229067206382751,review,0,0.5080134868621826,0,MODERATE_RISK,0.0,
BioSpread,UNSEEN::AF666,0.21230868995189667,medium,0,0.6036950349807739,0,LOW_RISK,0.0,
BioSpread,UNSEEN::AF040,0.2122812122106552,medium,0,0.6037523150444031,0,LOW_RISK,0.0,
BioSpread,UNSEEN::AH484,0.21230827271938324,medium,0,0.6036959290504456,0,LOW_RISK,0.0,
BioSpread,UNSEEN::AF783,0.21216779947280884,medium,0,0.6039798557758331,0,LOW_RISK,0.0,
BioSpread,UNSEEN::AC183,0.21203461289405823,medium,0,0.6042701005935669,0,LOW_RISK,0.0,
BioSpread,AB905,0.6903060078620911,review,0,0.5435261130332947,0,MODERATE_RISK,0.0,
BioSpread,UNSEEN::AF134,0.21206988394260406,medium,0,0.604221373796463,0,LOW_RISK,0.0,
BioSpread,AC176,0.639552891254425,review,0,0.5274608135223389,0,MODERATE_RISK,0.0,
BioSpread,UNSEEN::AC270,0.21218906342983246,medium,0,0.6039562225341797,0,LOW_RISK,0.0,
BioSpread,UNSEEN::AE682,0.3359920084476471,review,0,0.5748124420642853,0,LOW_RISK,0.0,
BioSpread,AG159,0.5548080801963806,review,0,0.5181809663772583,0,MODERATE_RISK,0.0,
BioSpread,AB646,0.7438145279884338,review,1,0.5678383708000183,0,MODERATE_RISK,0.0,
BioSpread,AB728,0.7439864873886108,review,0,0.5652684271335602,0,MODERATE_RISK,0.0,
BioSpread,UNSEEN::AB965,0.21143487095832825,medium,0,0.6055341958999634,0,LOW_RISK,0.0,
BioSpread,UNSEEN::AA204,0.2121274620294571,medium,0,0.6040637493133545,0,LOW_RISK,0.0,
BioSpread,UNSEEN::AF899,0.212307870388031,medium,0,0.6036968231201172,0,LOW_RISK,0.0,
BioSpread,UNSEEN::AA719,0.2121145874261856,medium,0,0.6040904521942139,0,LOW_RISK,0.0,
BioSpread,UNSEEN::AB325,0.21200013160705566,medium,0,0.6043209433555603,0,LOW_RISK,0.0,
BioSpread,AF602,0.652168869972229,review,0,0.528088241815567,0,MODERATE_RISK,0.0,
BioSpread,UNSEEN::AD439,0.21216779947280884,medium,0,0.6039798557758331,0,LOW_RISK,0.0,
BioSpread,AD655,0.7086483240127563,review,0,0.5471643209457397,0,MODERATE_RISK,0.0,
BioSpread,UNSEEN::AA234,0.21215449273586273,medium,0,0.6040075123310089,0,LOW_RISK,0.0,
BioSpread,AH483,0.6384477019309998,review,0,0.5399972796440125,0,MODERATE_RISK,0.0,
BioSpread,AH299,0.6181020736694336,review,0,0.5174529850482941,0,MODERATE_RISK,0.0,
BioSpread,UNSEEN::AA041,0.21216821670532227,medium,0,0.6039789617061615,0,LOW_RISK,0.0,
BioSpread,AG337,0.6997933387756348,review,0,0.5452816486358643,0,MODERATE_RISK,0.0,
BioSpread,AF086,0.7017595171928406,review,0,0.5502797663211823,0,MODERATE_RISK,0.0,
BioSpread,UNSEEN::AB092,0.2120008021593094,medium,0,0.60440394282341,0,LOW_RISK,0.0,
BioSpread,UNSEEN::AG729,0.21216735243797302,medium,0,0.6039808392524719,0,LOW_RISK,0.0,
BioSpread,UNSEEN::AC424,0.21216779947280884,medium,0,0.6039798557758331,0,LOW_RISK,0.0,
BioSpread,AF828,0.5670216083526611,review,0,0.5142717659473419,0,MODERATE_RISK,0.0,
BioSpread,AE703,0.3149273693561554,review,0,0.5848932564258575,0,LOW_RISK,0.0,
BioSpread,UNSEEN::AG025,0.21201661229133606,medium,0,0.6043366193771362,0,LOW_RISK,0.0,
BioSpread,UNSEEN::AG326,0.21215488016605377,medium,0,0.6040066182613373,0,LOW_RISK,0.0,
BioSpread,UNSEEN::AA809,0.2121686190366745,medium,0,0.6039780676364899,0,LOW_RISK,0.0,
BioSpread,UNSEEN::AE661,0.21230868995189667,medium,0,0.6036950349807739,0,LOW_RISK,0.0,
BioSpread,UNSEEN::AG147,0.21219760179519653,medium,0,0.6039547324180603,0,LOW_RISK,0.0,
BioSpread,UNSEEN::AG931,0.21215488016605377,medium,0,0.6040066182613373,0,LOW_RISK,0.0,
BioSpread,UNSEEN::AF950,0.21201317012310028,medium,0,0.6042939126491547,0,LOW_RISK,0.0,
BioSpread,UNSEEN::AD543,0.21230868995189667,medium,0,0.6036950349807739,0,LOW_RISK,0.0,
BioSpread,AD603,0.682980477809906,review,0,0.5400905907154083,0,MODERATE_RISK,0.0,
BioSpread,AE039,0.6588507294654846,review,0,0.5354321897029877,0,MODERATE_RISK,0.0,
BioSpread,UNSEEN::AF207,0.21210606396198273,medium,0,0.6041623950004578,0,LOW_RISK,0.0,
BioSpread,UNSEEN::AG716,0.21216821670532227,medium,0,0.6039789617061615,0,LOW_RISK,0.0,
BioSpread,UNSEEN::AA226,0.212307870388031,medium,0,0.6036968231201172,0,LOW_RISK,0.0,
BioSpread,UNSEEN::AB208,0.21216735243797302,medium,0,0.6039808392524719,0,LOW_RISK,0.0,
BioSpread,AB400,0.5717204809188843,review,0,0.5152325332164764,0,MODERATE_RISK,0.0,
BioSpread,AG456,0.7385736107826233,review,1,0.5625135600566864,0,MODERATE_RISK,0.0,
BioSpread,AE334,0.7150402069091797,review,1,0.5549081265926361,0,MODERATE_RISK,0.0,
BioSpread,UNSEEN::AG270,0.21214285492897034,medium,0,0.604040265083313,0,LOW_RISK,0.0,
BioSpread,UNSEEN::AD933,0.2119866907596588,medium,0,0.6043533384799957,0,LOW_RISK,0.0,
BioSpread,UNSEEN::AA214,0.21212705969810486,medium,0,0.6040646433830261,0,LOW_RISK,0.0,
BioSpread,UNSEEN::AD284,0.2120136022567749,medium,0,0.6042929589748383,0,LOW_RISK,0.0,
BioSpread,AA358,0.7437625527381897,review,0,0.5659944713115692,0,MODERATE_RISK,0.0,
BioSpread,AB143,0.7114454507827759,review,0,0.551512598991394,0,MODERATE_RISK,0.0,
BioSpread,UNSEEN::AE745,0.2114320993423462,medium,0,0.6055327355861664,0,LOW_RISK,0.0,
BioSpread,UNSEEN::AA663,0.21112613379955292,medium,0,0.6062601804733276,0,LOW_RISK,0.0,
BioSpread,AA872,0.5228689908981323,review,0,0.5080108940601349,0,MODERATE_RISK,0.0,
BioSpread,AG567,0.44573667645454407,review,0,0.5376221835613251,0,LOW_RISK,0.0,
BioSpread,UNSEEN::AA537,0.20956017076969147,medium,0,0.6096284687519073,0,LOW_RISK,0.0,
BioSpread,UNSEEN::AG731,0.21195010840892792,medium,0,0.6044807136058807,0,LOW_RISK,0.0,
BioSpread,UNSEEN::AH028,0.21201184391975403,medium,0,0.6042964160442352,0,LOW_RISK,0.0,
BioSpread,UNSEEN::AG115,0.2116674929857254,medium,0,0.605097621679306,0,LOW_RISK,0.0,
BioSpread,UNSEEN::AH045,0.2121686190366745,medium,0,0.6039780676364899,0,LOW_RISK,0.0,
BioSpread,AD520,0.5733429789543152,review,0,0.5151799321174622,0,MODERATE_RISK,0.0,
BioSpread,UNSEEN::AA807,0.21186178922653198,medium,0,0.6046522557735443,0,LOW_RISK,0.0,
BioSpread,AB443,0.7350241541862488,review,1,0.56146439909935,0,MODERATE_RISK,0.0,
BioSpread,AC861,0.7424013018608093,review,0,0.564344972372055,0,MODERATE_RISK,0.0,
BioSpread,AE203,0.6694937944412231,review,0,0.5243182480335236,0,MODERATE_RISK,0.0,
BioSpread,UNSEEN::AE289,0.21216735243797302,medium,0,0.6039808392524719,0,LOW_RISK,0.0,
BioSpread,AF103,0.6902804374694824,review,0,0.539788007736206,0,MODERATE_RISK,0.0,
BioSpread,UNSEEN::AB801,0.21216735243797302,medium,0,0.6039808392524719,0,LOW_RISK,0.0,
BioSpread,AD088,0.5228815674781799,review,0,0.5080117583274841,0,MODERATE_RISK,0.0,
BioSpread,AC305,0.7492614984512329,review,1,0.5711783170700073,0,MODERATE_RISK,0.0,
BioSpread,AC462,0.7056067585945129,review,0,0.5438587069511414,0,MODERATE_RISK,0.0,
BioSpread,UNSEEN::AF938,0.2117369920015335,medium,0,0.6049312651157379,0,LOW_RISK,0.0,
BioSpread,UNSEEN::AE927,0.21231606602668762,medium,0,0.6037653684616089,0,LOW_RISK,0.0,
BioSpread,AE004,0.5385008454322815,review,0,0.5296693444252014,0,MODERATE_RISK,0.0,
BioSpread,AB611,0.2204888015985489,medium,0,0.6197155714035034,0,LOW_RISK,0.0,
BioSpread,UNSEEN::AE220,0.2119884043931961,medium,0,0.6043164432048798,0,LOW_RISK,0.0,
BioSpread,AB242,0.7085769772529602,review,0,0.5463801920413971,0,MODERATE_RISK,0.0,
BioSpread,UNSEEN::AG637,0.21163591742515564,medium,0,0.6051985323429108,0,LOW_RISK,0.0,
BioSpread,AG066,0.5229067206382751,review,0,0.5080134868621826,0,MODERATE_RISK,0.0,
BioSpread,AF617,0.5229067206382751,review,0,0.5080134868621826,0,MODERATE_RISK,0.0,
BioSpread,AE657,0.6416535973548889,review,0,0.5408752262592316,0,MODERATE_RISK,0.0,
BioSpread,AC497,0.639538586139679,review,0,0.5274559259414673,0,MODERATE_RISK,0.0,
BioSpread,AB735,0.7313851118087769,review,0,0.5614346563816071,0,MODERATE_RISK,0.0,
BioSpread,UNSEEN::AH038,0.21216735243797302,medium,0,0.6039808392524719,0,LOW_RISK,0.0,
BioSpread,UNSEEN::AE797,0.21183083951473236,medium,0,0.6046662926673889,0,LOW_RISK,0.0,
BioSpread,UNSEEN::AD657,0.21228085458278656,medium,0,0.6038222312927246,0,LOW_RISK,0.0,
BioSpread,AB904,0.2812972664833069,review,0,0.5959473252296448,0,LOW_RISK,0.0,
BioSpread,AB524,0.7033832669258118,review,0,0.5422758460044861,0,MODERATE_RISK,0.0,
BioSpread,UNSEEN::AG767,0.2121540606021881,medium,0,0.6040084660053253,0,LOW_RISK,0.0,
BioSpread,UNSEEN::AC276,0.2121158391237259,medium,0,0.6040964722633362,0,LOW_RISK,0.0,
BioSpread,UNSEEN::AB363,0.2120136022567749,medium,0,0.6042929589748383,0,LOW_RISK,0.0,
BioSpread,UNSEEN::AA700,0.21188226342201233,medium,0,0.6046220660209656,0,LOW_RISK,0.0,
BioSpread,AH493,0.5632449388504028,review,0,0.5032591223716736,0,MODERATE_RISK,0.0,
BioSpread,AB329,0.6864463090896606,review,0,0.5479516983032227,0,MODERATE_RISK,0.0,
BioSpread,AA568,0.5717774033546448,review,0,0.5152417421340942,0,MODERATE_RISK,0.0,
BioSpread,AB007,0.7435306310653687,review,0,0.5668204724788666,0,MODERATE_RISK,0.0,
BioSpread,AB514,0.5227305293083191,review,0,0.5080015063285828,0,MODERATE_RISK,0.0,
BioSpread,UNSEEN::AD553,0.21206483244895935,medium,0,0.6041655242443085,0,LOW_RISK,0.0,
BioSpread,AB440,0.7095260620117188,review,0,0.5435367822647095,0,MODERATE_RISK,0.0,
BioSpread,UNSEEN::AD362,0.21209222078323364,medium,0,0.6041956841945648,0,LOW_RISK,0.0,
BioSpread,UNSEEN::AH453,0.21216648817062378,medium,0,0.6039823293685913,0,LOW_RISK,0.0,
BioSpread,UNSEEN::AA300,0.21103692054748535,medium,0,0.6063871681690216,0,LOW_RISK,0.0,
BioSpread,AF739,0.6742703318595886,review,0,0.5374622344970703,0,MODERATE_RISK,0.0,
BioSpread,AA208,0.7158558964729309,review,0,0.5481819808483124,0,MODERATE_RISK,0.0,
BioSpread,UNSEEN::AB818,0.21139931678771973,medium,0,0.6055504381656647,0,LOW_RISK,0.0,
BioSpread,AE681,0.23862609267234802,medium,0,0.6059131324291229,0,LOW_RISK,0.0,
BioSpread,AG350,0.5876991748809814,review,0,0.5298439860343933,0,MODERATE_RISK,0.0,
BioSpread,UNSEEN::AC088,0.21158932149410248,medium,0,0.6051628589630127,0,LOW_RISK,0.0,
BioSpread,UNSEEN::AF405,0.21178410947322845,medium,0,0.6047931611537933,0,LOW_RISK,0.0,
BioSpread,UNSEEN::AF490,0.21216735243797302,medium,0,0.6039808392524719,0,LOW_RISK,0.0,
BioSpread,AA970,0.7474499940872192,review,0,0.5687991976737976,0,MODERATE_RISK,0.0,
BioSpread,AB878,0.5967708826065063,review,0,0.5200464427471161,0,MODERATE_RISK,0.0,
BioSpread,AC518,0.6895800232887268,review,0,0.5460006296634674,0,MODERATE_RISK,0.0,
BioSpread,AE048,0.6991196870803833,review,0,0.5484462380409241,0,MODERATE_RISK,0.0,
BioSpread,UNSEEN::AG581,0.2121313214302063,medium,0,0.6040273010730743,0,LOW_RISK,0.0,
BioSpread,UNSEEN::AB344,0.2119089514017105,medium,0,0.6045750677585602,0,LOW_RISK,0.0,
BioSpread,UNSEEN::AG754,0.21185678243637085,medium,0,0.6046125292778015,0,LOW_RISK,0.0,
BioSpread,UNSEEN::AC261,0.21215315163135529,medium,0,0.6040100157260895,0,LOW_RISK,0.0,
BioSpread,AA019,0.7444132566452026,review,0,0.5654431879520416,0,MODERATE_RISK,0.0,
BioSpread,UNSEEN::AH365,0.21216779947280884,medium,0,0.6039798557758331,0,LOW_RISK,0.0,
BioSpread,AC504,0.7420936226844788,review,0,0.5612818896770477,0,MODERATE_RISK,0.0,
BioSpread,AF431,0.737574577331543,review,0,0.5635890364646912,0,MODERATE_RISK,0.0,
BioSpread,AG709,0.2618432939052582,review,0,0.595760315656662,0,LOW_RISK,0.0,
BioSpread,AF312,0.6395338177680969,review,0,0.5274543464183807,0,MODERATE_RISK,0.0,
BioSpread,AC897,0.7403951287269592,review,0,0.5691069960594177,0,MODERATE_RISK,0.0,
BioSpread,UNSEEN::AE402,0.2121068835258484,medium,0,0.604241132736206,0,LOW_RISK,0.0,
BioSpread,AC296,0.7481141686439514,review,0,0.5685776472091675,0,MODERATE_RISK,0.0,
BioSpread,UNSEEN::AH194,0.21215449273586273,medium,0,0.6040075123310089,0,LOW_RISK,0.0,
BioSpread,UNSEEN::AE903,0.21199634671211243,medium,0,0.6043621003627777,0,LOW_RISK,0.0,
BioSpread,UNSEEN::AE224,0.21192587912082672,medium,0,0.6045773029327393,0,LOW_RISK,0.0,
BioSpread,UNSEEN::AG938,0.21230708062648773,medium,0,0.6036985814571381,0,LOW_RISK,0.0,
BioSpread,AB260,0.4106390178203583,review,0,0.5658043026924133,0,LOW_RISK,0.0,
BioSpread,AE490,0.5103700160980225,review,0,0.5322908759117126,0,MODERATE_RISK,0.0,
BioSpread,AE300,0.6843363046646118,review,0,0.5430609285831451,0,MODERATE_RISK,0.0,
BioSpread,UNSEEN::AF035,0.21199969947338104,medium,0,0.6043218672275543,0,LOW_RISK,0.0,
BioSpread,UNSEEN::AA969,0.2121686190366745,medium,0,0.6039780676364899,0,LOW_RISK,0.0,
BioSpread,UNSEEN::AE246,0.2119320034980774,medium,0,0.6045351326465607,0,LOW_RISK,0.0,
BioSpread,UNSEEN::AA030,0.21215270459651947,medium,0,0.6040109992027283,0,LOW_RISK,0.0,
BioSpread,AA206,0.7054546475410461,review,0,0.5416321754455566,0,MODERATE_RISK,0.0,
BioSpread,UNSEEN::AF675,0.21230827271938324,medium,0,0.6036959290504456,0,LOW_RISK,0.0,
BioSpread,AC724,0.7443426847457886,review,0,0.5648869872093201,0,MODERATE_RISK,0.0,
BioSpread,UNSEEN::AD827,0.21214115619659424,medium,0,0.6040352284908295,0,LOW_RISK,0.0,
BioSpread,UNSEEN::AA494,0.21216735243797302,medium,0,0.6039808392524719,0,LOW_RISK,0.0,
BioSpread,UNSEEN::AG865,0.2121669501066208,medium,0,0.6039817333221436,0,LOW_RISK,0.0,
BioSpread,AE897,0.7243768572807312,review,0,0.5594238340854645,0,MODERATE_RISK,0.0,
BioSpread,UNSEEN::AB930,0.21224573254585266,medium,0,0.6038789451122284,0,LOW_RISK,0.0,
BioSpread,AC208,0.7150015830993652,review,0,0.5457926690578461,0,MODERATE_RISK,0.0,
BioSpread,UNSEEN::AE242,0.21216779947280884,medium,0,0.6039798557758331,0,LOW_RISK,0.0,
BioSpread,AF304,0.5888490080833435,review,0,0.5320829153060913,0,MODERATE_RISK,0.0,
BioSpread,UNSEEN::AH192,0.21230708062648773,medium,0,0.6036985814571381,0,LOW_RISK,0.0,
BioSpread,UNSEEN::AE331,0.21187439560890198,medium,0,0.6045821011066437,0,LOW_RISK,0.0,
BioSpread,AA905,0.7064457535743713,review,0,0.5479840934276581,0,MODERATE_RISK,0.0,
BioSpread,UNSEEN::AE372,0.21185627579689026,medium,0,0.6046131551265717,0,LOW_RISK,0.0,
BioSpread,AA130,0.7232517600059509,review,0,0.5545147359371185,0,MODERATE_RISK,0.0,
BioSpread,UNSEEN::AE054,0.21216735243797302,medium,0,0.6039808392524719,0,LOW_RISK,0.0,
BioSpread,UNSEEN::AB668,0.2121669501066208,medium,0,0.6039817333221436,0,LOW_RISK,0.0,
BioSpread,AD978,0.6882284879684448,review,0,0.5448954701423645,0,MODERATE_RISK,0.0,
BioSpread,AC909,0.7422239780426025,review,0,0.563562273979187,0,MODERATE_RISK,0.0,
BioSpread,UNSEEN::AD498,0.21216735243797302,medium,0,0.6039808392524719,0,LOW_RISK,0.0,
BioSpread,UNSEEN::AA611,0.21152548491954803,medium,0,0.6052950620651245,0,LOW_RISK,0.0,
BioSpread,UNSEEN::AA501,0.21203625202178955,medium,0,0.6042747795581818,0,LOW_RISK,0.0,
BioSpread,UNSEEN::AD807,0.21216779947280884,medium,0,0.6039798557758331,0,LOW_RISK,0.0,
BioSpread,UNSEEN::AC433,0.21209178864955902,medium,0,0.6041921973228455,0,LOW_RISK,0.0,
BioSpread,AA068,0.7426099181175232,review,0,0.5632890462875366,0,MODERATE_RISK,0.0,
BioSpread,UNSEEN::AD857,0.21230702102184296,medium,0,0.6036983132362366,0,LOW_RISK,0.0,
BioSpread,AF101,0.6907535195350647,review,0,0.5398024022579193,0,MODERATE_RISK,0.0,
BioSpread,AC588,0.6352958083152771,review,0,0.5406500697135925,0,MODERATE_RISK,0.0,
BioSpread,AB987,0.5854166150093079,review,0,0.5178864598274231,0,MODERATE_RISK,0.0,
BioSpread,UNSEEN::AD909,0.21140269935131073,medium,0,0.6057117879390717,0,LOW_RISK,0.0,
BioSpread,UNSEEN::AF299,0.2122592329978943,medium,0,0.6038428544998169,0,LOW_RISK,0.0,
BioSpread,UNSEEN::AA852,0.21205192804336548,medium,0,0.6042619347572327,0,LOW_RISK,0.0,
BioSpread,AC568,0.7103410959243774,review,0,0.5504937767982483,0,MODERATE_RISK,0.0,
BioSpread,UNSEEN::AG150,0.2121553122997284,medium,0,0.6040057241916656,0,LOW_RISK,0.0,
BioSpread,AG214,0.5103294849395752,review,0,0.5322912633419037,0,MODERATE_RISK,0.0,
BioSpread,UNSEEN::AG950,0.21230746805667877,medium,0,0.6036976873874664,0,LOW_RISK,0.0,
BioSpread,AC945,0.5942525863647461,review,0,0.5398236513137817,0,MODERATE_RISK,0.0,
BioSpread,UNSEEN::AE919,0.21216779947280884,medium,0,0.6039798557758331,0,LOW_RISK,0.0,
BioSpread,AG463,0.19696319103240967,medium,0,0.6326973736286163,0,LOW_RISK,0.0,
BioSpread,AB507,0.6165530681610107,review,0,0.5126064717769623,0,MODERATE_RISK,0.0,
BioSpread,AE336,0.6286901831626892,review,0,0.5203329622745514,0,MODERATE_RISK,0.0,
BioSpread,AA231,0.6957658529281616,review,0,0.5412333905696869,0,MODERATE_RISK,0.0,
BioSpread,AF326,0.37441444396972656,review,0,0.5693563222885132,0,LOW_RISK,0.0,
BioSpread,UNSEEN::AE020,0.21216821670532227,medium,0,0.6039789617061615,0,LOW_RISK,0.0,
BioSpread,AB352,0.6632856130599976,review,0,0.5372799634933472,0,MODERATE_RISK,0.0,
BioSpread,UNSEEN::AH439,0.21212825179100037,medium,0,0.6040747463703156,0,LOW_RISK,0.0,
BioSpread,UNSEEN::AD820,0.21215446293354034,medium,0,0.6040119230747223,0,LOW_RISK,0.0,
BioSpread,UNSEEN::AD803,0.21199838817119598,medium,0,0.6043243706226349,0,LOW_RISK,0.0,
BioSpread,AD579,0.7332023978233337,review,0,0.5660913586616516,0,MODERATE_RISK,0.0,
BioSpread,AE792,0.6876469254493713,review,0,0.5401968657970428,0,MODERATE_RISK,0.0,
BioSpread,UNSEEN::AD436,0.21201233565807343,medium,0,0.6042957603931427,0,LOW_RISK,0.0,
BioSpread,UNSEEN::AA796,0.21216687560081482,medium,0,0.6039814651012421,0,LOW_RISK,0.0,
BioSpread,AG174,0.6301743388175964,review,0,0.5234106183052063,0,MODERATE_RISK,0.0,
BioSpread,AG271,0.2617083489894867,review,0,0.5958330035209656,0,LOW_RISK,0.0,
BioSpread,AE047,0.7446824312210083,review,0,0.5684829950332642,0,MODERATE_RISK,0.0,
BioSpread,AD596,0.6510807275772095,review,1,0.5366343259811401,0,MODERATE_RISK,0.0,
BioSpread,UNSEEN::AE078,0.2120179682970047,medium,0,0.6044149994850159,0,LOW_RISK,0.0,
BioSpread,UNSEEN::AD440,0.21216779947280884,medium,0,0.6039798557758331,0,LOW_RISK,0.0,
BioSpread,UNSEEN::AE581,0.20974405109882355,medium,0,0.6090376079082489,0,LOW_RISK,0.0,
BioSpread,AB578,0.6823884844779968,review,0,0.5476727485656738,0,MODERATE_RISK,0.0,
BioSpread,UNSEEN::AC752,0.2121553122997284,medium,0,0.6040101051330566,0,LOW_RISK,0.0,
BioSpread,UNSEEN::AF847,0.21216735243797302,medium,0,0.6039808392524719,0,LOW_RISK,0.0,
BioSpread,AF295,0.6575793623924255,review,0,0.5349083840847015,0,MODERATE_RISK,0.0,
BioSpread,AA798,0.7340011596679688,review,0,0.5598320662975311,0,MODERATE_RISK,0.0,
BioSpread,UNSEEN::AC192,0.212307870388031,medium,0,0.6036968231201172,0,LOW_RISK,0.0,
BioSpread,UNSEEN::AG273,0.21224115788936615,medium,0,0.6039049029350281,0,LOW_RISK,0.0,
BioSpread,AE212,0.6997682452201843,review,0,0.5487023890018463,0,MODERATE_RISK,0.0,
BioSpread,AF289,0.7167164087295532,review,0,0.5532659292221069,0,MODERATE_RISK,0.0,
BioSpread,AC377,0.3411721885204315,review,0,0.5661462247371674,0,LOW_RISK,0.0,
BioSpread,UNSEEN::AH381,0.21216779947280884,medium,0,0.6039798557758331,0,LOW_RISK,0.0,
BioSpread,AG418,0.5519908666610718,review,0,0.5067610144615173,0,MODERATE_RISK,0.0,
BioSpread,AB172,0.7470062375068665,review,1,0.5675467848777771,0,MODERATE_RISK,0.0,
BioSpread,UNSEEN::AH155,0.212307870388031,medium,0,0.6036968231201172,0,LOW_RISK,0.0,
BioSpread,UNSEEN::AB101,0.2121446430683136,medium,0,0.6039995849132538,0,LOW_RISK,0.0,
BioSpread,UNSEEN::AF004,0.21224303543567657,medium,0,0.6038315892219543,0,LOW_RISK,0.0,
BioSpread,AE000,0.5774773359298706,review,0,0.5161908566951752,0,MODERATE_RISK,0.0,
BioSpread,UNSEEN::AC808,0.21198490262031555,medium,0,0.6044246256351471,0,LOW_RISK,0.0,
BioSpread,AB738,0.7411590814590454,review,0,0.5701441764831543,0,MODERATE_RISK,0.0,
BioSpread,AC670,0.7451892495155334,review,1,0.5658536851406097,0,MODERATE_RISK,0.0,
BioSpread,AG470,0.47288474440574646,review,0,0.5012462139129639,0,LOW_RISK,0.0,
BioSpread,UNSEEN::AB448,0.21080182492733002,medium,0,0.6069801151752472,0,LOW_RISK,0.0,
BioSpread,UNSEEN::AA488,0.21187493205070496,medium,0,0.6046951413154602,0,LOW_RISK,0.0,
BioSpread,UNSEEN::AH095,0.21204300224781036,medium,0,0.6042772829532623,0,LOW_RISK,0.0,
BioSpread,UNSEEN::AH079,0.2121669501066208,medium,0,0.6039817333221436,0,LOW_RISK,0.0,
BioSpread,UNSEEN::AC244,0.21182727813720703,medium,0,0.6047326028347015,0,LOW_RISK,0.0,
BioSpread,UNSEEN::AG437,0.21177037060260773,medium,0,0.6048963069915771,0,LOW_RISK,0.0,
BioSpread,AB783,0.349875807762146,review,0,0.5746809840202332,0,LOW_RISK,0.0,
BioSpread,UNSEEN::AF756,0.21216779947280884,medium,0,0.6039798557758331,0,LOW_RISK,0.0,
BioSpread,UNSEEN::AG792,0.21215488016605377,medium,0,0.6040066182613373,0,LOW_RISK,0.0,
BioSpread,UNSEEN::AG643,0.21216779947280884,medium,0,0.6039798557758331,0,LOW_RISK,0.0,
BioSpread,UNSEEN::AH228,0.21216821670532227,medium,0,0.6039789617061615,0,LOW_RISK,0.0,
BioSpread,AF548,0.5103700160980225,review,0,0.5322908759117126,0,MODERATE_RISK,0.0,
BioSpread,AE222,0.5903937220573425,review,0,0.5295535922050476,0,MODERATE_RISK,0.0,
BioSpread,UNSEEN::AE228,0.21152204275131226,medium,0,0.6054574251174927,0,LOW_RISK,0.0,
BioSpread,AB673,0.6473115086555481,review,0,0.5283568799495697,0,MODERATE_RISK,0.0,
BioSpread,UNSEEN::AF642,0.21216779947280884,medium,0,0.6039798557758331,0,LOW_RISK,0.0,
BioSpread,UNSEEN::AG734,0.21215449273586273,medium,0,0.6040075123310089,0,LOW_RISK,0.0,
BioSpread,UNSEEN::AC741,0.21089473366737366,medium,0,0.6068442165851593,0,LOW_RISK,0.0,
BioSpread,UNSEEN::AE874,0.212140753865242,medium,0,0.6040361225605011,0,LOW_RISK,0.0,
BioSpread,UNSEEN::AC453,0.21216735243797302,medium,0,0.6039808392524719,0,LOW_RISK,0.0,
BioSpread,UNSEEN::AE667,0.2119467854499817,medium,0,0.6044319272041321,0,LOW_RISK,0.0,
BioSpread,AD172,0.5544152855873108,review,0,0.5182181596755981,0,MODERATE_RISK,0.0,
BioSpread,AF083,0.435492604970932,review,0,0.5283320844173431,0,LOW_RISK,0.0,
BioSpread,UNSEEN::AG043,0.21216779947280884,medium,0,0.6039798557758331,0,LOW_RISK,0.0,
BioSpread,AB788,0.7460891604423523,review,0,0.5772372186183929,0,MODERATE_RISK,0.0,
BioSpread,AG812,0.6742807626724243,review,0,0.5374671816825867,0,MODERATE_RISK,0.0,
BioSpread,UNSEEN::AH314,0.21214115619659424,medium,0,0.6040352284908295,0,LOW_RISK,0.0,
BioSpread,AB131,0.7444726824760437,review,1,0.5662780404090881,0,MODERATE_RISK,0.0,
BioSpread,AH033,0.6981775760650635,review,0,0.5478616058826447,0,MODERATE_RISK,0.0,
BioSpread,UNSEEN::AD470,0.2121669501066208,medium,0,0.6039817333221436,0,LOW_RISK,0.0,
BioSpread,UNSEEN::AE291,0.21201276779174805,medium,0,0.6042947769165039,0,LOW_RISK,0.0,
BioSpread,UNSEEN::AG175,0.21216779947280884,medium,0,0.6039798557758331,0,LOW_RISK,0.0,
BioSpread,UNSEEN::AA465,0.21204300224781036,medium,0,0.6042772829532623,0,LOW_RISK,0.0,
BioSpread,UNSEEN::AC416,0.2119220644235611,medium,0,0.6045432984828949,0,LOW_RISK,0.0,
BioSpread,UNSEEN::AD348,0.2121686190366745,medium,0,0.6039780676364899,0,LOW_RISK,0.0,
BioSpread,AF233,0.6929271221160889,review,0,0.5448292195796967,0,MODERATE_RISK,0.0,
BioSpread,UNSEEN::AC087,0.21164774894714355,medium,0,0.6051747500896454,0,LOW_RISK,0.0,
BioSpread,AC158,0.18501479923725128,medium,0,0.6542367339134216,0,LOW_RISK,0.0,
BioSpread,UNSEEN::AF670,0.2119954377412796,medium,0,0.6043390035629272,0,LOW_RISK,0.0,
BioSpread,AC840,0.5228438377380371,review,0,0.5080091655254364,0,MODERATE_RISK,0.0,
BioSpread,AC064,0.5228689908981323,review,0,0.5080108940601349,0,MODERATE_RISK,0.0,
BioSpread,AE561,0.327972948551178,review,0,0.5699107944965363,0,LOW_RISK,0.0,
BioSpread,AA062,0.6989064812660217,review,0,0.5366679131984711,0,MODERATE_RISK,0.0,
BioSpread,AE757,0.261867880821228,review,0,0.5957471132278442,0,LOW_RISK,0.0,
BioSpread,AD244,0.7390075325965881,review,0,0.5606088936328888,0,MODERATE_RISK,0.0,
BioSpread,AE599,0.7443538308143616,review,0,0.5652015507221222,0,MODERATE_RISK,0.0,
BioSpread,UNSEEN::AE452,0.21205729246139526,medium,0,0.604251891374588,0,LOW_RISK,0.0,
BioSpread,AA996,0.7461543083190918,review,0,0.5685544312000275,0,MODERATE_RISK,0.0,
BioSpread,AG717,0.26192933320999146,review,0,0.5957140326499939,0,LOW_RISK,0.0,
BioSpread,AE603,0.700043797492981,review,1,0.5303605794906616,0,MODERATE_RISK,0.0,
BioSpread,AE105,0.7300360798835754,review,0,0.5605840384960175,0,MODERATE_RISK,0.0,
BioSpread,AB620,0.7441365122795105,review,0,0.5681234002113342,0,MODERATE_RISK,0.0,
BioSpread,AB584,0.26192933320999146,review,0,0.5957140326499939,0,LOW_RISK,0.0,
BioSpread,UNSEEN::AA823,0.21212637424468994,medium,0,0.6040856540203094,0,LOW_RISK,0.0,
BioSpread,UNSEEN::AC984,0.2121446430683136,medium,0,0.6039995849132538,0,LOW_RISK,0.0,
BioSpread,UNSEEN::AE011,0.21216779947280884,medium,0,0.6039798557758331,0,LOW_RISK,0.0,
BioSpread,UNSEEN::AD993,0.211802676320076,medium,0,0.6048034429550171,0,LOW_RISK,0.0,
BioSpread,UNSEEN::AD786,0.21216821670532227,medium,0,0.6039789617061615,0,LOW_RISK,0.0,
BioSpread,UNSEEN::AA713,0.21216821670532227,medium,0,0.6039789617061615,0,LOW_RISK,0.0,
BioSpread,AF344,0.70998215675354,review,1,0.5541754364967346,0,MODERATE_RISK,0.0,
BioSpread,UNSEEN::AA315,0.21432602405548096,medium,0,0.6050570011138916,0,LOW_RISK,0.0,
BioSpread,UNSEEN::AF903,0.2122943252325058,medium,0,0.6037293672561646,0,LOW_RISK,0.0,
BioSpread,UNSEEN::AA993,0.2121686190366745,medium,0,0.6039780676364899,0,LOW_RISK,0.0,
BioSpread,AB686,0.7229573726654053,review,0,0.5531837940216064,0,MODERATE_RISK,0.0,
BioSpread,UNSEEN::AB409,0.21182696521282196,medium,0,0.6046712398529053,0,LOW_RISK,0.0,
BioSpread,AG580,0.20109349489212036,medium,0,0.6237935423851013,0,LOW_RISK,0.0,
BioSpread,UNSEEN::AA960,0.21207520365715027,medium,0,0.6041724681854248,0,LOW_RISK,0.0,
BioSpread,UNSEEN::AD977,0.2121686190366745,medium,0,0.6039780676364899,0,LOW_RISK,0.0,
BioSpread,UNSEEN::AH073,0.21198707818984985,medium,0,0.6043480336666107,0,LOW_RISK,0.0,
BioSpread,UNSEEN::AD170,0.2122592329978943,medium,0,0.6038428544998169,0,LOW_RISK,0.0,
BioSpread,AD682,0.3278715908527374,review,0,0.5699432492256165,0,LOW_RISK,0.0,
BioSpread,UNSEEN::AE019,0.2122569978237152,medium,0,0.6038154363632202,0,LOW_RISK,0.0,
BioSpread,AG179,0.5228564143180847,review,0,0.5080100297927856,0,MODERATE_RISK,0.0,
BioSpread,UNSEEN::AE621,0.21214285492897034,medium,0,0.604040265083313,0,LOW_RISK,0.0,
BioSpread,AB366,0.26188015937805176,review,0,0.5957404971122742,0,LOW_RISK,0.0,
BioSpread,UNSEEN::AA854,0.21201276779174805,medium,0,0.6042947769165039,0,LOW_RISK,0.0,
BioSpread,AF914,0.34006279706954956,review,0,0.5663017928600311,0,LOW_RISK,0.0,
BioSpread,UNSEEN::AD874,0.21161910891532898,medium,0,0.6051144897937775,0,LOW_RISK,0.0,
BioSpread,UNSEEN::AB811,0.21213938295841217,medium,0,0.604047030210495,0,LOW_RISK,0.0,
BioSpread,AH024,0.5044037103652954,review,0,0.5005572736263275,0,MODERATE_RISK,0.0,
BioSpread,UNSEEN::AA939,0.2121540606021881,medium,0,0.6040084660053253,0,LOW_RISK,0.0,
BioSpread,UNSEEN::AA645,0.21198667585849762,medium,0,0.6043489277362823,0,LOW_RISK,0.0,
BioSpread,UNSEEN::AB844,0.21182949841022491,medium,0,0.6046692132949829,0,LOW_RISK,0.0,
BioSpread,AC357,0.7228289246559143,review,1,0.5504348576068878,0,MODERATE_RISK,0.0,
BioSpread,AG889,0.5101805329322815,review,0,0.5322927534580231,0,MODERATE_RISK,0.0,
BioSpread,UNSEEN::AF583,0.21216779947280884,medium,0,0.6039798557758331,0,LOW_RISK,0.0,
BioSpread,UNSEEN::AG579,0.21189184486865997,medium,0,0.6045466065406799,0,LOW_RISK,0.0,
BioSpread,UNSEEN::AE152,0.21216735243797302,medium,0,0.6039808392524719,0,LOW_RISK,0.0,
BioSpread,UNSEEN::AB415,0.21192866563796997,medium,0,0.6045851707458496,0,LOW_RISK,0.0,
BioSpread,AE931,0.7187082767486572,review,0,0.5496426224708557,0,MODERATE_RISK,0.0,
BioSpread,AF504,0.6395291090011597,review,0,0.5274527370929718,0,MODERATE_RISK,0.0,
BioSpread,UNSEEN::AA822,0.21203863620758057,medium,0,0.6042892932891846,0,LOW_RISK,0.0,
BioSpread,UNSEEN::AG195,0.21230827271938324,medium,0,0.6036959290504456,0,LOW_RISK,0.0,
BioSpread,UNSEEN::AH130,0.21216735243797302,medium,0,0.6039808392524719,0,LOW_RISK,0.0,
BioSpread,UNSEEN::AE784,0.21211285889148712,medium,0,0.6040938794612885,0,LOW_RISK,0.0,
BioSpread,AH061,0.225204199552536,medium,0,0.6159195899963379,0,LOW_RISK,0.0,
BioSpread,AE906,0.3167627155780792,review,0,0.5734807550907135,0,LOW_RISK,0.0,
BioSpread,UNSEEN::AF599,0.21209262311458588,medium,0,0.604190319776535,0,LOW_RISK,0.0,
BioSpread,AC480,0.6077576875686646,review,0,0.5223049521446228,0,MODERATE_RISK,0.0,
BioSpread,AF865,0.5596844553947449,review,0,0.508118212223053,0,MODERATE_RISK,0.0,
BioSpread,AA936,0.680806040763855,review,0,0.5469286441802979,0,MODERATE_RISK,0.0,
BioSpread,UNSEEN::AB299,0.21214285492897034,medium,0,0.604040265083313,0,LOW_RISK,0.0,
BioSpread,AE687,0.7055243849754333,review,0,0.5373943746089935,0,MODERATE_RISK,0.0,
BioSpread,AF667,0.6311249732971191,review,0,0.5239887535572052,0,MODERATE_RISK,0.0,
BioSpread,AF990,0.5737593173980713,review,0,0.5155667364597321,0,MODERATE_RISK,0.0,
BioSpread,AE752,0.2618924677371979,review,0,0.5957338511943817,0,LOW_RISK,0.0,
BioSpread,UNSEEN::AH016,0.21216735243797302,medium,0,0.6039808392524719,0,LOW_RISK,0.0,
BioSpread,AB042,0.7467676997184753,review,0,0.568704217672348,0,MODERATE_RISK,0.0,
BioSpread,UNSEEN::AD542,0.21230868995189667,medium,0,0.6036950349807739,0,LOW_RISK,0.0,
BioSpread,UNSEEN::AA138,0.21214419603347778,medium,0,0.6040005683898926,0,LOW_RISK,0.0,
BioSpread,UNSEEN::AF153,0.21200847625732422,medium,0,0.6043969988822937,0,LOW_RISK,0.0,
BioSpread,UNSEEN::AH233,0.21215488016605377,medium,0,0.6040066182613373,0,LOW_RISK,0.0,
BioSpread,UNSEEN::AG829,0.21202155947685242,medium,0,0.6043653190135956,0,LOW_RISK,0.0,
BioSpread,UNSEEN::AB090,0.21215488016605377,medium,0,0.6040066182613373,0,LOW_RISK,0.0,
BioSpread,UNSEEN::AE886,0.2121420055627823,medium,0,0.6040333807468414,0,LOW_RISK,0.0,
BioSpread,AD708,0.6869416236877441,review,0,0.5204841494560242,0,MODERATE_RISK,0.0,
BioSpread,AD624,0.5781817436218262,review,0,0.5164249539375305,0,MODERATE_RISK,0.0,
BioSpread,AG191,0.6666949987411499,review,0,0.5388261675834656,0,MODERATE_RISK,0.0,
BioSpread,UNSEEN::AE696,0.21190567314624786,medium,0,0.6045221090316772,0,LOW_RISK,0.0,
BioSpread,AB466,0.3882552981376648,review,0,0.5661829113960266,0,LOW_RISK,0.0,
BioSpread,AB421,0.5893720984458923,review,0,0.5256951749324799,0,MODERATE_RISK,0.0,
BioSpread,AD302,0.5235847234725952,review,0,0.5081526637077332,0,MODERATE_RISK,0.0,
BioSpread,AF050,0.3875173330307007,review,0,0.5662881731987,0,LOW_RISK,0.0,
BioSpread,AD103,0.7429553270339966,review,0,0.5646359324455261,0,MODERATE_RISK,0.0,
BioSpread,UNSEEN::AA404,0.21094505488872528,medium,0,0.6066413223743439,0,LOW_RISK,0.0,
BioSpread,UNSEEN::AD001,0.2131204456090927,medium,0,0.6019262671470642,0,LOW_RISK,0.0,
BioSpread,AB918,0.7466892004013062,review,0,0.567594975233078,0,MODERATE_RISK,0.0,
BioSpread,UNSEEN::AE113,0.21214067935943604,medium,0,0.6040358543395996,0,LOW_RISK,0.0,
BioSpread,UNSEEN::AB354,0.21210522949695587,medium,0,0.6041642129421234,0,LOW_RISK,0.0,
BioSpread,UNSEEN::AC267,0.21183884143829346,medium,0,0.6047450602054596,0,LOW_RISK,0.0,
BioSpread,UNSEEN::AB387,0.21216779947280884,medium,0,0.6039798557758331,0,LOW_RISK,0.0,
BioSpread,UNSEEN::AC822,0.2121553122997284,medium,0,0.6040057241916656,0,LOW_RISK,0.0,
BioSpread,UNSEEN::AF339,0.21207882463932037,medium,0,0.6042235791683197,0,LOW_RISK,0.0,
BioSpread,UNSEEN::AB469,0.2115710973739624,medium,0,0.6052964329719543,0,LOW_RISK,0.0,
BioSpread,UNSEEN::AE184,0.2121686190366745,medium,0,0.6039780676364899,0,LOW_RISK,0.0,
BioSpread,UNSEEN::AA642,0.21216779947280884,medium,0,0.6039798557758331,0,LOW_RISK,0.0,
BioSpread,UNSEEN::AD817,0.21173182129859924,medium,0,0.6050557494163513,0,LOW_RISK,0.0,
BioSpread,AC751,0.7474867105484009,review,0,0.5675471425056458,0,MODERATE_RISK,0.0,
BioSpread,AD836,0.6396803259849548,review,0,0.5275311470031738,0,MODERATE_RISK,0.0,
BioSpread,UNSEEN::AC896,0.21216735243797302,medium,0,0.6039808392524719,0,LOW_RISK,0.0,
BioSpread,AE675,0.6930993795394897,review,0,0.536010354757309,0,MODERATE_RISK,0.0,
BioSpread,AG445,0.7507535815238953,review,1,0.5726727247238159,0,MODERATE_RISK,0.0,
BioSpread,UNSEEN::AC961,0.21137350797653198,medium,0,0.6057223975658417,0,LOW_RISK,0.0,
BioSpread,UNSEEN::AD557,0.21199969947338104,medium,0,0.6043262779712677,0,LOW_RISK,0.0,
BioSpread,UNSEEN::AH100,0.21215488016605377,medium,0,0.6040066182613373,0,LOW_RISK,0.0,
BioSpread,UNSEEN::AC908,0.2119031548500061,medium,0,0.6045743525028229,0,LOW_RISK,0.0,
BioSpread,UNSEEN::AB706,0.2116311639547348,medium,0,0.6051646769046783,0,LOW_RISK,0.0,
BioSpread,AA261,0.7095611691474915,review,0,0.5587505996227264,0,MODERATE_RISK,0.0,
BioSpread,UNSEEN::AG084,0.2123027890920639,medium,0,0.6037929654121399,0,LOW_RISK,0.0,
BioSpread,UNSEEN::AF859,0.211973637342453,medium,0,0.6043759882450104,0,LOW_RISK,0.0,
BioSpread,UNSEEN::AC761,0.21228085458278656,medium,0,0.6038222312927246,0,LOW_RISK,0.0,
BioSpread,UNSEEN::AF977,0.21216779947280884,medium,0,0.6039798557758331,0,LOW_RISK,0.0,
BioSpread,UNSEEN::AC809,0.21131013333797455,medium,0,0.6058374047279358,0,LOW_RISK,0.0,
BioSpread,AG252,0.2560453712940216,review,0,0.5978291928768158,0,LOW_RISK,0.0,
BioSpread,AB531,0.7273154258728027,review,0,0.5663232207298279,0,MODERATE_RISK,0.0,
BioSpread,AG137,0.5227017402648926,review,1,0.5191948115825653,0,MODERATE_RISK,0.0,
BioSpread,AD821,0.261867880821228,review,0,0.5957471132278442,0,LOW_RISK,0.0,
BioSpread,UNSEEN::AA620,0.2115713208913803,medium,0,0.6053200960159302,0,LOW_RISK,0.0,
BioSpread,UNSEEN::AB938,0.21216735243797302,medium,0,0.6039808392524719,0,LOW_RISK,0.0,
BioSpread,UNSEEN::AC870,0.21216821670532227,medium,0,0.6039789617061615,0,LOW_RISK,0.0,
BioSpread,UNSEEN::AE726,0.21201276779174805,medium,0,0.6042947769165039,0,LOW_RISK,0.0,
BioSpread,AD364,0.6782914996147156,review,0,0.5322776436805725,0,MODERATE_RISK,0.0,
BioSpread,AA601,0.5661317706108093,review,1,0.5515525043010712,0,MODERATE_RISK,0.0,
BioSpread,UNSEEN::AG616,0.21201317012310028,medium,0,0.6042939126491547,0,LOW_RISK,0.0,
BioSpread,UNSEEN::AA725,0.21226714551448822,medium,0,0.6037811934947968,0,LOW_RISK,0.0,
BioSpread,AG422,0.59340900182724,review,0,0.5140366554260254,0,MODERATE_RISK,0.0,
BioSpread,AC436,0.5551665425300598,review,0,0.5181394517421722,0,MODERATE_RISK,0.0,
BioSpread,UNSEEN::AG861,0.21216779947280884,medium,0,0.6039798557758331,0,LOW_RISK,0.0,
BioSpread,AA275,0.74781733751297,review,1,0.5710099041461945,0,MODERATE_RISK,0.0,
BioSpread,AD029,0.573032021522522,review,0,0.5153761506080627,0,MODERATE_RISK,0.0,
BioSpread,UNSEEN::AH429,0.212307870388031,medium,0,0.6036968231201172,0,LOW_RISK,0.0,
BioSpread,UNSEEN::AG574,0.21216735243797302,medium,0,0.6039808392524719,0,LOW_RISK,0.0,
BioSpread,UNSEEN::AB153,0.21206581592559814,medium,0,0.6042506098747253,0,LOW_RISK,0.0,
BioSpread,UNSEEN::AC398,0.21230868995189667,medium,0,0.6036950349807739,0,LOW_RISK,0.0,
BioSpread,UNSEEN::AG739,0.21214061975479126,medium,0,0.6041070520877838,0,LOW_RISK,0.0,
BioSpread,AH119,0.6384227871894836,review,0,0.5213977098464966,0,MODERATE_RISK,0.0,
BioSpread,UNSEEN::AA355,0.21229252219200134,medium,0,0.6037324666976929,0,LOW_RISK,0.0,
BioSpread,UNSEEN::AF822,0.21216779947280884,medium,0,0.6039798557758331,0,LOW_RISK,0.0,
BioSpread,AF941,0.45269137620925903,review,0,0.5345704555511475,0,LOW_RISK,0.0,
BioSpread,AG773,0.27313750982284546,review,0,0.5881944000720978,0,LOW_RISK,0.0,
BioSpread,UNSEEN::AA368,0.2119758427143097,medium,0,0.6043428182601929,0,LOW_RISK,0.0,
BioSpread,UNSEEN::AG926,0.21212787926197052,medium,0,0.6040628552436829,0,LOW_RISK,0.0,
BioSpread,AG001,0.654916524887085,review,0,0.5152974128723145,0,MODERATE_RISK,0.0,
BioSpread,UNSEEN::AC170,0.21203158795833588,medium,0,0.6043828129768372,0,LOW_RISK,0.0,
BioSpread,UNSEEN::AB485,0.21113221347332,medium,0,0.6063108742237091,0,LOW_RISK,0.0,
BioSpread,UNSEEN::AF158,0.2121553122997284,medium,0,0.6040101051330566,0,LOW_RISK,0.0,
BioSpread,UNSEEN::AH382,0.21216735243797302,medium,0,0.6039808392524719,0,LOW_RISK,0.0,
BioSpread,UNSEEN::AF305,0.21216821670532227,medium,0,0.6039789617061615,0,LOW_RISK,0.0,
BioSpread,UNSEEN::AF232,0.2159213274717331,medium,0,0.6166472434997559,0,LOW_RISK,0.0,
BioSpread,AD523,0.6280866265296936,review,0,0.5124284625053406,0,MODERATE_RISK,0.0,
BioSpread,AA497,0.5939157009124756,review,0,0.5324711203575134,0,MODERATE_RISK,0.0,
BioSpread,AC410,0.7471741437911987,review,1,0.5673519372940063,0,MODERATE_RISK,0.0,
BioSpread,AD763,0.6415895819664001,review,1,0.5196712017059326,0,MODERATE_RISK,0.0,
BioSpread,AG695,0.6315372586250305,review,0,0.5277206897735596,0,MODERATE_RISK,0.0,
BioSpread,AD928,0.5629107356071472,review,0,0.5354321002960205,0,MODERATE_RISK,0.0,
BioSpread,UNSEEN::AG447,0.2121686190366745,medium,0,0.6039780676364899,0,LOW_RISK,0.0,
BioSpread,UNSEEN::AA052,0.2118416577577591,medium,0,0.604640930891037,0,LOW_RISK,0.0,
BioSpread,UNSEEN::AB456,0.2121686190366745,medium,0,0.6039780676364899,0,LOW_RISK,0.0,
BioSpread,UNSEEN::AB723,0.21184268593788147,medium,0,0.6046418249607086,0,LOW_RISK,0.0,
BioSpread,UNSEEN::AB270,0.21226803958415985,medium,0,0.603779673576355,0,LOW_RISK,0.0,
BioSpread,UNSEEN::AE438,0.21215270459651947,medium,0,0.6040109992027283,0,LOW_RISK,0.0,
BioSpread,AA735,0.7445129156112671,review,0,0.5614900290966034,0,MODERATE_RISK,0.0,
BioSpread,UNSEEN::AB291,0.21216821670532227,medium,0,0.6039789617061615,0,LOW_RISK,0.0,
BioSpread,UNSEEN::AA078,0.2121553122997284,medium,0,0.6040057241916656,0,LOW_RISK,0.0,
BioSpread,UNSEEN::AD743,0.21114182472229004,medium,0,0.6062537431716919,0,LOW_RISK,0.0,
BioSpread,AD998,0.5784024596214294,review,0,0.5367391407489777,0,MODERATE_RISK,0.0,
BioSpread,AF270,0.5933852195739746,review,0,0.5140312314033508,0,MODERATE_RISK,0.0,
BioSpread,AD286,0.6606703400611877,review,0,0.5361318588256836,0,MODERATE_RISK,0.0,
BioSpread,UNSEEN::AG989,0.21216735243797302,medium,0,0.6039808392524719,0,LOW_RISK,0.0,
BioSpread,AC067,0.7195138335227966,review,0,0.5570189654827118,0,MODERATE_RISK,0.0,
BioSpread,UNSEEN::AC528,0.2118576318025589,medium,0,0.6046106219291687,0,LOW_RISK,0.0,
BioSpread,AG873,0.5687792897224426,review,0,0.5306278467178345,0,MODERATE_RISK,0.0,
BioSpread,AD969,0.7454941272735596,review,0,0.572399377822876,0,MODERATE_RISK,0.0,
BioSpread,UNSEEN::AF775,0.21216779947280884,medium,0,0.6039798557758331,0,LOW_RISK,0.0,
BioSpread,UNSEEN::AC512,0.21189448237419128,medium,0,0.6045963168144226,0,LOW_RISK,0.0,
BioSpread,AF913,0.26196619868278503,review,0,0.5956941843032837,0,LOW_RISK,0.0,
BioSpread,AE185,0.5629604458808899,review,0,0.5354360938072205,0,MODERATE_RISK,0.0,
BioSpread,UNSEEN::AD564,0.21201403439044952,medium,0,0.6042920649051666,0,LOW_RISK,0.0,
BioSpread,UNSEEN::AD810,0.21216821670532227,medium,0,0.6039789617061615,0,LOW_RISK,0.0,
BioSpread,UNSEEN::AF041,0.21230746805667877,medium,0,0.6036976873874664,0,LOW_RISK,0.0,
BioSpread,UNSEEN::AC683,0.21188019216060638,medium,0,0.6045840382575989,0,LOW_RISK,0.0,
BioSpread,UNSEEN::AH226,0.21216602623462677,medium,0,0.6039832830429077,0,LOW_RISK,0.0,
BioSpread,UNSEEN::AG226,0.2121291607618332,medium,0,0.6040315926074982,0,LOW_RISK,0.0,
BioSpread,UNSEEN::AE875,0.21164388954639435,medium,0,0.6050494909286499,0,LOW_RISK,0.0,
BioSpread,UNSEEN::AE735,0.21230868995189667,medium,0,0.6036950349807739,0,LOW_RISK,0.0,
BioSpread,UNSEEN::AD724,0.21191488206386566,medium,0,0.6045373976230621,0,LOW_RISK,0.0,
BioSpread,UNSEEN::AF677,0.21216779947280884,medium,0,0.6039798557758331,0,LOW_RISK,0.0,
BioSpread,AC182,0.7308914065361023,review,0,0.5610630214214325,0,MODERATE_RISK,0.0,
BioSpread,UNSEEN::AE664,0.2119988054037094,medium,0,0.6043234765529633,0,LOW_RISK,0.0,
BioSpread,UNSEEN::AG266,0.21214419603347778,medium,0,0.6040005683898926,0,LOW_RISK,0.0,
BioSpread,AE617,0.5103700160980225,review,0,0.5322908759117126,0,MODERATE_RISK,0.0,
BioSpread,AB000,0.715106725692749,review,0,0.5504863858222961,0,MODERATE_RISK,0.0,
BioSpread,UNSEEN::AA322,0.21029655635356903,medium,0,0.6080462336540222,0,LOW_RISK,0.0,
BioSpread,UNSEEN::AE387,0.21172133088111877,medium,0,0.6048991084098816,0,LOW_RISK,0.0,
BioSpread,AB418,0.5934168696403503,review,0,0.5140385031700134,0,MODERATE_RISK,0.0,
BioSpread,AG464,0.578679621219635,review,0,0.5162957608699799,0,MODERATE_RISK,0.0,
BioSpread,AE912,0.685355544090271,review,0,0.531734824180603,0,MODERATE_RISK,0.0,
BioSpread,UNSEEN::AB997,0.2120005488395691,medium,0,0.6043200492858887,0,LOW_RISK,0.0,
BioSpread,UNSEEN::AD808,0.21201317012310028,medium,0,0.6042939126491547,0,LOW_RISK,0.0,
BioSpread,UNSEEN::AD599,0.21216779947280884,medium,0,0.6039798557758331,0,LOW_RISK,0.0,
BioSpread,AC506,0.7438722848892212,review,0,0.5658815503120422,0,MODERATE_RISK,0.0,
BioSpread,UNSEEN::AA341,0.21215783059597015,medium,0,0.6040911078453064,0,LOW_RISK,0.0,
BioSpread,UNSEEN::AA709,0.2119561731815338,medium,0,0.6044114828109741,0,LOW_RISK,0.0,
BioSpread,UNSEEN::AG620,0.21214419603347778,medium,0,0.6040005683898926,0,LOW_RISK,0.0,
BioSpread,UNSEEN::AB875,0.2121669501066208,medium,0,0.6039817333221436,0,LOW_RISK,0.0,
BioSpread,UNSEEN::AG711,0.21230827271938324,medium,0,0.6036959290504456,0,LOW_RISK,0.0,
BioSpread,AH469,0.2617696523666382,review,0,0.59579998254776,0,LOW_RISK,0.0,
BioSpread,UNSEEN::AB005,0.2115354686975479,medium,0,0.6053000092506409,0,LOW_RISK,0.0,
BioSpread,UNSEEN::AG222,0.21182946860790253,medium,0,0.6046688556671143,0,LOW_RISK,0.0,
BioSpread,UNSEEN::AE208,0.21216735243797302,medium,0,0.6039808392524719,0,LOW_RISK,0.0,
BioSpread,AC308,0.7260900139808655,review,0,0.5571842789649963,0,MODERATE_RISK,0.0,
BioSpread,UNSEEN::AF128,0.2121686190366745,medium,0,0.6039780676364899,0,LOW_RISK,0.0,
BioSpread,AB111,0.6924676895141602,review,1,0.5548180937767029,0,MODERATE_RISK,0.0,
BioSpread,UNSEEN::AA718,0.2119147926568985,medium,0,0.6045197248458862,0,LOW_RISK,0.0,
BioSpread,UNSEEN::AD115,0.21217603981494904,medium,0,0.6039913594722748,0,LOW_RISK,0.0,
BioSpread,UNSEEN::AC555,0.21206988394260406,medium,0,0.604221373796463,0,LOW_RISK,0.0,
BioSpread,AD092,0.7424502968788147,review,0,0.5644581615924835,0,MODERATE_RISK,0.0,
BioSpread,AC070,0.7276715040206909,review,0,0.5628330707550049,0,MODERATE_RISK,0.0,
BioSpread,AG268,0.5229067206382751,review,0,0.5080134868621826,0,MODERATE_RISK,0.0,
BioSpread,UNSEEN::AD745,0.21097122132778168,medium,0,0.6065910756587982,0,LOW_RISK,0.0,
BioSpread,AB203,0.7010461091995239,review,0,0.5420159995555878,0,MODERATE_RISK,0.0,
BioSpread,UNSEEN::AD586,0.2121514230966568,medium,0,0.6040133833885193,0,LOW_RISK,0.0,
BioSpread,UNSEEN::AF465,0.2121686190366745,medium,0,0.6039780676364899,0,LOW_RISK,0.0,
BioSpread,UNSEEN::AF647,0.2121669501066208,medium,0,0.6039817333221436,0,LOW_RISK,0.0,
BioSpread,AC567,0.7170955538749695,review,0,0.5617057085037231,0,MODERATE_RISK,0.0,
BioSpread,AB806,0.7069894671440125,review,0,0.5494535565376282,0,MODERATE_RISK,0.0,
BioSpread,UNSEEN::AF196,0.21216735243797302,medium,0,0.6039808392524719,0,LOW_RISK,0.0,
BioSpread,UNSEEN::AA087,0.21216779947280884,medium,0,0.6039798557758331,0,LOW_RISK,0.0,
BioSpread,UNSEEN::AB760,0.20798446238040924,medium,0,0.612684965133667,0,LOW_RISK,0.0,
BioSpread,AB423,0.6860682964324951,review,0,0.5381731986999512,0,MODERATE_RISK,0.0,
BioSpread,UNSEEN::AB062,0.2112129032611847,medium,0,0.6060961484909058,0,LOW_RISK,0.0,
BioSpread,UNSEEN::AC191,0.21216648817062378,medium,0,0.6039823293685913,0,LOW_RISK,0.0,
BioSpread,UNSEEN::AH211,0.2119627743959427,medium,0,0.6043699383735657,0,LOW_RISK,0.0,
BioSpread,AD669,0.7452352046966553,review,1,0.5686226487159729,0,MODERATE_RISK,0.0,
BioSpread,UNSEEN::AC953,0.21215446293354034,medium,0,0.6040119230747223,0,LOW_RISK,0.0,
BioSpread,UNSEEN::AE094,0.21183213591575623,medium,0,0.6048012375831604,0,LOW_RISK,0.0,
BioSpread,UNSEEN::AC713,0.2120005488395691,medium,0,0.6043200492858887,0,LOW_RISK,0.0,
BioSpread,AD577,0.6246956586837769,review,0,0.5481623113155365,0,MODERATE_RISK,0.0,
BioSpread,UNSEEN::AH036,0.2121540606021881,medium,0,0.6040084660053253,0,LOW_RISK,0.0,
BioSpread,UNSEEN::AG297,0.212307870388031,medium,0,0.6036968231201172,0,LOW_RISK,0.0,
BioSpread,AB040,0.736223578453064,review,1,0.5625616312026978,0,MODERATE_RISK,0.0,
BioSpread,AA541,0.7213613390922546,review,0,0.5561187565326691,0,MODERATE_RISK,0.0,
BioSpread,AF230,0.26175740361213684,review,0,0.5958065688610077,0,LOW_RISK,0.0,
BioSpread,UNSEEN::AA271,0.21214033663272858,medium,0,0.6040370166301727,0,LOW_RISK,0.0,
BioSpread,UNSEEN::AA332,0.21010549366474152,medium,0,0.6084877848625183,0,LOW_RISK,0.0,
BioSpread,AA522,0.6809750199317932,review,0,0.5356279611587524,0,MODERATE_RISK,0.0,
BioSpread,AD157,0.5698435306549072,review,0,0.5508308410644531,0,MODERATE_RISK,0.0,
BioSpread,AF789,0.7197308540344238,review,0,0.5533891320228577,0,MODERATE_RISK,0.0,
BioSpread,AB444,0.7479373812675476,review,0,0.5678183436393738,0,MODERATE_RISK,0.0,
BioSpread,UNSEEN::AD764,0.21201276779174805,medium,0,0.6042947769165039,0,LOW_RISK,0.0,
BioSpread,UNSEEN::AB718,0.21084624528884888,medium,0,0.606816977262497,0,LOW_RISK,0.0,
BioSpread,AB879,0.3400343656539917,review,0,0.5662197172641754,0,LOW_RISK,0.0,
BioSpread,UNSEEN::AH499,0.21201233565807343,medium,0,0.6042957603931427,0,LOW_RISK,0.0,
BioSpread,UNSEEN::AE378,0.2119426429271698,medium,0,0.6045604348182678,0,LOW_RISK,0.0,
BioSpread,UNSEEN::AD217,0.2121686190366745,medium,0,0.6039780676364899,0,LOW_RISK,0.0,
BioSpread,AB523,0.5733572244644165,review,0,0.514981746673584,0,MODERATE_RISK,0.0,
BioSpread,AB080,0.6908071041107178,review,0,0.5522063374519348,0,MODERATE_RISK,0.0,
BioSpread,UNSEEN::AE369,0.21216648817062378,medium,0,0.6039823293685913,0,LOW_RISK,0.0,
BioSpread,AB977,0.7233354449272156,review,0,0.5566745400428772,0,MODERATE_RISK,0.0,
BioSpread,AD943,0.6604070067405701,review,0,0.5336468815803528,0,MODERATE_RISK,0.0,
BioSpread,UNSEEN::AG078,0.2121540606021881,medium,0,0.6040084660053253,0,LOW_RISK,0.0,
BioSpread,AA472,0.7446443438529968,review,0,0.5681684911251068,0,MODERATE_RISK,0.0,
BioSpread,UNSEEN::AD609,0.21185807883739471,medium,0,0.6046096384525299,0,LOW_RISK,0.0,
BioSpread,UNSEEN::AG919,0.21214906871318817,medium,0,0.6040475368499756,0,LOW_RISK,0.0,
BioSpread,UNSEEN::AD048,0.21216779947280884,medium,0,0.6039798557758331,0,LOW_RISK,0.0,
BioSpread,UNSEEN::AA051,0.2117519974708557,medium,0,0.6048963665962219,0,LOW_RISK,0.0,
BioSpread,UNSEEN::AE123,0.21156734228134155,medium,0,0.6052526831626892,0,LOW_RISK,0.0,
BioSpread,UNSEEN::AB017,0.2120438516139984,medium,0,0.604284256696701,0,LOW_RISK,0.0,
BioSpread,AB647,0.639552891254425,review,0,0.5274608135223389,0,MODERATE_RISK,0.0,
BioSpread,AF414,0.5228186249732971,review,0,0.5080074965953827,0,MODERATE_RISK,0.0,
BioSpread,AA131,0.7235360145568848,review,0,0.5493323802947998,0,MODERATE_RISK,0.0,
BioSpread,AD425,0.534280002117157,review,0,0.5054090917110443,0,MODERATE_RISK,0.0,
BioSpread,UNSEEN::AC166,0.21216779947280884,medium,0,0.6039798557758331,0,LOW_RISK,0.0,
BioSpread,AB269,0.746608555316925,review,0,0.5669932663440704,0,MODERATE_RISK,0.0,
BioSpread,AC034,0.6335225701332092,review,0,0.5215951502323151,0,MODERATE_RISK,0.0,
BioSpread,AA461,0.6954686641693115,review,0,0.5384725332260132,0,MODERATE_RISK,0.0,
BioSpread,UNSEEN::AD005,0.21203498542308807,medium,0,0.6042775213718414,0,LOW_RISK,0.0,
BioSpread,AG311,0.5855134725570679,review,0,0.5379745066165924,0,MODERATE_RISK,0.0,
BioSpread,AE802,0.7346485257148743,review,0,0.5606599748134613,0,MODERATE_RISK,0.0,
BioSpread,AG978,0.6138244867324829,review,0,0.5334261953830719,0,MODERATE_RISK,0.0,
BioSpread,AD127,0.1930764764547348,medium,0,0.6413857936859131,0,LOW_RISK,0.0,
BioSpread,UNSEEN::AE172,0.21216779947280884,medium,0,0.6039798557758331,0,LOW_RISK,0.0,
BioSpread,UNSEEN::AE748,0.21208806335926056,medium,0,0.604145735502243,0,LOW_RISK,0.0,
BioSpread,UNSEEN::AD719,0.21198976039886475,medium,0,0.6043138802051544,0,LOW_RISK,0.0,
BioSpread,AD792,0.5680960416793823,review,0,0.5139572322368622,0,MODERATE_RISK,0.0,
BioSpread,AB103,0.26188015937805176,review,0,0.5957404971122742,0,LOW_RISK,0.0,
BioSpread,UNSEEN::AC699,0.212025985121727,medium,0,0.6043118536472321,0,LOW_RISK,0.0,
BioSpread,UNSEEN::AG687,0.21216735243797302,medium,0,0.6039808392524719,0,LOW_RISK,0.0,
BioSpread,UNSEEN::AC972,0.21215449273586273,medium,0,0.6040075123310089,0,LOW_RISK,0.0,
BioSpread,AG213,0.5103294849395752,review,0,0.5322912633419037,0,MODERATE_RISK,0.0,
BioSpread,UNSEEN::AA268,0.2121420055627823,medium,0,0.6040333807468414,0,LOW_RISK,0.0,
BioSpread,AB742,0.7451848983764648,review,1,0.5682606101036072,0,MODERATE_RISK,0.0,
BioSpread,AF884,0.5229193568229675,review,0,0.5080142915248871,0,MODERATE_RISK,0.0,
BioSpread,UNSEEN::AB701,0.2121686190366745,medium,0,0.6039780676364899,0,LOW_RISK,0.0,
BioSpread,AE677,0.6503850221633911,review,0,0.5193800926208496,0,MODERATE_RISK,0.0,
BioSpread,UNSEEN::AG369,0.21230868995189667,medium,0,0.6036950349807739,0,LOW_RISK,0.0,
BioSpread,UNSEEN::AA492,0.21205687522888184,medium,0,0.6042527854442596,0,LOW_RISK,0.0,
BioSpread,UNSEEN::AC043,0.2114928811788559,medium,0,0.605356365442276,0,LOW_RISK,0.0,
BioSpread,AB854,0.7113436460494995,review,1,0.5439077615737915,0,MODERATE_RISK,0.0,
BioSpread,AE487,0.3151799738407135,review,0,0.5848014652729034,0,LOW_RISK,0.0,
BioSpread,UNSEEN::AC963,0.21117904782295227,medium,0,0.6061309278011322,0,LOW_RISK,0.0,
BioSpread,AE579,0.6642241477966309,review,0,0.522255152463913,0,MODERATE_RISK,0.0,
BioSpread,UNSEEN::AC443,0.21200278401374817,medium,0,0.6044381856918335,0,LOW_RISK,0.0,
BioSpread,UNSEEN::AA689,0.21216779947280884,medium,0,0.6039798557758331,0,LOW_RISK,0.0,
BioSpread,AB280,0.7447270154953003,review,0,0.5675801336765289,0,MODERATE_RISK,0.0,
BioSpread,AA014,0.5909602642059326,review,0,0.529586523771286,0,MODERATE_RISK,0.0,
BioSpread,UNSEEN::AC188,0.21215569972991943,medium,0,0.6040092408657074,0,LOW_RISK,0.0,
BioSpread,AG016,0.6744925379753113,review,0,0.5417565107345581,0,MODERATE_RISK,0.0,
BioSpread,UNSEEN::AD937,0.21214158833026886,medium,0,0.6040343046188354,0,LOW_RISK,0.0,
BioSpread,UNSEEN::AF133,0.21216735243797302,medium,0,0.6039808392524719,0,LOW_RISK,0.0,
BioSpread,AE741,0.5801313519477844,review,0,0.5165528953075409,0,MODERATE_RISK,0.0,
BioSpread,AD615,0.7191628217697144,review,0,0.5548451840877533,0,MODERATE_RISK,0.0,
BioSpread,AB039,0.7340508103370667,review,1,0.5604061782360077,0,MODERATE_RISK,0.0,
BioSpread,AG067,0.5229067206382751,review,0,0.5080134868621826,0,MODERATE_RISK,0.0,
BioSpread,UNSEEN::AF943,0.2121686190366745,medium,0,0.6039780676364899,0,LOW_RISK,0.0,
BioSpread,UNSEEN::AB971,0.21211501955986023,medium,0,0.6040895581245422,0,LOW_RISK,0.0,
BioSpread,UNSEEN::AD098,0.2121669501066208,medium,0,0.6039817333221436,0,LOW_RISK,0.0,
BioSpread,UNSEEN::AB861,0.2119186520576477,medium,0,0.6044906675815582,0,LOW_RISK,0.0,
BioSpread,UNSEEN::AF423,0.21216779947280884,medium,0,0.6039798557758331,0,LOW_RISK,0.0,
BioSpread,UNSEEN::AF024,0.21216779947280884,medium,0,0.6039798557758331,0,LOW_RISK,0.0,
BioSpread,UNSEEN::AF559,0.21216779947280884,medium,0,0.6039798557758331,0,LOW_RISK,0.0,
BioSpread,AB947,0.7481122016906738,review,1,0.5681136846542358,0,MODERATE_RISK,0.0,
BioSpread,UNSEEN::AE207,0.2121540606021881,medium,0,0.6040084660053253,0,LOW_RISK,0.0,
BioSpread,UNSEEN::AC782,0.21192124485969543,medium,0,0.6045027077198029,0,LOW_RISK,0.0,
BioSpread,UNSEEN::AB835,0.21119090914726257,medium,0,0.6059798896312714,0,LOW_RISK,0.0,
BioSpread,AG909,0.5228438377380371,review,0,0.5080091655254364,0,MODERATE_RISK,0.0,
BioSpread,AB233,0.7478047013282776,review,0,0.5730285942554474,0,MODERATE_RISK,0.0,
BioSpread,AG275,0.2618187665939331,review,0,0.5957734882831573,0,LOW_RISK,0.0,
BioSpread,AA894,0.7200309038162231,review,0,0.5582025945186615,0,MODERATE_RISK,0.0,
BioSpread,AD833,0.503589391708374,review,0,0.5004132091999054,0,MODERATE_RISK,0.0,
BioSpread,UNSEEN::AA248,0.21230871975421906,medium,0,0.6036993265151978,0,LOW_RISK,0.0,
BioSpread,UNSEEN::AC223,0.21174776554107666,medium,0,0.6049078404903412,0,LOW_RISK,0.0,
BioSpread,AG707,0.593393087387085,review,0,0.5140330493450165,0,MODERATE_RISK,0.0,
BioSpread,AC519,0.7031173706054688,review,0,0.5487560927867889,0,MODERATE_RISK,0.0,
BioSpread,UNSEEN::AE930,0.21184808015823364,medium,0,0.6047640442848206,0,LOW_RISK,0.0,
BioSpread,AF610,0.7231544852256775,review,0,0.5581367313861847,0,MODERATE_RISK,0.0,
BioSpread,AD894,0.6905091404914856,review,0,0.5611445307731628,0,MODERATE_RISK,0.0,
BioSpread,UNSEEN::AG955,0.21216821670532227,medium,0,0.6039789617061615,0,LOW_RISK,0.0,
BioSpread,AD369,0.7094937562942505,review,0,0.5550050437450409,0,MODERATE_RISK,0.0,
BioSpread,AB517,0.6553251147270203,review,0,0.5340401530265808,0,MODERATE_RISK,0.0,
BioSpread,UNSEEN::AE929,0.21153618395328522,medium,0,0.605267345905304,0,LOW_RISK,0.0,
BioSpread,AC979,0.32780030369758606,review,0,0.5699677467346191,0,LOW_RISK,0.0,
BioSpread,UNSEEN::AB138,0.21199528872966766,medium,0,0.6044327020645142,0,LOW_RISK,0.0,
BioSpread,UNSEEN::AC850,0.21214158833026886,medium,0,0.6040343046188354,0,LOW_RISK,0.0,
BioSpread,UNSEEN::AB125,0.2113426923751831,medium,0,0.6057890951633453,0,LOW_RISK,0.0,
BioSpread,UNSEEN::AH379,0.2121540606021881,medium,0,0.6040084660053253,0,LOW_RISK,0.0,
BioSpread,UNSEEN::AA806,0.21214061975479126,medium,0,0.6041070520877838,0,LOW_RISK,0.0,
BioSpread,UNSEEN::AC578,0.21137234568595886,medium,0,0.6057239472866058,0,LOW_RISK,0.0,
BioSpread,UNSEEN::AA318,0.21188092231750488,medium,0,0.6046067178249359,0,LOW_RISK,0.0,
BioSpread,UNSEEN::AG669,0.2121686190366745,medium,0,0.6039780676364899,0,LOW_RISK,0.0,
BioSpread,AB122,0.7089807987213135,review,0,0.5482988059520721,0,MODERATE_RISK,0.0,
BioSpread,UNSEEN::AC860,0.21216735243797302,medium,0,0.6039808392524719,0,LOW_RISK,0.0,
BioSpread,AG488,0.5731879472732544,review,0,0.5151975750923157,0,MODERATE_RISK,0.0,
BioSpread,UNSEEN::AA917,0.2116454839706421,medium,0,0.6052156090736389,0,LOW_RISK,0.0,
BioSpread,UNSEEN::AG103,0.21216821670532227,medium,0,0.6039789617061615,0,LOW_RISK,0.0,
BioSpread,AE960,0.6729179620742798,review,0,0.5413620173931122,0,MODERATE_RISK,0.0,
BioSpread,AC421,0.3176790177822113,review,0,0.573419600725174,0,LOW_RISK,0.0,
BioSpread,AG478,0.5859981775283813,review,0,0.5175362825393677,0,MODERATE_RISK,0.0,
BioSpread,UNSEEN::AG504,0.21207882463932037,medium,0,0.6042235791683197,0,LOW_RISK,0.0,
BioSpread,AD799,0.4476180672645569,review,0,0.5151712000370026,0,LOW_RISK,0.0,
BioSpread,AA828,0.7422361373901367,review,1,0.5630204677581787,0,MODERATE_RISK,0.0,
BioSpread,AD756,0.5776514410972595,review,0,0.5162573754787445,0,MODERATE_RISK,0.0,
BioSpread,AC246,0.7416378259658813,review,0,0.5641299784183502,0,MODERATE_RISK,0.0,
BioSpread,UNSEEN::AG822,0.2121669501066208,medium,0,0.6039817333221436,0,LOW_RISK,0.0,
BioSpread,AF420,0.5231204628944397,review,0,0.5180225074291229,0,MODERATE_RISK,0.0,
BioSpread,UNSEEN::AC910,0.2121625393629074,medium,0,0.6039897203445435,0,LOW_RISK,0.0,
BioSpread,AG678,0.5951716303825378,review,0,0.5423891246318817,0,MODERATE_RISK,0.0,
BioSpread,UNSEEN::AG657,0.21216735243797302,medium,0,0.6039808392524719,0,LOW_RISK,0.0,
BioSpread,UNSEEN::AH219,0.21201276779174805,medium,0,0.6042947769165039,0,LOW_RISK,0.0,
BioSpread,UNSEEN::AE377,0.212017223238945,medium,0,0.6043316125869751,0,LOW_RISK,0.0,
BioSpread,UNSEEN::AG040,0.2120136022567749,medium,0,0.6042929589748383,0,LOW_RISK,0.0,
BioSpread,UNSEEN::AH343,0.21216735243797302,medium,0,0.6039808392524719,0,LOW_RISK,0.0,
BioSpread,UNSEEN::AD308,0.21178387105464935,medium,0,0.6048069894313812,0,LOW_RISK,0.0,
BioSpread,UNSEEN::AB925,0.2121366411447525,medium,0,0.6041488647460938,0,LOW_RISK,0.0,
BioSpread,UNSEEN::AC485,0.21216315031051636,medium,0,0.6040810942649841,0,LOW_RISK,0.0,
BioSpread,AE223,0.5774149894714355,review,0,0.5161794722080231,0,MODERATE_RISK,0.0,
BioSpread,UNSEEN::AF967,0.2121540606021881,medium,0,0.6040084660053253,0,LOW_RISK,0.0,
BioSpread,UNSEEN::AB725,0.21209044754505157,medium,0,0.604194700717926,0,LOW_RISK,0.0,
BioSpread,UNSEEN::AA464,0.2120005488395691,medium,0,0.604324460029602,0,LOW_RISK,0.0,
BioSpread,AE339,0.2618924677371979,review,0,0.5957338511943817,0,LOW_RISK,0.0,
BioSpread,AF923,0.5228438377380371,review,0,0.5080091655254364,0,MODERATE_RISK,0.0,
BioSpread,AB733,0.7239037156105042,review,0,0.5602166950702667,0,MODERATE_RISK,0.0,
BioSpread,AA372,0.7492400407791138,review,1,0.5729600489139557,0,MODERATE_RISK,0.0,
BioSpread,UNSEEN::AD175,0.21185202896595,medium,0,0.6046561002731323,0,LOW_RISK,0.0,
BioSpread,UNSEEN::AG223,0.211986243724823,medium,0,0.6043498814105988,0,LOW_RISK,0.0,
BioSpread,AE268,0.5229193568229675,review,0,0.5080142915248871,0,MODERATE_RISK,0.0,
BioSpread,AD285,0.7030590772628784,review,0,0.53887540102005,0,MODERATE_RISK,0.0,
BioSpread,UNSEEN::AA223,0.21197055280208588,medium,0,0.6043863296508789,0,LOW_RISK,0.0,
BioSpread,AF189,0.6883625984191895,review,0,0.5422797501087189,0,MODERATE_RISK,0.0,
BioSpread,UNSEEN::AD317,0.21187926828861237,medium,0,0.6045949757099152,0,LOW_RISK,0.0,
BioSpread,AE635,0.6107595562934875,review,0,0.5066236257553101,0,MODERATE_RISK,0.0,
BioSpread,AD816,0.5786386728286743,review,0,0.5165791809558868,0,MODERATE_RISK,0.0,
BioSpread,AF814,0.6924108266830444,review,0,0.5386545658111572,0,MODERATE_RISK,0.0,
BioSpread,UNSEEN::AH040,0.21201276779174805,medium,0,0.6042947769165039,0,LOW_RISK,0.0,
BioSpread,AF906,0.18493404984474182,medium,0,0.6542200446128845,0,LOW_RISK,0.0,
BioSpread,AD642,0.6746529340744019,review,0,0.5425242781639099,0,MODERATE_RISK,0.0,
BioSpread,AE232,0.6935594081878662,review,0,0.5417355000972748,0,MODERATE_RISK,0.0,
BioSpread,UNSEEN::AB437,0.2121470719575882,medium,0,0.6040185391902924,0,LOW_RISK,0.0,
BioSpread,AF320,0.5104241967201233,review,0,0.5322903096675873,0,MODERATE_RISK,0.0,
BioSpread,UNSEEN::AC395,0.21184401214122772,medium,0,0.604638934135437,0,LOW_RISK,0.0,
BioSpread,UNSEEN::AH308,0.21310772001743317,medium,0,0.601952314376831,0,LOW_RISK,0.0,
BioSpread,UNSEEN::AH350,0.21211384236812592,medium,0,0.6041628122329712,0,LOW_RISK,0.0,
BioSpread,UNSEEN::AG142,0.2122592329978943,medium,0,0.6038428544998169,0,LOW_RISK,0.0,
BioSpread,UNSEEN::AF964,0.21230868995189667,medium,0,0.6036950349807739,0,LOW_RISK,0.0,
BioSpread,AB737,0.46352913975715637,review,0,0.5335423648357391,0,LOW_RISK,0.0,
BioSpread,AE364,0.6233594417572021,review,0,0.5187866687774658,0,MODERATE_RISK,0.0,
BioSpread,AA038,0.7484186291694641,review,1,0.5738442540168762,0,MODERATE_RISK,0.0,
BioSpread,AD227,0.7416184544563293,review,0,0.5663838386535645,0,MODERATE_RISK,0.0,
BioSpread,UNSEEN::AF089,0.2120434045791626,medium,0,0.6042807698249817,0,LOW_RISK,0.0,
BioSpread,AG440,0.572260856628418,review,0,0.5153957605361938,0,MODERATE_RISK,0.0,
BioSpread,UNSEEN::AG796,0.2121686190366745,medium,0,0.6039780676364899,0,LOW_RISK,0.0,
BioSpread,AB008,0.7439920902252197,review,1,0.5644547343254089,0,MODERATE_RISK,0.0,
BioSpread,AD104,0.4858347177505493,review,0,0.5231490731239319,0,LOW_RISK,0.0,
BioSpread,AA840,0.7477689385414124,review,1,0.5689182281494141,0,MODERATE_RISK,0.0,
BioSpread,UNSEEN::AD237,0.21199020743370056,medium,0,0.6043960452079773,0,LOW_RISK,0.0,
BioSpread,AC748,0.7320553064346313,review,0,0.5660057067871094,0,MODERATE_RISK,0.0,
BioSpread,UNSEEN::AG779,0.21215872466564178,medium,0,0.6040851175785065,0,LOW_RISK,0.0,
BioSpread,AB084,0.6854010820388794,review,0,0.5434199571609497,0,MODERATE_RISK,0.0,
BioSpread,UNSEEN::AG364,0.21242092549800873,medium,0,0.6035349667072296,0,LOW_RISK,0.0,
BioSpread,AG703,0.26179423928260803,review,0,0.5957867205142975,0,LOW_RISK,0.0,
BioSpread,UNSEEN::AF497,0.21162669360637665,medium,0,0.6052042841911316,0,LOW_RISK,0.0,
BioSpread,UNSEEN::AD898,0.21230827271938324,medium,0,0.6036959290504456,0,LOW_RISK,0.0,
BioSpread,UNSEEN::AE326,0.2121540606021881,medium,0,0.6040128469467163,0,LOW_RISK,0.0,
BioSpread,UNSEEN::AB633,0.2108275294303894,medium,0,0.6069608926773071,0,LOW_RISK,0.0,
BioSpread,UNSEEN::AA022,0.21109765768051147,medium,0,0.6063064634799957,0,LOW_RISK,0.0,
BioSpread,UNSEEN::AA317,0.212307870388031,medium,0,0.6036968231201172,0,LOW_RISK,0.0,
BioSpread,AE491,0.6958721280097961,review,0,0.5440514981746674,0,MODERATE_RISK,0.0,
BioSpread,AA097,0.7407841086387634,review,0,0.5640256702899933,0,MODERATE_RISK,0.0,
BioSpread,AD289,0.6835178136825562,review,0,0.5370275378227234,0,MODERATE_RISK,0.0,
BioSpread,AA263,0.5228689908981323,review,0,0.5080108940601349,0,MODERATE_RISK,0.0,
BioSpread,AB510,0.5714751482009888,review,0,0.5151539742946625,0,MODERATE_RISK,0.0,
BioSpread,UNSEEN::AG730,0.2121686190366745,medium,0,0.6039780676364899,0,LOW_RISK,0.0,
BioSpread,UNSEEN::AE858,0.21226805448532104,medium,0,0.6038531959056854,0,LOW_RISK,0.0,
BioSpread,AB635,0.7122937440872192,review,0,0.5495449006557465,0,MODERATE_RISK,0.0,
BioSpread,AF912,0.6859671473503113,review,0,0.5427191853523254,0,MODERATE_RISK,0.0,
BioSpread,UNSEEN::AA975,0.21225780248641968,medium,0,0.6038180291652679,0,LOW_RISK,0.0,
BioSpread,UNSEEN::AG638,0.2118881493806839,medium,0,0.6046019792556763,0,LOW_RISK,0.0,
BioSpread,UNSEEN::AE421,0.2120136022567749,medium,0,0.6042929589748383,0,LOW_RISK,0.0,
BioSpread,AF562,0.32779794931411743,review,0,0.5701213479042053,0,LOW_RISK,0.0,
BioSpread,AC368,0.3176790177822113,review,0,0.573419600725174,0,LOW_RISK,0.0,
BioSpread,UNSEEN::AC044,0.21198047697544098,medium,0,0.604360818862915,0,LOW_RISK,0.0,
BioSpread,UNSEEN::AA042,0.21184960007667542,medium,0,0.6046260893344879,0,LOW_RISK,0.0,
BioSpread,AG077,0.7419673800468445,review,0,0.5652159750461578,0,MODERATE_RISK,0.0,
BioSpread,AE541,0.5662809014320374,review,0,0.5355872213840485,0,MODERATE_RISK,0.0,
BioSpread,UNSEEN::AE958,0.21192342042922974,medium,0,0.6045490205287933,0,LOW_RISK,0.0,
BioSpread,UNSEEN::AE359,0.21151286363601685,medium,0,0.6053170263767242,0,LOW_RISK,0.0,
BioSpread,UNSEEN::AG263,0.2120136022567749,medium,0,0.6042929589748383,0,LOW_RISK,0.0,
BioSpread,AB561,0.7491936683654785,review,1,0.5712736248970032,0,MODERATE_RISK,0.0,
BioSpread,AA800,0.7470681667327881,review,0,0.5707737505435944,0,MODERATE_RISK,0.0,
BioSpread,UNSEEN::AF499,0.21216735243797302,medium,0,0.6039808392524719,0,LOW_RISK,0.0,
BioSpread,AC736,0.7299624085426331,review,0,0.5606101751327515,0,MODERATE_RISK,0.0,
BioSpread,UNSEEN::AC336,0.2120634913444519,medium,0,0.6042942106723785,0,LOW_RISK,0.0,
BioSpread,UNSEEN::AC535,0.2102889120578766,medium,0,0.6083199679851532,0,LOW_RISK,0.0,
BioSpread,AG256,0.653028666973114,review,0,0.5346240699291229,0,MODERATE_RISK,0.0,
BioSpread,UNSEEN::AH099,0.21216821670532227,medium,0,0.6039789617061615,0,LOW_RISK,0.0,
BioSpread,AA219,0.6458492875099182,review,0,0.5185175240039825,0,MODERATE_RISK,0.0,
BioSpread,UNSEEN::AD911,0.2118513435125351,medium,0,0.6046223342418671,0,LOW_RISK,0.0,
BioSpread,AA520,0.7340752482414246,review,0,0.5575338304042816,0,MODERATE_RISK,0.0,
BioSpread,UNSEEN::AA582,0.2122090756893158,medium,0,0.6039574146270752,0,LOW_RISK,0.0,
BioSpread,UNSEEN::AC815,0.21196000277996063,medium,0,0.6044939160346985,0,LOW_RISK,0.0,
BioSpread,AD131,0.6770309209823608,review,0,0.540083259344101,0,MODERATE_RISK,0.0,
BioSpread,AE475,0.5705273747444153,review,0,0.5361392498016357,0,MODERATE_RISK,0.0,
BioSpread,AG338,0.7114582657814026,review,0,0.547768771648407,0,MODERATE_RISK,0.0,
BioSpread,UNSEEN::AD197,0.21229390799999237,medium,0,0.6037259101867676,0,LOW_RISK,0.0,
BioSpread,UNSEEN::AB022,0.21188153326511383,medium,0,0.6045900285243988,0,LOW_RISK,0.0,
BioSpread,AE619,0.657642126083374,review,0,0.5349543392658234,0,MODERATE_RISK,0.0,
BioSpread,UNSEEN::AC172,0.21216779947280884,medium,0,0.6039798557758331,0,LOW_RISK,0.0,
BioSpread,UNSEEN::AE263,0.21215488016605377,medium,0,0.6040066182613373,0,LOW_RISK,0.0,
BioSpread,AG936,0.45209914445877075,review,0,0.5344588756561279,0,LOW_RISK,0.0,
BioSpread,UNSEEN::AC554,0.21195872128009796,medium,0,0.6044795215129852,0,LOW_RISK,0.0,
BioSpread,AC834,0.7424901723861694,review,0,0.566521555185318,0,MODERATE_RISK,0.0,
BioSpread,UNSEEN::AA630,0.21194259822368622,medium,0,0.6044320464134216,0,LOW_RISK,0.0,
BioSpread,UNSEEN::AC249,0.21212977170944214,medium,0,0.6040568351745605,0,LOW_RISK,0.0,
BioSpread,UNSEEN::AC643,0.21212872862815857,medium,0,0.6040653586387634,0,LOW_RISK,0.0,
BioSpread,AD878,0.6742911338806152,review,0,0.5374722480773926,0,MODERATE_RISK,0.0,
BioSpread,AF519,0.6566110849380493,review,0,0.5236221551895142,0,MODERATE_RISK,0.0,
BioSpread,UNSEEN::AA181,0.2109275609254837,medium,0,0.6067328453063965,0,LOW_RISK,0.0,
BioSpread,UNSEEN::AF063,0.21216779947280884,medium,0,0.6039798557758331,0,LOW_RISK,0.0,
BioSpread,UNSEEN::AC522,0.2121686190366745,medium,0,0.6039780676364899,0,LOW_RISK,0.0,
BioSpread,UNSEEN::AB683,0.21066617965698242,medium,0,0.6072796881198883,0,LOW_RISK,0.0,
BioSpread,AG672,0.5227179527282715,review,0,0.5080006420612335,0,MODERATE_RISK,0.0,
BioSpread,UNSEEN::AE577,0.21022339165210724,medium,0,0.6083948016166687,0,LOW_RISK,0.0,
BioSpread,UNSEEN::AH335,0.2121686190366745,medium,0,0.6039780676364899,0,LOW_RISK,0.0,
BioSpread,AE629,0.2618064880371094,review,0,0.5957801640033722,0,LOW_RISK,0.0,
BioSpread,UNSEEN::AB763,0.21198537945747375,medium,0,0.6043517887592316,0,LOW_RISK,0.0,
BioSpread,UNSEEN::AH473,0.21199969947338104,medium,0,0.6043218672275543,0,LOW_RISK,0.0,
BioSpread,AG176,0.5741174221038818,review,0,0.5150898694992065,0,MODERATE_RISK,0.0,
BioSpread,AA777,0.3284556269645691,review,0,0.569789469242096,0,LOW_RISK,0.0,
BioSpread,AH321,0.5148124098777771,review,0,0.5229447484016418,0,MODERATE_RISK,0.0,
BioSpread,UNSEEN::AD846,0.21201403439044952,medium,0,0.6042920649051666,0,LOW_RISK,0.0,
BioSpread,AG645,0.4117888808250427,review,0,0.5287023484706879,0,LOW_RISK,0.0,
BioSpread,UNSEEN::AE909,0.211973637342453,medium,0,0.6043759882450104,0,LOW_RISK,0.0,
BioSpread,AE163,0.6385573148727417,review,0,0.5400470197200775,0,MODERATE_RISK,0.0,
BioSpread,AD042,0.679520308971405,review,0,0.5218278765678406,0,MODERATE_RISK,0.0,
BioSpread,UNSEEN::AD466,0.21051201224327087,medium,0,0.6075030267238617,0,LOW_RISK,0.0,
BioSpread,AE564,0.7455533146858215,review,0,0.5661686658859253,0,MODERATE_RISK,0.0,
BioSpread,AH398,0.2617819607257843,review,0,0.5957933068275452,0,LOW_RISK,0.0,
BioSpread,UNSEEN::AG482,0.21200764179229736,medium,0,0.6043344736099243,0,LOW_RISK,0.0,
BioSpread,UNSEEN::AA395,0.212224543094635,medium,0,0.6038986146450043,0,LOW_RISK,0.0,
BioSpread,UNSEEN::AC278,0.2121553122997284,medium,0,0.6040057241916656,0,LOW_RISK,0.0,
BioSpread,UNSEEN::AE747,0.21210132539272308,medium,0,0.6041180789470673,0,LOW_RISK,0.0,
BioSpread,UNSEEN::AB826,0.21128042042255402,medium,0,0.6060638129711151,0,LOW_RISK,0.0,
BioSpread,AF329,0.7407196164131165,review,0,0.5654211938381195,0,MODERATE_RISK,0.0,
BioSpread,UNSEEN::AA640,0.21210522949695587,medium,0,0.6041642129421234,0,LOW_RISK,0.0,
BioSpread,UNSEEN::AF397,0.21214419603347778,medium,0,0.6040005683898926,0,LOW_RISK,0.0,
BioSpread,UNSEEN::AC811,0.21215569972991943,medium,0,0.6040092408657074,0,LOW_RISK,0.0,
BioSpread,AA451,0.7428048849105835,review,0,0.5626871883869171,0,MODERATE_RISK,0.0,
BioSpread,UNSEEN::AF540,0.21202924847602844,medium,0,0.6042884290218353,0,LOW_RISK,0.0,
BioSpread,AB290,0.6681467294692993,review,0,0.5356390476226807,0,MODERATE_RISK,0.0,
BioSpread,AB625,0.7412542700767517,review,0,0.5664102137088776,0,MODERATE_RISK,0.0,
BioSpread,UNSEEN::AE663,0.21200013160705566,medium,0,0.6043209433555603,0,LOW_RISK,0.0,
BioSpread,AH098,0.2321760654449463,medium,0,0.6315553486347198,0,LOW_RISK,0.0,
BioSpread,UNSEEN::AC865,0.2121686190366745,medium,0,0.6039780676364899,0,LOW_RISK,0.0,
BioSpread,UNSEEN::AD919,0.2121279090642929,medium,0,0.604129821062088,0,LOW_RISK,0.0,
BioSpread,AD723,0.7178231477737427,review,0,0.5522584915161133,0,MODERATE_RISK,0.0,
BioSpread,AE592,0.26192933320999146,review,0,0.5957140326499939,0,LOW_RISK,0.0,
BioSpread,AE129,0.6607058644294739,review,0,0.5540269911289215,0,MODERATE_RISK,0.0,
BioSpread,UNSEEN::AE103,0.21182949841022491,medium,0,0.60467329621315,0,LOW_RISK,0.0,
BioSpread,AF078,0.6522117853164673,review,0,0.528105765581131,0,MODERATE_RISK,0.0,
BioSpread,UNSEEN::AG935,0.2122943252325058,medium,0,0.6037293672561646,0,LOW_RISK,0.0,
BioSpread,UNSEEN::AB573,0.21215488016605377,medium,0,0.6040110290050507,0,LOW_RISK,0.0,
BioSpread,AA850,0.7467612624168396,review,0,0.5658925473690033,0,MODERATE_RISK,0.0,
BioSpread,UNSEEN::AF992,0.21170035004615784,medium,0,0.6049319505691528,0,LOW_RISK,0.0,
BioSpread,UNSEEN::AF817,0.21216735243797302,medium,0,0.6039808392524719,0,LOW_RISK,0.0,
BioSpread,UNSEEN::AC137,0.2107725739479065,medium,0,0.6069992184638977,0,LOW_RISK,0.0,
BioSpread,AG033,0.6939926743507385,review,0,0.5403746366500854,0,MODERATE_RISK,0.0,
BioSpread,UNSEEN::AA058,0.2169724702835083,review,0,0.597904235124588,0,LOW_RISK,0.0,
BioSpread,UNSEEN::AB392,0.21230827271938324,medium,0,0.6036959290504456,0,LOW_RISK,0.0,
BioSpread,UNSEEN::AA672,0.21083474159240723,medium,0,0.6068324148654938,0,LOW_RISK,0.0,
BioSpread,AA704,0.5960454344749451,review,0,0.5132430195808411,0,MODERATE_RISK,0.0,
BioSpread,UNSEEN::AD245,0.21182996034622192,medium,0,0.6046682000160217,0,LOW_RISK,0.0,
BioSpread,UNSEEN::AC097,0.21215488016605377,medium,0,0.6040066182613373,0,LOW_RISK,0.0,
BioSpread,AG800,0.7435173392295837,review,0,0.5678721368312836,0,MODERATE_RISK,0.0,
BioSpread,AB565,0.6138438582420349,review,0,0.5334300398826599,0,MODERATE_RISK,0.0,
BioSpread,AH495,0.3722120523452759,review,0,0.5450428128242493,0,LOW_RISK,0.0,
BioSpread,AA466,0.6240013241767883,review,0,0.527147114276886,0,MODERATE_RISK,0.0,
BioSpread,AA357,0.7450215220451355,review,0,0.5662234723567963,0,MODERATE_RISK,0.0,
BioSpread,AB722,0.7442193627357483,review,0,0.5685592889785767,0,MODERATE_RISK,0.0,
BioSpread,UNSEEN::AA156,0.21135571599006653,medium,0,0.6056876182556152,0,LOW_RISK,0.0,
BioSpread,UNSEEN::AF533,0.21216779947280884,medium,0,0.6039798557758331,0,LOW_RISK,0.0,
BioSpread,UNSEEN::AB484,0.21181637048721313,medium,0,0.6047703921794891,0,LOW_RISK,0.0,
BioSpread,UNSEEN::AD731,0.2116946429014206,medium,0,0.6049734652042389,0,LOW_RISK,0.0,
BioSpread,AG088,0.35217511653900146,review,0,0.5753780901432037,0,LOW_RISK,0.0,
BioSpread,AA400,0.7456374764442444,review,1,0.5670394599437714,0,MODERATE_RISK,0.0,
BioSpread,UNSEEN::AC061,0.21201403439044952,medium,0,0.6042920649051666,0,LOW_RISK,0.0,
BioSpread,UNSEEN::AG523,0.21240825951099396,medium,0,0.6035656034946442,0,LOW_RISK,0.0,
BioSpread,UNSEEN::AE544,0.21200013160705566,medium,0,0.6043209433555603,0,LOW_RISK,0.0,
BioSpread,AE956,0.6882845163345337,review,0,0.5452768504619598,0,MODERATE_RISK,0.0,
BioSpread,UNSEEN::AD060,0.21164990961551666,medium,0,0.6050353050231934,0,LOW_RISK,0.0,
BioSpread,AA410,0.744654655456543,review,1,0.5642291605472565,0,MODERATE_RISK,0.0,
BioSpread,UNSEEN::AA072,0.2119724452495575,medium,0,0.6043758988380432,0,LOW_RISK,0.0,
BioSpread,UNSEEN::AD699,0.21215099096298218,medium,0,0.6040143370628357,0,LOW_RISK,0.0,
BioSpread,AF680,0.35156485438346863,review,0,0.563305139541626,0,LOW_RISK,0.0,
BioSpread,AA578,0.7402927875518799,review,0,0.5699860155582428,0,MODERATE_RISK,0.0,
BioSpread,UNSEEN::AD825,0.21092985570430756,medium,0,0.6066327691078186,0,LOW_RISK,0.0,
BioSpread,AB282,0.7408120632171631,review,0,0.5603044331073761,0,MODERATE_RISK,0.0,
BioSpread,UNSEEN::AD918,0.21195848286151886,medium,0,0.6044077277183533,0,LOW_RISK,0.0,
BioSpread,UNSEEN::AC213,0.21165543794631958,medium,0,0.6050344705581665,0,LOW_RISK,0.0,
BioSpread,UNSEEN::AH101,0.21201403439044952,medium,0,0.6042920649051666,0,LOW_RISK,0.0,
BioSpread,AC734,0.7302418947219849,review,0,0.560236006975174,0,MODERATE_RISK,0.0,
BioSpread,AE023,0.5104377865791321,review,0,0.5322901606559753,0,MODERATE_RISK,0.0,
BioSpread,UNSEEN::AF218,0.21111440658569336,medium,0,0.6063211858272552,0,LOW_RISK,0.0,
BioSpread,AF251,0.5585857629776001,review,0,0.5074072778224945,0,MODERATE_RISK,0.0,
BioSpread,AF908,0.708541750907898,review,1,0.5480424761772156,0,MODERATE_RISK,0.0,
BioSpread,UNSEEN::AA384,0.21201233565807343,medium,0,0.6042957603931427,0,LOW_RISK,0.0,
BioSpread,AD291,0.6865862607955933,review,0,0.5441259741783142,0,MODERATE_RISK,0.0,
BioSpread,UNSEEN::AB549,0.21132992208003998,medium,0,0.6057736575603485,0,LOW_RISK,0.0,
BioSpread,AB538,0.7472671866416931,review,0,0.5785421431064606,0,MODERATE_RISK,0.0,
BioSpread,AG559,0.2618187665939331,review,0,0.5957734882831573,0,LOW_RISK,0.0,
BioSpread,UNSEEN::AH081,0.21190081536769867,medium,0,0.6045666933059692,0,LOW_RISK,0.0,
BioSpread,UNSEEN::AC931,0.21201233565807343,medium,0,0.6042957603931427,0,LOW_RISK,0.0,
BioSpread,UNSEEN::AA496,0.21201317012310028,medium,0,0.6042939126491547,0,LOW_RISK,0.0,
BioSpread,AD944,0.7159199714660645,review,0,0.5522857010364532,0,MODERATE_RISK,0.0,
BioSpread,UNSEEN::AD238,0.21230746805667877,medium,0,0.6036976873874664,0,LOW_RISK,0.0,
BioSpread,AC624,0.5553421974182129,review,0,0.5079081654548645,0,MODERATE_RISK,0.0,
BioSpread,UNSEEN::AF403,0.21201403439044952,medium,0,0.6042920649051666,0,LOW_RISK,0.0,
BioSpread,AG390,0.6387977004051208,review,0,0.5338597297668457,0,MODERATE_RISK,0.0,
BioSpread,UNSEEN::AG496,0.21210071444511414,medium,0,0.6042026877403259,0,LOW_RISK,0.0,
BioSpread,AE924,0.7460200190544128,review,0,0.5664106607437134,0,MODERATE_RISK,0.0,
BioSpread,UNSEEN::AG854,0.2121686190366745,medium,0,0.6039780676364899,0,LOW_RISK,0.0,
BioSpread,UNSEEN::AA095,0.21193425357341766,medium,0,0.6045176088809967,0,LOW_RISK,0.0,
BioSpread,UNSEEN::AG738,0.2120005488395691,medium,0,0.6043200492858887,0,LOW_RISK,0.0,
BioSpread,AE721,0.37226659059524536,review,0,0.5450297296047211,0,LOW_RISK,0.0,
BioSpread,AD549,0.6947287321090698,review,0,0.5463964641094208,0,MODERATE_RISK,0.0,
BioSpread,AA197,0.31651178002357483,review,0,0.5582321882247925,0,LOW_RISK,0.0,
BioSpread,AE439,0.5103971362113953,review,0,0.5322905778884888,0,MODERATE_RISK,0.0,
BioSpread,UNSEEN::AB263,0.2120009958744049,medium,0,0.6043234765529633,0,LOW_RISK,0.0,
BioSpread,AC969,0.7451492547988892,review,1,0.5660309791564941,0,MODERATE_RISK,0.0,
BioSpread,UNSEEN::AD791,0.21215449273586273,medium,0,0.6040075123310089,0,LOW_RISK,0.0,
BioSpread,UNSEEN::AC383,0.2121686190366745,medium,0,0.6039780676364899,0,LOW_RISK,0.0,
BioSpread,AD100,0.747565746307373,review,1,0.5664059519767761,0,MODERATE_RISK,0.0,
BioSpread,UNSEEN::AG328,0.21215449273586273,medium,0,0.6040075123310089,0,LOW_RISK,0.0,
BioSpread,AE199,0.6892282366752625,review,0,0.5455926954746246,0,MODERATE_RISK,0.0,
BioSpread,AA215,0.7387329936027527,review,0,0.5628185570240021,0,MODERATE_RISK,0.0,
BioSpread,AC744,0.7016295790672302,review,0,0.5508471727371216,0,MODERATE_RISK,0.0,
BioSpread,AA243,0.3612142503261566,review,0,0.5718837976455688,0,LOW_RISK,0.0,
BioSpread,UNSEEN::AG370,0.21216270327568054,medium,0,0.6040776371955872,0,LOW_RISK,0.0,
BioSpread,UNSEEN::AC145,0.21164387464523315,medium,0,0.60511714220047,0,LOW_RISK,0.0,
BioSpread,AB773,0.6675536036491394,review,0,0.5342628359794617,0,MODERATE_RISK,0.0,
BioSpread,AF535,0.4198070168495178,review,1,0.5589346289634705,0,LOW_RISK,0.0,
BioSpread,UNSEEN::AD746,0.2118605524301529,medium,0,0.604654997587204,0,LOW_RISK,0.0,
BioSpread,AD881,0.7000552415847778,review,0,0.5401845574378967,0,MODERATE_RISK,0.0,
BioSpread,AA848,0.7468249201774597,review,0,0.5662069618701935,0,MODERATE_RISK,0.0,
BioSpread,UNSEEN::AE690,0.2111142873764038,medium,0,0.6064135134220123,0,LOW_RISK,0.0,
BioSpread,UNSEEN::AC527,0.21038979291915894,medium,0,0.6077456772327423,0,LOW_RISK,0.0,
BioSpread,UNSEEN::AA419,0.21674607694149017,review,0,0.5993454456329346,0,LOW_RISK,0.0,
BioSpread,UNSEEN::AH140,0.2116723358631134,medium,0,0.6049947440624237,0,LOW_RISK,0.0,
BioSpread,UNSEEN::AG778,0.2120136022567749,medium,0,0.6042929589748383,0,LOW_RISK,0.0,
BioSpread,UNSEEN::AC817,0.2121894657611847,medium,0,0.6039553284645081,0,LOW_RISK,0.0,
BioSpread,AF761,0.7272918820381165,review,0,0.5543279945850372,0,MODERATE_RISK,0.0,
BioSpread,AH032,0.6138309836387634,review,0,0.5334274768829346,0,MODERATE_RISK,0.0,
BioSpread,UNSEEN::AC287,0.21679791808128357,review,0,0.5979591012001038,0,LOW_RISK,0.0,
BioSpread,UNSEEN::AH475,0.21216821670532227,medium,0,0.6039789617061615,0,LOW_RISK,0.0,
BioSpread,UNSEEN::AH464,0.21216821670532227,medium,0,0.6039789617061615,0,LOW_RISK,0.0,
BioSpread,AA366,0.6888259649276733,review,0,0.5386518836021423,0,MODERATE_RISK,0.0,
BioSpread,UNSEEN::AC023,0.21216735243797302,medium,0,0.6039808392524719,0,LOW_RISK,0.0,
BioSpread,UNSEEN::AA594,0.214686781167984,medium,0,0.6024490296840668,0,LOW_RISK,0.0,
BioSpread,UNSEEN::AG842,0.21209178864955902,medium,0,0.6041921973228455,0,LOW_RISK,0.0,
BioSpread,UNSEEN::AB543,0.21213513612747192,medium,0,0.6040440499782562,0,LOW_RISK,0.0,
BioSpread,AB976,0.7452083230018616,review,0,0.5660513341426849,0,MODERATE_RISK,0.0,
BioSpread,UNSEEN::AF217,0.2121686190366745,medium,0,0.6039780676364899,0,LOW_RISK,0.0,
BioSpread,UNSEEN::AF930,0.2122841477394104,medium,0,0.6037181317806244,0,LOW_RISK,0.0,
BioSpread,UNSEEN::AB521,0.21228453516960144,medium,0,0.6037172675132751,0,LOW_RISK,0.0,
BioSpread,UNSEEN::AE723,0.21216821670532227,medium,0,0.6039789617061615,0,LOW_RISK,0.0,
BioSpread,UNSEEN::AE494,0.21166829764842987,medium,0,0.6051174700260162,0,LOW_RISK,0.0,
BioSpread,UNSEEN::AB542,0.21092915534973145,medium,0,0.6066223680973053,0,LOW_RISK,0.0,
BioSpread,UNSEEN::AG498,0.2120136022567749,medium,0,0.6042929589748383,0,LOW_RISK,0.0,
BioSpread,UNSEEN::AA029,0.21217353641986847,medium,0,0.6040075719356537,0,LOW_RISK,0.0,
BioSpread,AB906,0.5601072907447815,review,0,0.5051661133766174,0,MODERATE_RISK,0.0,
BioSpread,AC530,0.7153562307357788,review,0,0.5486866235733032,0,MODERATE_RISK,0.0,
BioSpread,AB338,0.7087575197219849,review,1,0.5412992238998413,0,MODERATE_RISK,0.0,
BioSpread,AE877,0.5229445099830627,review,0,0.5080160796642303,0,MODERATE_RISK,0.0,
BioSpread,AD929,0.5104241967201233,review,0,0.5322903096675873,0,MODERATE_RISK,0.0,
BioSpread,UNSEEN::AD257,0.21199969947338104,medium,0,0.6043218672275543,0,LOW_RISK,0.0,
BioSpread,AF409,0.225204199552536,medium,0,0.6159195899963379,0,LOW_RISK,0.0,
BioSpread,UNSEEN::AA555,0.21133942902088165,medium,0,0.6058392524719238,0,LOW_RISK,0.0,
BioSpread,UNSEEN::AF009,0.212021604180336,medium,0,0.6042971312999725,0,LOW_RISK,0.0,
BioSpread,UNSEEN::AA502,0.21183083951473236,medium,0,0.6046662926673889,0,LOW_RISK,0.0,
BioSpread,AE623,0.7030400037765503,review,0,0.540926605463028,0,MODERATE_RISK,0.0,
BioSpread,AD335,0.7225921154022217,review,1,0.5526668429374695,0,MODERATE_RISK,0.0,
BioSpread,AF505,0.5103565454483032,review,0,0.5322909951210022,0,MODERATE_RISK,0.0,
BioSpread,AF632,0.7463454604148865,review,0,0.5701426267623901,0,MODERATE_RISK,0.0,
BioSpread,UNSEEN::AD932,0.21214957535266876,medium,0,0.6041175127029419,0,LOW_RISK,0.0,
BioSpread,AC755,0.7229117751121521,review,0,0.55351123213768,0,MODERATE_RISK,0.0,
BioSpread,AD366,0.3304826319217682,review,0,0.5694066286087036,0,LOW_RISK,0.0,
BioSpread,UNSEEN::AG068,0.21230746805667877,medium,0,0.6036976873874664,0,LOW_RISK,0.0,
BioSpread,UNSEEN::AG243,0.212294340133667,medium,0,0.603725016117096,0,LOW_RISK,0.0,
BioSpread,AD633,0.6339603066444397,review,0,0.5240833759307861,0,MODERATE_RISK,0.0,
BioSpread,AF111,0.5521154403686523,review,0,0.5068744421005249,0,MODERATE_RISK,0.0,
BioSpread,AA003,0.7467279434204102,review,0,0.568816214799881,0,MODERATE_RISK,0.0,
BioSpread,UNSEEN::AG165,0.21149007976055145,medium,0,0.6053363382816315,0,LOW_RISK,0.0,
BioSpread,AH410,0.22051005065441132,medium,0,0.6196993887424469,0,LOW_RISK,0.0,
BioSpread,AA236,0.7066829204559326,review,0,0.5562411844730377,0,MODERATE_RISK,0.0,
BioSpread,UNSEEN::AF421,0.21214991807937622,medium,0,0.6040544509887695,0,LOW_RISK,0.0,
BioSpread,UNSEEN::AE788,0.21037805080413818,medium,0,0.6078113615512848,0,LOW_RISK,0.0,
BioSpread,UNSEEN::AG674,0.21231606602668762,medium,0,0.6037653684616089,0,LOW_RISK,0.0,
BioSpread,UNSEEN::AC659,0.21216735243797302,medium,0,0.6039808392524719,0,LOW_RISK,0.0,
BioSpread,AB067,0.7192045450210571,review,0,0.5472950041294098,0,MODERATE_RISK,0.0,
BioSpread,AD645,0.7021774053573608,review,1,0.5463496148586273,0,MODERATE_RISK,0.0,
BioSpread,AF598,0.7430050373077393,review,0,0.572440892457962,0,MODERATE_RISK,0.0,
BioSpread,UNSEEN::AC697,0.2121686190366745,medium,0,0.6039780676364899,0,LOW_RISK,0.0,
BioSpread,AD644,0.7014257907867432,review,1,0.5489706099033356,0,MODERATE_RISK,0.0,
BioSpread,AA860,0.7458454966545105,review,0,0.5690382719039917,0,MODERATE_RISK,0.0,
BioSpread,UNSEEN::AC934,0.21216648817062378,medium,0,0.6039823293685913,0,LOW_RISK,0.0,
BioSpread,UNSEEN::AF827,0.2123822122812271,medium,0,0.6036199629306793,0,LOW_RISK,0.0,
BioSpread,UNSEEN::AH117,0.2121686190366745,medium,0,0.6039780676364899,0,LOW_RISK,0.0,
BioSpread,UNSEEN::AB761,0.21169905364513397,medium,0,0.6050116717815399,0,LOW_RISK,0.0,
BioSpread,UNSEEN::AA188,0.21214668452739716,medium,0,0.604110449552536,0,LOW_RISK,0.0,
BioSpread,AD452,0.4330959916114807,review,1,0.5334719121456146,0,LOW_RISK,0.0,
BioSpread,UNSEEN::AA085,0.21216779947280884,medium,0,0.6039798557758331,0,LOW_RISK,0.0,
BioSpread,AD075,0.6388235688209534,review,0,0.5108292102813721,0,MODERATE_RISK,0.0,
BioSpread,AC980,0.3406437933444977,review,0,0.5660769939422607,0,LOW_RISK,0.0,
BioSpread,UNSEEN::AE576,0.21216821670532227,medium,0,0.6039789617061615,0,LOW_RISK,0.0,
BioSpread,UNSEEN::AE527,0.2120918482542038,medium,0,0.6042236387729645,0,LOW_RISK,0.0,
BioSpread,UNSEEN::AG755,0.21216779947280884,medium,0,0.6039798557758331,0,LOW_RISK,0.0,
BioSpread,UNSEEN::AG981,0.21216779947280884,medium,0,0.6039798557758331,0,LOW_RISK,0.0,
BioSpread,UNSEEN::AA137,0.21214379370212555,medium,0,0.6040014624595642,0,LOW_RISK,0.0,
BioSpread,UNSEEN::AD804,0.2120136022567749,medium,0,0.6042929589748383,0,LOW_RISK,0.0,
BioSpread,AG690,0.6664353013038635,review,0,0.5158338844776154,0,MODERATE_RISK,0.0,
BioSpread,UNSEEN::AA503,0.21193647384643555,medium,0,0.6045090556144714,0,LOW_RISK,0.0,
BioSpread,UNSEEN::AD486,0.2099742293357849,medium,0,0.6088399589061737,0,LOW_RISK,0.0,
BioSpread,AB518,0.575815737247467,review,0,0.5148817896842957,0,MODERATE_RISK,0.0,
BioSpread,AF552,0.4582681655883789,review,0,0.5362622439861298,0,LOW_RISK,0.0,
BioSpread,AF170,0.6391032934188843,review,0,0.5332108438014984,0,MODERATE_RISK,0.0,
BioSpread,UNSEEN::AB318,0.2121424674987793,medium,0,0.6040039360523224,0,LOW_RISK,0.0,
BioSpread,AE156,0.5228689908981323,review,0,0.5080108940601349,0,MODERATE_RISK,0.0,
BioSpread,UNSEEN::AE977,0.21175631880760193,medium,0,0.6048616170883179,0,LOW_RISK,0.0,
BioSpread,UNSEEN::AF648,0.2121424674987793,medium,0,0.6040039360523224,0,LOW_RISK,0.0,
BioSpread,UNSEEN::AE148,0.21210522949695587,medium,0,0.6041642129421234,0,LOW_RISK,0.0,
BioSpread,AG279,0.6062882542610168,review,0,0.4982767701148987,0,MODERATE_RISK,0.0,
BioSpread,UNSEEN::AB120,0.21211384236812592,medium,0,0.6041628122329712,0,LOW_RISK,0.0,
BioSpread,AB155,0.7453433871269226,review,0,0.567389726638794,0,MODERATE_RISK,0.0,
BioSpread,UNSEEN::AD906,0.2119736522436142,medium,0,0.6043892502784729,0,LOW_RISK,0.0,
BioSpread,AD475,0.6423948407173157,review,0,0.5173323154449463,0,MODERATE_RISK,0.0,
BioSpread,UNSEEN::AB395,0.21201403439044952,medium,0,0.6042920649051666,0,LOW_RISK,0.0,
BioSpread,UNSEEN::AA293,0.21214160323143005,medium,0,0.604043036699295,0,LOW_RISK,0.0,
BioSpread,UNSEEN::AD108,0.2121020257472992,medium,0,0.6042042970657349,0,LOW_RISK,0.0,
BioSpread,UNSEEN::AC190,0.21210606396198273,medium,0,0.6041623950004578,0,LOW_RISK,0.0,
BioSpread,UNSEEN::AA784,0.21185988187789917,medium,0,0.604726254940033,0,LOW_RISK,0.0,
BioSpread,UNSEEN::AC009,0.211980402469635,medium,0,0.6043605804443359,0,LOW_RISK,0.0,
BioSpread,AF558,0.7177912592887878,review,0,0.5556638538837433,0,MODERATE_RISK,0.0,
BioSpread,UNSEEN::AE476,0.2118617445230484,medium,0,0.6047355234622955,0,LOW_RISK,0.0,
BioSpread,AF244,0.5697991847991943,review,0,0.5137140452861786,0,MODERATE_RISK,0.0,
BioSpread,AE264,0.7433741688728333,review,1,0.5614473819732666,0,MODERATE_RISK,0.0,
BioSpread,UNSEEN::AG590,0.21024258434772491,medium,0,0.6081362664699554,0,LOW_RISK,0.0,
BioSpread,UNSEEN::AC705,0.21197237074375153,medium,0,0.6043787896633148,0,LOW_RISK,0.0,
BioSpread,AF401,0.5229445099830627,review,0,0.5080160796642303,0,MODERATE_RISK,0.0,
BioSpread,AD407,0.6897025108337402,review,0,0.545516699552536,0,MODERATE_RISK,0.0,
BioSpread,UNSEEN::AF483,0.21216779947280884,medium,0,0.6039798557758331,0,LOW_RISK,0.0,
BioSpread,AA618,0.7499510049819946,review,0,0.5736428797245026,0,MODERATE_RISK,0.0,
BioSpread,AB779,0.6378830671310425,review,0,0.5417683720588684,0,MODERATE_RISK,0.0,
BioSpread,AG104,0.7458621263504028,review,0,0.5674624145030975,0,MODERATE_RISK,0.0,
BioSpread,AD798,0.4476180672645569,review,0,0.5151712000370026,0,LOW_RISK,0.0,
BioSpread,UNSEEN::AB553,0.21199928224086761,medium,0,0.6043228209018707,0,LOW_RISK,0.0,
BioSpread,UNSEEN::AA133,0.21133582293987274,medium,0,0.6056836843490601,0,LOW_RISK,0.0,
BioSpread,AG425,0.2619047462940216,review,0,0.5957272946834564,0,LOW_RISK,0.0,
BioSpread,UNSEEN::AC572,0.21207484602928162,medium,0,0.6042310297489166,0,LOW_RISK,0.0,
BioSpread,AE050,0.7461220622062683,review,1,0.5688896179199219,0,MODERATE_RISK,0.0,
BioSpread,UNSEEN::AA342,0.2117215394973755,medium,0,0.6049800217151642,0,LOW_RISK,0.0,
BioSpread,AE698,0.5888804197311401,review,0,0.5398958325386047,0,MODERATE_RISK,0.0,
BioSpread,UNSEEN::AF759,0.21230708062648773,medium,0,0.6036985814571381,0,LOW_RISK,0.0,
BioSpread,UNSEEN::AE800,0.2121446430683136,medium,0,0.6039995849132538,0,LOW_RISK,0.0,
BioSpread,UNSEEN::AD239,0.21183039247989655,medium,0,0.6046672761440277,0,LOW_RISK,0.0,
BioSpread,UNSEEN::AC968,0.21182622015476227,medium,0,0.6047616302967072,0,LOW_RISK,0.0,
BioSpread,AC712,0.6952878832817078,review,0,0.5432861745357513,0,MODERATE_RISK,0.0,
BioSpread,AB641,0.7426337003707886,review,0,0.5633786916732788,0,MODERATE_RISK,0.0,
BioSpread,AD429,0.5730966925621033,review,0,0.515430748462677,0,MODERATE_RISK,0.0,
BioSpread,AB637,0.6723988056182861,review,0,0.5460768043994904,0,MODERATE_RISK,0.0,
BioSpread,UNSEEN::AD519,0.2120211124420166,medium,0,0.6043063998222351,0,LOW_RISK,0.0,
BioSpread,AE303,0.7416394352912903,review,0,0.5643819570541382,0,MODERATE_RISK,0.0,
BioSpread,UNSEEN::AD190,0.21195393800735474,medium,0,0.6045063436031342,0,LOW_RISK,0.0,
BioSpread,UNSEEN::AC037,0.21062996983528137,medium,0,0.6073506474494934,0,LOW_RISK,0.0,
BioSpread,UNSEEN::AB765,0.21214419603347778,medium,0,0.6040005683898926,0,LOW_RISK,0.0,
BioSpread,UNSEEN::AB556,0.21230708062648773,medium,0,0.6036985814571381,0,LOW_RISK,0.0,
BioSpread,AB851,0.5851516723632812,review,0,0.5179089903831482,0,MODERATE_RISK,0.0,
BioSpread,AA680,0.6094824075698853,review,0,0.5371107459068298,0,MODERATE_RISK,0.0,
BioSpread,UNSEEN::AA504,0.21180273592472076,medium,0,0.6047248542308807,0,LOW_RISK,0.0,
BioSpread,AF258,0.5683606266975403,review,0,0.5239726006984711,0,MODERATE_RISK,0.0,
BioSpread,UNSEEN::AG421,0.2121669501066208,medium,0,0.6039817333221436,0,LOW_RISK,0.0,
BioSpread,UNSEEN::AB855,0.21182949841022491,medium,0,0.6046692132949829,0,LOW_RISK,0.0,
BioSpread,AB755,0.5552064776420593,review,0,0.5369316041469574,0,MODERATE_RISK,0.0,
BioSpread,UNSEEN::AG264,0.21201276779174805,medium,0,0.6042947769165039,0,LOW_RISK,0.0,
BioSpread,UNSEEN::AH116,0.21232904493808746,medium,0,0.6036731898784637,0,LOW_RISK,0.0,
BioSpread,AD412,0.7110572457313538,review,0,0.55359947681427,0,MODERATE_RISK,0.0,
BioSpread,UNSEEN::AD004,0.21216735243797302,medium,0,0.6039808392524719,0,LOW_RISK,0.0,
BioSpread,UNSEEN::AG026,0.21157565712928772,medium,0,0.6051918268203735,0,LOW_RISK,0.0,
BioSpread,UNSEEN::AC342,0.2119816541671753,medium,0,0.6043929159641266,0,LOW_RISK,0.0,
BioSpread,UNSEEN::AG430,0.21146202087402344,medium,0,0.6055050492286682,0,LOW_RISK,0.0,
BioSpread,UNSEEN::AA112,0.211959570646286,medium,0,0.6044948399066925,0,LOW_RISK,0.0,
BioSpread,AB810,0.7453502416610718,review,0,0.5742644965648651,0,MODERATE_RISK,0.0,
BioSpread,UNSEEN::AD936,0.2121669501066208,medium,0,0.6039817333221436,0,LOW_RISK,0.0,
BioSpread,AC247,0.7460472583770752,review,1,0.5692000985145569,0,MODERATE_RISK,0.0,
BioSpread,UNSEEN::AF374,0.21193774044513702,medium,0,0.6045396029949188,0,LOW_RISK,0.0,
BioSpread,UNSEEN::AC655,0.21215270459651947,medium,0,0.6040109992027283,0,LOW_RISK,0.0,
BioSpread,AB730,0.7430893778800964,review,0,0.5631847381591797,0,MODERATE_RISK,0.0,
BioSpread,AB430,0.6043837666511536,review,0,0.5273402631282806,0,MODERATE_RISK,0.0,
BioSpread,AG850,0.2682502567768097,review,0,0.5873746275901794,0,LOW_RISK,0.0,
BioSpread,UNSEEN::AG292,0.212086021900177,medium,0,0.6041415929794312,0,LOW_RISK,0.0,
BioSpread,UNSEEN::AG714,0.2121553122997284,medium,0,0.6040057241916656,0,LOW_RISK,0.0,
BioSpread,AE644,0.7457966804504395,review,1,0.5695870518684387,0,MODERATE_RISK,0.0,
BioSpread,UNSEEN::AE530,0.21212871372699738,medium,0,0.6040610074996948,0,LOW_RISK,0.0,
BioSpread,UNSEEN::AG655,0.21216735243797302,medium,0,0.6039808392524719,0,LOW_RISK,0.0,
BioSpread,UNSEEN::AC994,0.21216821670532227,medium,0,0.6039789617061615,0,LOW_RISK,0.0,
BioSpread,UNSEEN::AB384,0.21218906342983246,medium,0,0.6039562225341797,0,LOW_RISK,0.0,
BioSpread,UNSEEN::AE674,0.21137544512748718,medium,0,0.6056292951107025,0,LOW_RISK,0.0,
BioSpread,UNSEEN::AC894,0.21216735243797302,medium,0,0.6039808392524719,0,LOW_RISK,0.0,
BioSpread,UNSEEN::AH516,0.21216821670532227,medium,0,0.6039789617061615,0,LOW_RISK,0.0,
BioSpread,AD301,0.7214635014533997,review,1,0.5614230930805206,0,MODERATE_RISK,0.0,
BioSpread,UNSEEN::AH215,0.2121686190366745,medium,0,0.6039780676364899,0,LOW_RISK,0.0,
BioSpread,UNSEEN::AH141,0.21216735243797302,medium,0,0.6039808392524719,0,LOW_RISK,0.0,
BioSpread,UNSEEN::AC378,0.2116447538137436,medium,0,0.6050476431846619,0,LOW_RISK,0.0,
BioSpread,AC441,0.6743324995040894,review,0,0.5380793809890747,0,MODERATE_RISK,0.0,
BioSpread,UNSEEN::AA301,0.21190081536769867,medium,0,0.6045666933059692,0,LOW_RISK,0.0,
BioSpread,AE889,0.3650323450565338,review,0,0.5600975155830383,0,LOW_RISK,0.0,
BioSpread,UNSEEN::AE419,0.21215488016605377,medium,0,0.6040066182613373,0,LOW_RISK,0.0,
BioSpread,UNSEEN::AA056,0.21091879904270172,medium,0,0.6066918671131134,0,LOW_RISK,0.0,
BioSpread,UNSEEN::AH366,0.2121669501066208,medium,0,0.6039817333221436,0,LOW_RISK,0.0,
BioSpread,UNSEEN::AG776,0.2118525207042694,medium,0,0.6047165095806122,0,LOW_RISK,0.0,
BioSpread,UNSEEN::AE106,0.21203850209712982,medium,0,0.6042943000793457,0,LOW_RISK,0.0,
BioSpread,UNSEEN::AC745,0.21181650459766388,medium,0,0.6047830283641815,0,LOW_RISK,0.0,
BioSpread,UNSEEN::AE071,0.21184222400188446,medium,0,0.6046424210071564,0,LOW_RISK,0.0,
BioSpread,UNSEEN::AB441,0.21109333634376526,medium,0,0.6063609719276428,0,LOW_RISK,0.0,
BioSpread,UNSEEN::AF971,0.21203243732452393,medium,0,0.6042888760566711,0,LOW_RISK,0.0,
BioSpread,AG602,0.264930784702301,review,0,0.5891109704971313,0,LOW_RISK,0.0,
BioSpread,UNSEEN::AH034,0.21230827271938324,medium,0,0.6036959290504456,0,LOW_RISK,0.0,
BioSpread,UNSEEN::AF641,0.21201317012310028,medium,0,0.6042939126491547,0,LOW_RISK,0.0,
BioSpread,AE622,0.7162026762962341,review,0,0.5512633323669434,0,MODERATE_RISK,0.0,
BioSpread,AA778,0.5693305134773254,review,0,0.5035585165023804,0,MODERATE_RISK,0.0,
BioSpread,UNSEEN::AD140,0.21232904493808746,medium,0,0.6036731898784637,0,LOW_RISK,0.0,
BioSpread,AA011,0.7483518719673157,review,0,0.5694666504859924,0,MODERATE_RISK,0.0,
BioSpread,UNSEEN::AG406,0.21216735243797302,medium,0,0.6039808392524719,0,LOW_RISK,0.0,
BioSpread,UNSEEN::AH237,0.2121446430683136,medium,0,0.6039995849132538,0,LOW_RISK,0.0,
BioSpread,UNSEEN::AD734,0.21196018159389496,medium,0,0.6044084131717682,0,LOW_RISK,0.0,
BioSpread,AD787,0.6697810292243958,review,0,0.5364715456962585,0,MODERATE_RISK,0.0,
BioSpread,AD548,0.7201164364814758,review,0,0.5526462197303772,0,MODERATE_RISK,0.0,
BioSpread,UNSEEN::AF833,0.2119988650083542,medium,0,0.6043237149715424,0,LOW_RISK,0.0,
BioSpread,UNSEEN::AA683,0.21216821670532227,medium,0,0.6039789617061615,0,LOW_RISK,0.0,
BioSpread,AA871,0.44940656423568726,review,0,0.5322946310043335,0,LOW_RISK,0.0,
BioSpread,AD126,0.18427202105522156,medium,0,0.6558407843112946,0,LOW_RISK,0.0,
BioSpread,UNSEEN::AD812,0.21216821670532227,medium,0,0.6039789617061615,0,LOW_RISK,0.0,
BioSpread,AF052,0.38813894987106323,review,0,0.5662050843238831,0,LOW_RISK,0.0,
BioSpread,AB426,0.6395291090011597,review,0,0.5274527370929718,0,MODERATE_RISK,0.0,
BioSpread,AG217,0.5103700160980225,review,0,0.5322908759117126,0,MODERATE_RISK,0.0,
BioSpread,UNSEEN::AH309,0.21216779947280884,medium,0,0.6039798557758331,0,LOW_RISK,0.0,
BioSpread,UNSEEN::AA431,0.2121553122997284,medium,0,0.6040057241916656,0,LOW_RISK,0.0,
BioSpread,UNSEEN::AB176,0.2121686190366745,medium,0,0.6039780676364899,0,LOW_RISK,0.0,
BioSpread,UNSEEN::AF567,0.21216821670532227,medium,0,0.6039789617061615,0,LOW_RISK,0.0,
BioSpread,UNSEEN::AE219,0.2121536284685135,medium,0,0.6040093898773193,0,LOW_RISK,0.0,
BioSpread,AG367,0.30876022577285767,review,0,0.580705463886261,0,LOW_RISK,0.0,
BioSpread,UNSEEN::AC193,0.2120228111743927,medium,0,0.604302704334259,0,LOW_RISK,0.0,
BioSpread,UNSEEN::AE992,0.21207565069198608,medium,0,0.6041715145111084,0,LOW_RISK,0.0,
BioSpread,AF366,0.4407545328140259,review,0,0.5416619181632996,0,LOW_RISK,0.0,
BioSpread,UNSEEN::AB212,0.21216821670532227,medium,0,0.6039789617061615,0,LOW_RISK,0.0,
BioSpread,AF341,0.6532189249992371,review,0,0.5236097574234009,0,MODERATE_RISK,0.0,
BioSpread,UNSEEN::AC955,0.21137075126171112,medium,0,0.6059655845165253,0,LOW_RISK,0.0,
BioSpread,AG378,0.5542778968811035,review,0,0.5361908078193665,0,MODERATE_RISK,0.0,
BioSpread,UNSEEN::AH190,0.21216779947280884,medium,0,0.6039798557758331,0,LOW_RISK,0.0,
BioSpread,AE716,0.7063899636268616,review,0,0.5424402356147766,0,MODERATE_RISK,0.0,
BioSpread,AF126,0.18240085244178772,medium,0,0.663219690322876,0,LOW_RISK,0.0,
BioSpread,UNSEEN::AF918,0.21230708062648773,medium,0,0.6036985814571381,0,LOW_RISK,0.0,
BioSpread,AB581,0.5074725151062012,review,0,0.5548317432403564,0,MODERATE_RISK,0.0,
BioSpread,UNSEEN::AD515,0.2116895467042923,medium,0,0.6050138771533966,0,LOW_RISK,0.0,
BioSpread,AE849,0.684667706489563,review,0,0.5342308878898621,0,MODERATE_RISK,0.0,
BioSpread,UNSEEN::AG287,0.21200013160705566,medium,0,0.6043209433555603,0,LOW_RISK,0.0,
BioSpread,UNSEEN::AB244,0.21201276779174805,medium,0,0.6042947769165039,0,LOW_RISK,0.0,
BioSpread,AB585,0.26192933320999146,review,0,0.5957140326499939,0,LOW_RISK,0.0,
BioSpread,UNSEEN::AF633,0.2121669501066208,medium,0,0.6039817333221436,0,LOW_RISK,0.0,
BioSpread,AC563,0.7400180101394653,review,0,0.5598013699054718,0,MODERATE_RISK,0.0,
BioSpread,UNSEEN::AG436,0.21216779947280884,medium,0,0.6039798557758331,0,LOW_RISK,0.0,
BioSpread,UNSEEN::AG086,0.2119988054037094,medium,0,0.6043234765529633,0,LOW_RISK,0.0,
BioSpread,AF044,0.7472151517868042,review,0,0.5682754814624786,0,MODERATE_RISK,0.0,
BioSpread,AF308,0.5813465714454651,review,0,0.5170152187347412,0,MODERATE_RISK,0.0,
BioSpread,UNSEEN::AE549,0.21180188655853271,medium,0,0.6047267615795135,0,LOW_RISK,0.0,
BioSpread,AF245,0.3407345712184906,review,0,0.566261351108551,0,LOW_RISK,0.0,
BioSpread,AH195,0.3723393678665161,review,0,0.5450123250484467,0,LOW_RISK,0.0,
BioSpread,AD800,0.24867478013038635,medium,0,0.6089242398738861,0,LOW_RISK,0.0,
BioSpread,AE483,0.5631526112556458,review,0,0.535480260848999,0,MODERATE_RISK,0.0,
BioSpread,AB082,0.7494317889213562,review,0,0.5741833746433258,0,MODERATE_RISK,0.0,
BioSpread,UNSEEN::AH249,0.21216821670532227,medium,0,0.6039789617061615,0,LOW_RISK,0.0,
BioSpread,UNSEEN::AB149,0.21199928224086761,medium,0,0.6043228209018707,0,LOW_RISK,0.0,
BioSpread,AH494,0.26175740361213684,review,0,0.5958065688610077,0,LOW_RISK,0.0,
BioSpread,AD279,0.7437578439712524,review,1,0.5629077553749084,0,MODERATE_RISK,0.0,
BioSpread,UNSEEN::AA281,0.2136608213186264,medium,0,0.6050416827201843,0,LOW_RISK,0.0,
BioSpread,AD145,0.45548373460769653,review,0,0.5311125814914703,0,LOW_RISK,0.0,
BioSpread,AC330,0.7397333979606628,review,0,0.5619874000549316,0,MODERATE_RISK,0.0,
BioSpread,AE704,0.6506229043006897,review,0,0.5295474827289581,0,MODERATE_RISK,0.0,
BioSpread,UNSEEN::AE574,0.212307870388031,medium,0,0.6036968231201172,0,LOW_RISK,0.0,
BioSpread,UNSEEN::AD790,0.21216779947280884,medium,0,0.6039798557758331,0,LOW_RISK,0.0,
BioSpread,UNSEEN::AF734,0.21216730773448944,medium,0,0.603980541229248,0,LOW_RISK,0.0,
BioSpread,UNSEEN::AE671,0.21208806335926056,medium,0,0.604145735502243,0,LOW_RISK,0.0,
BioSpread,UNSEEN::AB560,0.21180503070354462,medium,0,0.6047918200492859,0,LOW_RISK,0.0,
BioSpread,UNSEEN::AH169,0.21215488016605377,medium,0,0.6040066182613373,0,LOW_RISK,0.0,
BioSpread,UNSEEN::AA470,0.21136704087257385,medium,0,0.605736255645752,0,LOW_RISK,0.0,
BioSpread,AG329,0.6595898866653442,review,0,0.5310720503330231,0,MODERATE_RISK,0.0,
BioSpread,UNSEEN::AG733,0.21223658323287964,medium,0,0.6038483679294586,0,LOW_RISK,0.0,
BioSpread,UNSEEN::AD080,0.2117021083831787,medium,0,0.6050390899181366,0,LOW_RISK,0.0,
BioSpread,AG415,0.5651480555534363,review,0,0.5355360507965088,0,MODERATE_RISK,0.0,
BioSpread,UNSEEN::AE254,0.21201403439044952,medium,0,0.6042920649051666,0,LOW_RISK,0.0,
BioSpread,UNSEEN::AD267,0.21216821670532227,medium,0,0.6039789617061615,0,LOW_RISK,0.0,
BioSpread,UNSEEN::AB142,0.21216735243797302,medium,0,0.6039808392524719,0,LOW_RISK,0.0,
BioSpread,UNSEEN::AD178,0.21230746805667877,medium,0,0.6036976873874664,0,LOW_RISK,0.0,
BioSpread,AC371,0.5685858726501465,review,0,0.5142336785793304,0,MODERATE_RISK,0.0,
BioSpread,AG465,0.5228438377380371,review,0,0.5080091655254364,0,MODERATE_RISK,0.0,
BioSpread,UNSEEN::AA262,0.21164916455745697,medium,0,0.6050896942615509,0,LOW_RISK,0.0,
BioSpread,AD303,0.7312687635421753,review,0,0.5587755441665649,0,MODERATE_RISK,0.0,
BioSpread,UNSEEN::AF736,0.2122116982936859,medium,0,0.6039253175258636,0,LOW_RISK,0.0,
BioSpread,UNSEEN::AH026,0.21216779947280884,medium,0,0.6039798557758331,0,LOW_RISK,0.0,
BioSpread,AC236,0.6843456625938416,review,0,0.5430664122104645,0,MODERATE_RISK,0.0,
BioSpread,AC873,0.6662450432777405,review,0,0.5346792042255402,0,MODERATE_RISK,0.0,
BioSpread,UNSEEN::AE008,0.21214158833026886,medium,0,0.6040343046188354,0,LOW_RISK,0.0,
BioSpread,AG558,0.2618432939052582,review,0,0.595760315656662,0,LOW_RISK,0.0,
BioSpread,UNSEEN::AE898,0.21163798868656158,medium,0,0.6050819158554077,0,LOW_RISK,0.0,
BioSpread,UNSEEN::AB996,0.2121686190366745,medium,0,0.6039780676364899,0,LOW_RISK,0.0,
BioSpread,UNSEEN::AC337,0.2118852436542511,medium,0,0.6047126352787018,0,LOW_RISK,0.0,
BioSpread,AH080,0.2617507874965668,review,0,0.5953710973262787,0,LOW_RISK,0.0,
BioSpread,UNSEEN::AF285,0.21210522949695587,medium,0,0.6041642129421234,0,LOW_RISK,0.0,
BioSpread,UNSEEN::AB693,0.2119988650083542,medium,0,0.6043237149715424,0,LOW_RISK,0.0,
BioSpread,AE627,0.6235230565071106,review,0,0.5231499969959259,0,MODERATE_RISK,0.0,
BioSpread,AC678,0.7453437447547913,review,0,0.5692012012004852,0,MODERATE_RISK,0.0,
BioSpread,AA524,0.728024959564209,review,0,0.5611379146575928,0,MODERATE_RISK,0.0,
BioSpread,AG235,0.26188015937805176,review,0,0.5957404971122742,0,LOW_RISK,0.0,
BioSpread,UNSEEN::AE590,0.2120136022567749,medium,0,0.6042929589748383,0,LOW_RISK,0.0,
BioSpread,AD495,0.1968616098165512,medium,1,0.6527937352657318,0,LOW_RISK,0.0,
BioSpread,AG641,0.6227849721908569,review,0,0.5316666066646576,0,MODERATE_RISK,0.0,
BioSpread,AF520,0.6781027913093567,review,0,0.5339996814727783,0,MODERATE_RISK,0.0,
BioSpread,AG555,0.6865383386611938,review,0,0.532588392496109,0,MODERATE_RISK,0.0,
BioSpread,AG452,0.678284227848053,review,0,0.534125030040741,0,MODERATE_RISK,0.0,
BioSpread,AB612,0.45553433895111084,review,0,0.5311080515384674,0,LOW_RISK,0.0,
BioSpread,AC839,0.6830960512161255,review,0,0.5410827398300171,0,MODERATE_RISK,0.0,
BioSpread,UNSEEN::AG352,0.21310772001743317,medium,0,0.601952314376831,0,LOW_RISK,0.0,
BioSpread,UNSEEN::AF569,0.21211375296115875,medium,0,0.6040923297405243,0,LOW_RISK,0.0,
BioSpread,AE249,0.7466917634010315,review,1,0.5692733526229858,0,MODERATE_RISK,0.0,
BioSpread,UNSEEN::AH105,0.21216779947280884,medium,0,0.6039798557758331,0,LOW_RISK,0.0,
BioSpread,UNSEEN::AA581,0.21223290264606476,medium,0,0.6039099991321564,0,LOW_RISK,0.0,
BioSpread,AE214,0.6403353214263916,review,0,0.5403690934181213,0,MODERATE_RISK,0.0,
BioSpread,AB304,0.6956005096435547,review,0,0.5453068315982819,0,MODERATE_RISK,0.0,
BioSpread,AC141,0.2619047462940216,review,0,0.5957272946834564,0,LOW_RISK,0.0,
BioSpread,UNSEEN::AG534,0.212307870388031,medium,0,0.6036968231201172,0,LOW_RISK,0.0,
BioSpread,UNSEEN::AF203,0.21197280287742615,medium,0,0.6043778657913208,0,LOW_RISK,0.0,
BioSpread,UNSEEN::AA213,0.21201317012310028,medium,0,0.6042939126491547,0,LOW_RISK,0.0,
BioSpread,UNSEEN::AG410,0.21217608451843262,medium,0,0.6040497720241547,0,LOW_RISK,0.0,
BioSpread,UNSEEN::AF998,0.21222415566444397,medium,0,0.6038995087146759,0,LOW_RISK,0.0,
BioSpread,AF175,0.6917917728424072,review,0,0.5442084670066833,0,MODERATE_RISK,0.0,
BioSpread,UNSEEN::AB411,0.2118435800075531,medium,0,0.6046398878097534,0,LOW_RISK,0.0,
BioSpread,AD917,0.7299088835716248,review,1,0.5579414069652557,0,MODERATE_RISK,0.0,
BioSpread,UNSEEN::AC144,0.21216779947280884,medium,0,0.6039798557758331,0,LOW_RISK,0.0,
BioSpread,UNSEEN::AC719,0.21210215985774994,medium,0,0.6041162610054016,0,LOW_RISK,0.0,
BioSpread,AG101,0.5654133558273315,review,0,0.5142195820808411,0,MODERATE_RISK,0.0,
BioSpread,AF225,0.7445932626724243,review,1,0.5679870545864105,0,MODERATE_RISK,0.0,
BioSpread,AB769,0.6361644268035889,review,0,0.522278219461441,0,MODERATE_RISK,0.0,
BioSpread,UNSEEN::AA427,0.21173442900180817,medium,0,0.6048673391342163,0,LOW_RISK,0.0,
BioSpread,AC608,0.6395100951194763,review,0,0.5274462401866913,0,MODERATE_RISK,0.0,
BioSpread,UNSEEN::AG208,0.2121553122997284,medium,0,0.6040057241916656,0,LOW_RISK,0.0,
BioSpread,UNSEEN::AF017,0.21215449273586273,medium,0,0.6040075123310089,0,LOW_RISK,0.0,
BioSpread,UNSEEN::AE739,0.2121686190366745,medium,0,0.6039780676364899,0,LOW_RISK,0.0,
BioSpread,AF263,0.6356958746910095,review,0,0.5265446603298187,0,MODERATE_RISK,0.0,
BioSpread,UNSEEN::AF551,0.21218615770339966,medium,0,0.6040111780166626,0,LOW_RISK,0.0,
BioSpread,UNSEEN::AA450,0.21371674537658691,medium,0,0.6058691442012787,0,LOW_RISK,0.0,
BioSpread,AD161,0.7213971018791199,review,0,0.5466508269309998,0,MODERATE_RISK,0.0,
BioSpread,UNSEEN::AB903,0.2121492475271225,medium,0,0.6040390729904175,0,LOW_RISK,0.0,
BioSpread,AG748,0.6151106953620911,review,0,0.5226826071739197,0,MODERATE_RISK,0.0,
BioSpread,UNSEEN::AH020,0.2121686190366745,medium,0,0.6039780676364899,0,LOW_RISK,0.0,
BioSpread,AD155,0.3394865095615387,review,0,0.566381573677063,0,LOW_RISK,0.0,
BioSpread,UNSEEN::AD266,0.21193160116672516,medium,0,0.6045573353767395,0,LOW_RISK,0.0,
BioSpread,AB912,0.3091473877429962,review,1,0.5744997560977936,0,LOW_RISK,0.0,
BioSpread,UNSEEN::AD236,0.2122938632965088,medium,0,0.6037256419658661,0,LOW_RISK,0.0,
BioSpread,AA351,0.7434357404708862,review,0,0.5630552470684052,0,MODERATE_RISK,0.0,
BioSpread,AG382,0.2623233199119568,review,0,0.5955378115177155,0,LOW_RISK,0.0,
BioSpread,AB045,0.739051878452301,review,1,0.5647356808185577,0,MODERATE_RISK,0.0,
BioSpread,UNSEEN::AF988,0.21230827271938324,medium,0,0.6036959290504456,0,LOW_RISK,0.0,
BioSpread,AB414,0.2619047462940216,review,0,0.5957272946834564,0,LOW_RISK,0.0,
BioSpread,UNSEEN::AA876,0.21201276779174805,medium,0,0.6042947769165039,0,LOW_RISK,0.0,
BioSpread,AF484,0.6165351271629333,review,0,0.5126005709171295,0,MODERATE_RISK,0.0,
BioSpread,AE904,0.571170449256897,review,0,0.5360817909240723,0,MODERATE_RISK,0.0,
BioSpread,UNSEEN::AD070,0.2121446430683136,medium,0,0.6039995849132538,0,LOW_RISK,0.0,
BioSpread,UNSEEN::AD728,0.21177643537521362,medium,0,0.6047795712947845,0,LOW_RISK,0.0,
BioSpread,AE890,0.3293818235397339,review,0,0.5695818066596985,0,LOW_RISK,0.0,
BioSpread,UNSEEN::AG937,0.21216735243797302,medium,0,0.6039808392524719,0,LOW_RISK,0.0,
BioSpread,AD055,0.7457953691482544,review,0,0.5670142471790314,0,MODERATE_RISK,0.0,
BioSpread,AC110,0.6739000082015991,review,0,0.5520334243774414,0,MODERATE_RISK,0.0,
BioSpread,UNSEEN::AE245,0.21180365979671478,medium,0,0.604814201593399,0,LOW_RISK,0.0,
BioSpread,UNSEEN::AC084,0.21202389895915985,medium,0,0.60429847240448,0,LOW_RISK,0.0,
BioSpread,AD484,0.7428799867630005,review,0,0.5633529126644135,0,MODERATE_RISK,0.0,
BioSpread,AE319,0.6934182047843933,review,0,0.5464049577713013,0,MODERATE_RISK,0.0,
BioSpread,AG646,0.687944233417511,review,0,0.5284702777862549,0,MODERATE_RISK,0.0,
BioSpread,UNSEEN::AF167,0.2121453434228897,medium,0,0.6040219664573669,0,LOW_RISK,0.0,
BioSpread,AF586,0.6136016845703125,review,0,0.5338450074195862,0,MODERATE_RISK,0.0,
BioSpread,UNSEEN::AD141,0.21216294169425964,medium,0,0.6040149331092834,0,LOW_RISK,0.0,
BioSpread,AD404,0.6610185503959656,review,0,0.519906759262085,0,MODERATE_RISK,0.0,
BioSpread,UNSEEN::AB181,0.21084047853946686,medium,0,0.6069209277629852,0,LOW_RISK,0.0,
BioSpread,UNSEEN::AD288,0.21185685694217682,medium,0,0.6046122610569,0,LOW_RISK,0.0,
BioSpread,UNSEEN::AE733,0.21230868995189667,medium,0,0.6036950349807739,0,LOW_RISK,0.0,
BioSpread,UNSEEN::AE804,0.21180181205272675,medium,0,0.6047054827213287,0,LOW_RISK,0.0,
BioSpread,AE706,0.6676360368728638,review,0,0.5388660132884979,0,MODERATE_RISK,0.0,
BioSpread,AA499,0.6856603622436523,review,0,0.5322806239128113,0,MODERATE_RISK,0.0,
BioSpread,UNSEEN::AG501,0.2121540606021881,medium,0,0.6040084660053253,0,LOW_RISK,0.0,
BioSpread,UNSEEN::AF712,0.21222415566444397,medium,0,0.6038995087146759,0,LOW_RISK,0.0,
BioSpread,UNSEEN::AE121,0.21216735243797302,medium,0,0.6039808392524719,0,LOW_RISK,0.0,
BioSpread,UNSEEN::AB821,0.2121894657611847,medium,0,0.6039553284645081,0,LOW_RISK,0.0,
BioSpread,AE397,0.6395196318626404,review,0,0.5274494290351868,0,MODERATE_RISK,0.0,
BioSpread,UNSEEN::AC714,0.2121536284685135,medium,0,0.6040093898773193,0,LOW_RISK,0.0,
BioSpread,AF982,0.7413515448570251,review,0,0.5641348361968994,0,MODERATE_RISK,0.0,
BioSpread,AF915,0.6575536131858826,review,0,0.5348984897136688,0,MODERATE_RISK,0.0,
BioSpread,UNSEEN::AB201,0.21216735243797302,medium,0,0.6039808392524719,0,LOW_RISK,0.0,
BioSpread,AD349,0.696667492389679,review,0,0.5474975407123566,0,MODERATE_RISK,0.0,
BioSpread,AE201,0.5946431756019592,review,0,0.5114372968673706,0,MODERATE_RISK,0.0,
BioSpread,UNSEEN::AB609,0.21216316521167755,medium,0,0.6040224730968475,0,LOW_RISK,0.0,
BioSpread,AA254,0.6559251546859741,review,0,0.5503460764884949,0,MODERATE_RISK,0.0,
BioSpread,AA129,0.6998941898345947,review,0,0.5395680367946625,0,MODERATE_RISK,0.0,
BioSpread,AA331,0.7463557720184326,review,1,0.5673167705535889,0,MODERATE_RISK,0.0,
BioSpread,AB169,0.7475818395614624,review,1,0.5678109526634216,0,MODERATE_RISK,0.0,
BioSpread,UNSEEN::AE175,0.21230708062648773,medium,0,0.6036985814571381,0,LOW_RISK,0.0,
BioSpread,UNSEEN::AD416,0.2120080590248108,medium,0,0.6043334901332855,0,LOW_RISK,0.0,
BioSpread,AC438,0.6742911338806152,review,0,0.5374722480773926,0,MODERATE_RISK,0.0,
BioSpread,AB322,0.6687020063400269,review,0,0.5110757052898407,0,MODERATE_RISK,0.0,
BioSpread,UNSEEN::AA008,0.21201099455356598,medium,0,0.6042982637882233,0,LOW_RISK,0.0,
BioSpread,AA457,0.7472690343856812,review,1,0.5687436759471893,0,MODERATE_RISK,0.0,
BioSpread,UNSEEN::AF819,0.212140753865242,medium,0,0.6040361225605011,0,LOW_RISK,0.0,
BioSpread,UNSEEN::AE182,0.21214419603347778,medium,0,0.6040005683898926,0,LOW_RISK,0.0,
BioSpread,UNSEEN::AC032,0.21185678243637085,medium,0,0.6046125292778015,0,LOW_RISK,0.0,
BioSpread,AG770,0.3723393678665161,review,0,0.5450123250484467,0,LOW_RISK,0.0,
BioSpread,UNSEEN::AF797,0.21199928224086761,medium,0,0.6043228209018707,0,LOW_RISK,0.0,
BioSpread,AF378,0.5944820642471313,review,0,0.5113581717014313,0,MODERATE_RISK,0.0,
BioSpread,AE231,0.577958345413208,review,0,0.5163480639457703,0,MODERATE_RISK,0.0,
BioSpread,AD710,0.7417709827423096,review,0,0.5646410286426544,0,MODERATE_RISK,0.0,
BioSpread,UNSEEN::AH163,0.21199928224086761,medium,0,0.6043228209018707,0,LOW_RISK,0.0,
BioSpread,UNSEEN::AD963,0.21181586384773254,medium,0,0.604697197675705,0,LOW_RISK,0.0,
BioSpread,AB817,0.7054253220558167,review,0,0.5497397482395172,0,MODERATE_RISK,0.0,
BioSpread,UNSEEN::AA080,0.21222415566444397,medium,0,0.6038995087146759,0,LOW_RISK,0.0,
BioSpread,UNSEEN::AC625,0.21189185976982117,medium,0,0.6045509874820709,0,LOW_RISK,0.0,
BioSpread,AB787,0.6494540572166443,review,0,0.5002603232860565,0,MODERATE_RISK,0.0,
BioSpread,UNSEEN::AA734,0.20805619657039642,medium,0,0.6200729012489319,0,LOW_RISK,0.0,
BioSpread,UNSEEN::AC971,0.21151740849018097,medium,0,0.6054275035858154,0,LOW_RISK,0.0,
BioSpread,UNSEEN::AB069,0.21197237074375153,medium,0,0.6043787896633148,0,LOW_RISK,0.0,
BioSpread,AA902,0.7467926740646362,review,0,0.5722308456897736,0,MODERATE_RISK,0.0,
BioSpread,UNSEEN::AG948,0.21217608451843262,medium,0,0.6040497720241547,0,LOW_RISK,0.0,
BioSpread,UNSEEN::AB814,0.21216735243797302,medium,0,0.6039808392524719,0,LOW_RISK,0.0,
BioSpread,UNSEEN::AB552,0.21216735243797302,medium,0,0.6039808392524719,0,LOW_RISK,0.0,
BioSpread,AA162,0.7464248538017273,review,1,0.5704013407230377,0,MODERATE_RISK,0.0,
BioSpread,UNSEEN::AC833,0.21209555864334106,medium,0,0.6042042374610901,0,LOW_RISK,0.0,
BioSpread,UNSEEN::AA914,0.2122955471277237,medium,0,0.603726714849472,0,LOW_RISK,0.0,
BioSpread,UNSEEN::AB707,0.2120005488395691,medium,0,0.6043200492858887,0,LOW_RISK,0.0,
BioSpread,UNSEEN::AC054,0.21198537945747375,medium,0,0.6043517887592316,0,LOW_RISK,0.0,
BioSpread,AC313,0.74949711561203,review,1,0.5694277584552765,0,MODERATE_RISK,0.0,
BioSpread,AH404,0.26196619868278503,review,0,0.5956941843032837,0,LOW_RISK,0.0,
BioSpread,AC636,0.2619047462940216,review,0,0.5957272946834564,0,LOW_RISK,0.0,
BioSpread,UNSEEN::AE401,0.21201317012310028,medium,0,0.6042939126491547,0,LOW_RISK,0.0,
BioSpread,UNSEEN::AC935,0.20868569612503052,medium,0,0.6112833023071289,0,LOW_RISK,0.0,
BioSpread,UNSEEN::AB498,0.21201276779174805,medium,0,0.6042947769165039,0,LOW_RISK,0.0,
BioSpread,UNSEEN::AD755,0.2121553122997284,medium,0,0.6040057241916656,0,LOW_RISK,0.0,
BioSpread,UNSEEN::AF968,0.21214978396892548,medium,0,0.6041089296340942,0,LOW_RISK,0.0,
BioSpread,UNSEEN::AF370,0.2120136022567749,medium,0,0.6042929589748383,0,LOW_RISK,0.0,
BioSpread,UNSEEN::AH054,0.21216779947280884,medium,0,0.6039798557758331,0,LOW_RISK,0.0,
BioSpread,UNSEEN::AA602,0.21201317012310028,medium,0,0.6042939126491547,0,LOW_RISK,0.0,
BioSpread,AB753,0.5229193568229675,review,0,0.5080142915248871,0,MODERATE_RISK,0.0,
BioSpread,UNSEEN::AH467,0.212307870388031,medium,0,0.6036968231201172,0,LOW_RISK,0.0,
BioSpread,AE684,0.4724690020084381,review,0,0.501197338104248,0,LOW_RISK,0.0,
BioSpread,UNSEEN::AB626,0.21201403439044952,medium,0,0.6042920649051666,0,LOW_RISK,0.0,
BioSpread,UNSEEN::AF013,0.21221518516540527,medium,0,0.6039634048938751,0,LOW_RISK,0.0,
BioSpread,UNSEEN::AG740,0.2121308594942093,medium,0,0.6040282249450684,0,LOW_RISK,0.0,
BioSpread,UNSEEN::AB670,0.2119952142238617,medium,0,0.6043300628662109,0,LOW_RISK,0.0,
BioSpread,AA741,0.5227556824684143,review,0,0.5080032348632812,0,MODERATE_RISK,0.0,
BioSpread,AD476,0.7281571626663208,review,0,0.5544995367527008,0,MODERATE_RISK,0.0,
BioSpread,AD889,0.7047017216682434,review,0,0.5465701520442963,0,MODERATE_RISK,0.0,
BioSpread,AG278,0.26196619868278503,review,0,0.5956941843032837,0,LOW_RISK,0.0,
BioSpread,AB001,0.7210536003112793,review,0,0.555572509765625,0,MODERATE_RISK,0.0,
BioSpread,UNSEEN::AE582,0.2115069031715393,medium,0,0.6053849160671234,0,LOW_RISK,0.0,
BioSpread,AA998,0.7443904876708984,review,1,0.5655600428581238,0,MODERATE_RISK,0.0,
BioSpread,UNSEEN::AG473,0.2121686190366745,medium,0,0.6039780676364899,0,LOW_RISK,0.0,
BioSpread,UNSEEN::AB605,0.21216779947280884,medium,0,0.6039798557758331,0,LOW_RISK,0.0,
BioSpread,UNSEEN::AC447,0.211748406291008,medium,0,0.6049212217330933,0,LOW_RISK,0.0,
BioSpread,UNSEEN::AA426,0.2118312567472458,medium,0,0.6048054993152618,0,LOW_RISK,0.0,
BioSpread,AE354,0.5790572166442871,review,0,0.5167272984981537,0,MODERATE_RISK,0.0,
BioSpread,UNSEEN::AC582,0.21216735243797302,medium,0,0.6039808392524719,0,LOW_RISK,0.0,
BioSpread,UNSEEN::AA590,0.21113930642604828,medium,0,0.6061241924762726,0,LOW_RISK,0.0,
BioSpread,AC566,0.7049845457077026,review,0,0.5369068682193756,0,MODERATE_RISK,0.0,
BioSpread,UNSEEN::AH092,0.21216779947280884,medium,0,0.6039798557758331,0,LOW_RISK,0.0,
BioSpread,UNSEEN::AH123,0.21215488016605377,medium,0,0.6040066182613373,0,LOW_RISK,0.0,
BioSpread,AF780,0.6742807626724243,review,0,0.5374671816825867,0,MODERATE_RISK,0.0,
BioSpread,UNSEEN::AD888,0.21214066445827484,medium,0,0.6040446162223816,0,LOW_RISK,0.0,
BioSpread,UNSEEN::AE044,0.21200013160705566,medium,0,0.6043209433555603,0,LOW_RISK,0.0,
BioSpread,AG532,0.5871568322181702,review,0,0.520925760269165,0,MODERATE_RISK,0.0,
BioSpread,UNSEEN::AF786,0.21196433901786804,medium,0,0.6043938398361206,0,LOW_RISK,0.0,
BioSpread,AB522,0.3405035436153412,review,0,0.5659653842449188,0,LOW_RISK,0.0,
BioSpread,AD488,0.7452332973480225,review,1,0.5673841536045074,0,MODERATE_RISK,0.0,
BioSpread,AF503,0.7448682188987732,review,0,0.5740384459495544,0,MODERATE_RISK,0.0,
BioSpread,AD372,0.6830981969833374,review,0,0.5424445569515228,0,MODERATE_RISK,0.0,
BioSpread,UNSEEN::AC112,0.21221108734607697,medium,0,0.6039347052574158,0,LOW_RISK,0.0,
BioSpread,UNSEEN::AG995,0.21230868995189667,medium,0,0.6036950349807739,0,LOW_RISK,0.0,
BioSpread,UNSEEN::AB381,0.2121553122997284,medium,0,0.6040057241916656,0,LOW_RISK,0.0,
BioSpread,AH216,0.49423831701278687,review,0,0.5004031956195831,0,LOW_RISK,0.0,
BioSpread,UNSEEN::AG816,0.21197280287742615,medium,0,0.6043778657913208,0,LOW_RISK,0.0,
BioSpread,AF351,0.5944576263427734,review,0,0.511352151632309,0,MODERATE_RISK,0.0,
BioSpread,UNSEEN::AB213,0.21229442954063416,medium,0,0.6037859916687012,0,LOW_RISK,0.0,
BioSpread,UNSEEN::AB061,0.21128764748573303,medium,0,0.6058401465415955,0,LOW_RISK,0.0,
BioSpread,UNSEEN::AE173,0.21216821670532227,medium,0,0.6039789617061615,0,LOW_RISK,0.0,
BioSpread,AA759,0.7137691974639893,review,0,0.5424386858940125,0,MODERATE_RISK,0.0,
BioSpread,AA656,0.7171400785446167,review,0,0.5571395456790924,0,MODERATE_RISK,0.0,
BioSpread,AB778,0.6395338177680969,review,0,0.5274543464183807,0,MODERATE_RISK,0.0,
BioSpread,UNSEEN::AC492,0.2120882123708725,medium,0,0.6041987240314484,0,LOW_RISK,0.0,
BioSpread,UNSEEN::AG819,0.21216779947280884,medium,0,0.6039798557758331,0,LOW_RISK,0.0,
BioSpread,AA767,0.7451706528663635,review,0,0.5626974701881409,0,MODERATE_RISK,0.0,
BioSpread,AD751,0.6495760083198547,review,0,0.5291402637958527,0,MODERATE_RISK,0.0,
BioSpread,AG409,0.6992871165275574,review,0,0.5531229376792908,0,MODERATE_RISK,0.0,
BioSpread,UNSEEN::AG897,0.21230708062648773,medium,0,0.6036985814571381,0,LOW_RISK,0.0,
BioSpread,UNSEEN::AA844,0.21210522949695587,medium,0,0.6041642129421234,0,LOW_RISK,0.0,
BioSpread,AB284,0.6476073265075684,review,0,0.5318798720836639,0,MODERATE_RISK,0.0,
BioSpread,AG461,0.18183523416519165,medium,0,0.6623077988624573,0,LOW_RISK,0.0,
BioSpread,AD380,0.6174383163452148,review,0,0.5150743722915649,0,MODERATE_RISK,0.0,
BioSpread,UNSEEN::AA908,0.21214202046394348,medium,0,0.60403773188591,0,LOW_RISK,0.0,
BioSpread,UNSEEN::AF639,0.21216821670532227,medium,0,0.6039789617061615,0,LOW_RISK,0.0,
BioSpread,AB285,0.259066104888916,medium,0,0.6032929122447968,0,LOW_RISK,0.0,
BioSpread,UNSEEN::AD405,0.2118576318025589,medium,0,0.6046106219291687,0,LOW_RISK,0.0,
BioSpread,AE740,0.537516713142395,review,0,0.5164098143577576,0,MODERATE_RISK,0.0,
BioSpread,UNSEEN::AC018,0.2118598222732544,medium,0,0.6047157645225525,0,LOW_RISK,0.0,
BioSpread,UNSEEN::AE860,0.21217575669288635,medium,0,0.6039838492870331,0,LOW_RISK,0.0,
BioSpread,AG388,0.5103159546852112,review,0,0.5322914123535156,0,MODERATE_RISK,0.0,
BioSpread,AC898,0.7380298972129822,review,0,0.5665691792964935,0,MODERATE_RISK,0.0,
BioSpread,AD521,0.5714913010597229,review,0,0.5151579082012177,0,MODERATE_RISK,0.0,
BioSpread,UNSEEN::AE287,0.21185678243637085,medium,0,0.6046125292778015,0,LOW_RISK,0.0,
BioSpread,UNSEEN::AG481,0.21223248541355133,medium,0,0.6039065420627594,0,LOW_RISK,0.0,
BioSpread,AB662,0.5229067206382751,review,0,0.5080134868621826,0,MODERATE_RISK,0.0,
BioSpread,AC692,0.6535779237747192,review,0,0.5182628631591797,0,MODERATE_RISK,0.0,
BioSpread,AA764,0.7452422380447388,review,1,0.5630985200405121,0,MODERATE_RISK,0.0,
BioSpread,UNSEEN::AA238,0.21214158833026886,medium,0,0.6040343046188354,0,LOW_RISK,0.0,
BioSpread,AG972,0.5746636986732483,review,0,0.48450201749801636,0,MODERATE_RISK,0.0,
BioSpread,UNSEEN::AG365,0.21230868995189667,medium,0,0.6036950349807739,0,LOW_RISK,0.0,
BioSpread,UNSEEN::AF855,0.21230868995189667,medium,0,0.6036950349807739,0,LOW_RISK,0.0,
BioSpread,UNSEEN::AE271,0.21185272932052612,medium,0,0.6046201288700104,0,LOW_RISK,0.0,
BioSpread,UNSEEN::AG741,0.21216779947280884,medium,0,0.6039798557758331,0,LOW_RISK,0.0,
BioSpread,AG254,0.6935751438140869,review,0,0.5347096025943756,0,MODERATE_RISK,0.0,
BioSpread,UNSEEN::AB496,0.21201317012310028,medium,0,0.6042939126491547,0,LOW_RISK,0.0,
BioSpread,UNSEEN::AC315,0.21008919179439545,medium,0,0.6084599792957306,0,LOW_RISK,0.0,
BioSpread,UNSEEN::AA290,0.21216735243797302,medium,0,0.6039808392524719,0,LOW_RISK,0.0,
BioSpread,AA610,0.6903663277626038,review,0,0.5463173687458038,0,MODERATE_RISK,0.0,
BioSpread,AG082,0.2806140184402466,review,0,0.5838684737682343,0,LOW_RISK,0.0,
BioSpread,AB286,0.309876024723053,review,0,0.5846271812915802,0,LOW_RISK,0.0,
BioSpread,UNSEEN::AG109,0.21199922263622284,medium,0,0.6043269634246826,0,LOW_RISK,0.0,
BioSpread,AD271,0.6395575404167175,review,0,0.5274625420570374,0,MODERATE_RISK,0.0,
BioSpread,AA943,0.6947595477104187,review,0,0.5394783616065979,0,MODERATE_RISK,0.0,
BioSpread,AF384,0.6594938039779663,review,0,0.5353996753692627,0,MODERATE_RISK,0.0,
BioSpread,UNSEEN::AE053,0.2120792716741562,medium,0,0.6042270064353943,0,LOW_RISK,0.0,
BioSpread,UNSEEN::AB964,0.21193209290504456,medium,0,0.6044642925262451,0,LOW_RISK,0.0,
BioSpread,AA779,0.6153689622879028,review,0,0.535314530134201,0,MODERATE_RISK,0.0,
BioSpread,AF502,0.5103430151939392,review,0,0.5322911441326141,0,MODERATE_RISK,0.0,
BioSpread,UNSEEN::AA509,0.2121530920267105,medium,0,0.6040140986442566,0,LOW_RISK,0.0,
BioSpread,AF843,0.26188015937805176,review,0,0.5957404971122742,0,LOW_RISK,0.0,
BioSpread,UNSEEN::AA883,0.21216735243797302,medium,0,0.6039808392524719,0,LOW_RISK,0.0,
BioSpread,UNSEEN::AF110,0.21199969947338104,medium,0,0.6043218672275543,0,LOW_RISK,0.0,
BioSpread,UNSEEN::AE543,0.21182966232299805,medium,0,0.604742705821991,0,LOW_RISK,0.0,
BioSpread,AC556,0.6985263824462891,review,0,0.5249779522418976,0,MODERATE_RISK,0.0,
BioSpread,UNSEEN::AG049,0.211959108710289,medium,0,0.6044914126396179,0,LOW_RISK,0.0,
BioSpread,AC543,0.7403745651245117,review,0,0.5608348250389099,0,MODERATE_RISK,0.0,
BioSpread,AA681,0.36434081196784973,review,0,0.5600742101669312,0,LOW_RISK,0.0,
BioSpread,AC615,0.30611735582351685,medium,0,0.6108167171478271,0,LOW_RISK,0.0,
BioSpread,UNSEEN::AB077,0.2120005488395691,medium,0,0.6043200492858887,0,LOW_RISK,0.0,
BioSpread,AF296,0.2619416117668152,review,0,0.5957074463367462,0,LOW_RISK,0.0,
BioSpread,AC171,0.6920257210731506,review,0,0.5397733747959137,0,MODERATE_RISK,0.0,
BioSpread,UNSEEN::AD605,0.2119131088256836,medium,0,0.6045408546924591,0,LOW_RISK,0.0,
BioSpread,UNSEEN::AF194,0.2117035984992981,medium,0,0.6049806177616119,0,LOW_RISK,0.0,
BioSpread,UNSEEN::AC118,0.21199969947338104,medium,0,0.6043218672275543,0,LOW_RISK,0.0,
BioSpread,UNSEEN::AH097,0.2121669501066208,medium,0,0.6039817333221436,0,LOW_RISK,0.0,
BioSpread,UNSEEN::AG304,0.2121141403913498,medium,0,0.6041747629642487,0,LOW_RISK,0.0,
BioSpread,UNSEEN::AC334,0.21215416491031647,medium,0,0.6040055453777313,0,LOW_RISK,0.0,
BioSpread,UNSEEN::AF928,0.2122199386358261,medium,0,0.603924572467804,0,LOW_RISK,0.0,
BioSpread,UNSEEN::AB225,0.21230827271938324,medium,0,0.6036959290504456,0,LOW_RISK,0.0,
BioSpread,UNSEEN::AA380,0.21187248826026917,medium,0,0.6047152876853943,0,LOW_RISK,0.0,
BioSpread,UNSEEN::AE957,0.21230746805667877,medium,0,0.6036976873874664,0,LOW_RISK,0.0,
BioSpread,AB089,0.6972100734710693,review,0,0.5454630851745605,0,MODERATE_RISK,0.0,
BioSpread,UNSEEN::AC964,0.21201233565807343,medium,0,0.6042957603931427,0,LOW_RISK,0.0,
BioSpread,UNSEEN::AG411,0.21216779947280884,medium,0,0.6039798557758331,0,LOW_RISK,0.0,
BioSpread,UNSEEN::AG240,0.21206988394260406,medium,0,0.604221373796463,0,LOW_RISK,0.0,
BioSpread,AC204,0.7191612720489502,review,0,0.546431839466095,0,MODERATE_RISK,0.0,
BioSpread,AA082,0.6715206503868103,review,0,0.537020355463028,0,MODERATE_RISK,0.0,
BioSpread,UNSEEN::AF328,0.21216821670532227,medium,0,0.6039789617061615,0,LOW_RISK,0.0,
BioSpread,UNSEEN::AC106,0.2121553122997284,medium,0,0.6040057241916656,0,LOW_RISK,0.0,
BioSpread,AE391,0.2619170546531677,review,0,0.5957206189632416,0,LOW_RISK,0.0,
BioSpread,AG653,0.28861626982688904,medium,0,0.6092356145381927,0,LOW_RISK,0.0,
BioSpread,UNSEEN::AE763,0.21199928224086761,medium,0,0.6043228209018707,0,LOW_RISK,0.0,
BioSpread,UNSEEN::AF596,0.21183039247989655,medium,0,0.6046672761440277,0,LOW_RISK,0.0,
BioSpread,AD536,0.6928355693817139,review,0,0.5434259176254272,0,MODERATE_RISK,0.0,
BioSpread,AA289,0.7005868554115295,review,0,0.5469114780426025,0,MODERATE_RISK,0.0,
BioSpread,AG015,0.26188015937805176,review,0,0.5957404971122742,0,LOW_RISK,0.0,
BioSpread,UNSEEN::AH089,0.2121686190366745,medium,0,0.6039780676364899,0,LOW_RISK,0.0,
BioSpread,UNSEEN::AG538,0.21160875260829926,medium,0,0.6051943302154541,0,LOW_RISK,0.0,
BioSpread,UNSEEN::AH264,0.2120136022567749,medium,0,0.6042929589748383,0,LOW_RISK,0.0,
BioSpread,AE101,0.6734248399734497,review,0,0.5303098857402802,0,MODERATE_RISK,0.0,
BioSpread,UNSEEN::AG639,0.21215449273586273,medium,0,0.6040075123310089,0,LOW_RISK,0.0,
BioSpread,UNSEEN::AF117,0.2121553122997284,medium,0,0.6040057241916656,0,LOW_RISK,0.0,
BioSpread,UNSEEN::AD016,0.21214419603347778,medium,0,0.6040005683898926,0,LOW_RISK,0.0,
BioSpread,AB259,0.5227808952331543,review,0,0.508004903793335,0,MODERATE_RISK,0.0,
BioSpread,UNSEEN::AF183,0.2121686190366745,medium,0,0.6039780676364899,0,LOW_RISK,0.0,
BioSpread,AA246,0.3617480993270874,review,0,0.5720562934875488,0,LOW_RISK,0.0,
BioSpread,UNSEEN::AF115,0.21215488016605377,medium,0,0.6040066182613373,0,LOW_RISK,0.0,
BioSpread,UNSEEN::AB246,0.211959108710289,medium,0,0.6044914126396179,0,LOW_RISK,0.0,
BioSpread,UNSEEN::AH201,0.21215449273586273,medium,0,0.6040075123310089,0,LOW_RISK,0.0,
BioSpread,UNSEEN::AF124,0.21230746805667877,medium,0,0.6036976873874664,0,LOW_RISK,0.0,
BioSpread,UNSEEN::AD721,0.21210390329360962,medium,0,0.604166716337204,0,LOW_RISK,0.0,
BioSpread,AF524,0.6791164875030518,review,1,0.5314466655254364,0,MODERATE_RISK,0.0,
BioSpread,UNSEEN::AE933,0.21222761273384094,medium,0,0.6039198935031891,0,LOW_RISK,0.0,
BioSpread,AA997,0.2619416117668152,review,0,0.5957074463367462,0,LOW_RISK,0.0,
BioSpread,UNSEEN::AA714,0.21215488016605377,medium,0,0.6040066182613373,0,LOW_RISK,0.0,
BioSpread,UNSEEN::AA801,0.21180273592472076,medium,0,0.6047248542308807,0,LOW_RISK,0.0,
BioSpread,AE061,0.35295549035072327,review,0,0.5630771219730377,0,LOW_RISK,0.0,
BioSpread,UNSEEN::AB744,0.21161624789237976,medium,0,0.6052790582180023,0,LOW_RISK,0.0,
BioSpread,UNSEEN::AG034,0.2116718739271164,medium,0,0.604991227388382,0,LOW_RISK,0.0,
BioSpread,UNSEEN::AB459,0.21197448670864105,medium,0,0.6043453514575958,0,LOW_RISK,0.0,
BioSpread,UNSEEN::AG335,0.21216735243797302,medium,0,0.6039808392524719,0,LOW_RISK,0.0,
BioSpread,UNSEEN::AF873,0.21216687560081482,medium,0,0.6039814651012421,0,LOW_RISK,0.0,
BioSpread,AC930,0.4981127679347992,review,0,0.5182658135890961,0,LOW_RISK,0.0,
BioSpread,UNSEEN::AC958,0.21193209290504456,medium,0,0.6045394539833069,0,LOW_RISK,0.0,
BioSpread,AD973,0.6836786270141602,review,0,0.540757954120636,0,MODERATE_RISK,0.0,
BioSpread,UNSEEN::AH143,0.21216821670532227,medium,0,0.6039789617061615,0,LOW_RISK,0.0,
BioSpread,AE183,0.5229193568229675,review,0,0.5080142915248871,0,MODERATE_RISK,0.0,
BioSpread,AD250,0.6856181025505066,review,0,0.5437370836734772,0,MODERATE_RISK,0.0,
BioSpread,UNSEEN::AE985,0.21185003221035004,medium,0,0.6046251654624939,0,LOW_RISK,0.0,
BioSpread,UNSEEN::AC544,0.21209222078323364,medium,0,0.6041956841945648,0,LOW_RISK,0.0,
BioSpread,AG642,0.2622493505477905,review,0,0.5955774784088135,0,LOW_RISK,0.0,
BioSpread,UNSEEN::AF916,0.2117490917444229,medium,0,0.6048259437084198,0,LOW_RISK,0.0,
BioSpread,AF816,0.6797890663146973,review,0,0.5318407714366913,0,MODERATE_RISK,0.0,
BioSpread,UNSEEN::AE607,0.21213622391223907,medium,0,0.604078620672226,0,LOW_RISK,0.0,
BioSpread,AC046,0.6427302360534668,review,0,0.5225549638271332,0,MODERATE_RISK,0.0,
BioSpread,UNSEEN::AF566,0.21216821670532227,medium,0,0.6039789617061615,0,LOW_RISK,0.0,
BioSpread,UNSEEN::AF418,0.21211418509483337,medium,0,0.6040914058685303,0,LOW_RISK,0.0,
BioSpread,UNSEEN::AF342,0.2116589993238449,medium,0,0.6050179302692413,0,LOW_RISK,0.0,
BioSpread,UNSEEN::AG600,0.21100719273090363,medium,0,0.6064568758010864,0,LOW_RISK,0.0,
BioSpread,UNSEEN::AD319,0.21180756390094757,medium,0,0.6048448383808136,0,LOW_RISK,0.0,
BioSpread,UNSEEN::AA386,0.21218988299369812,medium,0,0.6039544343948364,0,LOW_RISK,0.0,
BioSpread,UNSEEN::AF925,0.21214115619659424,medium,0,0.6040352284908295,0,LOW_RISK,0.0,
BioSpread,AD272,0.7125356793403625,review,0,0.5445387959480286,0,MODERATE_RISK,0.0,
BioSpread,AD949,0.7012293338775635,review,0,0.5437649786472321,0,MODERATE_RISK,0.0,
BioSpread,AF034,0.6571440100669861,review,1,0.5318417847156525,0,MODERATE_RISK,0.0,
BioSpread,UNSEEN::AH423,0.21190981566905975,medium,0,0.6045646071434021,0,LOW_RISK,0.0,
BioSpread,AG886,0.26196619868278503,review,0,0.5956941843032837,0,LOW_RISK,0.0,
BioSpread,UNSEEN::AE338,0.21216735243797302,medium,0,0.6039808392524719,0,LOW_RISK,0.0,
BioSpread,AF250,0.7010413408279419,review,1,0.5501482784748077,0,MODERATE_RISK,0.0,
BioSpread,UNSEEN::AH318,0.21216821670532227,medium,0,0.6039789617061615,0,LOW_RISK,0.0,
BioSpread,UNSEEN::AE762,0.21131157875061035,medium,0,0.6058245897293091,0,LOW_RISK,0.0,
BioSpread,AE865,0.6663612723350525,review,0,0.525191605091095,0,MODERATE_RISK,0.0,
BioSpread,UNSEEN::AD559,0.2121291309595108,medium,0,0.6040644645690918,0,LOW_RISK,0.0,
BioSpread,UNSEEN::AD184,0.2121553122997284,medium,0,0.6040057241916656,0,LOW_RISK,0.0,
BioSpread,AA974,0.7362263202667236,review,0,0.564526230096817,0,MODERATE_RISK,0.0,
BioSpread,UNSEEN::AA057,0.21136948466300964,medium,0,0.6057384014129639,0,LOW_RISK,0.0,
BioSpread,UNSEEN::AG231,0.21216821670532227,medium,0,0.6039789617061615,0,LOW_RISK,0.0,
BioSpread,UNSEEN::AC529,0.211232990026474,medium,0,0.6059805452823639,0,LOW_RISK,0.0,
BioSpread,UNSEEN::AE683,0.21215446293354034,medium,0,0.6040119230747223,0,LOW_RISK,0.0,
BioSpread,AF960,0.4685298502445221,review,0,0.5298412144184113,0,LOW_RISK,0.0,
BioSpread,UNSEEN::AH466,0.21216735243797302,medium,0,0.6039808392524719,0,LOW_RISK,0.0,
BioSpread,AA771,0.6833164691925049,review,0,0.5333473384380341,0,MODERATE_RISK,0.0,
BioSpread,AE832,0.6505099534988403,review,0,0.5211164057254791,0,MODERATE_RISK,0.0,
BioSpread,AF571,0.7228241562843323,review,1,0.5489612221717834,0,MODERATE_RISK,0.0,
BioSpread,UNSEEN::AF463,0.2121536284685135,medium,0,0.6040093898773193,0,LOW_RISK,0.0,
BioSpread,UNSEEN::AH057,0.21230576932430267,medium,0,0.6037010550498962,0,LOW_RISK,0.0,
BioSpread,UNSEEN::AF480,0.21222089231014252,medium,0,0.6039202213287354,0,LOW_RISK,0.0,
BioSpread,UNSEEN::AC271,0.21212871372699738,medium,0,0.6040610074996948,0,LOW_RISK,0.0,
BioSpread,AC767,0.74117112159729,review,0,0.5622646510601044,0,MODERATE_RISK,0.0,
BioSpread,UNSEEN::AE966,0.211263969540596,medium,0,0.6058951616287231,0,LOW_RISK,0.0,
BioSpread,UNSEEN::AF118,0.21216602623462677,medium,0,0.6039832830429077,0,LOW_RISK,0.0,
BioSpread,UNSEEN::AG553,0.21214033663272858,medium,0,0.6040370166301727,0,LOW_RISK,0.0,
BioSpread,AE408,0.6779916882514954,review,0,0.5365718603134155,0,MODERATE_RISK,0.0,
BioSpread,UNSEEN::AG976,0.21216735243797302,medium,0,0.6039808392524719,0,LOW_RISK,0.0,
BioSpread,UNSEEN::AE495,0.21216735243797302,medium,0,0.6039808392524719,0,LOW_RISK,0.0,
BioSpread,UNSEEN::AD081,0.21214379370212555,medium,0,0.6040014624595642,0,LOW_RISK,0.0,
BioSpread,UNSEEN::AF728,0.21193334460258484,medium,0,0.6044599115848541,0,LOW_RISK,0.0,
BioSpread,UNSEEN::AH344,0.21216779947280884,medium,0,0.6039798557758331,0,LOW_RISK,0.0,
BioSpread,AA783,0.7458627223968506,review,1,0.5702735185623169,0,MODERATE_RISK,0.0,
BioSpread,UNSEEN::AB462,0.21166770160198212,medium,0,0.605065256357193,0,LOW_RISK,0.0,
BioSpread,AF479,0.7083340883255005,review,1,0.5556530356407166,0,MODERATE_RISK,0.0,
BioSpread,UNSEEN::AF997,0.21201403439044952,medium,0,0.6042920649051666,0,LOW_RISK,0.0,
BioSpread,AA256,0.633047342300415,review,0,0.5487761497497559,0,MODERATE_RISK,0.0,
BioSpread,AG186,0.5728238821029663,review,0,0.5155640542507172,0,MODERATE_RISK,0.0,
BioSpread,UNSEEN::AE411,0.21180321276187897,medium,0,0.6047328114509583,0,LOW_RISK,0.0,
BioSpread,AB776,0.6580038070678711,review,0,0.5457877516746521,0,MODERATE_RISK,0.0,
BioSpread,UNSEEN::AH465,0.21216735243797302,medium,0,0.6039808392524719,0,LOW_RISK,0.0,
BioSpread,AG571,0.26314881443977356,review,0,0.5900919735431671,0,LOW_RISK,0.0,
BioSpread,AC479,0.6342883706092834,review,0,0.5305801928043365,0,MODERATE_RISK,0.0,
BioSpread,UNSEEN::AA443,0.2116503119468689,medium,0,0.6051814556121826,0,LOW_RISK,0.0,
BioSpread,AA887,0.745860755443573,review,0,0.5675884783267975,0,MODERATE_RISK,0.0,
BioSpread,UNSEEN::AA744,0.21210132539272308,medium,0,0.6041180789470673,0,LOW_RISK,0.0,
BioSpread,UNSEEN::AD698,0.2181302160024643,review,0,0.5984364151954651,0,LOW_RISK,0.0,
BioSpread,AC431,0.7348259687423706,review,1,0.5608621835708618,0,MODERATE_RISK,0.0,
BioSpread,AF547,0.7068511247634888,review,0,0.5465552508831024,0,MODERATE_RISK,0.0,
BioSpread,UNSEEN::AG182,0.21230827271938324,medium,0,0.6036959290504456,0,LOW_RISK,0.0,
BioSpread,UNSEEN::AD967,0.21215449273586273,medium,0,0.6040075123310089,0,LOW_RISK,0.0,
BioSpread,AE945,0.7092418670654297,review,0,0.5472844243049622,0,MODERATE_RISK,0.0,
BioSpread,AD860,0.5990473031997681,review,0,0.5204900801181793,0,MODERATE_RISK,0.0,
BioSpread,AD186,0.746333658695221,review,0,0.5741951167583466,0,MODERATE_RISK,0.0,
BioSpread,UNSEEN::AH386,0.21214419603347778,medium,0,0.6040005683898926,0,LOW_RISK,0.0,
BioSpread,AC121,0.7426971197128296,review,0,0.5642019808292389,0,MODERATE_RISK,0.0,
BioSpread,UNSEEN::AF757,0.21209222078323364,medium,0,0.6041956841945648,0,LOW_RISK,0.0,
BioSpread,AD685,0.3290177583694458,review,0,0.5697697401046753,0,LOW_RISK,0.0,
BioSpread,UNSEEN::AH407,0.21216779947280884,medium,0,0.6039798557758331,0,LOW_RISK,0.0,
BioSpread,UNSEEN::AF211,0.21230708062648773,medium,0,0.6036985814571381,0,LOW_RISK,0.0,
BioSpread,AF585,0.5628273487091064,review,0,0.5354269444942474,0,MODERATE_RISK,0.0,
BioSpread,UNSEEN::AE633,0.21221081912517548,medium,0,0.6038977205753326,0,LOW_RISK,0.0,
BioSpread,UNSEEN::AG541,0.21202155947685242,medium,0,0.6043653190135956,0,LOW_RISK,0.0,
BioSpread,UNSEEN::AG345,0.21201276779174805,medium,0,0.6042947769165039,0,LOW_RISK,0.0,
BioSpread,UNSEEN::AD490,0.21199969947338104,medium,0,0.6043218672275543,0,LOW_RISK,0.0,
BioSpread,UNSEEN::AF709,0.21098680794239044,medium,0,0.6065850257873535,0,LOW_RISK,0.0,
BioSpread,UNSEEN::AC790,0.21228241920471191,medium,0,0.6037496626377106,0,LOW_RISK,0.0,
BioSpread,UNSEEN::AF832,0.21227988600730896,medium,0,0.6037547886371613,0,LOW_RISK,0.0,
BioSpread,UNSEEN::AB836,0.21144017577171326,medium,0,0.605511486530304,0,LOW_RISK,0.0,
BioSpread,AH322,0.1826460361480713,medium,0,0.6617556214332581,0,LOW_RISK,0.0,
BioSpread,UNSEEN::AF544,0.21230868995189667,medium,0,0.6036950349807739,0,LOW_RISK,0.0,
BioSpread,UNSEEN::AB873,0.2121536284685135,medium,0,0.6040093898773193,0,LOW_RISK,0.0,
BioSpread,AB164,0.6699457764625549,review,0,0.5142962038516998,0,MODERATE_RISK,0.0,
BioSpread,UNSEEN::AC065,0.2121986299753189,medium,0,0.6039605140686035,0,LOW_RISK,0.0,
BioSpread,UNSEEN::AD781,0.21216779947280884,medium,0,0.6039798557758331,0,LOW_RISK,0.0,
BioSpread,AC339,0.6617130041122437,review,0,0.5364125072956085,0,MODERATE_RISK,0.0,
BioSpread,AA832,0.7429273724555969,review,0,0.5659224390983582,0,MODERATE_RISK,0.0,
BioSpread,UNSEEN::AE632,0.21184401214122772,medium,0,0.604638934135437,0,LOW_RISK,0.0,
BioSpread,AD560,0.7141819596290588,review,0,0.5539076328277588,0,MODERATE_RISK,0.0,
BioSpread,UNSEEN::AH506,0.21216779947280884,medium,0,0.6039798557758331,0,LOW_RISK,0.0,
BioSpread,AG151,0.3015880584716797,review,0,0.5876040756702423,0,LOW_RISK,0.0,
BioSpread,AH041,0.6907570958137512,review,0,0.537742406129837,0,MODERATE_RISK,0.0,
BioSpread,UNSEEN::AE573,0.2122592329978943,medium,0,0.6038428544998169,0,LOW_RISK,0.0,
BioSpread,UNSEEN::AA518,0.21190595626831055,medium,0,0.6046029031276703,0,LOW_RISK,0.0,
BioSpread,UNSEEN::AE026,0.21210448443889618,medium,0,0.6041434109210968,0,LOW_RISK,0.0,
BioSpread,UNSEEN::AE995,0.21214419603347778,medium,0,0.6040005683898926,0,LOW_RISK,0.0,
BioSpread,UNSEEN::AG789,0.21216779947280884,medium,0,0.6039798557758331,0,LOW_RISK,0.0,
BioSpread,AD444,0.7263287901878357,review,1,0.5495413243770599,0,MODERATE_RISK,0.0,
BioSpread,AA153,0.7242255210876465,review,0,0.5546111762523651,0,MODERATE_RISK,0.0,
BioSpread,UNSEEN::AE710,0.212246373295784,medium,0,0.6038695275783539,0,LOW_RISK,0.0,
BioSpread,UNSEEN::AB969,0.21166810393333435,medium,0,0.6050422787666321,0,LOW_RISK,0.0,
BioSpread,UNSEEN::AH348,0.21216821670532227,medium,0,0.6039789617061615,0,LOW_RISK,0.0,
BioSpread,UNSEEN::AC358,0.20496787130832672,medium,0,0.6194985806941986,0,LOW_RISK,0.0,
BioSpread,AE866,0.6964768171310425,review,0,0.5419641435146332,0,MODERATE_RISK,0.0,
BioSpread,UNSEEN::AF900,0.21175292134284973,medium,0,0.6048902571201324,0,LOW_RISK,0.0,
BioSpread,UNSEEN::AE454,0.21182946860790253,medium,0,0.6046688556671143,0,LOW_RISK,0.0,
BioSpread,UNSEEN::AA510,0.2121686190366745,medium,0,0.6039780676364899,0,LOW_RISK,0.0,
BioSpread,UNSEEN::AF692,0.21230746805667877,medium,0,0.6036976873874664,0,LOW_RISK,0.0,
BioSpread,UNSEEN::AE502,0.21176250278949738,medium,0,0.6048693954944611,0,LOW_RISK,0.0,
BioSpread,AC022,0.7162971496582031,review,0,0.552831381559372,0,MODERATE_RISK,0.0,
BioSpread,AA664,0.7448499798774719,review,0,0.5666071176528931,0,MODERATE_RISK,0.0,
BioSpread,UNSEEN::AE100,0.21310772001743317,medium,0,0.601952314376831,0,LOW_RISK,0.0,
BioSpread,UNSEEN::AD263,0.2121540606021881,medium,0,0.6040084660053253,0,LOW_RISK,0.0,
BioSpread,UNSEEN::AC858,0.21230746805667877,medium,0,0.6036976873874664,0,LOW_RISK,0.0,
BioSpread,UNSEEN::AE822,0.21154449880123138,medium,0,0.6052757799625397,0,LOW_RISK,0.0,
BioSpread,UNSEEN::AC445,0.21156910061836243,medium,0,0.6053653657436371,0,LOW_RISK,0.0,
BioSpread,AC814,0.6675739288330078,review,0,0.535432755947113,0,MODERATE_RISK,0.0,
BioSpread,UNSEEN::AB837,0.2116994708776474,medium,0,0.6049338579177856,0,LOW_RISK,0.0,
BioSpread,UNSEEN::AD432,0.21197235584259033,medium,0,0.6043832302093506,0,LOW_RISK,0.0,
BioSpread,UNSEEN::AD477,0.2121146023273468,medium,0,0.6040992438793182,0,LOW_RISK,0.0,
BioSpread,UNSEEN::AD047,0.21215449273586273,medium,0,0.6040075123310089,0,LOW_RISK,0.0,
BioSpread,UNSEEN::AD866,0.21216779947280884,medium,0,0.6039798557758331,0,LOW_RISK,0.0,
BioSpread,UNSEEN::AD608,0.21179364621639252,medium,0,0.6048009097576141,0,LOW_RISK,0.0,
BioSpread,AG426,0.6181020736694336,review,0,0.5174529850482941,0,MODERATE_RISK,0.0,
BioSpread,AA123,0.7282119989395142,review,1,0.5544391572475433,0,MODERATE_RISK,0.0,
BioSpread,AD558,0.7035642862319946,review,0,0.5496757328510284,0,MODERATE_RISK,0.0,
BioSpread,AE259,0.6820670366287231,review,0,0.5439864993095398,0,MODERATE_RISK,0.0,
BioSpread,UNSEEN::AD128,0.2130821943283081,medium,0,0.6020045578479767,0,LOW_RISK,0.0,
BioSpread,UNSEEN::AB355,0.21170870959758759,medium,0,0.605009913444519,0,LOW_RISK,0.0,
BioSpread,UNSEEN::AD954,0.2120005488395691,medium,0,0.6043200492858887,0,LOW_RISK,0.0,
BioSpread,UNSEEN::AG237,0.21216779947280884,medium,0,0.6039798557758331,0,LOW_RISK,0.0,
BioSpread,UNSEEN::AB688,0.2112734168767929,medium,0,0.605882316827774,0,LOW_RISK,0.0,
BioSpread,UNSEEN::AD321,0.21214158833026886,medium,0,0.6040343046188354,0,LOW_RISK,0.0,
BioSpread,UNSEEN::AA745,0.2120615541934967,medium,0,0.604200929403305,0,LOW_RISK,0.0,
BioSpread,AF907,0.32843834161758423,review,0,0.569795161485672,0,LOW_RISK,0.0,
BioSpread,AC260,0.7444010972976685,review,0,0.5660006701946259,0,MODERATE_RISK,0.0,
BioSpread,UNSEEN::AF022,0.21216735243797302,medium,0,0.6039808392524719,0,LOW_RISK,0.0,
BioSpread,AB357,0.632088840007782,review,0,0.5328232049942017,0,MODERATE_RISK,0.0,
BioSpread,UNSEEN::AD360,0.21230868995189667,medium,0,0.6036950349807739,0,LOW_RISK,0.0,
BioSpread,AD325,0.5714722871780396,review,0,0.5151548087596893,0,MODERATE_RISK,0.0,
BioSpread,UNSEEN::AC770,0.21229515969753265,medium,0,0.6037232279777527,0,LOW_RISK,0.0,
BioSpread,UNSEEN::AD517,0.2121686190366745,medium,0,0.6039780676364899,0,LOW_RISK,0.0,
BioSpread,UNSEEN::AE324,0.21170203387737274,medium,0,0.6050302982330322,0,LOW_RISK,0.0,
BioSpread,AF708,0.5229193568229675,review,0,0.5080142915248871,0,MODERATE_RISK,0.0,
BioSpread,AF498,0.1852305382490158,medium,0,0.6536003053188324,0,LOW_RISK,0.0,
BioSpread,AG205,0.6395100951194763,review,0,0.5274462401866913,0,MODERATE_RISK,0.0,
BioSpread,UNSEEN::AE428,0.2121053785085678,medium,0,0.6041557788848877,0,LOW_RISK,0.0,
BioSpread,UNSEEN::AB066,0.21164976060390472,medium,0,0.6051020920276642,0,LOW_RISK,0.0,
BioSpread,UNSEEN::AG062,0.21183665096759796,medium,0,0.6047340333461761,0,LOW_RISK,0.0,
BioSpread,UNSEEN::AE908,0.21214932203292847,medium,0,0.604105532169342,0,LOW_RISK,0.0,
BioSpread,AG888,0.6269423961639404,review,0,0.5197468996047974,0,MODERATE_RISK,0.0,
BioSpread,UNSEEN::AF439,0.21216779947280884,medium,0,0.6039798557758331,0,LOW_RISK,0.0,
BioSpread,UNSEEN::AH360,0.21230746805667877,medium,0,0.6036976873874664,0,LOW_RISK,0.0,
BioSpread,UNSEEN::AC520,0.2121669501066208,medium,0,0.6039817333221436,0,LOW_RISK,0.0,
BioSpread,AD716,0.7439398169517517,review,0,0.5702688694000244,0,MODERATE_RISK,0.0,
BioSpread,UNSEEN::AG887,0.21200764179229736,medium,0,0.6043344736099243,0,LOW_RISK,0.0,
BioSpread,UNSEEN::AF866,0.21230827271938324,medium,0,0.6036959290504456,0,LOW_RISK,0.0,
BioSpread,AG511,0.651626467704773,review,0,0.5296844244003296,0,MODERATE_RISK,0.0,
BioSpread,UNSEEN::AB137,0.21217608451843262,medium,0,0.6040497720241547,0,LOW_RISK,0.0,
BioSpread,UNSEEN::AF595,0.21203456819057465,medium,0,0.6042784750461578,0,LOW_RISK,0.0,
BioSpread,AE283,0.737742006778717,review,0,0.5721730589866638,0,MODERATE_RISK,0.0,
BioSpread,UNSEEN::AC253,0.21215488016605377,medium,0,0.6040066182613373,0,LOW_RISK,0.0,
BioSpread,AG296,0.32777878642082214,review,0,0.5701116323471069,0,LOW_RISK,0.0,
BioSpread,AF684,0.7401399612426758,review,0,0.5656189322471619,0,MODERATE_RISK,0.0,
BioSpread,AA756,0.7161059379577637,review,1,0.5464048683643341,0,MODERATE_RISK,0.0,
BioSpread,UNSEEN::AC875,0.2121686190366745,medium,0,0.6039780676364899,0,LOW_RISK,0.0,
BioSpread,AA791,0.741204023361206,review,0,0.5673849582672119,0,MODERATE_RISK,0.0,
BioSpread,AD667,0.6905561089515686,review,0,0.5437109470367432,0,MODERATE_RISK,0.0,
BioSpread,UNSEEN::AG148,0.21199928224086761,medium,0,0.6043228209018707,0,LOW_RISK,0.0,
BioSpread,UNSEEN::AA532,0.21177534759044647,medium,0,0.6048688590526581,0,LOW_RISK,0.0,
BioSpread,UNSEEN::AE177,0.2121056318283081,medium,0,0.6041633188724518,0,LOW_RISK,0.0,
BioSpread,AE065,0.3278370201587677,review,0,0.5699546933174133,0,LOW_RISK,0.0,
BioSpread,UNSEEN::AF705,0.21215449273586273,medium,0,0.6040075123310089,0,LOW_RISK,0.0,
BioSpread,UNSEEN::AG781,0.21138469874858856,medium,0,0.6056403815746307,0,LOW_RISK,0.0,
BioSpread,UNSEEN::AF394,0.2122400999069214,medium,0,0.6038376092910767,0,LOW_RISK,0.0,
BioSpread,UNSEEN::AD629,0.21161161363124847,medium,0,0.6052031815052032,0,LOW_RISK,0.0,
BioSpread,UNSEEN::AD914,0.2121446430683136,medium,0,0.6039995849132538,0,LOW_RISK,0.0,
BioSpread,UNSEEN::AG949,0.21216779947280884,medium,0,0.6039798557758331,0,LOW_RISK,0.0,
BioSpread,UNSEEN::AD547,0.21176773309707642,medium,0,0.604815810918808,0,LOW_RISK,0.0,
BioSpread,UNSEEN::AH338,0.2121686190366745,medium,0,0.6039780676364899,0,LOW_RISK,0.0,
BioSpread,AB870,0.5235220193862915,review,0,0.5081482827663422,0,MODERATE_RISK,0.0,
BioSpread,UNSEEN::AE563,0.21216735243797302,medium,0,0.6039808392524719,0,LOW_RISK,0.0,
BioSpread,AF353,0.6074072122573853,review,0,0.5056723356246948,0,MODERATE_RISK,0.0,
BioSpread,AD757,0.7121870517730713,review,0,0.5404961705207825,0,MODERATE_RISK,0.0,
BioSpread,UNSEEN::AF477,0.2131204456090927,medium,0,0.6019262671470642,0,LOW_RISK,0.0,
BioSpread,AC503,0.7405219674110413,review,0,0.566938191652298,0,MODERATE_RISK,0.0,
BioSpread,AC915,0.6985679268836975,review,0,0.5513056516647339,0,MODERATE_RISK,0.0,
BioSpread,UNSEEN::AD268,0.21216735243797302,medium,0,0.6039808392524719,0,LOW_RISK,0.0,
BioSpread,AG632,0.744031548500061,review,0,0.5680425763130188,0,MODERATE_RISK,0.0,
BioSpread,AC610,0.6395053863525391,review,0,0.5274445414543152,0,MODERATE_RISK,0.0,
BioSpread,UNSEEN::AG630,0.21216821670532227,medium,0,0.6039789617061615,0,LOW_RISK,0.0,
BioSpread,AC467,0.7108268737792969,review,0,0.5498087108135223,0,MODERATE_RISK,0.0,
BioSpread,UNSEEN::AB228,0.2113136351108551,medium,0,0.6057755947113037,0,LOW_RISK,0.0,
BioSpread,UNSEEN::AH488,0.21230708062648773,medium,0,0.6036985814571381,0,LOW_RISK,0.0,
BioSpread,UNSEEN::AB347,0.21180804073810577,medium,0,0.6048567295074463,0,LOW_RISK,0.0,
BioSpread,AD637,0.19908729195594788,medium,0,0.6280171573162079,0,LOW_RISK,0.0,
BioSpread,UNSEEN::AE273,0.21216779947280884,medium,0,0.6039798557758331,0,LOW_RISK,0.0,
BioSpread,UNSEEN::AC251,0.21206988394260406,medium,0,0.604221373796463,0,LOW_RISK,0.0,
BioSpread,AC120,0.7462297677993774,review,1,0.5679200291633606,0,MODERATE_RISK,0.0,
BioSpread,UNSEEN::AG900,0.21230708062648773,medium,0,0.6036985814571381,0,LOW_RISK,0.0,
BioSpread,AE821,0.7453691363334656,review,1,0.5659683346748352,0,MODERATE_RISK,0.0,
BioSpread,UNSEEN::AC376,0.21216821670532227,medium,0,0.6039789617061615,0,LOW_RISK,0.0,
BioSpread,AF635,0.5816299319267273,review,0,0.5373983085155487,0,MODERATE_RISK,0.0,
BioSpread,UNSEEN::AE375,0.21195010840892792,medium,0,0.6044807136058807,0,LOW_RISK,0.0,
BioSpread,UNSEEN::AC989,0.21216735243797302,medium,0,0.6039808392524719,0,LOW_RISK,0.0,
BioSpread,UNSEEN::AF367,0.21230746805667877,medium,0,0.6036976873874664,0,LOW_RISK,0.0,
BioSpread,UNSEEN::AB087,0.21199969947338104,medium,0,0.6043218672275543,0,LOW_RISK,0.0,
BioSpread,AE893,0.7344777584075928,review,0,0.5568948090076447,0,MODERATE_RISK,0.0,
BioSpread,UNSEEN::AD414,0.21151787042617798,medium,0,0.6054328680038452,0,LOW_RISK,0.0,
BioSpread,UNSEEN::AA482,0.21199969947338104,medium,0,0.6043218672275543,0,LOW_RISK,0.0,
BioSpread,UNSEEN::AF222,0.21216821670532227,medium,0,0.6039789617061615,0,LOW_RISK,0.0,
BioSpread,AB759,0.7112560868263245,review,0,0.5528282821178436,0,MODERATE_RISK,0.0,
BioSpread,AF425,0.7059797048568726,review,0,0.5513015389442444,0,MODERATE_RISK,0.0,
BioSpread,AA413,0.2055235505104065,medium,0,0.6278568208217621,0,LOW_RISK,0.0,
BioSpread,UNSEEN::AH292,0.21229515969753265,medium,0,0.6037232279777527,0,LOW_RISK,0.0,
BioSpread,UNSEEN::AC227,0.21229557693004608,medium,0,0.603722333908081,0,LOW_RISK,0.0,
BioSpread,AG004,0.3282822072505951,review,0,0.5697512626647949,0,LOW_RISK,0.0,
BioSpread,UNSEEN::AG806,0.21197625994682312,medium,0,0.6043419241905212,0,LOW_RISK,0.0,
BioSpread,AF109,0.2619416117668152,review,0,0.5957074463367462,0,LOW_RISK,0.0,
BioSpread,UNSEEN::AC393,0.2121686190366745,medium,0,0.6039780676364899,0,LOW_RISK,0.0,
BioSpread,UNSEEN::AB079,0.21219579875469208,medium,0,0.6039578318595886,0,LOW_RISK,0.0,
BioSpread,UNSEEN::AG665,0.2119297832250595,medium,0,0.6045216619968414,0,LOW_RISK,0.0,
BioSpread,UNSEEN::AC721,0.212307870388031,medium,0,0.6036968231201172,0,LOW_RISK,0.0,
BioSpread,AF079,0.3395870327949524,review,0,0.5666767954826355,0,LOW_RISK,0.0,
BioSpread,UNSEEN::AB157,0.21192266047000885,medium,0,0.6045657992362976,0,LOW_RISK,0.0,
BioSpread,UNSEEN::AG218,0.21197323501110077,medium,0,0.6043857634067535,0,LOW_RISK,0.0,
BioSpread,UNSEEN::AC200,0.21193501353263855,medium,0,0.6044277548789978,0,LOW_RISK,0.0,
BioSpread,UNSEEN::AG184,0.21139992773532867,medium,0,0.6057014763355255,0,LOW_RISK,0.0,
BioSpread,UNSEEN::AB915,0.21164493262767792,medium,0,0.6051615178585052,0,LOW_RISK,0.0,
BioSpread,UNSEEN::AF032,0.21215569972991943,medium,0,0.6040092408657074,0,LOW_RISK,0.0,
BioSpread,AC111,0.6614478826522827,review,1,0.5455074608325958,0,MODERATE_RISK,0.0,
BioSpread,UNSEEN::AD023,0.2121308594942093,medium,0,0.6040282249450684,0,LOW_RISK,0.0,
BioSpread,AH174,0.5645156502723694,review,0,0.5081811547279358,0,MODERATE_RISK,0.0,
BioSpread,UNSEEN::AG219,0.21215488016605377,medium,0,0.6040066182613373,0,LOW_RISK,0.0,
BioSpread,UNSEEN::AD676,0.21201983094215393,medium,0,0.6043480336666107,0,LOW_RISK,0.0,
BioSpread,UNSEEN::AB533,0.2119189202785492,medium,0,0.6045448482036591,0,LOW_RISK,0.0,
BioSpread,UNSEEN::AC786,0.21173714101314545,medium,0,0.6048794090747833,0,LOW_RISK,0.0,
BioSpread,UNSEEN::AD788,0.21216779947280884,medium,0,0.6039798557758331,0,LOW_RISK,0.0,
BioSpread,UNSEEN::AE650,0.2121669501066208,medium,0,0.6039817333221436,0,LOW_RISK,0.0,
BioSpread,AA201,0.721360981464386,review,1,0.5510643422603607,0,MODERATE_RISK,0.0,
BioSpread,UNSEEN::AH172,0.2121553122997284,medium,0,0.6040057241916656,0,LOW_RISK,0.0,
BioSpread,UNSEEN::AH210,0.21216779947280884,medium,0,0.6039798557758331,0,LOW_RISK,0.0,
BioSpread,UNSEEN::AH102,0.21198537945747375,medium,0,0.6043517887592316,0,LOW_RISK,0.0,
BioSpread,UNSEEN::AF818,0.21216821670532227,medium,0,0.6039789617061615,0,LOW_RISK,0.0,
BioSpread,AD391,0.26314881443977356,review,0,0.5900919735431671,0,LOW_RISK,0.0,
BioSpread,AA150,0.7311416268348694,review,0,0.5594281554222107,0,MODERATE_RISK,0.0,
BioSpread,AA147,0.7504599094390869,review,0,0.5774487257003784,0,MODERATE_RISK,0.0,
BioSpread,AB656,0.6324536204338074,review,0,0.5187843441963196,0,MODERATE_RISK,0.0,
BioSpread,AC854,0.5934010744094849,review,0,0.5140348374843597,0,MODERATE_RISK,0.0,
BioSpread,AC924,0.7084802985191345,review,0,0.5472991764545441,0,MODERATE_RISK,0.0,
BioSpread,AB183,0.7458149790763855,review,0,0.5649640262126923,0,MODERATE_RISK,0.0,
BioSpread,UNSEEN::AE722,0.21216779947280884,medium,0,0.6039798557758331,0,LOW_RISK,0.0,
BioSpread,AG339,0.6974104642868042,review,0,0.5506981313228607,0,MODERATE_RISK,0.0,
BioSpread,UNSEEN::AA232,0.212307870388031,medium,0,0.6036968231201172,0,LOW_RISK,0.0,
BioSpread,AE737,0.5233089327812195,review,0,0.5080873668193817,0,MODERATE_RISK,0.0,
BioSpread,UNSEEN::AD093,0.2119813710451126,medium,0,0.6043592691421509,0,LOW_RISK,0.0,
BioSpread,UNSEEN::AD620,0.21197320520877838,medium,0,0.6043769419193268,0,LOW_RISK,0.0,
BioSpread,UNSEEN::AF879,0.2120533287525177,medium,0,0.6042810082435608,0,LOW_RISK,0.0,
BioSpread,UNSEEN::AA128,0.21105562150478363,medium,0,0.6064794659614563,0,LOW_RISK,0.0,
BioSpread,UNSEEN::AB453,0.21216821670532227,medium,0,0.6039789617061615,0,LOW_RISK,0.0,
BioSpread,UNSEEN::AA775,0.21095463633537292,medium,0,0.6065512001514435,0,LOW_RISK,0.0,
BioSpread,UNSEEN::AA654,0.21203896403312683,medium,0,0.6043922901153564,0,LOW_RISK,0.0,
BioSpread,AA736,0.742152750492096,review,1,0.5657651126384735,0,MODERATE_RISK,0.0,
BioSpread,UNSEEN::AE240,0.21201317012310028,medium,0,0.6042939126491547,0,LOW_RISK,0.0,
BioSpread,UNSEEN::AD727,0.21201276779174805,medium,0,0.6042947769165039,0,LOW_RISK,0.0,
BioSpread,UNSEEN::AB268,0.2119433730840683,medium,0,0.6044933497905731,0,LOW_RISK,0.0,
BioSpread,UNSEEN::AB274,0.21211062371730804,medium,0,0.6041079163551331,0,LOW_RISK,0.0,
BioSpread,UNSEEN::AD847,0.21216818690299988,medium,0,0.6039833724498749,0,LOW_RISK,0.0,
BioSpread,UNSEEN::AE225,0.2120702862739563,medium,0,0.604220449924469,0,LOW_RISK,0.0,
BioSpread,AA211,0.6770047545433044,review,0,0.5296338498592377,0,MODERATE_RISK,0.0,
BioSpread,UNSEEN::AE253,0.21164780855178833,medium,0,0.6050881147384644,0,LOW_RISK,0.0,
BioSpread,UNSEEN::AH355,0.21216779947280884,medium,0,0.6039798557758331,0,LOW_RISK,0.0,
BioSpread,UNSEEN::AB276,0.21220147609710693,medium,0,0.6039636135101318,0,LOW_RISK,0.0,
BioSpread,UNSEEN::AD971,0.2121686190366745,medium,0,0.6039780676364899,0,LOW_RISK,0.0,
BioSpread,UNSEEN::AF160,0.2120136022567749,medium,0,0.6042929589748383,0,LOW_RISK,0.0,
BioSpread,UNSEEN::AB823,0.21216821670532227,medium,0,0.6039789617061615,0,LOW_RISK,0.0,
BioSpread,UNSEEN::AB974,0.21216821670532227,medium,0,0.6039789617061615,0,LOW_RISK,0.0,
BioSpread,UNSEEN::AD990,0.21214033663272858,medium,0,0.6040370166301727,0,LOW_RISK,0.0,
BioSpread,AD616,0.4724690020084381,review,0,0.501197338104248,0,LOW_RISK,0.0,
BioSpread,AC066,0.6898443698883057,review,0,0.5421032011508942,0,MODERATE_RISK,0.0,
BioSpread,AD353,0.7406717538833618,review,0,0.5632529854774475,0,MODERATE_RISK,0.0,
BioSpread,UNSEEN::AG405,0.2121407389640808,medium,0,0.6040405035018921,0,LOW_RISK,0.0,
BioSpread,AE753,0.5659751296043396,review,0,0.5358297228813171,0,MODERATE_RISK,0.0,
BioSpread,AC951,0.7067720293998718,review,1,0.5524142980575562,0,MODERATE_RISK,0.0,
BioSpread,AD942,0.6578890681266785,review,0,0.5378243029117584,0,MODERATE_RISK,0.0,
BioSpread,AB267,0.7453519701957703,review,1,0.5677290260791779,0,MODERATE_RISK,0.0,
BioSpread,AG462,0.18899351358413696,medium,0,0.6509783267974854,0,LOW_RISK,0.0,
BioSpread,UNSEEN::AB386,0.21215449273586273,medium,0,0.6040075123310089,0,LOW_RISK,0.0,
BioSpread,UNSEEN::AF325,0.2119949609041214,medium,0,0.6044252216815948,0,LOW_RISK,0.0,
BioSpread,AF455,0.5366412997245789,review,0,0.5165679454803467,0,MODERATE_RISK,0.0,
BioSpread,UNSEEN::AB179,0.21201317012310028,medium,0,0.6042939126491547,0,LOW_RISK,0.0,
BioSpread,AC232,0.6900554299354553,review,0,0.5433742702007294,0,MODERATE_RISK,0.0,
BioSpread,UNSEEN::AA077,0.21230576932430267,medium,0,0.6037010550498962,0,LOW_RISK,0.0,
BioSpread,UNSEEN::AD462,0.21216779947280884,medium,0,0.6039798557758331,0,LOW_RISK,0.0,
BioSpread,UNSEEN::AD386,0.21216779947280884,medium,0,0.6039798557758331,0,LOW_RISK,0.0,
BioSpread,AE862,0.7234826683998108,review,0,0.5554443001747131,0,MODERATE_RISK,0.0,
BioSpread,UNSEEN::AC013,0.21201403439044952,medium,0,0.6042920649051666,0,LOW_RISK,0.0,
BioSpread,AB528,0.7482726573944092,review,1,0.5760897994041443,0,MODERATE_RISK,0.0,
BioSpread,AE686,0.7006350755691528,review,0,0.5327348709106445,0,MODERATE_RISK,0.0,
BioSpread,AF454,0.7293879985809326,review,1,0.5564243495464325,0,MODERATE_RISK,0.0,
BioSpread,AE108,0.7439746260643005,review,0,0.562320202589035,0,MODERATE_RISK,0.0,
BioSpread,UNSEEN::AE925,0.2121456265449524,medium,0,0.6040239632129669,0,LOW_RISK,0.0,
BioSpread,UNSEEN::AB880,0.21178020536899567,medium,0,0.6049103736877441,0,LOW_RISK,0.0,
BioSpread,AE872,0.5108166337013245,review,0,0.5323240458965302,0,MODERATE_RISK,0.0,
BioSpread,AA448,0.7483693361282349,review,0,0.5680270195007324,0,MODERATE_RISK,0.0,
BioSpread,AB232,0.7448567748069763,review,0,0.5667727887630463,0,MODERATE_RISK,0.0,
BioSpread,UNSEEN::AG611,0.2120211124420166,medium,0,0.6043063998222351,0,LOW_RISK,0.0,
BioSpread,AA229,0.6922065019607544,review,0,0.5338715314865112,0,MODERATE_RISK,0.0,
BioSpread,AG596,0.7424779534339905,review,0,0.5653281211853027,0,MODERATE_RISK,0.0,
BioSpread,UNSEEN::AA761,0.21193727850914001,medium,0,0.6044204831123352,0,LOW_RISK,0.0,
BioSpread,AD612,0.36094340682029724,review,0,0.5719081461429596,0,LOW_RISK,0.0,
BioSpread,UNSEEN::AA812,0.21139274537563324,medium,0,0.6056896150112152,0,LOW_RISK,0.0,
BioSpread,UNSEEN::AD273,0.21184444427490234,medium,0,0.604638010263443,0,LOW_RISK,0.0,
BioSpread,UNSEEN::AF974,0.21211755275726318,medium,0,0.6040558815002441,0,LOW_RISK,0.0,
BioSpread,AB645,0.7408999800682068,review,0,0.566504031419754,0,MODERATE_RISK,0.0,
BioSpread,AF019,0.6697465181350708,review,0,0.5363593399524689,0,MODERATE_RISK,0.0,
BioSpread,AD293,0.7281068563461304,review,0,0.5575756132602692,0,MODERATE_RISK,0.0,
BioSpread,UNSEEN::AG083,0.21223290264606476,medium,0,0.6039099991321564,0,LOW_RISK,0.0,
BioSpread,UNSEEN::AF234,0.21216602623462677,medium,0,0.6039832830429077,0,LOW_RISK,0.0,
BioSpread,AB516,0.639552891254425,review,0,0.5274608135223389,0,MODERATE_RISK,0.0,
BioSpread,UNSEEN::AH171,0.2121647298336029,medium,0,0.6039857566356659,0,LOW_RISK,0.0,
BioSpread,AA006,0.7197892665863037,review,0,0.5505377054214478,0,MODERATE_RISK,0.0,
BioSpread,AE693,0.26196619868278503,review,0,0.5956941843032837,0,LOW_RISK,0.0,
BioSpread,AC587,0.7238616347312927,review,1,0.5596825182437897,0,MODERATE_RISK,0.0,
BioSpread,UNSEEN::AB478,0.21201403439044952,medium,0,0.6042920649051666,0,LOW_RISK,0.0,
BioSpread,UNSEEN::AB391,0.2118404358625412,medium,0,0.6047578752040863,0,LOW_RISK,0.0,
BioSpread,AH014,0.4981595575809479,review,0,0.533787339925766,0,LOW_RISK,0.0,
BioSpread,UNSEEN::AC353,0.21214115619659424,medium,0,0.6040352284908295,0,LOW_RISK,0.0,
BioSpread,UNSEEN::AG708,0.21218816936016083,medium,0,0.6039578020572662,0,LOW_RISK,0.0,
BioSpread,UNSEEN::AB393,0.21183480322360992,medium,0,0.604791671037674,0,LOW_RISK,0.0,
BioSpread,AC682,0.5789729952812195,review,0,0.5167536437511444,0,MODERATE_RISK,0.0,
BioSpread,UNSEEN::AB305,0.21183925867080688,medium,0,0.6047595143318176,0,LOW_RISK,0.0,
BioSpread,AG206,0.6336692571640015,review,0,0.5320998728275299,0,MODERATE_RISK,0.0,
BioSpread,AB592,0.7427729964256287,review,0,0.5650269687175751,0,MODERATE_RISK,0.0,
BioSpread,UNSEEN::AH378,0.21216821670532227,medium,0,0.6039789617061615,0,LOW_RISK,0.0,
BioSpread,UNSEEN::AA278,0.21218906342983246,medium,0,0.6039562225341797,0,LOW_RISK,0.0,
BioSpread,AG269,0.26188015937805176,review,0,0.5957404971122742,0,LOW_RISK,0.0,
BioSpread,AC766,0.7402582168579102,review,0,0.5592160522937775,0,MODERATE_RISK,0.0,
BioSpread,UNSEEN::AF845,0.21184976398944855,medium,0,0.604768306016922,0,LOW_RISK,0.0,
BioSpread,UNSEEN::AC847,0.21151822805404663,medium,0,0.6054413914680481,0,LOW_RISK,0.0,
BioSpread,UNSEEN::AD934,0.21230827271938324,medium,0,0.6036959290504456,0,LOW_RISK,0.0,
BioSpread,UNSEEN::AB504,0.21216779947280884,medium,0,0.6039798557758331,0,LOW_RISK,0.0,
BioSpread,AD595,0.6076387763023376,review,0,0.5240300893783569,0,MODERATE_RISK,0.0,
BioSpread,UNSEEN::AG898,0.21216735243797302,medium,0,0.6039808392524719,0,LOW_RISK,0.0,
BioSpread,UNSEEN::AF445,0.2121669501066208,medium,0,0.6039817333221436,0,LOW_RISK,0.0,
BioSpread,AG518,0.5600972175598145,review,0,0.5051644742488861,0,MODERATE_RISK,0.0,
BioSpread,AC553,0.7000377774238586,review,0,0.526481956243515,0,MODERATE_RISK,0.0,
BioSpread,UNSEEN::AC602,0.21209178864955902,medium,0,0.6041921973228455,0,LOW_RISK,0.0,
BioSpread,AA390,0.22048169374465942,medium,0,0.6197210252285004,0,LOW_RISK,0.0,
BioSpread,UNSEEN::AC702,0.21201276779174805,medium,0,0.6042947769165039,0,LOW_RISK,0.0,
BioSpread,UNSEEN::AH406,0.2131204456090927,medium,0,0.6019262671470642,0,LOW_RISK,0.0,
BioSpread,UNSEEN::AB348,0.21172161400318146,medium,0,0.6049089431762695,0,LOW_RISK,0.0,
BioSpread,UNSEEN::AF172,0.2121446430683136,medium,0,0.6039995849132538,0,LOW_RISK,0.0,
BioSpread,UNSEEN::AB129,0.2119656354188919,medium,0,0.6044554710388184,0,LOW_RISK,0.0,
BioSpread,AD709,0.6895154714584351,review,0,0.5394398272037506,0,MODERATE_RISK,0.0,
BioSpread,UNSEEN::AB452,0.21203461289405823,medium,0,0.6042701005935669,0,LOW_RISK,0.0,
BioSpread,UNSEEN::AB703,0.21206988394260406,medium,0,0.604221373796463,0,LOW_RISK,0.0,
BioSpread,AD154,0.3278392255306244,review,0,0.5699529945850372,0,LOW_RISK,0.0,
BioSpread,AC843,0.26231494545936584,review,0,0.5955431461334229,0,LOW_RISK,0.0,
BioSpread,AA190,0.7454314827919006,review,0,0.5647599995136261,0,MODERATE_RISK,0.0,
BioSpread,UNSEEN::AG701,0.21197625994682312,medium,0,0.6043419241905212,0,LOW_RISK,0.0,
BioSpread,AD773,0.6238203048706055,review,0,0.5232997834682465,0,MODERATE_RISK,0.0,
BioSpread,UNSEEN::AF625,0.21216821670532227,medium,0,0.6039789617061615,0,LOW_RISK,0.0,
BioSpread,UNSEEN::AG982,0.2119450569152832,medium,0,0.6044356524944305,0,LOW_RISK,0.0,
BioSpread,AB921,0.7448052167892456,review,0,0.5655300319194794,0,MODERATE_RISK,0.0,
BioSpread,UNSEEN::AF807,0.21201276779174805,medium,0,0.6042947769165039,0,LOW_RISK,0.0,
BioSpread,UNSEEN::AF619,0.21216779947280884,medium,0,0.6039798557758331,0,LOW_RISK,0.0,
BioSpread,UNSEEN::AA670,0.21028432250022888,medium,0,0.6080870628356934,0,LOW_RISK,0.0,
BioSpread,AB427,0.6838687062263489,review,0,0.5256487429141998,0,MODERATE_RISK,0.0,
BioSpread,UNSEEN::AA028,0.2118910253047943,medium,0,0.6046015918254852,0,LOW_RISK,0.0,
BioSpread,UNSEEN::AC778,0.2121308594942093,medium,0,0.6040282249450684,0,LOW_RISK,0.0,
BioSpread,AB889,0.7440885305404663,review,0,0.5655991435050964,0,MODERATE_RISK,0.0,
BioSpread,AC173,0.738914966583252,review,0,0.5629379153251648,0,MODERATE_RISK,0.0,
BioSpread,AG573,0.6579381823539734,review,0,0.5197072923183441,0,MODERATE_RISK,0.0,
BioSpread,UNSEEN::AG238,0.21191944181919098,medium,0,0.6045409739017487,0,LOW_RISK,0.0,
BioSpread,UNSEEN::AG216,0.21209509670734406,medium,0,0.6041296124458313,0,LOW_RISK,0.0,
BioSpread,AC415,0.6857025027275085,review,0,0.5436635315418243,0,MODERATE_RISK,0.0,
BioSpread,UNSEEN::AD562,0.21230708062648773,medium,0,0.6036985814571381,0,LOW_RISK,0.0,
BioSpread,AD216,0.7116694450378418,review,1,0.5500895082950592,0,MODERATE_RISK,0.0,
BioSpread,AA904,0.6763650178909302,review,0,0.5256879031658173,0,MODERATE_RISK,0.0,
BioSpread,AB250,0.2618924677371979,review,0,0.5957338511943817,0,LOW_RISK,0.0,
BioSpread,UNSEEN::AF294,0.21236295998096466,medium,0,0.6036185026168823,0,LOW_RISK,0.0,
BioSpread,AC921,0.61899334192276,review,0,0.5072272717952728,0,MODERATE_RISK,0.0,
BioSpread,AG022,0.26196619868278503,review,0,0.5956941843032837,0,LOW_RISK,0.0,
BioSpread,AB051,0.7099589705467224,review,0,0.5435746312141418,0,MODERATE_RISK,0.0,
BioSpread,AE441,0.6833121180534363,review,0,0.5346307754516602,0,MODERATE_RISK,0.0,
BioSpread,AA296,0.18257489800453186,medium,0,0.6626072824001312,0,LOW_RISK,0.0,
BioSpread,AA035,0.7453389763832092,review,1,0.5678197741508484,0,MODERATE_RISK,0.0,
BioSpread,AG035,0.640057384967804,review,0,0.5286695063114166,0,MODERATE_RISK,0.0,
BioSpread,AE539,0.7248610258102417,review,0,0.5616038739681244,0,MODERATE_RISK,0.0,
BioSpread,UNSEEN::AE863,0.21216735243797302,medium,0,0.6039808392524719,0,LOW_RISK,0.0,
BioSpread,UNSEEN::AE600,0.21185719966888428,medium,0,0.6046115458011627,0,LOW_RISK,0.0,
BioSpread,AG492,0.686439037322998,review,0,0.5440478920936584,0,MODERATE_RISK,0.0,
BioSpread,AA951,0.7254413366317749,review,0,0.556840717792511,0,MODERATE_RISK,0.0,
BioSpread,UNSEEN::AD340,0.21210522949695587,medium,0,0.6041642129421234,0,LOW_RISK,0.0,
BioSpread,AA326,0.7450594305992126,review,0,0.5643491744995117,0,MODERATE_RISK,0.0,
BioSpread,UNSEEN::AE882,0.2121034413576126,medium,0,0.6041310131549835,0,LOW_RISK,0.0,
BioSpread,UNSEEN::AE215,0.21180316805839539,medium,0,0.6047239303588867,0,LOW_RISK,0.0,
BioSpread,UNSEEN::AB356,0.2121669501066208,medium,0,0.6039817333221436,0,LOW_RISK,0.0,
BioSpread,AE751,0.6970906853675842,review,0,0.5440455377101898,0,MODERATE_RISK,0.0,
BioSpread,AB802,0.6721324324607849,review,0,0.5310159027576447,0,MODERATE_RISK,0.0,
BioSpread,UNSEEN::AE905,0.211969256401062,medium,0,0.60438472032547,0,LOW_RISK,0.0,
BioSpread,UNSEEN::AB536,0.2111387699842453,medium,0,0.6062933206558228,0,LOW_RISK,0.0,
BioSpread,UNSEEN::AA124,0.21198581159114838,medium,0,0.6043508052825928,0,LOW_RISK,0.0,
BioSpread,UNSEEN::AG402,0.21216821670532227,medium,0,0.6039789617061615,0,LOW_RISK,0.0,
BioSpread,UNSEEN::AA803,0.21216821670532227,medium,0,0.6039789617061615,0,LOW_RISK,0.0,
BioSpread,UNSEEN::AH137,0.21216779947280884,medium,0,0.6039798557758331,0,LOW_RISK,0.0,
BioSpread,AA046,0.7481024861335754,review,1,0.5686925053596497,0,MODERATE_RISK,0.0,
BioSpread,AE213,0.699391782283783,review,0,0.5449783504009247,0,MODERATE_RISK,0.0,
BioSpread,AE221,0.61899334192276,review,0,0.5072272717952728,0,MODERATE_RISK,0.0,
BioSpread,UNSEEN::AD877,0.21207809448242188,medium,0,0.6041379272937775,0,LOW_RISK,0.0,
BioSpread,UNSEEN::AB128,0.21216735243797302,medium,0,0.6039808392524719,0,LOW_RISK,0.0,
BioSpread,UNSEEN::AD663,0.2121248096227646,medium,0,0.6040687561035156,0,LOW_RISK,0.0,
BioSpread,UNSEEN::AB158,0.21116259694099426,medium,0,0.6062235832214355,0,LOW_RISK,0.0,
BioSpread,UNSEEN::AC718,0.21228496730327606,medium,0,0.6037163436412811,0,LOW_RISK,0.0,
BioSpread,AF321,0.5983741283416748,review,0,0.5263501405715942,0,MODERATE_RISK,0.0,
BioSpread,UNSEEN::AG395,0.21169647574424744,medium,0,0.6049785315990448,0,LOW_RISK,0.0,
BioSpread,AB882,0.7268112301826477,review,0,0.554286777973175,0,MODERATE_RISK,0.0,
BioSpread,UNSEEN::AC335,0.2115621268749237,medium,0,0.6054459512233734,0,LOW_RISK,0.0,
BioSpread,UNSEEN::AG475,0.21181635558605194,medium,0,0.6046965420246124,0,LOW_RISK,0.0,
BioSpread,AE709,0.607379674911499,review,0,0.5056634247303009,0,MODERATE_RISK,0.0,
BioSpread,UNSEEN::AD373,0.21172507107257843,medium,0,0.6049611866474152,0,LOW_RISK,0.0,
BioSpread,AA175,0.748130202293396,review,1,0.5676347315311432,0,MODERATE_RISK,0.0,
BioSpread,UNSEEN::AA790,0.2123073786497116,medium,0,0.6036975085735321,0,LOW_RISK,0.0,
BioSpread,UNSEEN::AC239,0.21060532331466675,medium,0,0.6074087023735046,0,LOW_RISK,0.0,
BioSpread,UNSEEN::AA546,0.21215488016605377,medium,0,0.6040110290050507,0,LOW_RISK,0.0,
BioSpread,AB173,0.7484183311462402,review,0,0.5707333981990814,0,MODERATE_RISK,0.0,
BioSpread,AF654,0.6972104907035828,review,0,0.5438039302825928,0,MODERATE_RISK,0.0,
BioSpread,AA040,0.744277834892273,review,0,0.5643982291221619,0,MODERATE_RISK,0.0,
BioSpread,UNSEEN::AB579,0.21176287531852722,medium,0,0.604812353849411,0,LOW_RISK,0.0,
BioSpread,UNSEEN::AG764,0.21216821670532227,medium,0,0.6039789617061615,0,LOW_RISK,0.0,
BioSpread,AD892,0.5726141333580017,review,0,0.5152296423912048,0,MODERATE_RISK,0.0,
BioSpread,AD778,0.6742884516716003,review,0,0.5374709665775299,0,MODERATE_RISK,0.0,
BioSpread,AC680,0.7157784700393677,review,0,0.5567049980163574,0,MODERATE_RISK,0.0,
BioSpread,AF227,0.26192933320999146,review,0,0.5957140326499939,0,LOW_RISK,0.0,
BioSpread,UNSEEN::AB041,0.21030065417289734,medium,0,0.6079989969730377,0,LOW_RISK,0.0,
BioSpread,AB648,0.649709165096283,review,0,0.5309776067733765,0,MODERATE_RISK,0.0,
BioSpread,UNSEEN::AH068,0.21201403439044952,medium,0,0.6042920649051666,0,LOW_RISK,0.0,
BioSpread,AG193,0.6851314902305603,review,0,0.555140882730484,0,MODERATE_RISK,0.0,
BioSpread,UNSEEN::AG836,0.21201317012310028,medium,0,0.6042939126491547,0,LOW_RISK,0.0,
BioSpread,AG361,0.7274731993675232,review,0,0.5581142902374268,0,MODERATE_RISK,0.0,
BioSpread,AF882,0.7050111889839172,review,0,0.5405806303024292,0,MODERATE_RISK,0.0,
BioSpread,UNSEEN::AF867,0.21230746805667877,medium,0,0.6036976873874664,0,LOW_RISK,0.0,
BioSpread,AF122,0.21333356201648712,medium,0,0.6369057297706604,0,LOW_RISK,0.0,
BioSpread,AF322,0.5227934718132019,review,0,0.5080057680606842,0,MODERATE_RISK,0.0,
BioSpread,UNSEEN::AE504,0.21191991865634918,medium,0,0.6044967472553253,0,LOW_RISK,0.0,
BioSpread,UNSEEN::AA193,0.2121219038963318,medium,0,0.6040946245193481,0,LOW_RISK,0.0,
BioSpread,UNSEEN::AH234,0.21216735243797302,medium,0,0.6039808392524719,0,LOW_RISK,0.0,
BioSpread,UNSEEN::AE932,0.21181094646453857,medium,0,0.6047066748142242,0,LOW_RISK,0.0,
BioSpread,UNSEEN::AD106,0.21195979416370392,medium,0,0.6044093072414398,0,LOW_RISK,0.0,
BioSpread,AF347,0.625715434551239,review,0,0.5215781331062317,0,MODERATE_RISK,0.0,
BioSpread,UNSEEN::AD632,0.21198667585849762,medium,0,0.6043489277362823,0,LOW_RISK,0.0,
BioSpread,AF275,0.6982161998748779,review,0,0.5447007715702057,0,MODERATE_RISK,0.0,
BioSpread,AH261,0.6517841219902039,review,0,0.5385293364524841,0,MODERATE_RISK,0.0,
BioSpread,UNSEEN::AC880,0.2120230793952942,medium,0,0.6043380498886108,0,LOW_RISK,0.0,
BioSpread,AF265,0.5295094847679138,review,0,0.5181414484977722,0,MODERATE_RISK,0.0,
BioSpread,AC126,0.5599665641784668,review,0,0.5051428973674774,0,MODERATE_RISK,0.0,
BioSpread,UNSEEN::AH312,0.21216735243797302,medium,0,0.6039808392524719,0,LOW_RISK,0.0,
BioSpread,AF468,0.2617696523666382,review,0,0.59579998254776,0,LOW_RISK,0.0,
BioSpread,UNSEEN::AA421,0.21230308711528778,medium,0,0.6037056744098663,0,LOW_RISK,0.0,
BioSpread,AD843,0.623866617679596,review,0,0.5299383103847504,0,MODERATE_RISK,0.0,
BioSpread,UNSEEN::AH329,0.21224573254585266,medium,0,0.6038789451122284,0,LOW_RISK,0.0,
BioSpread,AA747,0.7493411302566528,review,0,0.5802371203899384,0,MODERATE_RISK,0.0,
BioSpread,UNSEEN::AF765,0.2119988352060318,medium,0,0.6043278276920319,0,LOW_RISK,0.0,
BioSpread,AG341,0.6395575404167175,review,0,0.5274625420570374,0,MODERATE_RISK,0.0,
BioSpread,UNSEEN::AG117,0.21216821670532227,medium,0,0.6039789617061615,0,LOW_RISK,0.0,
BioSpread,UNSEEN::AD215,0.21216821670532227,medium,0,0.6039789617061615,0,LOW_RISK,0.0,
BioSpread,UNSEEN::AF021,0.21214379370212555,medium,0,0.6040014624595642,0,LOW_RISK,0.0,
BioSpread,AA707,0.7110257148742676,review,0,0.5496419966220856,0,MODERATE_RISK,0.0,
BioSpread,AC645,0.5079617500305176,review,0,0.5548414885997772,0,MODERATE_RISK,0.0,
BioSpread,AD326,0.6384429335594177,review,0,0.5399960577487946,0,MODERATE_RISK,0.0,
BioSpread,AB720,0.7300769090652466,review,1,0.5591869056224823,0,MODERATE_RISK,0.0,
BioSpread,UNSEEN::AC346,0.2119184136390686,medium,0,0.6045475006103516,0,LOW_RISK,0.0,
BioSpread,UNSEEN::AF166,0.21113906800746918,medium,0,0.6062609553337097,0,LOW_RISK,0.0,
BioSpread,AC917,0.31821408867836,review,0,0.5732685625553131,0,LOW_RISK,0.0,
BioSpread,AD714,0.6243149042129517,review,0,0.5322675108909607,0,MODERATE_RISK,0.0,
BioSpread,AA675,0.7447643280029297,review,0,0.565984457731247,0,MODERATE_RISK,0.0,
BioSpread,UNSEEN::AB483,0.21210606396198273,medium,0,0.6041623950004578,0,LOW_RISK,0.0,
BioSpread,AB277,0.743806779384613,review,0,0.5646539926528931,0,MODERATE_RISK,0.0,
BioSpread,AG314,0.6890402436256409,review,0,0.5452467203140259,0,MODERATE_RISK,0.0,
BioSpread,UNSEEN::AB750,0.21216779947280884,medium,0,0.6039798557758331,0,LOW_RISK,0.0,
BioSpread,UNSEEN::AC055,0.21230746805667877,medium,0,0.6036976873874664,0,LOW_RISK,0.0,
BioSpread,AC508,0.7466728091239929,review,1,0.5674247145652771,0,MODERATE_RISK,0.0,
BioSpread,UNSEEN::AD507,0.21208886802196503,medium,0,0.6041439473628998,0,LOW_RISK,0.0,
BioSpread,UNSEEN::AA892,0.21039441227912903,medium,0,0.6079365015029907,0,LOW_RISK,0.0,
BioSpread,AD522,0.26188015937805176,review,0,0.5957404971122742,0,LOW_RISK,0.0,
BioSpread,AF940,0.3723393678665161,review,0,0.5450123250484467,0,LOW_RISK,0.0,
BioSpread,UNSEEN::AH204,0.21199928224086761,medium,0,0.6043228209018707,0,LOW_RISK,0.0,
BioSpread,AA938,0.6582561135292053,review,1,0.5425640344619751,0,MODERATE_RISK,0.0,
BioSpread,AA579,0.7376220226287842,review,1,0.5677231848239899,0,MODERATE_RISK,0.0,
BioSpread,AA163,0.6924660801887512,review,0,0.5526356399059296,0,MODERATE_RISK,0.0,
BioSpread,AA548,0.6905513405799866,review,0,0.5435293912887573,0,MODERATE_RISK,0.0,
BioSpread,UNSEEN::AD752,0.21216821670532227,medium,0,0.6039789617061615,0,LOW_RISK,0.0,
BioSpread,AF354,0.18467776477336884,medium,0,0.6549332737922668,0,LOW_RISK,0.0,
BioSpread,AF764,0.6830453872680664,review,0,0.5424008071422577,0,MODERATE_RISK,0.0,
BioSpread,UNSEEN::AH330,0.21217608451843262,medium,0,0.6040497720241547,0,LOW_RISK,0.0,
BioSpread,AE699,0.674285888671875,review,0,0.537469744682312,0,MODERATE_RISK,0.0,
BioSpread,UNSEEN::AD224,0.2121669501066208,medium,0,0.6039817333221436,0,LOW_RISK,0.0,
BioSpread,UNSEEN::AC011,0.21216735243797302,medium,0,0.6039808392524719,0,LOW_RISK,0.0,
BioSpread,AB805,0.36238476634025574,review,0,0.5717472434043884,0,LOW_RISK,0.0,
BioSpread,AG851,0.630467414855957,review,0,0.5230201780796051,0,MODERATE_RISK,0.0,
BioSpread,UNSEEN::AB060,0.2118198573589325,medium,0,0.6047398746013641,0,LOW_RISK,0.0,
BioSpread,AA462,0.6235289573669434,review,0,0.5231516659259796,0,MODERATE_RISK,0.0,
BioSpread,AD904,0.7107905745506287,review,0,0.5503381192684174,0,MODERATE_RISK,0.0,
BioSpread,UNSEEN::AC414,0.21153277158737183,medium,0,0.6052839457988739,0,LOW_RISK,0.0,
BioSpread,UNSEEN::AE009,0.21214158833026886,medium,0,0.6040343046188354,0,LOW_RISK,0.0,
BioSpread,AC532,0.5847705006599426,review,0,0.5187796056270599,0,MODERATE_RISK,0.0,
BioSpread,AB665,0.5228564143180847,review,0,0.5080100297927856,0,MODERATE_RISK,0.0,
BioSpread,UNSEEN::AF331,0.2120136022567749,medium,0,0.6042929589748383,0,LOW_RISK,0.0,
BioSpread,AF851,0.6395196318626404,review,0,0.5274494290351868,0,MODERATE_RISK,0.0,
BioSpread,UNSEEN::AB526,0.21214115619659424,medium,0,0.6040352284908295,0,LOW_RISK,0.0,
BioSpread,UNSEEN::AF959,0.21216735243797302,medium,0,0.6039808392524719,0,LOW_RISK,0.0,
BioSpread,UNSEEN::AB052,0.21205003559589386,medium,0,0.6042423844337463,0,LOW_RISK,0.0,
BioSpread,UNSEEN::AH505,0.21216735243797302,medium,0,0.6039808392524719,0,LOW_RISK,0.0,
BioSpread,AF197,0.6981837153434753,review,0,0.547865241765976,0,MODERATE_RISK,0.0,
BioSpread,AD282,0.6995755434036255,review,0,0.5447417795658112,0,MODERATE_RISK,0.0,
BioSpread,UNSEEN::AB156,0.2121540606021881,medium,0,0.6040128469467163,0,LOW_RISK,0.0,
BioSpread,UNSEEN::AC226,0.2120484709739685,medium,0,0.6042495369911194,0,LOW_RISK,0.0,
BioSpread,AH258,0.624130129814148,review,0,0.5312695503234863,0,MODERATE_RISK,0.0,
BioSpread,UNSEEN::AH257,0.21230827271938324,medium,0,0.6036959290504456,0,LOW_RISK,0.0,
BioSpread,AA274,0.7468159198760986,review,1,0.5683509409427643,0,MODERATE_RISK,0.0,
BioSpread,AE052,0.744382381439209,review,0,0.5658853352069855,0,MODERATE_RISK,0.0,
BioSpread,UNSEEN::AA267,0.2121756225824356,medium,0,0.6039922833442688,0,LOW_RISK,0.0,
BioSpread,AC490,0.7211033701896667,review,0,0.5556598901748657,0,MODERATE_RISK,0.0,
BioSpread,UNSEEN::AB342,0.21185719966888428,medium,0,0.6046115458011627,0,LOW_RISK,0.0,
BioSpread,AE448,0.6233764290809631,review,0,0.5058231949806213,0,MODERATE_RISK,0.0,
BioSpread,AD465,0.716052234172821,review,1,0.5538865625858307,0,MODERATE_RISK,0.0,
BioSpread,UNSEEN::AC361,0.21230827271938324,medium,0,0.6036959290504456,0,LOW_RISK,0.0,
BioSpread,UNSEEN::AC323,0.21230746805667877,medium,0,0.6036976873874664,0,LOW_RISK,0.0,
BioSpread,UNSEEN::AA149,0.21054565906524658,medium,0,0.6076149642467499,0,LOW_RISK,0.0,
BioSpread,UNSEEN::AB091,0.2119758427143097,medium,0,0.6043428182601929,0,LOW_RISK,0.0,
BioSpread,UNSEEN::AF046,0.21226884424686432,medium,0,0.6037909090518951,0,LOW_RISK,0.0,
BioSpread,UNSEEN::AH114,0.21230868995189667,medium,0,0.6036950349807739,0,LOW_RISK,0.0,
BioSpread,UNSEEN::AC489,0.2131192684173584,medium,0,0.6019284427165985,0,LOW_RISK,0.0,
BioSpread,UNSEEN::AE666,0.21181634068489075,medium,0,0.6047010123729706,0,LOW_RISK,0.0,
BioSpread,UNSEEN::AG566,0.2121669501066208,medium,0,0.6039817333221436,0,LOW_RISK,0.0,
BioSpread,UNSEEN::AA647,0.2121686190366745,medium,0,0.6039780676364899,0,LOW_RISK,0.0,
BioSpread,UNSEEN::AD474,0.21204417943954468,medium,0,0.6043476760387421,0,LOW_RISK,0.0,
BioSpread,AF976,0.32793840765953064,review,0,0.569922149181366,0,LOW_RISK,0.0,
BioSpread,UNSEEN::AD313,0.21208910644054413,medium,0,0.6041972041130066,0,LOW_RISK,0.0,
BioSpread,AG713,0.6491719484329224,review,0,0.5213037431240082,0,MODERATE_RISK,0.0,
BioSpread,UNSEEN::AF875,0.21161594986915588,medium,0,0.6051961481571198,0,LOW_RISK,0.0,
BioSpread,UNSEEN::AC864,0.21089652180671692,medium,0,0.6067522466182709,0,LOW_RISK,0.0,
BioSpread,UNSEEN::AC905,0.21216779947280884,medium,0,0.6039798557758331,0,LOW_RISK,0.0,
BioSpread,UNSEEN::AE301,0.21216735243797302,medium,0,0.6039808392524719,0,LOW_RISK,0.0,
BioSpread,AB628,0.7459395527839661,review,1,0.564015805721283,0,MODERATE_RISK,0.0,
BioSpread,AH008,0.5794102549552917,review,0,0.5024667382240295,0,MODERATE_RISK,0.0,
BioSpread,UNSEEN::AE403,0.21215569972991943,medium,0,0.6040092408657074,0,LOW_RISK,0.0,
BioSpread,UNSEEN::AD136,0.21230746805667877,medium,0,0.6036976873874664,0,LOW_RISK,0.0,
BioSpread,AA167,0.7029511332511902,review,0,0.5506579875946045,0,MODERATE_RISK,0.0,
BioSpread,AD281,0.7439059615135193,review,0,0.5621066093444824,0,MODERATE_RISK,0.0,
BioSpread,UNSEEN::AG244,0.21216821670532227,medium,0,0.6039789617061615,0,LOW_RISK,0.0,
BioSpread,UNSEEN::AF443,0.21216735243797302,medium,0,0.6039808392524719,0,LOW_RISK,0.0,
BioSpread,UNSEEN::AC385,0.2118655890226364,medium,0,0.6046150922775269,0,LOW_RISK,0.0,
BioSpread,UNSEEN::AB704,0.21216779947280884,medium,0,0.6039798557758331,0,LOW_RISK,0.0,
BioSpread,UNSEEN::AA616,0.21171121299266815,medium,0,0.6050663888454437,0,LOW_RISK,0.0,
BioSpread,AD280,0.743070662021637,review,1,0.5632379055023193,0,MODERATE_RISK,0.0,
BioSpread,AA306,0.7424889206886292,review,0,0.5628373622894287,0,MODERATE_RISK,0.0,
BioSpread,UNSEEN::AA061,0.21171770989894867,medium,0,0.6049420535564423,0,LOW_RISK,0.0,
BioSpread,AC269,0.5406807065010071,review,0,0.5058002471923828,0,MODERATE_RISK,0.0,
BioSpread,UNSEEN::AA417,0.21176211535930634,medium,0,0.6049231886863708,0,LOW_RISK,0.0,
BioSpread,AB809,0.7453926801681519,review,0,0.5663602650165558,0,MODERATE_RISK,0.0,
BioSpread,AC333,0.7457426190376282,review,1,0.5675609707832336,0,MODERATE_RISK,0.0,
BioSpread,AB702,0.7484523057937622,review,1,0.5705516934394836,0,MODERATE_RISK,0.0,
BioSpread,AA896,0.7114519476890564,review,0,0.5567182898521423,0,MODERATE_RISK,0.0,
BioSpread,AH133,0.5879392623901367,review,0,0.5299127101898193,0,MODERATE_RISK,0.0,
BioSpread,UNSEEN::AB798,0.21167366206645966,medium,0,0.6049918532371521,0,LOW_RISK,0.0,
BioSpread,AA862,0.6108013391494751,review,0,0.530024379491806,0,MODERATE_RISK,0.0,
BioSpread,UNSEEN::AE512,0.2121686190366745,medium,0,0.6039780676364899,0,LOW_RISK,0.0,
BioSpread,AE618,0.5103700160980225,review,0,0.5322908759117126,0,MODERATE_RISK,0.0,
BioSpread,UNSEEN::AB375,0.21125924587249756,medium,0,0.6059035062789917,0,LOW_RISK,0.0,
BioSpread,AA084,0.746717631816864,review,0,0.5668788254261017,0,MODERATE_RISK,0.0,
BioSpread,UNSEEN::AD057,0.21187685430049896,medium,0,0.6046143472194672,0,LOW_RISK,0.0,
BioSpread,UNSEEN::AB403,0.21214379370212555,medium,0,0.6040014624595642,0,LOW_RISK,0.0,
BioSpread,AD102,0.7413598299026489,review,0,0.5634234845638275,0,MODERATE_RISK,0.0,
BioSpread,UNSEEN::AB119,0.21216821670532227,medium,0,0.6039789617061615,0,LOW_RISK,0.0,
BioSpread,AE158,0.7444905638694763,review,0,0.5684162080287933,0,MODERATE_RISK,0.0,
BioSpread,AE701,0.2618064880371094,review,0,0.5957801640033722,0,LOW_RISK,0.0,
BioSpread,UNSEEN::AA241,0.21199969947338104,medium,0,0.6043218672275543,0,LOW_RISK,0.0,
BioSpread,AE451,0.639543354511261,review,0,0.5274576246738434,0,MODERATE_RISK,0.0,
BioSpread,UNSEEN::AE235,0.21105091273784637,medium,0,0.6063856184482574,0,LOW_RISK,0.0,
BioSpread,UNSEEN::AG113,0.2121686190366745,medium,0,0.6039780676364899,0,LOW_RISK,0.0,
BioSpread,AF256,0.6251651644706726,review,0,0.5234536230564117,0,MODERATE_RISK,0.0,
BioSpread,AC344,0.5527888536453247,review,1,0.5581340193748474,0,MODERATE_RISK,0.0,
BioSpread,UNSEEN::AB378,0.2118576318025589,medium,0,0.6046106219291687,0,LOW_RISK,0.0,
BioSpread,AC586,0.6951949596405029,review,1,0.5474917888641357,0,MODERATE_RISK,0.0,
BioSpread,UNSEEN::AC458,0.21216821670532227,medium,0,0.6039789617061615,0,LOW_RISK,0.0,
BioSpread,AH230,0.5698764324188232,review,0,0.5232259333133698,0,MODERATE_RISK,0.0,
BioSpread,AF885,0.7388712763786316,review,0,0.5678783059120178,0,MODERATE_RISK,0.0,
BioSpread,UNSEEN::AF284,0.2119089812040329,medium,0,0.6044818460941315,0,LOW_RISK,0.0,
BioSpread,UNSEEN::AG893,0.21216735243797302,medium,0,0.6039808392524719,0,LOW_RISK,0.0,
BioSpread,AC583,0.685285747051239,review,0,0.5435687303543091,0,MODERATE_RISK,0.0,
BioSpread,UNSEEN::AG372,0.2108469158411026,medium,0,0.6068306267261505,0,LOW_RISK,0.0,
BioSpread,AE277,0.6677691340446472,review,0,0.53560009598732,0,MODERATE_RISK,0.0,
BioSpread,AG308,0.3722120523452759,review,0,0.5450428128242493,0,LOW_RISK,0.0,
BioSpread,UNSEEN::AF357,0.21216779947280884,medium,0,0.6039798557758331,0,LOW_RISK,0.0,
BioSpread,UNSEEN::AD094,0.2118980884552002,medium,0,0.6045865118503571,0,LOW_RISK,0.0,
BioSpread,AE806,0.26192933320999146,review,0,0.5957140326499939,0,LOW_RISK,0.0,
BioSpread,AA885,0.7059891223907471,review,1,0.5475794970989227,0,MODERATE_RISK,0.0,
BioSpread,UNSEEN::AH405,0.21216779947280884,medium,0,0.6039798557758331,0,LOW_RISK,0.0,
BioSpread,AB050,0.7368284463882446,review,0,0.5603511035442352,0,MODERATE_RISK,0.0,
BioSpread,AD463,0.5688763856887817,review,0,0.5087437033653259,0,MODERATE_RISK,0.0,
BioSpread,UNSEEN::AC328,0.2121686190366745,medium,0,0.6039780676364899,0,LOW_RISK,0.0,
BioSpread,AF876,0.7485187649726868,review,0,0.5706474483013153,0,MODERATE_RISK,0.0,
BioSpread,UNSEEN::AC579,0.21542993187904358,medium,0,0.6020093560218811,0,LOW_RISK,0.0,
BioSpread,UNSEEN::AB797,0.21216735243797302,medium,0,0.6039808392524719,0,LOW_RISK,0.0,
BioSpread,AF396,0.5643152594566345,review,0,0.5355744361877441,0,MODERATE_RISK,0.0,
BioSpread,UNSEEN::AG336,0.21216779947280884,medium,0,0.6039798557758331,0,LOW_RISK,0.0,
BioSpread,AF064,0.5228815674781799,review,0,0.5080117583274841,0,MODERATE_RISK,0.0,
BioSpread,AE848,0.6877874732017517,review,0,0.5397258996963501,0,MODERATE_RISK,0.0,
BioSpread,UNSEEN::AH282,0.21165670454502106,medium,0,0.605022132396698,0,LOW_RISK,0.0,
BioSpread,UNSEEN::AE370,0.21230827271938324,medium,0,0.6036959290504456,0,LOW_RISK,0.0,
BioSpread,UNSEEN::AB948,0.2121584564447403,medium,0,0.6040112674236298,0,LOW_RISK,0.0,
BioSpread,UNSEEN::AB477,0.21215449273586273,medium,0,0.6040075123310089,0,LOW_RISK,0.0,
BioSpread,AC990,0.7429218888282776,review,0,0.5663978755474091,0,MODERATE_RISK,0.0,
BioSpread,UNSEEN::AC002,0.2121540606021881,medium,0,0.6040128469467163,0,LOW_RISK,0.0,
BioSpread,AB684,0.7275437712669373,review,0,0.5571175515651703,0,MODERATE_RISK,0.0,
BioSpread,AD445,0.728678822517395,review,0,0.5539991855621338,0,MODERATE_RISK,0.0,
BioSpread,AC129,0.7489485144615173,review,1,0.571559876203537,0,MODERATE_RISK,0.0,
BioSpread,AA937,0.35500141978263855,review,0,0.5738387107849121,0,LOW_RISK,0.0,
BioSpread,UNSEEN::AB839,0.2115408033132553,medium,0,0.6052589118480682,0,LOW_RISK,0.0,
BioSpread,AA076,0.6122448444366455,review,0,0.5307939648628235,0,MODERATE_RISK,0.0,
BioSpread,UNSEEN::AE446,0.2121686190366745,medium,0,0.6039780676364899,0,LOW_RISK,0.0,
BioSpread,AA567,0.5005755424499512,review,0,0.5187840163707733,0,MODERATE_RISK,0.0,
BioSpread,UNSEEN::AG795,0.21216779947280884,medium,0,0.6039798557758331,0,LOW_RISK,0.0,
BioSpread,AC452,0.7132512331008911,review,0,0.5515899956226349,0,MODERATE_RISK,0.0,
BioSpread,UNSEEN::AB864,0.21185807883739471,medium,0,0.6046096384525299,0,LOW_RISK,0.0,
BioSpread,AD607,0.6742911338806152,review,0,0.5374722480773926,0,MODERATE_RISK,0.0,
BioSpread,AE871,0.4724690020084381,review,0,0.501197338104248,0,LOW_RISK,0.0,
BioSpread,UNSEEN::AG090,0.21214789152145386,medium,0,0.6040199100971222,0,LOW_RISK,0.0,
BioSpread,UNSEEN::AC012,0.2121686190366745,medium,0,0.6039780676364899,0,LOW_RISK,0.0,
BioSpread,UNSEEN::AD189,0.21219779551029205,medium,0,0.6039623618125916,0,LOW_RISK,0.0,
BioSpread,AA794,0.6804825067520142,review,0,0.5407936573028564,0,MODERATE_RISK,0.0,
BioSpread,AC975,0.5189016461372375,review,0,0.5007645785808563,0,MODERATE_RISK,0.0,
BioSpread,AF842,0.5228564143180847,review,0,0.5080100297927856,0,MODERATE_RISK,0.0,
BioSpread,UNSEEN::AG929,0.21216821670532227,medium,0,0.6039789617061615,0,LOW_RISK,0.0,
BioSpread,AA521,0.7377861738204956,review,0,0.561913251876831,0,MODERATE_RISK,0.0,
BioSpread,UNSEEN::AH120,0.21230868995189667,medium,0,0.6036950349807739,0,LOW_RISK,0.0,
BioSpread,AF437,0.6770516633987427,review,0,0.536447674036026,0,MODERATE_RISK,0.0,
BioSpread,AB230,0.7443971633911133,review,0,0.5662476718425751,0,MODERATE_RISK,0.0,
BioSpread,AB487,0.7289091348648071,review,0,0.5627774298191071,0,MODERATE_RISK,0.0,
BioSpread,AG997,0.19069994986057281,medium,0,0.6424188911914825,0,LOW_RISK,0.0,
BioSpread,UNSEEN::AB928,0.21165831387043,medium,0,0.6050950288772583,0,LOW_RISK,0.0,
BioSpread,UNSEEN::AG692,0.21216779947280884,medium,0,0.6039798557758331,0,LOW_RISK,0.0,
BioSpread,AG349,0.6675599217414856,review,0,0.534265786409378,0,MODERATE_RISK,0.0,
BioSpread,AF985,0.3295386731624603,review,0,0.5696544349193573,0,LOW_RISK,0.0,
BioSpread,UNSEEN::AE272,0.21166984736919403,medium,0,0.6049396395683289,0,LOW_RISK,0.0,
BioSpread,AE191,0.7389698028564453,review,0,0.5621365606784821,0,MODERATE_RISK,0.0,
BioSpread,UNSEEN::AB901,0.2118942141532898,medium,0,0.6045123338699341,0,LOW_RISK,0.0,
BioSpread,AG868,0.6395670771598816,review,0,0.5274657309055328,0,MODERATE_RISK,0.0,
BioSpread,UNSEEN::AF685,0.21216735243797302,medium,0,0.6039808392524719,0,LOW_RISK,0.0,
BioSpread,UNSEEN::AD939,0.21214379370212555,medium,0,0.6040014624595642,0,LOW_RISK,0.0,
BioSpread,AA257,0.5600972175598145,review,0,0.5051644742488861,0,MODERATE_RISK,0.0,
BioSpread,UNSEEN::AF238,0.21216779947280884,medium,0,0.6039798557758331,0,LOW_RISK,0.0,
BioSpread,AG953,0.6680817604064941,review,0,0.5243050754070282,0,MODERATE_RISK,0.0,
BioSpread,UNSEEN::AC450,0.21201276779174805,medium,0,0.6042947769165039,0,LOW_RISK,0.0,
BioSpread,AC209,0.7281772494316101,review,0,0.5541104674339294,0,MODERATE_RISK,0.0,
BioSpread,AA423,0.7269536256790161,review,0,0.5635543167591095,0,MODERATE_RISK,0.0,
BioSpread,AA429,0.6666404008865356,review,0,0.5196044147014618,0,MODERATE_RISK,0.0,
BioSpread,UNSEEN::AH244,0.2118780016899109,medium,0,0.604575514793396,0,LOW_RISK,0.0,
BioSpread,UNSEEN::AE586,0.21212872862815857,medium,0,0.6040653586387634,0,LOW_RISK,0.0,
BioSpread,AB575,0.6585299372673035,review,1,0.5426993072032928,0,MODERATE_RISK,0.0,
BioSpread,AB998,0.5833978652954102,review,0,0.5173192024230957,0,MODERATE_RISK,0.0,
BioSpread,UNSEEN::AD696,0.2121420055627823,medium,0,0.6040333807468414,0,LOW_RISK,0.0,
BioSpread,UNSEEN::AE031,0.21216821670532227,medium,0,0.6039789617061615,0,LOW_RISK,0.0,
BioSpread,UNSEEN::AA228,0.21224655210971832,medium,0,0.6038771569728851,0,LOW_RISK,0.0,
BioSpread,UNSEEN::AC341,0.21161618828773499,medium,0,0.6052286028862,0,LOW_RISK,0.0,
BioSpread,UNSEEN::AE084,0.21216730773448944,medium,0,0.603980541229248,0,LOW_RISK,0.0,
BioSpread,UNSEEN::AG691,0.21190078556537628,medium,0,0.604566365480423,0,LOW_RISK,0.0,
BioSpread,AE091,0.6395291090011597,review,0,0.5274527370929718,0,MODERATE_RISK,0.0,
BioSpread,UNSEEN::AC590,0.21198581159114838,medium,0,0.6043508052825928,0,LOW_RISK,0.0,
BioSpread,UNSEEN::AA829,0.21204450726509094,medium,0,0.6042191982269287,0,LOW_RISK,0.0,
BioSpread,AD675,0.7422605156898499,review,0,0.5644540190696716,0,MODERATE_RISK,0.0,
BioSpread,AF980,0.5717759132385254,review,0,0.51524218916893,0,MODERATE_RISK,0.0,
BioSpread,UNSEEN::AC304,0.21187345683574677,medium,0,0.604606032371521,0,LOW_RISK,0.0,
BioSpread,UNSEEN::AB639,0.21149520576000214,medium,0,0.6053813993930817,0,LOW_RISK,0.0,
BioSpread,UNSEEN::AD420,0.21225525438785553,medium,0,0.603884220123291,0,LOW_RISK,0.0,
BioSpread,UNSEEN::AD711,0.21215488016605377,medium,0,0.6040066182613373,0,LOW_RISK,0.0,
BioSpread,AH462,0.1880551129579544,medium,0,0.6470174193382263,0,LOW_RISK,0.0,
BioSpread,UNSEEN::AC000,0.21205683052539825,medium,0,0.6042484045028687,0,LOW_RISK,0.0,
BioSpread,AE575,0.6698392629623413,review,0,0.5168770849704742,0,MODERATE_RISK,0.0,
BioSpread,UNSEEN::AG360,0.2121536284685135,medium,0,0.6040093898773193,0,LOW_RISK,0.0,
BioSpread,AD712,0.6892992854118347,review,0,0.545768678188324,0,MODERATE_RISK,0.0,
BioSpread,UNSEEN::AA403,0.21168813109397888,medium,0,0.6050133407115936,0,LOW_RISK,0.0,
BioSpread,UNSEEN::AG860,0.21216735243797302,medium,0,0.6039808392524719,0,LOW_RISK,0.0,
BioSpread,UNSEEN::AE320,0.21216821670532227,medium,0,0.6039789617061615,0,LOW_RISK,0.0,
BioSpread,UNSEEN::AG753,0.21197237074375153,medium,0,0.6043787896633148,0,LOW_RISK,0.0,
BioSpread,UNSEEN::AD765,0.21199969947338104,medium,0,0.6043218672275543,0,LOW_RISK,0.0,
BioSpread,UNSEEN::AB550,0.2121540606021881,medium,0,0.6040084660053253,0,LOW_RISK,0.0,
BioSpread,AE705,0.6455489993095398,review,0,0.5276592075824738,0,MODERATE_RISK,0.0,
BioSpread,UNSEEN::AD801,0.21210132539272308,medium,0,0.6041224896907806,0,LOW_RISK,0.0,
BioSpread,AC481,0.6077576875686646,review,0,0.5223049521446228,0,MODERATE_RISK,0.0,
BioSpread,UNSEEN::AE783,0.21181173622608185,medium,0,0.6047400236129761,0,LOW_RISK,0.0,
BioSpread,UNSEEN::AF476,0.21200013160705566,medium,0,0.6043209433555603,0,LOW_RISK,0.0,
BioSpread,UNSEEN::AG622,0.21216648817062378,medium,0,0.6039823293685913,0,LOW_RISK,0.0,
BioSpread,UNSEEN::AA808,0.2121686190366745,medium,0,0.6039780676364899,0,LOW_RISK,0.0,
BioSpread,AD546,0.6546732187271118,review,1,0.5326151549816132,0,MODERATE_RISK,0.0,
BioSpread,AF894,0.26227399706840515,review,0,0.5955643057823181,0,LOW_RISK,0.0,
BioSpread,UNSEEN::AG631,0.21185719966888428,medium,0,0.6046115458011627,0,LOW_RISK,0.0,
BioSpread,AE406,0.6195828318595886,review,0,0.5151788592338562,0,MODERATE_RISK,0.0,
BioSpread,UNSEEN::AD191,0.21216779947280884,medium,0,0.6039798557758331,0,LOW_RISK,0.0,
BioSpread,AE593,0.658842146396637,review,0,0.5352072715759277,0,MODERATE_RISK,0.0,
BioSpread,UNSEEN::AF070,0.21216735243797302,medium,0,0.6039808392524719,0,LOW_RISK,0.0,
BioSpread,AG118,0.5342904329299927,review,0,0.5054109692573547,0,MODERATE_RISK,0.0,
BioSpread,UNSEEN::AE360,0.21135257184505463,medium,0,0.605646550655365,0,LOW_RISK,0.0,
BioSpread,AF132,0.6742755174636841,review,0,0.5374647378921509,0,MODERATE_RISK,0.0,
BioSpread,UNSEEN::AG069,0.21230746805667877,medium,0,0.6036976873874664,0,LOW_RISK,0.0,
BioSpread,UNSEEN::AC086,0.21134978532791138,medium,0,0.6056517958641052,0,LOW_RISK,0.0,
BioSpread,AG727,0.6522517204284668,review,0,0.5190928876399994,0,MODERATE_RISK,0.0,
BioSpread,UNSEEN::AF276,0.21165470778942108,medium,0,0.6051418483257294,0,LOW_RISK,0.0,
BioSpread,UNSEEN::AD872,0.21207569539546967,medium,0,0.6042251288890839,0,LOW_RISK,0.0,
BioSpread,AE923,0.734747588634491,review,0,0.5712491571903229,0,MODERATE_RISK,0.0,
BioSpread,AD299,0.7004736065864563,review,0,0.543767899274826,0,MODERATE_RISK,0.0,
BioSpread,UNSEEN::AA420,0.2116650491952896,medium,0,0.6050040423870087,0,LOW_RISK,0.0,
BioSpread,AF264,0.674272894859314,review,0,0.537463515996933,0,MODERATE_RISK,0.0,
BioSpread,AB690,0.7153943777084351,review,0,0.5507325828075409,0,MODERATE_RISK,0.0,
BioSpread,UNSEEN::AA682,0.21187451481819153,medium,0,0.6046258211135864,0,LOW_RISK,0.0,
BioSpread,AC281,0.7436783909797668,review,1,0.5642708837985992,0,MODERATE_RISK,0.0,
BioSpread,AC627,0.7492567896842957,review,0,0.5710157752037048,0,MODERATE_RISK,0.0,
BioSpread,UNSEEN::AC879,0.21216735243797302,medium,0,0.6039808392524719,0,LOW_RISK,0.0,
BioSpread,AC672,0.7457195520401001,review,0,0.5650316178798676,0,MODERATE_RISK,0.0,
BioSpread,AG650,0.7269642353057861,review,0,0.5582721829414368,0,MODERATE_RISK,0.0,
BioSpread,AE155,0.6611960530281067,review,0,0.5362550616264343,0,MODERATE_RISK,0.0,
BioSpread,AC108,0.652689516544342,review,0,0.5353764593601227,0,MODERATE_RISK,0.0,
BioSpread,UNSEEN::AA160,0.21216779947280884,medium,0,0.6039798557758331,0,LOW_RISK,0.0,
BioSpread,AA432,0.714216947555542,review,0,0.5413857996463776,0,MODERATE_RISK,0.0,
BioSpread,UNSEEN::AA588,0.21694117784500122,review,0,0.599206954240799,0,LOW_RISK,0.0,
BioSpread,AB791,0.26192933320999146,review,0,0.5957140326499939,0,LOW_RISK,0.0,
BioSpread,UNSEEN::AD992,0.2121420055627823,medium,0,0.6040333807468414,0,LOW_RISK,0.0,
BioSpread,UNSEEN::AF650,0.2131204456090927,medium,0,0.6019262671470642,0,LOW_RISK,0.0,
BioSpread,AC889,0.2618924677371979,review,0,0.5957338511943817,0,LOW_RISK,0.0,
BioSpread,UNSEEN::AB262,0.211986243724823,medium,0,0.6043498814105988,0,LOW_RISK,0.0,
BioSpread,UNSEEN::AE594,0.2121540606021881,medium,0,0.6040084660053253,0,LOW_RISK,0.0,
BioSpread,AA017,0.2619170546531677,review,0,0.5957206189632416,0,LOW_RISK,0.0,
BioSpread,AA422,0.7098784446716309,review,0,0.5400667786598206,0,MODERATE_RISK,0.0,
BioSpread,AC238,0.7421705722808838,review,0,0.5625841021537781,0,MODERATE_RISK,0.0,
BioSpread,AD575,0.618695855140686,review,1,0.5410028100013733,0,MODERATE_RISK,0.0,
BioSpread,UNSEEN::AB606,0.2119736522436142,medium,0,0.6043892502784729,0,LOW_RISK,0.0,
BioSpread,AF672,0.6109505891799927,review,0,0.5067259967327118,0,MODERATE_RISK,0.0,
BioSpread,UNSEEN::AH091,0.21209140121936798,medium,0,0.6041102409362793,0,LOW_RISK,0.0,
BioSpread,UNSEEN::AD510,0.21214158833026886,medium,0,0.6040343046188354,0,LOW_RISK,0.0,
BioSpread,UNSEEN::AB300,0.2121877372264862,medium,0,0.6039587259292603,0,LOW_RISK,0.0,
BioSpread,UNSEEN::AE998,0.2121686190366745,medium,0,0.6039780676364899,0,LOW_RISK,0.0,
BioSpread,UNSEEN::AD758,0.21215488016605377,medium,0,0.6040066182613373,0,LOW_RISK,0.0,
BioSpread,AE700,0.7432649731636047,review,0,0.5741218328475952,0,MODERATE_RISK,0.0,
BioSpread,UNSEEN::AE379,0.21159973740577698,medium,0,0.6053214967250824,0,LOW_RISK,0.0,
BioSpread,UNSEEN::AA766,0.21153219044208527,medium,0,0.6053783297538757,0,LOW_RISK,0.0,
BioSpread,AB020,0.6785697937011719,review,0,0.5359475314617157,0,MODERATE_RISK,0.0,
BioSpread,UNSEEN::AB825,0.21198613941669464,medium,0,0.6044810116291046,0,LOW_RISK,0.0,
BioSpread,UNSEEN::AA805,0.21201762557029724,medium,0,0.6044074892997742,0,LOW_RISK,0.0,
BioSpread,UNSEEN::AF493,0.21216821670532227,medium,0,0.6039789617061615,0,LOW_RISK,0.0,
BioSpread,AE785,0.7344931960105896,review,0,0.563909649848938,0,MODERATE_RISK,0.0,
BioSpread,UNSEEN::AH451,0.21213045716285706,medium,0,0.60402911901474,0,LOW_RISK,0.0,
BioSpread,UNSEEN::AA486,0.21216779947280884,medium,0,0.6039798557758331,0,LOW_RISK,0.0,
BioSpread,UNSEEN::AA305,0.21207831799983978,medium,0,0.6042242348194122,0,LOW_RISK,0.0,
BioSpread,UNSEEN::AH281,0.21190084517002106,medium,0,0.6045583486557007,0,LOW_RISK,0.0,
BioSpread,UNSEEN::AF059,0.21216821670532227,medium,0,0.6039789617061615,0,LOW_RISK,0.0,
BioSpread,UNSEEN::AF168,0.2120136022567749,medium,0,0.6042929589748383,0,LOW_RISK,0.0,
BioSpread,AB209,0.730815052986145,review,0,0.5571649670600891,0,MODERATE_RISK,0.0,
BioSpread,AA367,0.74786376953125,review,0,0.5681630074977875,0,MODERATE_RISK,0.0,
BioSpread,AF288,0.5564675331115723,review,1,0.5082265734672546,0,MODERATE_RISK,0.0,
BioSpread,UNSEEN::AA566,0.21199928224086761,medium,0,0.6043228209018707,0,LOW_RISK,0.0,
BioSpread,UNSEEN::AC107,0.2120227962732315,medium,0,0.6043071448802948,0,LOW_RISK,0.0,
BioSpread,UNSEEN::AF358,0.21211715042591095,medium,0,0.6040568053722382,0,LOW_RISK,0.0,
BioSpread,UNSEEN::AD323,0.2121540606021881,medium,0,0.6040084660053253,0,LOW_RISK,0.0,
BioSpread,UNSEEN::AB339,0.2120838165283203,medium,0,0.6042071878910065,0,LOW_RISK,0.0,
BioSpread,AE337,0.2618924677371979,review,0,0.5957338511943817,0,LOW_RISK,0.0,
BioSpread,UNSEEN::AG804,0.2120005488395691,medium,0,0.6043200492858887,0,LOW_RISK,0.0,
BioSpread,UNSEEN::AC456,0.21210606396198273,medium,0,0.6041623950004578,0,LOW_RISK,0.0,
BioSpread,UNSEEN::AD672,0.21051955223083496,medium,0,0.6197271049022675,0,LOW_RISK,0.0,
BioSpread,UNSEEN::AF850,0.21205644309520721,medium,0,0.6042492985725403,0,LOW_RISK,0.0,
BioSpread,UNSEEN::AE024,0.21210089325904846,medium,0,0.6041190028190613,0,LOW_RISK,0.0,
BioSpread,UNSEEN::AD598,0.2120080292224884,medium,0,0.6043935120105743,0,LOW_RISK,0.0,
BioSpread,AB890,0.737322986125946,review,0,0.5598084032535553,0,MODERATE_RISK,0.0,
BioSpread,AA679,0.2618924677371979,review,0,0.5957338511943817,0,LOW_RISK,0.0,
BioSpread,AF195,0.685414731502533,review,0,0.5433782041072845,0,MODERATE_RISK,0.0,
BioSpread,UNSEEN::AF862,0.2120136022567749,medium,0,0.6042929589748383,0,LOW_RISK,0.0,
BioSpread,UNSEEN::AG467,0.2121669501066208,medium,0,0.6039817333221436,0,LOW_RISK,0.0,
BioSpread,AE310,0.7429118156433105,review,0,0.5660869777202606,0,MODERATE_RISK,0.0,
BioSpread,AG007,0.6999437808990479,review,0,0.5454011857509613,0,MODERATE_RISK,0.0,
BioSpread,UNSEEN::AE891,0.21216735243797302,medium,0,0.6039808392524719,0,LOW_RISK,0.0,
BioSpread,AA661,0.7193666100502014,review,1,0.5591693818569183,0,MODERATE_RISK,0.0,
BioSpread,UNSEEN::AA396,0.21216821670532227,medium,0,0.6039789617061615,0,LOW_RISK,0.0,
BioSpread,UNSEEN::AE734,0.21228241920471191,medium,0,0.6037496626377106,0,LOW_RISK,0.0,
BioSpread,UNSEEN::AC938,0.21154357492923737,medium,0,0.6052786111831665,0,LOW_RISK,0.0,
BioSpread,UNSEEN::AB412,0.21149879693984985,medium,0,0.605419933795929,0,LOW_RISK,0.0,
BioSpread,UNSEEN::AF929,0.2118600755929947,medium,0,0.604651540517807,0,LOW_RISK,0.0,
BioSpread,UNSEEN::AB221,0.21216779947280884,medium,0,0.6039798557758331,0,LOW_RISK,0.0,
BioSpread,UNSEEN::AE669,0.21208806335926056,medium,0,0.604145735502243,0,LOW_RISK,0.0,
BioSpread,UNSEEN::AF002,0.21216602623462677,medium,0,0.6039832830429077,0,LOW_RISK,0.0,
BioSpread,AA093,0.5759235620498657,review,0,0.5366002917289734,0,MODERATE_RISK,0.0,
BioSpread,AD182,0.6237390041351318,review,1,0.5386758744716644,0,MODERATE_RISK,0.0,
BioSpread,UNSEEN::AA373,0.21201403439044952,medium,0,0.6042920649051666,0,LOW_RISK,0.0,
BioSpread,AG310,0.7316811084747314,review,0,0.5618854463100433,0,MODERATE_RISK,0.0,
BioSpread,UNSEEN::AA931,0.21216821670532227,medium,0,0.6039789617061615,0,LOW_RISK,0.0,
BioSpread,UNSEEN::AB486,0.21218906342983246,medium,0,0.6039562225341797,0,LOW_RISK,0.0,
BioSpread,UNSEEN::AF549,0.21185827255249023,medium,0,0.6046148240566254,0,LOW_RISK,0.0,
BioSpread,UNSEEN::AE883,0.21216821670532227,medium,0,0.6039789617061615,0,LOW_RISK,0.0,
BioSpread,UNSEEN::AE818,0.2107417732477188,medium,0,0.6070081293582916,0,LOW_RISK,0.0,
BioSpread,AB422,0.5934406518936157,review,0,0.5140439569950104,0,MODERATE_RISK,0.0,
BioSpread,AB793,0.6701747179031372,review,0,0.5367234349250793,0,MODERATE_RISK,0.0,
BioSpread,UNSEEN::AB545,0.21215488016605377,medium,0,0.6040066182613373,0,LOW_RISK,0.0,
BioSpread,AA269,0.7106761932373047,review,0,0.5524432957172394,0,MODERATE_RISK,0.0,
BioSpread,AF301,0.45235371589660645,review,0,0.5344362258911133,0,LOW_RISK,0.0,
BioSpread,UNSEEN::AF637,0.21158912777900696,medium,0,0.6052255928516388,0,LOW_RISK,0.0,
BioSpread,UNSEEN::AB748,0.21212545037269592,medium,0,0.6040419936180115,0,LOW_RISK,0.0,
BioSpread,AF462,0.7063021063804626,review,0,0.549257755279541,0,MODERATE_RISK,0.0,
BioSpread,AC601,0.6014341711997986,review,1,0.5161760151386261,0,MODERATE_RISK,0.0,
BioSpread,UNSEEN::AD984,0.21192032098770142,medium,0,0.6045339405536652,0,LOW_RISK,0.0,
BioSpread,UNSEEN::AC362,0.212127223610878,medium,0,0.6041349470615387,0,LOW_RISK,0.0,
BioSpread,UNSEEN::AC612,0.2121553122997284,medium,0,0.6040057241916656,0,LOW_RISK,0.0,
BioSpread,UNSEEN::AC657,0.21216821670532227,medium,0,0.6039789617061615,0,LOW_RISK,0.0,
BioSpread,UNSEEN::AB037,0.21138596534729004,medium,0,0.6057062149047852,0,LOW_RISK,0.0,
BioSpread,AC837,0.7444006204605103,review,0,0.5689803063869476,0,MODERATE_RISK,0.0,
BioSpread,UNSEEN::AF045,0.2121249884366989,medium,0,0.6040672957897186,0,LOW_RISK,0.0,
BioSpread,UNSEEN::AD986,0.21216821670532227,medium,0,0.6039789617061615,0,LOW_RISK,0.0,
BioSpread,AG647,0.639543354511261,review,0,0.5274576246738434,0,MODERATE_RISK,0.0,
BioSpread,AC801,0.22048169374465942,medium,0,0.6197210252285004,0,LOW_RISK,0.0,
BioSpread,AF310,0.5750116109848022,review,0,0.5367942452430725,0,MODERATE_RISK,0.0,
BioSpread,AD168,0.7340306043624878,review,1,0.5586384832859039,0,MODERATE_RISK,0.0,
BioSpread,UNSEEN::AF741,0.21197280287742615,medium,0,0.6043778657913208,0,LOW_RISK,0.0,
BioSpread,UNSEEN::AD622,0.21175788342952728,medium,0,0.6049454212188721,0,LOW_RISK,0.0,
BioSpread,UNSEEN::AE125,0.21206238865852356,medium,0,0.6041991114616394,0,LOW_RISK,0.0,
BioSpread,AD777,0.660895586013794,review,0,0.536167711019516,0,MODERATE_RISK,0.0,
BioSpread,UNSEEN::AB205,0.21201403439044952,medium,0,0.6042920649051666,0,LOW_RISK,0.0,
BioSpread,AB979,0.7326221466064453,review,1,0.5614161193370819,0,MODERATE_RISK,0.0,
BioSpread,UNSEEN::AF266,0.2121553122997284,medium,0,0.6040057241916656,0,LOW_RISK,0.0,
BioSpread,AB991,0.5103565454483032,review,0,0.5322909951210022,0,MODERATE_RISK,0.0,
BioSpread,UNSEEN::AD864,0.21205615997314453,medium,0,0.6042661368846893,0,LOW_RISK,0.0,
BioSpread,UNSEEN::AB853,0.2121686190366745,medium,0,0.6039780676364899,0,LOW_RISK,0.0,
BioSpread,UNSEEN::AB537,0.2105317860841751,medium,0,0.607725977897644,0,LOW_RISK,0.0,
BioSpread,UNSEEN::AG149,0.2121536284685135,medium,0,0.6040093898773193,0,LOW_RISK,0.0,
BioSpread,UNSEEN::AE140,0.21216779947280884,medium,0,0.6039798557758331,0,LOW_RISK,0.0,
BioSpread,AE027,0.7423902153968811,review,0,0.5663993060588837,0,MODERATE_RISK,0.0,
BioSpread,AC482,0.6264822483062744,review,0,0.5239686071872711,0,MODERATE_RISK,0.0,
BioSpread,AG092,0.7483744621276855,review,0,0.5702885091304779,0,MODERATE_RISK,0.0,
BioSpread,UNSEEN::AG439,0.21184317767620087,medium,0,0.6046408116817474,0,LOW_RISK,0.0,
BioSpread,AC008,0.7423034310340881,review,0,0.5642447173595428,0,MODERATE_RISK,0.0,
BioSpread,UNSEEN::AD437,0.21216779947280884,medium,0,0.6039798557758331,0,LOW_RISK,0.0,
BioSpread,AE878,0.5229445099830627,review,0,0.5080160796642303,0,MODERATE_RISK,0.0,
BioSpread,UNSEEN::AF874,0.21223248541355133,medium,0,0.6039065420627594,0,LOW_RISK,0.0,
BioSpread,UNSEEN::AD487,0.21217575669288635,medium,0,0.6039838492870331,0,LOW_RISK,0.0,
BioSpread,AA851,0.7469215989112854,review,1,0.5654431581497192,0,MODERATE_RISK,0.0,
BioSpread,UNSEEN::AG232,0.21216821670532227,medium,0,0.6039789617061615,0,LOW_RISK,0.0,
BioSpread,UNSEEN::AB074,0.2116653472185135,medium,0,0.6050342619419098,0,LOW_RISK,0.0,
BioSpread,UNSEEN::AD397,0.2121526449918747,medium,0,0.6040107011795044,0,LOW_RISK,0.0,
BioSpread,AA818,0.7415622472763062,review,1,0.5618104338645935,0,MODERATE_RISK,0.0,
BioSpread,UNSEEN::AA244,0.21216332912445068,medium,0,0.6040096580982208,0,LOW_RISK,0.0,
BioSpread,UNSEEN::AE180,0.21230868995189667,medium,0,0.6036950349807739,0,LOW_RISK,0.0,
BioSpread,UNSEEN::AE122,0.21201276779174805,medium,0,0.6042947769165039,0,LOW_RISK,0.0,
BioSpread,AA792,0.7436159253120422,review,0,0.5649010241031647,0,MODERATE_RISK,0.0,
BioSpread,AA955,0.7467890977859497,review,0,0.5704666376113892,0,MODERATE_RISK,0.0,
BioSpread,UNSEEN::AB994,0.2122001200914383,medium,0,0.6040464341640472,0,LOW_RISK,0.0,
BioSpread,AC996,0.6195956468582153,review,0,0.536260336637497,0,MODERATE_RISK,0.0,
BioSpread,AE361,0.22515757381916046,medium,0,0.6159539818763733,0,LOW_RISK,0.0,
BioSpread,UNSEEN::AF948,0.2121308594942093,medium,0,0.6040282249450684,0,LOW_RISK,0.0,
BioSpread,AA671,0.7339320778846741,review,0,0.5603954792022705,0,MODERATE_RISK,0.0,
BioSpread,AA425,0.7436969876289368,review,1,0.5647734105587006,0,MODERATE_RISK,0.0,
BioSpread,UNSEEN::AF099,0.21216383576393127,medium,0,0.60398730635643,0,LOW_RISK,0.0,
BioSpread,AF691,0.5548195242881775,review,0,0.518182247877121,0,MODERATE_RISK,0.0,
BioSpread,UNSEEN::AC159,0.21201317012310028,medium,0,0.6042939126491547,0,LOW_RISK,0.0,
BioSpread,UNSEEN::AF594,0.212021604180336,medium,0,0.6042971312999725,0,LOW_RISK,0.0,
BioSpread,UNSEEN::AE028,0.21222232282161713,medium,0,0.6039298176765442,0,LOW_RISK,0.0,
BioSpread,UNSEEN::AC363,0.21230827271938324,medium,0,0.6036959290504456,0,LOW_RISK,0.0,
BioSpread,AC297,0.7440794110298157,review,1,0.5656301975250244,0,MODERATE_RISK,0.0,
BioSpread,AF815,0.5683606266975403,review,0,0.5239726006984711,0,MODERATE_RISK,0.0,
BioSpread,AD730,0.1897772252559662,medium,0,0.6446071863174438,0,LOW_RISK,0.0,
BioSpread,UNSEEN::AA249,0.21230871975421906,medium,0,0.6036993265151978,0,LOW_RISK,0.0,
BioSpread,UNSEEN::AE694,0.2119300216436386,medium,0,0.6045145094394684,0,LOW_RISK,0.0,
BioSpread,UNSEEN::AA294,0.21226803958415985,medium,0,0.603779673576355,0,LOW_RISK,0.0,
BioSpread,UNSEEN::AH349,0.21216779947280884,medium,0,0.6039798557758331,0,LOW_RISK,0.0,
BioSpread,AB932,0.648682177066803,review,1,0.5284857451915741,0,MODERATE_RISK,0.0,
BioSpread,UNSEEN::AG472,0.21206988394260406,medium,0,0.604221373796463,0,LOW_RISK,0.0,
BioSpread,UNSEEN::AG056,0.2122763842344284,medium,0,0.60384801030159,0,LOW_RISK,0.0,
BioSpread,AD333,0.7153693437576294,review,0,0.549294114112854,0,MODERATE_RISK,0.0,
BioSpread,AD651,0.7427375316619873,review,0,0.5684818625450134,0,MODERATE_RISK,0.0,
BioSpread,AG640,0.7249724864959717,review,1,0.5538448989391327,0,MODERATE_RISK,0.0,
BioSpread,UNSEEN::AD789,0.21169552206993103,medium,0,0.6049715280532837,0,LOW_RISK,0.0,
BioSpread,AF697,0.3176790177822113,review,0,0.573419600725174,0,LOW_RISK,0.0,
BioSpread,UNSEEN::AF733,0.21200013160705566,medium,0,0.6043209433555603,0,LOW_RISK,0.0,
BioSpread,UNSEEN::AF933,0.21215449273586273,medium,0,0.6040075123310089,0,LOW_RISK,0.0,
BioSpread,AG970,0.7070055603981018,review,0,0.5497868657112122,0,MODERATE_RISK,0.0,
BioSpread,UNSEEN::AC092,0.212062805891037,medium,0,0.6042026281356812,0,LOW_RISK,0.0,
BioSpread,UNSEEN::AE217,0.2114293873310089,medium,0,0.6054910719394684,0,LOW_RISK,0.0,
BioSpread,UNSEEN::AE638,0.2119896560907364,medium,0,0.6043383181095123,0,LOW_RISK,0.0,
BioSpread,UNSEEN::AG178,0.2121540606021881,medium,0,0.6040084660053253,0,LOW_RISK,0.0,
BioSpread,AD650,0.7133700251579285,review,0,0.5581718385219574,0,MODERATE_RISK,0.0,
BioSpread,AH352,0.5229067206382751,review,0,0.5080134868621826,0,MODERATE_RISK,0.0,
BioSpread,UNSEEN::AA227,0.21216779947280884,medium,0,0.6039798557758331,0,LOW_RISK,0.0,
BioSpread,UNSEEN::AA878,0.2121553122997284,medium,0,0.6040057241916656,0,LOW_RISK,0.0,
BioSpread,UNSEEN::AA875,0.21216821670532227,medium,0,0.6039789617061615,0,LOW_RISK,0.0,
BioSpread,UNSEEN::AG459,0.21230868995189667,medium,0,0.6036950349807739,0,LOW_RISK,0.0,
BioSpread,AB724,0.741966962814331,review,1,0.5654438436031342,0,MODERATE_RISK,0.0,
BioSpread,UNSEEN::AF392,0.21216821670532227,medium,0,0.6039789617061615,0,LOW_RISK,0.0,
BioSpread,UNSEEN::AC384,0.2121894657611847,medium,0,0.6039553284645081,0,LOW_RISK,0.0,
BioSpread,UNSEEN::AB336,0.21213899552822113,medium,0,0.6040395200252533,0,LOW_RISK,0.0,
BioSpread,AA043,0.744544267654419,review,0,0.5644767582416534,0,MODERATE_RISK,0.0,
BioSpread,UNSEEN::AE389,0.2122461199760437,medium,0,0.6038780808448792,0,LOW_RISK,0.0,
BioSpread,AB535,0.6575580835342407,review,0,0.5348998308181763,0,MODERATE_RISK,0.0,
BioSpread,AE070,0.5892484188079834,review,0,0.5185385346412659,0,MODERATE_RISK,0.0,
BioSpread,UNSEEN::AF737,0.21174390614032745,medium,0,0.6048876941204071,0,LOW_RISK,0.0,
BioSpread,UNSEEN::AE017,0.21182404458522797,medium,0,0.60468789935112,0,LOW_RISK,0.0,
BioSpread,AD692,0.5282605290412903,review,0,0.517522931098938,0,MODERATE_RISK,0.0,
BioSpread,UNSEEN::AE584,0.21216516196727753,medium,0,0.6039848327636719,0,LOW_RISK,0.0,
BioSpread,UNSEEN::AD304,0.21214160323143005,medium,0,0.604043036699295,0,LOW_RISK,0.0,
BioSpread,AD384,0.7082282304763794,review,0,0.5561909079551697,0,MODERATE_RISK,0.0,
BioSpread,UNSEEN::AE894,0.21216779947280884,medium,0,0.6039798557758331,0,LOW_RISK,0.0,
BioSpread,UNSEEN::AG656,0.21216735243797302,medium,0,0.6039808392524719,0,LOW_RISK,0.0,
BioSpread,UNSEEN::AE587,0.21224598586559296,medium,0,0.6038704216480255,0,LOW_RISK,0.0,
BioSpread,UNSEEN::AG508,0.21216821670532227,medium,0,0.6039789617061615,0,LOW_RISK,0.0,
BioSpread,UNSEEN::AC777,0.2118435800075531,medium,0,0.6046398878097534,0,LOW_RISK,0.0,
BioSpread,AC638,0.6894397735595703,review,0,0.5469134747982025,0,MODERATE_RISK,0.0,
BioSpread,AH071,0.4648476243019104,review,0,0.5298942625522614,0,LOW_RISK,0.0,
BioSpread,UNSEEN::AH025,0.21185678243637085,medium,0,0.6046125292778015,0,LOW_RISK,0.0,
BioSpread,UNSEEN::AE794,0.21212764084339142,medium,0,0.6041339933872223,0,LOW_RISK,0.0,
BioSpread,UNSEEN::AA049,0.21205639839172363,medium,0,0.6042556166648865,0,LOW_RISK,0.0,
BioSpread,AC904,0.6626774668693542,review,0,0.5380561649799347,0,MODERATE_RISK,0.0,
BioSpread,AF415,0.6880185604095459,review,0,0.5334837436676025,0,MODERATE_RISK,0.0,
BioSpread,AD859,0.35125958919525146,review,1,0.5629155039787292,0,LOW_RISK,0.0,
BioSpread,UNSEEN::AE032,0.21216821670532227,medium,0,0.6039789617061615,0,LOW_RISK,0.0,
BioSpread,AA635,0.6429958343505859,review,0,0.5411162376403809,0,MODERATE_RISK,0.0,
BioSpread,UNSEEN::AF180,0.21223290264606476,medium,0,0.6039099991321564,0,LOW_RISK,0.0,
BioSpread,AA659,0.7049523591995239,review,1,0.5526013672351837,0,MODERATE_RISK,0.0,
BioSpread,UNSEEN::AF012,0.21180321276187897,medium,0,0.6047328114509583,0,LOW_RISK,0.0,
BioSpread,UNSEEN::AE691,0.21216809749603271,medium,0,0.6040647625923157,0,LOW_RISK,0.0,
BioSpread,UNSEEN::AB070,0.21230708062648773,medium,0,0.6036985814571381,0,LOW_RISK,0.0,
BioSpread,UNSEEN::AB764,0.21214419603347778,medium,0,0.6040005683898926,0,LOW_RISK,0.0,
BioSpread,UNSEEN::AF145,0.21215449273586273,medium,0,0.6040075123310089,0,LOW_RISK,0.0,
BioSpread,UNSEEN::AF766,0.21215449273586273,medium,0,0.6040075123310089,0,LOW_RISK,0.0,
BioSpread,AE433,0.4724222719669342,review,0,0.5011982619762421,0,LOW_RISK,0.0,
BioSpread,UNSEEN::AG869,0.21216821670532227,medium,0,0.6039789617061615,0,LOW_RISK,0.0,
BioSpread,UNSEEN::AE352,0.21216648817062378,medium,0,0.6039823293685913,0,LOW_RISK,0.0,
BioSpread,AF767,0.6536306738853455,review,0,0.5237185060977936,0,MODERATE_RISK,0.0,
BioSpread,UNSEEN::AE090,0.2120211124420166,medium,0,0.6043063998222351,0,LOW_RISK,0.0,
BioSpread,AD703,0.5103700160980225,review,0,0.5322908759117126,0,MODERATE_RISK,0.0,
BioSpread,UNSEEN::AD222,0.2121313214302063,medium,0,0.6040273010730743,0,LOW_RISK,0.0,
BioSpread,UNSEEN::AD979,0.21109583973884583,medium,0,0.6062595546245575,0,LOW_RISK,0.0,
BioSpread,UNSEEN::AE755,0.21228453516960144,medium,0,0.6037172675132751,0,LOW_RISK,0.0,
BioSpread,UNSEEN::AA119,0.21105104684829712,medium,0,0.6064493656158447,0,LOW_RISK,0.0,
BioSpread,AD277,0.6908247470855713,review,0,0.5382680892944336,0,MODERATE_RISK,0.0,
BioSpread,UNSEEN::AA053,0.21165065467357635,medium,0,0.6050931513309479,0,LOW_RISK,0.0,
BioSpread,UNSEEN::AH305,0.211986243724823,medium,0,0.6043498814105988,0,LOW_RISK,0.0,
BioSpread,UNSEEN::AF216,0.2121553122997284,medium,0,0.6040057241916656,0,LOW_RISK,0.0,
BioSpread,UNSEEN::AE500,0.21210522949695587,medium,0,0.6041642129421234,0,LOW_RISK,0.0,
BioSpread,AG157,0.26188015937805176,review,0,0.5957404971122742,0,LOW_RISK,0.0,
BioSpread,AF590,0.2618924677371979,review,0,0.5957338511943817,0,LOW_RISK,0.0,
BioSpread,AD705,0.1841815710067749,medium,0,0.6562545299530029,0,LOW_RISK,0.0,
BioSpread,UNSEEN::AH049,0.21230868995189667,medium,0,0.6036950349807739,0,LOW_RISK,0.0,
BioSpread,AD249,0.742478609085083,review,0,0.565328985452652,0,MODERATE_RISK,0.0,
BioSpread,AD591,0.661940336227417,review,0,0.5366687774658203,0,MODERATE_RISK,0.0,
BioSpread,UNSEEN::AA699,0.21203114092350006,medium,0,0.6043793261051178,0,LOW_RISK,0.0,
BioSpread,UNSEEN::AG968,0.21230827271938324,medium,0,0.6036959290504456,0,LOW_RISK,0.0,
BioSpread,UNSEEN::AE143,0.21230868995189667,medium,0,0.6036950349807739,0,LOW_RISK,0.0,
BioSpread,UNSEEN::AC274,0.2119988650083542,medium,0,0.6043237149715424,0,LOW_RISK,0.0,
BioSpread,UNSEEN::AC988,0.2121536284685135,medium,0,0.6040093898773193,0,LOW_RISK,0.0,
BioSpread,UNSEEN::AH481,0.21215848624706268,medium,0,0.6040529906749725,0,LOW_RISK,0.0,
BioSpread,UNSEEN::AF785,0.21216236054897308,medium,0,0.6040199100971222,0,LOW_RISK,0.0,
BioSpread,AG387,0.684321939945221,review,0,0.5430534183979034,0,MODERATE_RISK,0.0,
BioSpread,UNSEEN::AG013,0.212307870388031,medium,0,0.6036968231201172,0,LOW_RISK,0.0,
BioSpread,UNSEEN::AA415,0.21216562390327454,medium,0,0.6039842069149017,0,LOW_RISK,0.0,
BioSpread,AB566,0.3368985056877136,review,0,0.5495737791061401,0,LOW_RISK,0.0,
BioSpread,UNSEEN::AC283,0.2119833379983902,medium,0,0.6043496131896973,0,LOW_RISK,0.0,
BioSpread,UNSEEN::AH409,0.2121686190366745,medium,0,0.6039780676364899,0,LOW_RISK,0.0,
BioSpread,UNSEEN::AB265,0.21201317012310028,medium,0,0.6042939126491547,0,LOW_RISK,0.0,
BioSpread,UNSEEN::AE719,0.21185678243637085,medium,0,0.6046125292778015,0,LOW_RISK,0.0,
BioSpread,UNSEEN::AC841,0.21224182844161987,medium,0,0.6038342416286469,0,LOW_RISK,0.0,
BioSpread,AB110,0.7252153754234314,review,1,0.5551960170269012,0,MODERATE_RISK,0.0,
BioSpread,UNSEEN::AF461,0.21216821670532227,medium,0,0.6039789617061615,0,LOW_RISK,0.0,
BioSpread,AC195,0.7050503492355347,review,0,0.5467585027217865,0,MODERATE_RISK,0.0,
BioSpread,AD684,0.5729243159294128,review,0,0.5344809889793396,0,MODERATE_RISK,0.0,
BioSpread,UNSEEN::AE531,0.2121686190366745,medium,0,0.6039780676364899,0,LOW_RISK,0.0,
BioSpread,AD879,0.6742911338806152,review,0,0.5374722480773926,0,MODERATE_RISK,0.0,
BioSpread,UNSEEN::AC634,0.2121686190366745,medium,0,0.6039780676364899,0,LOW_RISK,0.0,
BioSpread,UNSEEN::AF475,0.21211501955986023,medium,0,0.6040895581245422,0,LOW_RISK,0.0,
BioSpread,UNSEEN::AH334,0.21201276779174805,medium,0,0.6042947769165039,0,LOW_RISK,0.0,
BioSpread,UNSEEN::AC252,0.21198442578315735,medium,0,0.6044008731842041,0,LOW_RISK,0.0,
BioSpread,UNSEEN::AD905,0.21215903759002686,medium,0,0.6039965748786926,0,LOW_RISK,0.0,
BioSpread,UNSEEN::AB917,0.21179744601249695,medium,0,0.6047846376895905,0,LOW_RISK,0.0,
BioSpread,UNSEEN::AC240,0.21216292679309845,medium,0,0.6039888560771942,0,LOW_RISK,0.0,
BioSpread,UNSEEN::AF858,0.2120136022567749,medium,0,0.6042929589748383,0,LOW_RISK,0.0,
BioSpread,AC302,0.7455995082855225,review,0,0.5682046711444855,0,MODERATE_RISK,0.0,
BioSpread,UNSEEN::AC332,0.21199849247932434,medium,0,0.6043882668018341,0,LOW_RISK,0.0,
BioSpread,AC838,0.6833613514900208,review,0,0.5520423054695129,0,MODERATE_RISK,0.0,
BioSpread,AB655,0.5277169942855835,review,0,0.5017721652984619,0,MODERATE_RISK,0.0,
BioSpread,UNSEEN::AH087,0.21205644309520721,medium,0,0.6042492985725403,0,LOW_RISK,0.0,
BioSpread,AB431,0.26196619868278503,review,0,0.5956941843032837,0,LOW_RISK,0.0,
BioSpread,UNSEEN::AA592,0.21168312430381775,medium,0,0.6050966382026672,0,LOW_RISK,0.0,
BioSpread,AE697,0.5134044289588928,review,1,0.5231198370456696,0,MODERATE_RISK,0.0,
BioSpread,UNSEEN::AF722,0.21207676827907562,medium,0,0.6041404008865356,0,LOW_RISK,0.0,
BioSpread,AD338,0.6432202458381653,review,0,0.5435492396354675,0,MODERATE_RISK,0.0,
BioSpread,UNSEEN::AD167,0.21075962483882904,medium,0,0.6070752143859863,0,LOW_RISK,0.0,
BioSpread,AE982,0.4545791447162628,review,1,0.5297407805919647,0,LOW_RISK,0.0,
BioSpread,UNSEEN::AG973,0.21216779947280884,medium,0,0.6039798557758331,0,LOW_RISK,0.0,
BioSpread,AC738,0.62248295545578,review,0,0.5169148147106171,0,MODERATE_RISK,0.0,
BioSpread,UNSEEN::AG161,0.21230708062648773,medium,0,0.6036985814571381,0,LOW_RISK,0.0,
BioSpread,UNSEEN::AB035,0.21208910644054413,medium,0,0.6041972041130066,0,LOW_RISK,0.0,
BioSpread,UNSEEN::AF555,0.2121553122997284,medium,0,0.6040057241916656,0,LOW_RISK,0.0,
BioSpread,UNSEEN::AC448,0.21201276779174805,medium,0,0.6042947769165039,0,LOW_RISK,0.0,
BioSpread,AE178,0.5738570690155029,review,0,0.5152247548103333,0,MODERATE_RISK,0.0,
BioSpread,AG606,0.5104241967201233,review,0,0.5322903096675873,0,MODERATE_RISK,0.0,
BioSpread,UNSEEN::AG807,0.21229390799999237,medium,0,0.6037259101867676,0,LOW_RISK,0.0,
BioSpread,UNSEEN::AD376,0.21215488016605377,medium,0,0.6040066182613373,0,LOW_RISK,0.0,
BioSpread,AE793,0.5307713150978088,review,1,0.5184856355190277,0,MODERATE_RISK,0.0,
BioSpread,UNSEEN::AG771,0.21216730773448944,medium,0,0.603980541229248,0,LOW_RISK,0.0,
BioSpread,AA895,0.7139573097229004,review,0,0.5439043343067169,0,MODERATE_RISK,0.0,
BioSpread,AA183,0.7466870546340942,review,1,0.5708610117435455,0,MODERATE_RISK,0.0,
BioSpread,AH193,0.2618432939052582,review,0,0.595760315656662,0,LOW_RISK,0.0,
BioSpread,AC477,0.7122222781181335,review,0,0.5441775619983673,0,MODERATE_RISK,0.0,
BioSpread,AA407,0.7391259074211121,review,0,0.56061190366745,0,MODERATE_RISK,0.0,
BioSpread,AD396,0.26188015937805176,review,0,0.5957404971122742,0,LOW_RISK,0.0,
BioSpread,AG017,0.5226801633834839,review,0,0.5079980194568634,0,MODERATE_RISK,0.0,
BioSpread,AC259,0.7443647384643555,review,0,0.566939502954483,0,MODERATE_RISK,0.0,
BioSpread,AA560,0.7406927347183228,review,0,0.5649044215679169,0,MODERATE_RISK,0.0,
BioSpread,UNSEEN::AC306,0.21216735243797302,medium,0,0.6039808392524719,0,LOW_RISK,0.0,
BioSpread,UNSEEN::AC728,0.21128962934017181,medium,0,0.6058421432971954,0,LOW_RISK,0.0,
BioSpread,AD802,0.6856655478477478,review,0,0.5437781810760498,0,MODERATE_RISK,0.0,
BioSpread,UNSEEN::AB016,0.21218480169773102,medium,0,0.6039857566356659,0,LOW_RISK,0.0,
BioSpread,UNSEEN::AA867,0.2121669501066208,medium,0,0.6039817333221436,0,LOW_RISK,0.0,
BioSpread,UNSEEN::AH255,0.21216779947280884,medium,0,0.6039798557758331,0,LOW_RISK,0.0,
BioSpread,UNSEEN::AB900,0.21176156401634216,medium,0,0.604884684085846,0,LOW_RISK,0.0,
BioSpread,UNSEEN::AB424,0.2121553122997284,medium,0,0.6040057241916656,0,LOW_RISK,0.0,
BioSpread,AA693,0.5959095358848572,review,0,0.5199719071388245,0,MODERATE_RISK,0.0,
BioSpread,UNSEEN::AB180,0.21175943315029144,medium,0,0.6049288213253021,0,LOW_RISK,0.0,
BioSpread,UNSEEN::AG166,0.21216735243797302,medium,0,0.6039808392524719,0,LOW_RISK,0.0,
BioSpread,UNSEEN::AF603,0.2121446430683136,medium,0,0.6039995849132538,0,LOW_RISK,0.0,
BioSpread,AD610,0.37572863698005676,review,0,0.5691367387771606,0,LOW_RISK,0.0,
BioSpread,UNSEEN::AE598,0.21229471266269684,medium,0,0.6037241518497467,0,LOW_RISK,0.0,
BioSpread,AG059,0.5104106664657593,review,0,0.5322904288768768,0,MODERATE_RISK,0.0,
BioSpread,UNSEEN::AD981,0.2121686190366745,medium,0,0.6039780676364899,0,LOW_RISK,0.0,
BioSpread,AD142,0.6233534812927246,review,0,0.5187847316265106,0,MODERATE_RISK,0.0,
BioSpread,UNSEEN::AB294,0.21214379370212555,medium,0,0.6040014624595642,0,LOW_RISK,0.0,
BioSpread,AC760,0.6575727462768555,review,0,0.5349054634571075,0,MODERATE_RISK,0.0,
BioSpread,UNSEEN::AG876,0.21230746805667877,medium,0,0.6036976873874664,0,LOW_RISK,0.0,
BioSpread,UNSEEN::AE176,0.21191124618053436,medium,0,0.604544073343277,0,LOW_RISK,0.0,
BioSpread,AB985,0.5717584490776062,review,0,0.5152387022972107,0,MODERATE_RISK,0.0,
BioSpread,AE281,0.6742807626724243,review,0,0.5374671816825867,0,MODERATE_RISK,0.0,
BioSpread,UNSEEN::AG342,0.21216735243797302,medium,0,0.6039808392524719,0,LOW_RISK,0.0,
BioSpread,UNSEEN::AE688,0.21081513166427612,medium,0,0.6069773137569427,0,LOW_RISK,0.0,
BioSpread,UNSEEN::AF411,0.21180278062820435,medium,0,0.6048116385936737,0,LOW_RISK,0.0,
BioSpread,UNSEEN::AG486,0.21199838817119598,medium,0,0.6043243706226349,0,LOW_RISK,0.0,
BioSpread,UNSEEN::AB145,0.21222124993801117,medium,0,0.6039349138736725,0,LOW_RISK,0.0,
BioSpread,AH271,0.7229558229446411,review,0,0.5581793785095215,0,MODERATE_RISK,0.0,
BioSpread,AA336,0.7475587129592896,review,1,0.5705872476100922,0,MODERATE_RISK,0.0,
BioSpread,UNSEEN::AG930,0.21201276779174805,medium,0,0.6042947769165039,0,LOW_RISK,0.0,
BioSpread,UNSEEN::AH179,0.2121686190366745,medium,0,0.6039780676364899,0,LOW_RISK,0.0,
BioSpread,AD138,0.2618924677371979,review,0,0.5957338511943817,0,LOW_RISK,0.0,
BioSpread,UNSEEN::AG239,0.2119131088256836,medium,0,0.6045408546924591,0,LOW_RISK,0.0,
BioSpread,UNSEEN::AC985,0.2122199684381485,medium,0,0.6039289236068726,0,LOW_RISK,0.0,
BioSpread,AA730,0.3510517477989197,review,0,0.5598383247852325,0,LOW_RISK,0.0,
BioSpread,AC498,0.5741174221038818,review,0,0.5150898694992065,0,MODERATE_RISK,0.0,
BioSpread,AD385,0.7005491256713867,review,0,0.5415410697460175,0,MODERATE_RISK,0.0,
BioSpread,UNSEEN::AF444,0.21221065521240234,medium,0,0.6039356589317322,0,LOW_RISK,0.0,
BioSpread,AG769,0.26196619868278503,review,0,0.5956941843032837,0,LOW_RISK,0.0,
BioSpread,UNSEEN::AA587,0.21155503392219543,medium,0,0.6053394675254822,0,LOW_RISK,0.0,
BioSpread,UNSEEN::AF718,0.21213622391223907,medium,0,0.604078620672226,0,LOW_RISK,0.0,
BioSpread,AA009,0.6940004229545593,review,0,0.5346214771270752,0,MODERATE_RISK,0.0,
BioSpread,UNSEEN::AG685,0.212307870388031,medium,0,0.6036968231201172,0,LOW_RISK,0.0,
BioSpread,UNSEEN::AD473,0.21201317012310028,medium,0,0.6042939126491547,0,LOW_RISK,0.0,
BioSpread,AC978,0.7502503395080566,review,1,0.5781338810920715,0,MODERATE_RISK,0.0,
BioSpread,AE538,0.7270113229751587,review,1,0.5631061792373657,0,MODERATE_RISK,0.0,
BioSpread,UNSEEN::AH433,0.21216779947280884,medium,0,0.6039798557758331,0,LOW_RISK,0.0,
BioSpread,AC516,0.6934347152709961,review,0,0.5457311272621155,0,MODERATE_RISK,0.0,
BioSpread,AE038,0.5650801658630371,review,0,0.535711020231247,0,MODERATE_RISK,0.0,
BioSpread,UNSEEN::AC648,0.212127223610878,medium,0,0.6041349470615387,0,LOW_RISK,0.0,
BioSpread,UNSEEN::AH288,0.21230746805667877,medium,0,0.6036976873874664,0,LOW_RISK,0.0,
BioSpread,AD640,0.2619539201259613,review,0,0.5957008302211761,0,LOW_RISK,0.0,
BioSpread,UNSEEN::AG552,0.21198537945747375,medium,0,0.6043517887592316,0,LOW_RISK,0.0,
BioSpread,AA842,0.7462611794471741,review,1,0.5646297037601471,0,MODERATE_RISK,0.0,
BioSpread,UNSEEN::AB953,0.21216562390327454,medium,0,0.6039842069149017,0,LOW_RISK,0.0,
BioSpread,UNSEEN::AA277,0.20418286323547363,medium,0,0.6425526738166809,0,LOW_RISK,0.0,
BioSpread,AB883,0.6829420328140259,review,0,0.5332283675670624,0,MODERATE_RISK,0.0,
BioSpread,UNSEEN::AB833,0.21097885072231293,medium,0,0.6064329445362091,0,LOW_RISK,0.0,
BioSpread,AA473,0.7429682612419128,review,1,0.5629697740077972,0,MODERATE_RISK,0.0,
BioSpread,AD316,0.7069714665412903,review,0,0.546631783246994,0,MODERATE_RISK,0.0,
BioSpread,AD370,0.7144583463668823,review,0,0.5575369298458099,0,MODERATE_RISK,0.0,
BioSpread,UNSEEN::AE892,0.21216779947280884,medium,0,0.6039798557758331,0,LOW_RISK,0.0,
BioSpread,UNSEEN::AE861,0.21216821670532227,medium,0,0.6039789617061615,0,LOW_RISK,0.0,
BioSpread,UNSEEN::AC020,0.2121308594942093,medium,0,0.6040282249450684,0,LOW_RISK,0.0,
BioSpread,UNSEEN::AG493,0.2121056318283081,medium,0,0.6041633188724518,0,LOW_RISK,0.0,
BioSpread,UNSEEN::AB377,0.21230827271938324,medium,0,0.6036959290504456,0,LOW_RISK,0.0,
BioSpread,UNSEEN::AE859,0.21230827271938324,medium,0,0.6036959290504456,0,LOW_RISK,0.0,
BioSpread,UNSEEN::AE239,0.21209223568439484,medium,0,0.604191243648529,0,LOW_RISK,0.0,
BioSpread,UNSEEN::AF410,0.21172787249088287,medium,0,0.6049204766750336,0,LOW_RISK,0.0,
BioSpread,UNSEEN::AA505,0.21199475228786469,medium,0,0.6043574512004852,0,LOW_RISK,0.0,
BioSpread,AG373,0.18449105322360992,medium,0,0.6553558707237244,0,LOW_RISK,0.0,
BioSpread,UNSEEN::AE496,0.21216779947280884,medium,0,0.6039798557758331,0,LOW_RISK,0.0,
BioSpread,UNSEEN::AG170,0.21216779947280884,medium,0,0.6039798557758331,0,LOW_RISK,0.0,
BioSpread,AF727,0.5103159546852112,review,0,0.5322914123535156,0,MODERATE_RISK,0.0,
BioSpread,UNSEEN::AA649,0.21164359152317047,medium,0,0.6051486730575562,0,LOW_RISK,0.0,
BioSpread,UNSEEN::AH085,0.2121540606021881,medium,0,0.6040084660053253,0,LOW_RISK,0.0,
BioSpread,AB923,0.7475509643554688,review,0,0.568247377872467,0,MODERATE_RISK,0.0,
BioSpread,UNSEEN::AB396,0.21216735243797302,medium,0,0.6039808392524719,0,LOW_RISK,0.0,
BioSpread,UNSEEN::AE416,0.21215231716632843,medium,0,0.6040118634700775,0,LOW_RISK,0.0,
BioSpread,UNSEEN::AG648,0.21211545169353485,medium,0,0.6040886044502258,0,LOW_RISK,0.0,
BioSpread,AF176,0.6353338360786438,review,0,0.5392067730426788,0,MODERATE_RISK,0.0,
BioSpread,AD614,0.6397222280502319,review,0,0.5403405129909515,0,MODERATE_RISK,0.0,
BioSpread,UNSEEN::AA122,0.21075400710105896,medium,0,0.6070454716682434,0,LOW_RISK,0.0,
BioSpread,AE602,0.6505285501480103,review,0,0.5238053798675537,0,MODERATE_RISK,0.0,
BioSpread,UNSEEN::AD320,0.21216735243797302,medium,0,0.6039808392524719,0,LOW_RISK,0.0,
BioSpread,UNSEEN::AF565,0.21214379370212555,medium,0,0.6040014624595642,0,LOW_RISK,0.0,
BioSpread,UNSEEN::AE058,0.21206538379192352,medium,0,0.6042470932006836,0,LOW_RISK,0.0,
BioSpread,UNSEEN::AB558,0.21181003749370575,medium,0,0.6048131585121155,0,LOW_RISK,0.0,
BioSpread,AA184,0.7448631525039673,review,1,0.5651082396507263,0,MODERATE_RISK,0.0,
BioSpread,AC573,0.57259601354599,review,0,0.5153508484363556,0,MODERATE_RISK,0.0,
BioSpread,UNSEEN::AD573,0.2121313214302063,medium,0,0.6040273010730743,0,LOW_RISK,0.0,
BioSpread,UNSEEN::AH185,0.2121669501066208,medium,0,0.6039817333221436,0,LOW_RISK,0.0,
BioSpread,AA304,0.7338864803314209,review,1,0.5540683269500732,0,MODERATE_RISK,0.0,
BioSpread,AC562,0.7408703565597534,review,0,0.5596410930156708,0,MODERATE_RISK,0.0,
BioSpread,UNSEEN::AB140,0.21216735243797302,medium,0,0.6039808392524719,0,LOW_RISK,0.0,
BioSpread,UNSEEN::AF373,0.21230746805667877,medium,0,0.6036976873874664,0,LOW_RISK,0.0,
BioSpread,AB397,0.7122023105621338,review,0,0.5523616671562195,0,MODERATE_RISK,0.0,
BioSpread,UNSEEN::AB499,0.21199969947338104,medium,0,0.6043218672275543,0,LOW_RISK,0.0,
BioSpread,UNSEEN::AG371,0.21183595061302185,medium,0,0.6046544909477234,0,LOW_RISK,0.0,
BioSpread,AA626,0.712608277797699,review,1,0.549361526966095,0,MODERATE_RISK,0.0,
BioSpread,UNSEEN::AD951,0.21212828159332275,medium,0,0.6040619611740112,0,LOW_RISK,0.0,
BioSpread,AB659,0.5678794980049133,review,0,0.5140983462333679,0,MODERATE_RISK,0.0,
BioSpread,UNSEEN::AE442,0.21216821670532227,medium,0,0.6039789617061615,0,LOW_RISK,0.0,
BioSpread,UNSEEN::AH153,0.2121686190366745,medium,0,0.6039780676364899,0,LOW_RISK,0.0,
BioSpread,UNSEEN::AC265,0.21198095381259918,medium,0,0.6044499576091766,0,LOW_RISK,0.0,
BioSpread,UNSEEN::AH389,0.21216779947280884,medium,0,0.6039798557758331,0,LOW_RISK,0.0,
BioSpread,UNSEEN::AA715,0.2121420055627823,medium,0,0.6040333807468414,0,LOW_RISK,0.0,
BioSpread,AE971,0.7418597340583801,review,0,0.5663864016532898,0,MODERATE_RISK,0.0,
BioSpread,AG253,0.7136986255645752,review,0,0.549581915140152,0,MODERATE_RISK,0.0,
BioSpread,UNSEEN::AE990,0.21225965023040771,medium,0,0.6038419008255005,0,LOW_RISK,0.0,
BioSpread,AF090,0.6558365821838379,review,0,0.5480226576328278,0,MODERATE_RISK,0.0,
BioSpread,AG529,0.26218774914741516,review,0,0.5956105291843414,0,LOW_RISK,0.0,
BioSpread,UNSEEN::AD459,0.21210522949695587,medium,0,0.6041642129421234,0,LOW_RISK,0.0,
BioSpread,AF516,0.6330001950263977,review,0,0.5139370858669281,0,MODERATE_RISK,0.0,
BioSpread,UNSEEN::AG977,0.2121536284685135,medium,0,0.6040093898773193,0,LOW_RISK,0.0,
BioSpread,AC623,0.715240478515625,review,1,0.5579557716846466,0,MODERATE_RISK,0.0,
BioSpread,AD797,0.26188015937805176,review,0,0.5957404971122742,0,LOW_RISK,0.0,
BioSpread,AE082,0.7401806712150574,review,0,0.5649043321609497,0,MODERATE_RISK,0.0,
BioSpread,UNSEEN::AC068,0.21129503846168518,medium,0,0.6057901084423065,0,LOW_RISK,0.0,
BioSpread,UNSEEN::AD668,0.21216735243797302,medium,0,0.6039808392524719,0,LOW_RISK,0.0,
BioSpread,AE330,0.685957670211792,review,0,0.544028103351593,0,MODERATE_RISK,0.0,
BioSpread,UNSEEN::AG871,0.21216735243797302,medium,0,0.6039808392524719,0,LOW_RISK,0.0,
BioSpread,UNSEEN::AH115,0.21213892102241516,medium,0,0.6040392518043518,0,LOW_RISK,0.0,
BioSpread,UNSEEN::AC027,0.2115286886692047,medium,0,0.6053276658058167,0,LOW_RISK,0.0,
BioSpread,UNSEEN::AF895,0.21214978396892548,medium,0,0.6041089296340942,0,LOW_RISK,0.0,
BioSpread,UNSEEN::AH142,0.21216779947280884,medium,0,0.6039798557758331,0,LOW_RISK,0.0,
BioSpread,UNSEEN::AF202,0.2121669501066208,medium,0,0.6039817333221436,0,LOW_RISK,0.0,
BioSpread,UNSEEN::AC704,0.2119588553905487,medium,0,0.604406476020813,0,LOW_RISK,0.0,
BioSpread,AD318,0.6111801266670227,review,0,0.5182538628578186,0,MODERATE_RISK,0.0,
BioSpread,AA827,0.7448451519012451,review,1,0.5647625625133514,0,MODERATE_RISK,0.0,
BioSpread,UNSEEN::AE115,0.21218977868556976,medium,0,0.6039628088474274,0,LOW_RISK,0.0,
BioSpread,UNSEEN::AE349,0.21216779947280884,medium,0,0.6039798557758331,0,LOW_RISK,0.0,
BioSpread,AA209,0.7077794671058655,review,0,0.5342337191104889,0,MODERATE_RISK,0.0,
BioSpread,AE729,0.629757285118103,review,0,0.5347570776939392,0,MODERATE_RISK,0.0,
BioSpread,UNSEEN::AE478,0.21148435771465302,medium,0,0.605450302362442,0,LOW_RISK,0.0,
BioSpread,UNSEEN::AA054,0.2117626667022705,medium,0,0.6049014925956726,0,LOW_RISK,0.0,
BioSpread,AB607,0.6146125197410583,review,0,0.5312139689922333,0,MODERATE_RISK,0.0,
BioSpread,AF706,0.7320233583450317,review,1,0.559135377407074,0,MODERATE_RISK,0.0,
BioSpread,UNSEEN::AG598,0.21230746805667877,medium,0,0.6036976873874664,0,LOW_RISK,0.0,
BioSpread,AA770,0.7457262277603149,review,0,0.5668500065803528,0,MODERATE_RISK,0.0,
BioSpread,UNSEEN::AF517,0.21216821670532227,medium,0,0.6039789617061615,0,LOW_RISK,0.0,
BioSpread,AD537,0.6275120377540588,review,0,0.5220532417297363,0,MODERATE_RISK,0.0,
BioSpread,UNSEEN::AG466,0.2121669501066208,medium,0,0.6039817333221436,0,LOW_RISK,0.0,
BioSpread,AA919,0.7468324303627014,review,1,0.5698627531528473,0,MODERATE_RISK,0.0,
BioSpread,UNSEEN::AA706,0.2121686190366745,medium,0,0.6039780676364899,0,LOW_RISK,0.0,
BioSpread,AD255,0.6781849265098572,review,0,0.5405691266059875,0,MODERATE_RISK,0.0,
BioSpread,AC605,0.585128664970398,review,0,0.5173006653785706,0,MODERATE_RISK,0.0,
BioSpread,UNSEEN::AG702,0.21160076558589935,medium,0,0.6052247285842896,0,LOW_RISK,0.0,
BioSpread,UNSEEN::AE787,0.21132297813892365,medium,0,0.6059274673461914,0,LOW_RISK,0.0,
BioSpread,UNSEEN::AB043,0.21016588807106018,medium,0,0.6084386706352234,0,LOW_RISK,0.0,
BioSpread,AB632,0.699884831905365,review,0,0.539476752281189,0,MODERATE_RISK,0.0,
BioSpread,AG910,0.5670092105865479,review,0,0.5141045451164246,0,MODERATE_RISK,0.0,
BioSpread,UNSEEN::AA377,0.21711578965187073,review,0,0.5997115671634674,0,LOW_RISK,0.0,
BioSpread,AB785,0.7291921973228455,review,0,0.5559183061122894,0,MODERATE_RISK,0.0,
BioSpread,AE588,0.6893298625946045,review,0,0.5386609137058258,0,MODERATE_RISK,0.0,
BioSpread,AE880,0.19003748893737793,medium,0,0.6482301652431488,0,LOW_RISK,0.0,
BioSpread,UNSEEN::AF987,0.21206988394260406,medium,0,0.604221373796463,0,LOW_RISK,0.0,
BioSpread,UNSEEN::AE414,0.2121686190366745,medium,0,0.6039780676364899,0,LOW_RISK,0.0,
BioSpread,UNSEEN::AH139,0.2121553122997284,medium,0,0.6040057241916656,0,LOW_RISK,0.0,
BioSpread,AH125,0.26192933320999146,review,0,0.5957140326499939,0,LOW_RISK,0.0,
BioSpread,AG784,0.5109654664993286,review,0,0.5323600769042969,0,MODERATE_RISK,0.0,
BioSpread,AC807,0.708250880241394,review,0,0.5509419143199921,0,MODERATE_RISK,0.0,
BioSpread,UNSEEN::AG557,0.21201276779174805,medium,0,0.6042947769165039,0,LOW_RISK,0.0,
BioSpread,UNSEEN::AE285,0.21182949841022491,medium,0,0.6046692132949829,0,LOW_RISK,0.0,
BioSpread,UNSEEN::AH252,0.21230708062648773,medium,0,0.6036985814571381,0,LOW_RISK,0.0,
BioSpread,UNSEEN::AB327,0.212307870388031,medium,0,0.6036968231201172,0,LOW_RISK,0.0,
BioSpread,UNSEEN::AF376,0.2118430882692337,medium,0,0.6047172546386719,0,LOW_RISK,0.0,
BioSpread,UNSEEN::AF978,0.21215449273586273,medium,0,0.6040075123310089,0,LOW_RISK,0.0,
BioSpread,UNSEEN::AC214,0.2119152992963791,medium,0,0.6045559644699097,0,LOW_RISK,0.0,
BioSpread,UNSEEN::AG316,0.2121446430683136,medium,0,0.6039995849132538,0,LOW_RISK,0.0,
BioSpread,AD677,0.6970311403274536,review,0,0.545557051897049,0,MODERATE_RISK,0.0,
BioSpread,AG749,0.26188015937805176,review,0,0.5957404971122742,0,LOW_RISK,0.0,
BioSpread,UNSEEN::AC430,0.21201276779174805,medium,0,0.6042947769165039,0,LOW_RISK,0.0,
BioSpread,AB856,0.6843419075012207,review,0,0.5430642068386078,0,MODERATE_RISK,0.0,
BioSpread,UNSEEN::AB194,0.21201638877391815,medium,0,0.6043506562709808,0,LOW_RISK,0.0,
BioSpread,UNSEEN::AG745,0.2119012475013733,medium,0,0.6045657396316528,0,LOW_RISK,0.0,
BioSpread,AA723,0.6138438582420349,review,0,0.5334300398826599,0,MODERATE_RISK,0.0,
BioSpread,AE316,0.6892814636230469,review,0,0.5459608137607574,0,MODERATE_RISK,0.0,
BioSpread,UNSEEN::AE278,0.2121894657611847,medium,0,0.6039553284645081,0,LOW_RISK,0.0,
BioSpread,UNSEEN::AB113,0.21164463460445404,medium,0,0.605145126581192,0,LOW_RISK,0.0,
BioSpread,UNSEEN::AA802,0.21216821670532227,medium,0,0.6039789617061615,0,LOW_RISK,0.0,
BioSpread,UNSEEN::AD210,0.21216735243797302,medium,0,0.6039808392524719,0,LOW_RISK,0.0,
BioSpread,UNSEEN::AA179,0.2101510912179947,medium,0,0.6138874888420105,0,LOW_RISK,0.0,
BioSpread,UNSEEN::AA819,0.2105306088924408,medium,0,0.6074622869491577,0,LOW_RISK,0.0,
BioSpread,AB623,0.2619416117668152,review,0,0.5957074463367462,0,LOW_RISK,0.0,
BioSpread,UNSEEN::AG726,0.21182511746883392,medium,0,0.6047736704349518,0,LOW_RISK,0.0,
BioSpread,UNSEEN::AF242,0.21214419603347778,medium,0,0.6040005683898926,0,LOW_RISK,0.0,
BioSpread,AD678,0.7063043713569641,review,0,0.5492592453956604,0,MODERATE_RISK,0.0,
BioSpread,AA026,0.7491363286972046,review,1,0.5717887878417969,0,MODERATE_RISK,0.0,
BioSpread,UNSEEN::AB115,0.21216779947280884,medium,0,0.6039798557758331,0,LOW_RISK,0.0,
BioSpread,UNSEEN::AC164,0.21199969947338104,medium,0,0.6043218672275543,0,LOW_RISK,0.0,
BioSpread,UNSEEN::AF316,0.2121046781539917,medium,0,0.6040826141834259,0,LOW_RISK,0.0,
BioSpread,AE257,0.7092511057853699,review,0,0.5546719133853912,0,MODERATE_RISK,0.0,
BioSpread,AA430,0.6804984211921692,review,0,0.5310567021369934,0,MODERATE_RISK,0.0,
BioSpread,AD916,0.5651480555534363,review,0,0.5355360507965088,0,MODERATE_RISK,0.0,
BioSpread,UNSEEN::AD482,0.21126754581928253,medium,0,0.6059163212776184,0,LOW_RISK,0.0,
BioSpread,UNSEEN::AG052,0.21217621862888336,medium,0,0.6039829254150391,0,LOW_RISK,0.0,
BioSpread,UNSEEN::AE654,0.2121686190366745,medium,0,0.6039780676364899,0,LOW_RISK,0.0,
BioSpread,AF716,0.7084875702857971,review,0,0.5483361482620239,0,MODERATE_RISK,0.0,
BioSpread,UNSEEN::AE798,0.2121686190366745,medium,0,0.6039780676364899,0,LOW_RISK,0.0,
BioSpread,UNSEEN::AD205,0.21230576932430267,medium,0,0.6037010550498962,0,LOW_RISK,0.0,
BioSpread,UNSEEN::AB689,0.2107832133769989,medium,0,0.6069813966751099,0,LOW_RISK,0.0,
BioSpread,AE508,0.6826599836349487,review,0,0.54355189204216,0,MODERATE_RISK,0.0,
BioSpread,UNSEEN::AB328,0.21215449273586273,medium,0,0.6040075123310089,0,LOW_RISK,0.0,
BioSpread,UNSEEN::AC142,0.21216779947280884,medium,0,0.6039798557758331,0,LOW_RISK,0.0,
BioSpread,AC199,0.7366369366645813,review,0,0.5644507110118866,0,MODERATE_RISK,0.0,
BioSpread,AG037,0.261867880821228,review,0,0.5957471132278442,0,LOW_RISK,0.0,
BioSpread,AB859,0.7068400382995605,review,1,0.552043080329895,0,MODERATE_RISK,0.0,
BioSpread,UNSEEN::AB370,0.21214379370212555,medium,0,0.6040014624595642,0,LOW_RISK,0.0,
BioSpread,UNSEEN::AA554,0.2100486159324646,medium,0,0.6085480153560638,0,LOW_RISK,0.0,
BioSpread,AD000,0.7102929353713989,review,0,0.5481248795986176,0,MODERATE_RISK,0.0,
BioSpread,UNSEEN::AC418,0.211959570646286,medium,0,0.6044948399066925,0,LOW_RISK,0.0,
BioSpread,AG290,0.5538433790206909,review,0,0.5182749330997467,0,MODERATE_RISK,0.0,
BioSpread,UNSEEN::AG028,0.21216735243797302,medium,0,0.6039808392524719,0,LOW_RISK,0.0,
BioSpread,UNSEEN::AF488,0.21196794509887695,medium,0,0.60448157787323,0,LOW_RISK,0.0,
BioSpread,UNSEEN::AB178,0.21216779947280884,medium,0,0.6039798557758331,0,LOW_RISK,0.0,
BioSpread,AE124,0.6578091979026794,review,0,0.5365297794342041,0,MODERATE_RISK,0.0,
BioSpread,UNSEEN::AC094,0.2120005488395691,medium,0,0.6043200492858887,0,LOW_RISK,0.0,
BioSpread,AB756,0.7477095723152161,review,1,0.5685896277427673,0,MODERATE_RISK,0.0,
BioSpread,UNSEEN::AG743,0.212197408080101,medium,0,0.6039632558822632,0,LOW_RISK,0.0,
BioSpread,UNSEEN::AD056,0.21200783550739288,medium,0,0.6043039262294769,0,LOW_RISK,0.0,
BioSpread,AD150,0.646004319190979,review,0,0.5420562028884888,0,MODERATE_RISK,0.0,
BioSpread,UNSEEN::AG803,0.21216821670532227,medium,0,0.6039789617061615,0,LOW_RISK,0.0,
BioSpread,AA096,0.740587592124939,review,0,0.56186842918396,0,MODERATE_RISK,0.0,
BioSpread,UNSEEN::AF902,0.21200013160705566,medium,0,0.6043209433555603,0,LOW_RISK,0.0,
BioSpread,UNSEEN::AD082,0.21222415566444397,medium,0,0.6038995087146759,0,LOW_RISK,0.0,
BioSpread,UNSEEN::AG435,0.21216735243797302,medium,0,0.6039808392524719,0,LOW_RISK,0.0,
BioSpread,AC319,0.716856062412262,review,1,0.5569030940532684,0,MODERATE_RISK,0.0,
BioSpread,UNSEEN::AD062,0.21225397288799286,medium,0,0.6038866639137268,0,LOW_RISK,0.0,
BioSpread,UNSEEN::AD722,0.21182551980018616,medium,0,0.6048275530338287,0,LOW_RISK,0.0,
BioSpread,UNSEEN::AE948,0.21230708062648773,medium,0,0.6036985814571381,0,LOW_RISK,0.0,
BioSpread,UNSEEN::AG079,0.21216779947280884,medium,0,0.6039798557758331,0,LOW_RISK,0.0,
BioSpread,AB368,0.5713895559310913,review,0,0.5151402056217194,0,MODERATE_RISK,0.0,
BioSpread,AC502,0.5867092609405518,review,0,0.5175656080245972,0,MODERATE_RISK,0.0,
BioSpread,UNSEEN::AA437,0.211848184466362,medium,0,0.604727029800415,0,LOW_RISK,0.0,
BioSpread,UNSEEN::AA913,0.21206988394260406,medium,0,0.604221373796463,0,LOW_RISK,0.0,
BioSpread,AA088,0.7444455027580261,review,0,0.5659985244274139,0,MODERATE_RISK,0.0,
BioSpread,UNSEEN::AE711,0.21216735243797302,medium,0,0.6039808392524719,0,LOW_RISK,0.0,
BioSpread,UNSEEN::AA915,0.21183887124061584,medium,0,0.6046789586544037,0,LOW_RISK,0.0,
BioSpread,AA383,0.44014686346054077,review,0,0.5598888099193573,0,LOW_RISK,0.0,
BioSpread,UNSEEN::AA414,0.2118614912033081,medium,0,0.6046808958053589,0,LOW_RISK,0.0,
BioSpread,UNSEEN::AG346,0.2121540606021881,medium,0,0.6040084660053253,0,LOW_RISK,0.0,
BioSpread,UNSEEN::AA911,0.2121145874261856,medium,0,0.6040904521942139,0,LOW_RISK,0.0,
BioSpread,AE791,0.26196619868278503,review,0,0.5956941843032837,0,LOW_RISK,0.0,
BioSpread,UNSEEN::AB700,0.21216735243797302,medium,0,0.6039808392524719,0,LOW_RISK,0.0,
BioSpread,UNSEEN::AC258,0.21165038645267487,medium,0,0.6051293611526489,0,LOW_RISK,0.0,
BioSpread,UNSEEN::AC882,0.21129196882247925,medium,0,0.6057720482349396,0,LOW_RISK,0.0,
BioSpread,AC993,0.26188015937805176,review,0,0.5957404971122742,0,LOW_RISK,0.0,
BioSpread,UNSEEN::AA039,0.21215446293354034,medium,0,0.6040119230747223,0,LOW_RISK,0.0,
BioSpread,UNSEEN::AB467,0.2119591236114502,medium,0,0.6044785976409912,0,LOW_RISK,0.0,
BioSpread,UNSEEN::AE104,0.21145515143871307,medium,0,0.6056381464004517,0,LOW_RISK,0.0,
BioSpread,UNSEEN::AA893,0.20959876477718353,medium,0,0.6099176704883575,0,LOW_RISK,0.0,
BioSpread,UNSEEN::AB436,0.21203672885894775,medium,0,0.6042933166027069,0,LOW_RISK,0.0,
BioSpread,UNSEEN::AA117,0.21058261394500732,medium,0,0.6076372861862183,0,LOW_RISK,0.0,
BioSpread,UNSEEN::AC282,0.21138450503349304,medium,0,0.6055357456207275,0,LOW_RISK,0.0,
BioSpread,AC292,0.7465513944625854,review,0,0.5667352974414825,0,MODERATE_RISK,0.0,
BioSpread,UNSEEN::AC593,0.212307870388031,medium,0,0.6036968231201172,0,LOW_RISK,0.0,
BioSpread,UNSEEN::AG994,0.21216735243797302,medium,0,0.6039808392524719,0,LOW_RISK,0.0,
BioSpread,UNSEEN::AA538,0.2106172889471054,medium,0,0.6072739064693451,0,LOW_RISK,0.0,
BioSpread,UNSEEN::AB207,0.21219033002853394,medium,0,0.6039534509181976,0,LOW_RISK,0.0,
BioSpread,AE959,0.6355903744697571,review,0,0.49509817361831665,0,MODERATE_RISK,0.0,
BioSpread,AB519,0.6805500984191895,review,0,0.5462363064289093,0,MODERATE_RISK,0.0,
BioSpread,UNSEEN::AA573,0.21201403439044952,medium,0,0.6042920649051666,0,LOW_RISK,0.0,
BioSpread,UNSEEN::AC001,0.21215446293354034,medium,0,0.6040119230747223,0,LOW_RISK,0.0,
BioSpread,AB241,0.7138994336128235,review,1,0.5471192300319672,0,MODERATE_RISK,0.0,
BioSpread,AG825,0.5227179527282715,review,0,0.5080006420612335,0,MODERATE_RISK,0.0,
BioSpread,UNSEEN::AD530,0.2118593156337738,medium,0,0.6047642827033997,0,LOW_RISK,0.0,
BioSpread,AC753,0.7182785868644714,review,0,0.5483742952346802,0,MODERATE_RISK,0.0,
BioSpread,UNSEEN::AA328,0.21463130414485931,medium,0,0.6028882265090942,0,LOW_RISK,0.0,
BioSpread,UNSEEN::AG125,0.21230868995189667,medium,0,0.6036950349807739,0,LOW_RISK,0.0,
BioSpread,UNSEEN::AE355,0.21229390799999237,medium,0,0.6037259101867676,0,LOW_RISK,0.0,
BioSpread,AF994,0.5717504024505615,review,0,0.5152367055416107,0,MODERATE_RISK,0.0,
BioSpread,UNSEEN::AD965,0.21211856603622437,medium,0,0.6040930449962616,0,LOW_RISK,0.0,
BioSpread,UNSEEN::AB435,0.21163521707057953,medium,0,0.6050656139850616,0,LOW_RISK,0.0,
BioSpread,UNSEEN::AB346,0.21216779947280884,medium,0,0.6039798557758331,0,LOW_RISK,0.0,
BioSpread,AH111,0.18487408757209778,medium,0,0.6543088853359222,0,LOW_RISK,0.0,
BioSpread,UNSEEN::AA666,0.2119036763906479,medium,0,0.6045586168766022,0,LOW_RISK,0.0,
BioSpread,UNSEEN::AD064,0.212185800075531,medium,0,0.6039959788322449,0,LOW_RISK,0.0,
BioSpread,AA543,0.7439282536506653,review,1,0.5640198886394501,0,MODERATE_RISK,0.0,
BioSpread,AA551,0.7442687153816223,review,1,0.5646870732307434,0,MODERATE_RISK,0.0,
BioSpread,UNSEEN::AE572,0.21187296509742737,medium,0,0.6046875417232513,0,LOW_RISK,0.0,
BioSpread,AC409,0.7402821779251099,review,0,0.5631900727748871,0,MODERATE_RISK,0.0,
BioSpread,UNSEEN::AF763,0.21216779947280884,medium,0,0.6039798557758331,0,LOW_RISK,0.0,
BioSpread,AH384,0.31702470779418945,review,0,0.5735370218753815,0,LOW_RISK,0.0,
BioSpread,AA536,0.7317625284194946,review,0,0.5556754171848297,0,MODERATE_RISK,0.0,
BioSpread,AG605,0.639552891254425,review,0,0.5274608135223389,0,MODERATE_RISK,0.0,
BioSpread,AC301,0.7484790086746216,review,0,0.5673304796218872,0,MODERATE_RISK,0.0,
BioSpread,UNSEEN::AG689,0.2118576318025589,medium,0,0.6046106219291687,0,LOW_RISK,0.0,
BioSpread,AA696,0.631645143032074,review,0,0.5346907675266266,0,MODERATE_RISK,0.0,
BioSpread,UNSEEN::AB846,0.21216902136802673,medium,0,0.6039815247058868,0,LOW_RISK,0.0,
BioSpread,UNSEEN::AC564,0.21216779947280884,medium,0,0.6039798557758331,0,LOW_RISK,0.0,
BioSpread,UNSEEN::AG381,0.21215446293354034,medium,0,0.6040119230747223,0,LOW_RISK,0.0,
BioSpread,UNSEEN::AF939,0.2120702862739563,medium,0,0.604220449924469,0,LOW_RISK,0.0,
BioSpread,AD707,0.6946133971214294,review,0,0.5391167998313904,0,MODERATE_RISK,0.0,
BioSpread,UNSEEN::AB151,0.2119455635547638,medium,0,0.6045068204402924,0,LOW_RISK,0.0,
BioSpread,AC124,0.7439759969711304,review,0,0.5650046467781067,0,MODERATE_RISK,0.0,
BioSpread,UNSEEN::AF826,0.21225224435329437,medium,0,0.6039202213287354,0,LOW_RISK,0.0,
BioSpread,UNSEEN::AB616,0.21155191957950592,medium,0,0.605290412902832,0,LOW_RISK,0.0,
BioSpread,AE306,0.6684858202934265,review,0,0.5395107567310333,0,MODERATE_RISK,0.0,
BioSpread,AD201,0.2337975651025772,medium,0,0.6093502640724182,0,LOW_RISK,0.0,
BioSpread,AD114,0.6908122897148132,review,0,0.5382601916790009,0,MODERATE_RISK,0.0,
BioSpread,UNSEEN::AF206,0.21192651987075806,medium,0,0.6045722365379333,0,LOW_RISK,0.0,
BioSpread,AB895,0.6742963194847107,review,0,0.5374747216701508,0,MODERATE_RISK,0.0,
BioSpread,UNSEEN::AB955,0.2120063304901123,medium,0,0.6043602228164673,0,LOW_RISK,0.0,
BioSpread,AB036,0.7006174921989441,review,0,0.5442020893096924,0,MODERATE_RISK,0.0,
BioSpread,AB240,0.6958044171333313,review,0,0.5396251976490021,0,MODERATE_RISK,0.0,
BioSpread,UNSEEN::AC463,0.21216735243797302,medium,0,0.6039808392524719,0,LOW_RISK,0.0,
BioSpread,UNSEEN::AA549,0.21201403439044952,medium,0,0.6042920649051666,0,LOW_RISK,0.0,
BioSpread,AB767,0.6007542014122009,review,0,0.5257091224193573,0,MODERATE_RISK,0.0,
BioSpread,AH166,0.5229099988937378,review,0,0.5302858054637909,0,MODERATE_RISK,0.0,
BioSpread,AD713,0.668181836605072,review,0,0.5393022298812866,0,MODERATE_RISK,0.0,
BioSpread,UNSEEN::AG321,0.2120136022567749,medium,0,0.6042929589748383,0,LOW_RISK,0.0,
BioSpread,UNSEEN::AA070,0.21198178827762604,medium,0,0.604430615901947,0,LOW_RISK,0.0,
BioSpread,AF391,0.6395670771598816,review,0,0.5274657309055328,0,MODERATE_RISK,0.0,
BioSpread,AA004,0.7058309316635132,review,0,0.5431235134601593,0,MODERATE_RISK,0.0,
BioSpread,AG003,0.655479371547699,review,0,0.5044182538986206,0,MODERATE_RISK,0.0,
BioSpread,AE790,0.32781025767326355,review,0,0.5700857937335968,0,LOW_RISK,0.0,
BioSpread,AE088,0.7436614632606506,review,0,0.5706188678741455,0,MODERATE_RISK,0.0,
BioSpread,AC633,0.34055906534194946,review,0,0.5764546096324921,0,LOW_RISK,0.0,
BioSpread,UNSEEN::AF746,0.21197032928466797,medium,0,0.6045047640800476,0,LOW_RISK,0.0,
BioSpread,AD185,0.6633896827697754,review,0,0.5371789336204529,0,MODERATE_RISK,0.0,
BioSpread,UNSEEN::AF205,0.21180905401706696,medium,0,0.6048552989959717,0,LOW_RISK,0.0,
BioSpread,UNSEEN::AF946,0.2121446430683136,medium,0,0.6039995849132538,0,LOW_RISK,0.0,
BioSpread,UNSEEN::AC075,0.21127527952194214,medium,0,0.6058778464794159,0,LOW_RISK,0.0,
BioSpread,UNSEEN::AA479,0.21212828159332275,medium,0,0.6040619611740112,0,LOW_RISK,0.0,
BioSpread,AG050,0.6079098582267761,review,0,0.5485029220581055,0,MODERATE_RISK,0.0,
BioSpread,UNSEEN::AG096,0.21215569972991943,medium,0,0.6040092408657074,0,LOW_RISK,0.0,
BioSpread,UNSEEN::AE521,0.21230868995189667,medium,0,0.6036950349807739,0,LOW_RISK,0.0,
BioSpread,AA977,0.7367435693740845,review,1,0.5702833831310272,0,MODERATE_RISK,0.0,
BioSpread,AF883,0.4891800880432129,review,0,0.5138277113437653,0,LOW_RISK,0.0,
BioSpread,UNSEEN::AB838,0.2113107442855835,medium,0,0.6057382822036743,0,LOW_RISK,0.0,
BioSpread,UNSEEN::AD504,0.21198707818984985,medium,0,0.6043480336666107,0,LOW_RISK,0.0,
BioSpread,AE831,0.26192933320999146,review,0,0.5957140326499939,0,LOW_RISK,0.0,
BioSpread,UNSEEN::AB188,0.2121298760175705,medium,0,0.6040539145469666,0,LOW_RISK,0.0,
BioSpread,AF023,0.5629298090934753,review,0,0.5354339778423309,0,MODERATE_RISK,0.0,
BioSpread,UNSEEN::AG303,0.21216779947280884,medium,0,0.6039798557758331,0,LOW_RISK,0.0,
BioSpread,UNSEEN::AG591,0.21216270327568054,medium,0,0.6040776371955872,0,LOW_RISK,0.0,
BioSpread,UNSEEN::AF592,0.21213598549365997,medium,0,0.6041333377361298,0,LOW_RISK,0.0,
BioSpread,UNSEEN::AG681,0.21216779947280884,medium,0,0.6039798557758331,0,LOW_RISK,0.0,
BioSpread,AD583,0.7428267002105713,review,0,0.5634534060955048,0,MODERATE_RISK,0.0,
BioSpread,UNSEEN::AG081,0.21198931336402893,medium,0,0.6043148338794708,0,LOW_RISK,0.0,
BioSpread,UNSEEN::AB271,0.2120007872581482,medium,0,0.6044055819511414,0,LOW_RISK,0.0,
BioSpread,UNSEEN::AH286,0.21214379370212555,medium,0,0.6040014624595642,0,LOW_RISK,0.0,
BioSpread,UNSEEN::AE983,0.21200013160705566,medium,0,0.6043209433555603,0,LOW_RISK,0.0,
BioSpread,UNSEEN::AF169,0.2119862586259842,medium,0,0.6043542921543121,0,LOW_RISK,0.0,
BioSpread,UNSEEN::AC119,0.21142339706420898,medium,0,0.605537474155426,0,LOW_RISK,0.0,
BioSpread,AH118,0.18806372582912445,medium,0,0.6469976007938385,0,LOW_RISK,0.0,
BioSpread,UNSEEN::AE973,0.21153703331947327,medium,0,0.6053479909896851,0,LOW_RISK,0.0,
BioSpread,AB567,0.7011067271232605,review,0,0.5461438000202179,0,MODERATE_RISK,0.0,
BioSpread,UNSEEN::AD228,0.21123388409614563,medium,0,0.6060466468334198,0,LOW_RISK,0.0,
BioSpread,AC762,0.6682921051979065,review,0,0.5300942957401276,0,MODERATE_RISK,0.0,
BioSpread,AE601,0.7253133058547974,review,0,0.5520081520080566,0,MODERATE_RISK,0.0,
BioSpread,UNSEEN::AE515,0.21216821670532227,medium,0,0.6039789617061615,0,LOW_RISK,0.0,
BioSpread,UNSEEN::AD994,0.21155871450901031,medium,0,0.6053167879581451,0,LOW_RISK,0.0,
BioSpread,UNSEEN::AA952,0.21201226115226746,medium,0,0.6042954921722412,0,LOW_RISK,0.0,
BioSpread,AA690,0.7276924848556519,review,0,0.5567348897457123,0,MODERATE_RISK,0.0,
BioSpread,AC511,0.7331364154815674,review,0,0.5597122013568878,0,MODERATE_RISK,0.0,
BioSpread,UNSEEN::AD509,0.2120136022567749,medium,0,0.6042929589748383,0,LOW_RISK,0.0,
BioSpread,UNSEEN::AE393,0.21216821670532227,medium,0,0.6039789617061615,0,LOW_RISK,0.0,
BioSpread,AD686,0.2619170546531677,review,0,0.5957206189632416,0,LOW_RISK,0.0,
BioSpread,AB636,0.7417879104614258,review,0,0.5677088499069214,0,MODERATE_RISK,0.0,
BioSpread,UNSEEN::AA247,0.21216779947280884,medium,0,0.6039798557758331,0,LOW_RISK,0.0,
BioSpread,UNSEEN::AD884,0.21176765859127045,medium,0,0.6048678457736969,0,LOW_RISK,0.0,
BioSpread,UNSEEN::AA445,0.21627873182296753,medium,0,0.6001590192317963,0,LOW_RISK,0.0,
BioSpread,AB054,0.7019096612930298,review,1,0.5418364405632019,0,MODERATE_RISK,0.0,
BioSpread,UNSEEN::AA816,0.20873546600341797,medium,0,0.6112571954727173,0,LOW_RISK,0.0,
BioSpread,AE885,0.664393424987793,review,1,0.5074873268604279,0,MODERATE_RISK,0.0,
BioSpread,AE824,0.6052355766296387,review,0,0.5089922547340393,0,MODERATE_RISK,0.0,
BioSpread,AF349,0.3723393678665161,review,0,0.5450123250484467,0,LOW_RISK,0.0,
BioSpread,UNSEEN::AC455,0.21216779947280884,medium,0,0.6039798557758331,0,LOW_RISK,0.0,
BioSpread,AA686,0.6755740642547607,review,0,0.528020441532135,0,MODERATE_RISK,0.0,
BioSpread,AC327,0.6878656148910522,review,0,0.5401058495044708,0,MODERATE_RISK,0.0,
BioSpread,AA171,0.7465915679931641,review,1,0.5678975880146027,0,MODERATE_RISK,0.0,
BioSpread,UNSEEN::AB634,0.21216821670532227,medium,0,0.6039789617061615,0,LOW_RISK,0.0,
BioSpread,AC513,0.5229193568229675,review,0,0.5080142915248871,0,MODERATE_RISK,0.0,
BioSpread,UNSEEN::AE230,0.21216735243797302,medium,0,0.6039808392524719,0,LOW_RISK,0.0,
BioSpread,UNSEEN::AC074,0.21201092004776,medium,0,0.6042979955673218,0,LOW_RISK,0.0,
BioSpread,UNSEEN::AB326,0.21199969947338104,medium,0,0.6043218672275543,0,LOW_RISK,0.0,
BioSpread,UNSEEN::AE881,0.21215449273586273,medium,0,0.6040075123310089,0,LOW_RISK,0.0,
BioSpread,UNSEEN::AC939,0.21197646856307983,medium,0,0.6043649613857269,0,LOW_RISK,0.0,
BioSpread,UNSEEN::AA838,0.21080176532268524,medium,0,0.6067350804805756,0,LOW_RISK,0.0,
BioSpread,UNSEEN::AF821,0.2121686190366745,medium,0,0.6039780676364899,0,LOW_RISK,0.0,
BioSpread,UNSEEN::AE445,0.2121220976114273,medium,0,0.6040865480899811,0,LOW_RISK,0.0,
BioSpread,UNSEEN::AA760,0.21216735243797302,medium,0,0.6039808392524719,0,LOW_RISK,0.0,
BioSpread,UNSEEN::AA657,0.21229557693004608,medium,0,0.603722333908081,0,LOW_RISK,0.0,
BioSpread,UNSEEN::AE399,0.21216294169425964,medium,0,0.6040105223655701,0,LOW_RISK,0.0,
BioSpread,UNSEEN::AC891,0.21198581159114838,medium,0,0.6043508052825928,0,LOW_RISK,0.0,
BioSpread,AE743,0.6522039771080017,review,0,0.5281025767326355,0,MODERATE_RISK,0.0,
BioSpread,UNSEEN::AA636,0.21214158833026886,medium,0,0.6040343046188354,0,LOW_RISK,0.0,
BioSpread,UNSEEN::AG958,0.21196837723255157,medium,0,0.6044851243495941,0,LOW_RISK,0.0,
BioSpread,AD496,0.6907122731208801,review,0,0.5447942912578583,0,MODERATE_RISK,0.0,
BioSpread,UNSEEN::AF181,0.2120136022567749,medium,0,0.6042929589748383,0,LOW_RISK,0.0,
BioSpread,UNSEEN::AH345,0.21230868995189667,medium,0,0.6036950349807739,0,LOW_RISK,0.0,
BioSpread,UNSEEN::AE534,0.21195088326931,medium,0,0.6044546961784363,0,LOW_RISK,0.0,
BioSpread,UNSEEN::AF532,0.21198132634162903,medium,0,0.6044618487358093,0,LOW_RISK,0.0,
BioSpread,UNSEEN::AH235,0.21216779947280884,medium,0,0.6039798557758331,0,LOW_RISK,0.0,
BioSpread,UNSEEN::AE139,0.21216779947280884,medium,0,0.6039798557758331,0,LOW_RISK,0.0,
BioSpread,AH420,0.6972208619117737,review,0,0.5389305949211121,0,MODERATE_RISK,0.0,
BioSpread,AD068,0.7381477952003479,review,0,0.5666999220848083,0,MODERATE_RISK,0.0,
BioSpread,UNSEEN::AA325,0.2120736837387085,medium,0,0.6042233109474182,0,LOW_RISK,0.0,
BioSpread,AD950,0.700960099697113,review,0,0.543603390455246,0,MODERATE_RISK,0.0,
BioSpread,UNSEEN::AF755,0.21216316521167755,medium,0,0.6040224730968475,0,LOW_RISK,0.0,
BioSpread,UNSEEN::AC133,0.21201317012310028,medium,0,0.6042939126491547,0,LOW_RISK,0.0,
BioSpread,UNSEEN::AD741,0.21215488016605377,medium,0,0.6040110290050507,0,LOW_RISK,0.0,
BioSpread,AB470,0.6048107147216797,review,0,0.5160938501358032,0,MODERATE_RISK,0.0,
BioSpread,UNSEEN::AG229,0.21198582649230957,medium,0,0.6043552160263062,0,LOW_RISK,0.0,
BioSpread,AE916,0.3169136047363281,review,0,0.5735054016113281,0,LOW_RISK,0.0,
BioSpread,AE357,0.2619170546531677,review,0,0.5957206189632416,0,LOW_RISK,0.0,
BioSpread,AF361,0.6395338177680969,review,0,0.5274543464183807,0,MODERATE_RISK,0.0,
BioSpread,UNSEEN::AH198,0.21216779947280884,medium,0,0.6039798557758331,0,LOW_RISK,0.0,
BioSpread,AC622,0.6139703392982483,review,0,0.5334829688072205,0,MODERATE_RISK,0.0,
BioSpread,AD958,0.6852049827575684,review,0,0.5345052778720856,0,MODERATE_RISK,0.0,
BioSpread,AA934,0.2633857727050781,review,0,0.5940998792648315,0,LOW_RISK,0.0,
BioSpread,AG443,0.44125330448150635,review,0,0.5182841122150421,0,LOW_RISK,0.0,
BioSpread,UNSEEN::AG420,0.21230708062648773,medium,0,0.6036985814571381,0,LOW_RISK,0.0,
BioSpread,UNSEEN::AG089,0.211741641163826,medium,0,0.6049560308456421,0,LOW_RISK,0.0,
BioSpread,UNSEEN::AB288,0.2122943252325058,medium,0,0.6037293672561646,0,LOW_RISK,0.0,
BioSpread,UNSEEN::AH011,0.21216779947280884,medium,0,0.6039798557758331,0,LOW_RISK,0.0,
BioSpread,UNSEEN::AB195,0.2115463763475418,medium,0,0.6053202450275421,0,LOW_RISK,0.0,
BioSpread,AA086,0.7462348937988281,review,0,0.5643892884254456,0,MODERATE_RISK,0.0,
BioSpread,UNSEEN::AF422,0.21213945746421814,medium,0,0.6040385663509369,0,LOW_RISK,0.0,
BioSpread,UNSEEN::AC531,0.21190714836120605,medium,0,0.6045740842819214,0,LOW_RISK,0.0,
BioSpread,UNSEEN::AB078,0.21209178864955902,medium,0,0.6041921973228455,0,LOW_RISK,0.0,
BioSpread,UNSEEN::AF701,0.21199969947338104,medium,0,0.6043218672275543,0,LOW_RISK,0.0,
BioSpread,UNSEEN::AD388,0.21216735243797302,medium,0,0.6039808392524719,0,LOW_RISK,0.0,
BioSpread,AB727,0.6975928544998169,review,0,0.5390834212303162,0,MODERATE_RISK,0.0,
BioSpread,UNSEEN::AE950,0.21230746805667877,medium,0,0.6036976873874664,0,LOW_RISK,0.0,
BioSpread,UNSEEN::AH498,0.21215488016605377,medium,0,0.6040066182613373,0,LOW_RISK,0.0,
BioSpread,AD200,0.7369118928909302,review,0,0.5576389729976654,0,MODERATE_RISK,0.0,
BioSpread,AF395,0.6658675670623779,review,1,0.5381117761135101,0,MODERATE_RISK,0.0,
BioSpread,AF003,0.6945450901985168,review,0,0.5508171617984772,0,MODERATE_RISK,0.0,
BioSpread,AB754,0.7475794553756714,review,0,0.568530261516571,0,MODERATE_RISK,0.0,
BioSpread,AE003,0.36024805903434753,review,0,0.5612084567546844,0,LOW_RISK,0.0,
BioSpread,UNSEEN::AD063,0.21212372183799744,medium,0,0.6041802167892456,0,LOW_RISK,0.0,
BioSpread,UNSEEN::AB629,0.21216779947280884,medium,0,0.6039798557758331,0,LOW_RISK,0.0,
BioSpread,AG188,0.45553433895111084,review,0,0.5311080515384674,0,LOW_RISK,0.0,
BioSpread,UNSEEN::AE771,0.2121446430683136,medium,0,0.6039995849132538,0,LOW_RISK,0.0,
BioSpread,AB881,0.7482561469078064,review,0,0.5752761960029602,0,MODERATE_RISK,0.0,
BioSpread,AF107,0.7079333066940308,review,0,0.5461624562740326,0,MODERATE_RISK,0.0,
BioSpread,AB132,0.7439178824424744,review,0,0.5668242275714874,0,MODERATE_RISK,0.0,
BioSpread,AB175,0.670002281665802,review,0,0.5327702164649963,0,MODERATE_RISK,0.0,
BioSpread,UNSEEN::AH403,0.212307870388031,medium,0,0.6036968231201172,0,LOW_RISK,0.0,
BioSpread,UNSEEN::AG221,0.2120136022567749,medium,0,0.6042929589748383,0,LOW_RISK,0.0,
BioSpread,AB373,0.6891641020774841,review,0,0.5347288548946381,0,MODERATE_RISK,0.0,
BioSpread,AD165,0.7073906660079956,review,0,0.5387930572032928,0,MODERATE_RISK,0.0,
BioSpread,UNSEEN::AG593,0.2121446430683136,medium,0,0.6039995849132538,0,LOW_RISK,0.0,
BioSpread,UNSEEN::AG839,0.21215488016605377,medium,0,0.6040066182613373,0,LOW_RISK,0.0,
BioSpread,AG122,0.4549271762371063,review,0,0.5380677282810211,0,LOW_RISK,0.0,
BioSpread,AB860,0.7118468880653381,review,1,0.5595651268959045,0,MODERATE_RISK,0.0,
BioSpread,AF298,0.18303152918815613,medium,0,0.6600545644760132,0,LOW_RISK,0.0,
BioSpread,UNSEEN::AC254,0.21229557693004608,medium,0,0.603722333908081,0,LOW_RISK,0.0,
BioSpread,AC117,0.6721435189247131,review,0,0.531021773815155,0,MODERATE_RISK,0.0,
BioSpread,UNSEEN::AC783,0.21207809448242188,medium,0,0.6041379272937775,0,LOW_RISK,0.0,
BioSpread,UNSEEN::AF161,0.2121686190366745,medium,0,0.6039780676364899,0,LOW_RISK,0.0,
BioSpread,UNSEEN::AB341,0.2119930386543274,medium,0,0.6043344140052795,0,LOW_RISK,0.0,
BioSpread,AF853,0.7014067769050598,review,0,0.5481549501419067,0,MODERATE_RISK,0.0,
BioSpread,UNSEEN::AB083,0.21201276779174805,medium,0,0.6042947769165039,0,LOW_RISK,0.0,
BioSpread,UNSEEN::AE844,0.21201233565807343,medium,0,0.6042957603931427,0,LOW_RISK,0.0,
BioSpread,UNSEEN::AD841,0.21214419603347778,medium,0,0.6040005683898926,0,LOW_RISK,0.0,
BioSpread,UNSEEN::AC902,0.2116696536540985,medium,0,0.6051375567913055,0,LOW_RISK,0.0,
BioSpread,AD122,0.6980186104774475,review,0,0.5414031445980072,0,MODERATE_RISK,0.0,
BioSpread,UNSEEN::AH090,0.2121686190366745,medium,0,0.6039780676364899,0,LOW_RISK,0.0,
BioSpread,UNSEEN::AF743,0.21201317012310028,medium,0,0.6042939126491547,0,LOW_RISK,0.0,
BioSpread,AD556,0.6716307401657104,review,0,0.5482388734817505,0,MODERATE_RISK,0.0,
BioSpread,UNSEEN::AF530,0.21210172772407532,medium,0,0.6041171848773956,0,LOW_RISK,0.0,
BioSpread,AE568,0.6059560179710388,review,0,0.5143406093120575,0,MODERATE_RISK,0.0,
BioSpread,AD460,0.5229067206382751,review,0,0.5080134868621826,0,MODERATE_RISK,0.0,
BioSpread,UNSEEN::AG824,0.21216779947280884,medium,0,0.6039798557758331,0,LOW_RISK,0.0,
BioSpread,UNSEEN::AG245,0.21216821670532227,medium,0,0.6039789617061615,0,LOW_RISK,0.0,
BioSpread,AD834,0.5719206929206848,review,0,0.5153025686740875,0,MODERATE_RISK,0.0,
BioSpread,UNSEEN::AG347,0.21216735243797302,medium,0,0.6039808392524719,0,LOW_RISK,0.0,
BioSpread,AF080,0.7091811895370483,review,1,0.5574513971805573,0,MODERATE_RISK,0.0,
BioSpread,UNSEEN::AH078,0.21230868995189667,medium,0,0.6036950349807739,0,LOW_RISK,0.0,
BioSpread,UNSEEN::AG500,0.21095429360866547,medium,0,0.6065431535243988,0,LOW_RISK,0.0,
BioSpread,AG546,0.7462368607521057,review,0,0.5709854960441589,0,MODERATE_RISK,0.0,
BioSpread,UNSEEN::AH129,0.2121686190366745,medium,0,0.6039780676364899,0,LOW_RISK,0.0,
BioSpread,UNSEEN::AG588,0.21216779947280884,medium,0,0.6039798557758331,0,LOW_RISK,0.0,
BioSpread,AE102,0.6837673783302307,review,0,0.5366664230823517,0,MODERATE_RISK,0.0,
BioSpread,AD570,0.7071061730384827,review,0,0.5488404035568237,0,MODERATE_RISK,0.0,
BioSpread,AC845,0.3723393678665161,review,0,0.5450123250484467,0,LOW_RISK,0.0,
BioSpread,UNSEEN::AA995,0.21150624752044678,medium,0,0.605345755815506,0,LOW_RISK,0.0,
BioSpread,UNSEEN::AE187,0.21198083460330963,medium,0,0.6043820083141327,0,LOW_RISK,0.0,
BioSpread,UNSEEN::AH000,0.21156638860702515,medium,0,0.6052696108818054,0,LOW_RISK,0.0,
BioSpread,AA701,0.6729925870895386,review,0,0.526620626449585,0,MODERATE_RISK,0.0,
BioSpread,UNSEEN::AH246,0.2121686190366745,medium,0,0.6039780676364899,0,LOW_RISK,0.0,
BioSpread,UNSEEN::AA113,0.21005769073963165,medium,0,0.608723521232605,0,LOW_RISK,0.0,
BioSpread,UNSEEN::AE823,0.21200385689735413,medium,0,0.6043113768100739,0,LOW_RISK,0.0,
BioSpread,AE151,0.6444008350372314,review,0,0.5183520019054413,0,MODERATE_RISK,0.0,
BioSpread,AG427,0.6182790994644165,review,0,0.5175426304340363,0,MODERATE_RISK,0.0,
BioSpread,AG351,0.7410428524017334,review,0,0.5729359090328217,0,MODERATE_RISK,0.0,
BioSpread,AC203,0.7359133958816528,review,1,0.5597362220287323,0,MODERATE_RISK,0.0,
BioSpread,UNSEEN::AD659,0.2121313214302063,medium,0,0.6040273010730743,0,LOW_RISK,0.0,
BioSpread,UNSEEN::AE112,0.2120080292224884,medium,0,0.6043935120105743,0,LOW_RISK,0.0,
BioSpread,AA143,0.7443192005157471,review,1,0.5643523633480072,0,MODERATE_RISK,0.0,
BioSpread,UNSEEN::AE188,0.21216735243797302,medium,0,0.6039808392524719,0,LOW_RISK,0.0,
BioSpread,UNSEEN::AB226,0.21211384236812592,medium,0,0.6041628122329712,0,LOW_RISK,0.0,
BioSpread,UNSEEN::AE353,0.21216779947280884,medium,0,0.6039798557758331,0,LOW_RISK,0.0,
BioSpread,AG706,0.5102075934410095,review,0,0.532292515039444,0,MODERATE_RISK,0.0,
BioSpread,AD295,0.7225567102432251,review,0,0.5478811264038086,0,MODERATE_RISK,0.0,
BioSpread,UNSEEN::AF768,0.21216735243797302,medium,0,0.6039808392524719,0,LOW_RISK,0.0,
BioSpread,AB038,0.7256680727005005,review,0,0.5552379488945007,0,MODERATE_RISK,0.0,
BioSpread,UNSEEN::AC937,0.21185582876205444,medium,0,0.604644238948822,0,LOW_RISK,0.0,
BioSpread,AE736,0.3307534158229828,medium,0,0.6041996479034424,0,LOW_RISK,0.0,
BioSpread,UNSEEN::AG787,0.21215488016605377,medium,0,0.6040110290050507,0,LOW_RISK,0.0,
BioSpread,UNSEEN::AG941,0.21216779947280884,medium,0,0.6039798557758331,0,LOW_RISK,0.0,
BioSpread,UNSEEN::AA311,0.21230708062648773,medium,0,0.6036985814571381,0,LOW_RISK,0.0,
BioSpread,AF073,0.6970871686935425,review,0,0.5359297692775726,0,MODERATE_RISK,0.0,
BioSpread,UNSEEN::AG073,0.2121686190366745,medium,0,0.6039780676364899,0,LOW_RISK,0.0,
BioSpread,UNSEEN::AF630,0.21216779947280884,medium,0,0.6039798557758331,0,LOW_RISK,0.0,
BioSpread,AA841,0.7470428943634033,review,0,0.5650864243507385,0,MODERATE_RISK,0.0,
BioSpread,UNSEEN::AF105,0.21190138161182404,medium,0,0.6045783460140228,0,LOW_RISK,0.0,
BioSpread,AF726,0.5628097653388977,review,0,0.535424530506134,0,MODERATE_RISK,0.0,
BioSpread,AF151,0.6996287703514099,review,0,0.5443013310432434,0,MODERATE_RISK,0.0,
BioSpread,UNSEEN::AE390,0.21184086799621582,medium,0,0.6046449840068817,0,LOW_RISK,0.0,
BioSpread,UNSEEN::AG009,0.21196019649505615,medium,0,0.6044039726257324,0,LOW_RISK,0.0,
BioSpread,AF794,0.663282036781311,review,0,0.5373344719409943,0,MODERATE_RISK,0.0,
BioSpread,UNSEEN::AG585,0.21210044622421265,medium,0,0.6041907370090485,0,LOW_RISK,0.0,
BioSpread,UNSEEN::AC581,0.21206538379192352,medium,0,0.6042470932006836,0,LOW_RISK,0.0,
BioSpread,UNSEEN::AB943,0.21215488016605377,medium,0,0.6040066182613373,0,LOW_RISK,0.0,
BioSpread,UNSEEN::AB989,0.2121756225824356,medium,0,0.6039922833442688,0,LOW_RISK,0.0,
BioSpread,UNSEEN::AH430,0.21230708062648773,medium,0,0.6036985814571381,0,LOW_RISK,0.0,
BioSpread,AF771,0.1818719059228897,medium,0,0.660732090473175,0,LOW_RISK,0.0,
BioSpread,UNSEEN::AH491,0.2122759371995926,medium,0,0.603762149810791,0,LOW_RISK,0.0,
BioSpread,AC835,0.74372798204422,review,0,0.5623763501644135,0,MODERATE_RISK,0.0,
BioSpread,UNSEEN::AF896,0.21231606602668762,medium,0,0.6037653684616089,0,LOW_RISK,0.0,
BioSpread,UNSEEN::AA639,0.211959108710289,medium,0,0.6044914126396179,0,LOW_RISK,0.0,
BioSpread,UNSEEN::AC598,0.211390420794487,medium,0,0.605597972869873,0,LOW_RISK,0.0,
BioSpread,UNSEEN::AB313,0.21216779947280884,medium,0,0.6039798557758331,0,LOW_RISK,0.0,
BioSpread,AF368,0.6441121101379395,review,0,0.5413641333580017,0,MODERATE_RISK,0.0,
BioSpread,AC025,0.7039282321929932,review,1,0.5506283640861511,0,MODERATE_RISK,0.0,
BioSpread,UNSEEN::AA824,0.2110612392425537,medium,0,0.6062741577625275,0,LOW_RISK,0.0,
BioSpread,UNSEEN::AG021,0.2117452323436737,medium,0,0.6048848032951355,0,LOW_RISK,0.0,
BioSpread,AE645,0.569341778755188,review,0,0.5359636545181274,0,MODERATE_RISK,0.0,
BioSpread,AC956,0.6439927220344543,review,0,0.5310920178890228,0,MODERATE_RISK,0.0,
BioSpread,AG584,0.5069778561592102,review,0,0.46845316886901855,0,MODERATE_RISK,0.0,
BioSpread,UNSEEN::AE329,0.21309493482112885,medium,0,0.6019784510135651,0,LOW_RISK,0.0,
BioSpread,UNSEEN::AA880,0.2121669501066208,medium,0,0.6039817333221436,0,LOW_RISK,0.0,
BioSpread,UNSEEN::AD848,0.21216779947280884,medium,0,0.6039798557758331,0,LOW_RISK,0.0,
BioSpread,UNSEEN::AG556,0.2118154913187027,medium,0,0.6046984195709229,0,LOW_RISK,0.0,
BioSpread,AB658,0.665888786315918,review,0,0.5388347804546356,0,MODERATE_RISK,0.0,
BioSpread,AB705,0.7415286898612976,review,0,0.5682211518287659,0,MODERATE_RISK,0.0,
BioSpread,UNSEEN::AH107,0.212140753865242,medium,0,0.6040361225605011,0,LOW_RISK,0.0,
BioSpread,AD908,0.7431007623672485,review,0,0.5654140710830688,0,MODERATE_RISK,0.0,
BioSpread,UNSEEN::AB154,0.21151046454906464,medium,0,0.6053506433963776,0,LOW_RISK,0.0,
BioSpread,AF220,0.6025413274765015,review,0,0.5082262456417084,0,MODERATE_RISK,0.0,
BioSpread,AF292,0.18390606343746185,medium,0,0.6570664346218109,0,LOW_RISK,0.0,
BioSpread,AB136,0.7197171449661255,review,1,0.5597265362739563,0,MODERATE_RISK,0.0,
BioSpread,UNSEEN::AC322,0.21216779947280884,medium,0,0.6039798557758331,0,LOW_RISK,0.0,
BioSpread,AC235,0.6843329668045044,review,0,0.5430586934089661,0,MODERATE_RISK,0.0,
BioSpread,AE307,0.5715408325195312,review,0,0.5364826619625092,0,MODERATE_RISK,0.0,
BioSpread,AG098,0.5231204628944397,review,0,0.5080744326114655,0,MODERATE_RISK,0.0,
BioSpread,UNSEEN::AA884,0.21216735243797302,medium,0,0.6039808392524719,0,LOW_RISK,0.0,
BioSpread,UNSEEN::AG654,0.21168936789035797,medium,0,0.605001300573349,0,LOW_RISK,0.0,
BioSpread,AC675,0.6901814341545105,review,0,0.5481235086917877,0,MODERATE_RISK,0.0,
BioSpread,UNSEEN::AD097,0.21184080839157104,medium,0,0.6046728491783142,0,LOW_RISK,0.0,
BioSpread,UNSEEN::AD061,0.2121553122997284,medium,0,0.6040057241916656,0,LOW_RISK,0.0,
BioSpread,UNSEEN::AF435,0.21229557693004608,medium,0,0.603722333908081,0,LOW_RISK,0.0,
BioSpread,AE265,0.6910462975502014,review,0,0.5399784445762634,0,MODERATE_RISK,0.0,
BioSpread,UNSEEN::AE963,0.21230708062648773,medium,0,0.6036985814571381,0,LOW_RISK,0.0,
BioSpread,UNSEEN::AE879,0.2120211124420166,medium,0,0.6043063998222351,0,LOW_RISK,0.0,
BioSpread,UNSEEN::AA145,0.21216602623462677,medium,0,0.6039832830429077,0,LOW_RISK,0.0,
BioSpread,UNSEEN::AB417,0.21175333857536316,medium,0,0.604889303445816,0,LOW_RISK,0.0,
BioSpread,UNSEEN::AD563,0.21202139556407928,medium,0,0.604377031326294,0,LOW_RISK,0.0,
BioSpread,AB330,0.6190606355667114,review,0,0.5416029095649719,0,MODERATE_RISK,0.0,
BioSpread,AH492,0.691564679145813,review,0,0.5370551347732544,0,MODERATE_RISK,0.0,
BioSpread,UNSEEN::AG918,0.212224543094635,medium,0,0.6038986146450043,0,LOW_RISK,0.0,
BioSpread,UNSEEN::AG460,0.2121773064136505,medium,0,0.6039886176586151,0,LOW_RISK,0.0,
BioSpread,AG319,0.7204210162162781,review,0,0.5493626892566681,0,MODERATE_RISK,0.0,
BioSpread,UNSEEN::AD079,0.21214115619659424,medium,0,0.6040352284908295,0,LOW_RISK,0.0,
BioSpread,UNSEEN::AE569,0.21202193200588226,medium,0,0.6043046116828918,0,LOW_RISK,0.0,
BioSpread,UNSEEN::AB289,0.21177102625370026,medium,0,0.6048294305801392,0,LOW_RISK,0.0,
BioSpread,UNSEEN::AD415,0.21182775497436523,medium,0,0.6046740412712097,0,LOW_RISK,0.0,
BioSpread,UNSEEN::AC255,0.2121686190366745,medium,0,0.6039780676364899,0,LOW_RISK,0.0,
BioSpread,AA348,0.6946493983268738,review,0,0.5392253994941711,0,MODERATE_RISK,0.0,
BioSpread,AA387,0.6879815459251404,review,0,0.5460662245750427,0,MODERATE_RISK,0.0,
BioSpread,AC082,0.7466131448745728,review,1,0.5678834915161133,0,MODERATE_RISK,0.0,
BioSpread,AC609,0.7134038209915161,review,0,0.5591391921043396,0,MODERATE_RISK,0.0,
BioSpread,UNSEEN::AC318,0.21310772001743317,medium,0,0.601952314376831,0,LOW_RISK,0.0,
BioSpread,AA799,0.6563935279846191,review,0,0.5129201412200928,0,MODERATE_RISK,0.0,
BioSpread,UNSEEN::AG061,0.2119491994380951,medium,0,0.604472815990448,0,LOW_RISK,0.0,
BioSpread,UNSEEN::AA957,0.2116187959909439,medium,0,0.6051024496555328,0,LOW_RISK,0.0,
BioSpread,UNSEEN::AA912,0.21201719343662262,medium,0,0.6043272316455841,0,LOW_RISK,0.0,
BioSpread,UNSEEN::AE660,0.21216735243797302,medium,0,0.6039808392524719,0,LOW_RISK,0.0,
BioSpread,UNSEEN::AC413,0.21215805411338806,medium,0,0.6039978861808777,0,LOW_RISK,0.0,
BioSpread,AH346,0.7012527585029602,review,0,0.5453818440437317,0,MODERATE_RISK,0.0,
BioSpread,UNSEEN::AH436,0.21216735243797302,medium,0,0.6039808392524719,0,LOW_RISK,0.0,
BioSpread,AA513,0.7488740086555481,review,0,0.5680952370166779,0,MODERATE_RISK,0.0,
BioSpread,UNSEEN::AF402,0.21205687522888184,medium,0,0.6042527854442596,0,LOW_RISK,0.0,
BioSpread,AB371,0.7116265892982483,review,0,0.5636100769042969,0,MODERATE_RISK,0.0,
BioSpread,AF272,0.6742936968803406,review,0,0.5374734103679657,0,MODERATE_RISK,0.0,
BioSpread,AE764,0.3613233268260956,review,0,0.5721385478973389,0,LOW_RISK,0.0,
BioSpread,UNSEEN::AH394,0.21216735243797302,medium,0,0.6039808392524719,0,LOW_RISK,0.0,
BioSpread,UNSEEN::AD830,0.21230708062648773,medium,0,0.6036985814571381,0,LOW_RISK,0.0,
BioSpread,AA710,0.7442194223403931,review,1,0.5642448961734772,0,MODERATE_RISK,0.0,
BioSpread,AC716,0.7440474629402161,review,1,0.5652675032615662,0,MODERATE_RISK,0.0,
BioSpread,AE665,0.69716876745224,review,0,0.5451690256595612,0,MODERATE_RISK,0.0,
BioSpread,AB576,0.36983761191368103,review,0,0.5704039037227631,0,LOW_RISK,0.0,
BioSpread,UNSEEN::AD265,0.2121686190366745,medium,0,0.6039780676364899,0,LOW_RISK,0.0,
BioSpread,UNSEEN::AA720,0.21181291341781616,medium,0,0.6048126816749573,0,LOW_RISK,0.0,
BioSpread,AE312,0.7115026116371155,review,0,0.5537112653255463,0,MODERATE_RISK,0.0,
BioSpread,UNSEEN::AC595,0.211665540933609,medium,0,0.6050855219364166,0,LOW_RISK,0.0,
BioSpread,UNSEEN::AA797,0.21198202669620514,medium,0,0.6043524444103241,0,LOW_RISK,0.0,
BioSpread,AD701,0.7177146077156067,review,0,0.5499958693981171,0,MODERATE_RISK,0.0,
BioSpread,UNSEEN::AE165,0.21198667585849762,medium,0,0.6043489277362823,0,LOW_RISK,0.0,
BioSpread,UNSEEN::AF125,0.212307870388031,medium,0,0.6036968231201172,0,LOW_RISK,0.0,
BioSpread,UNSEEN::AF277,0.21214957535266876,medium,0,0.6041175127029419,0,LOW_RISK,0.0,
BioSpread,UNSEEN::AH520,0.2121686190366745,medium,0,0.6039780676364899,0,LOW_RISK,0.0,
BioSpread,UNSEEN::AG029,0.21216735243797302,medium,0,0.6039808392524719,0,LOW_RISK,0.0,
BioSpread,UNSEEN::AD026,0.21214379370212555,medium,0,0.6040014624595642,0,LOW_RISK,0.0,
BioSpread,UNSEEN::AE970,0.21216779947280884,medium,0,0.6039798557758331,0,LOW_RISK,0.0,
BioSpread,AB193,0.748230516910553,review,1,0.5696811676025391,0,MODERATE_RISK,0.0,
BioSpread,UNSEEN::AB920,0.21135665476322174,medium,0,0.6056069731712341,0,LOW_RISK,0.0,
BioSpread,AB385,0.7046557068824768,review,0,0.5448107421398163,0,MODERATE_RISK,0.0,
BioSpread,AD133,0.628744900226593,review,0,0.5418434143066406,0,MODERATE_RISK,0.0,
BioSpread,UNSEEN::AF996,0.2118435800075531,medium,0,0.6046398878097534,0,LOW_RISK,0.0,
BioSpread,UNSEEN::AB353,0.21202997863292694,medium,0,0.6043042838573456,0,LOW_RISK,0.0,
BioSpread,UNSEEN::AC523,0.2121686190366745,medium,0,0.6039780676364899,0,LOW_RISK,0.0,
BioSpread,AB312,0.7044187188148499,review,0,0.5464515686035156,0,MODERATE_RISK,0.0,
BioSpread,UNSEEN::AH295,0.21216735243797302,medium,0,0.6039808392524719,0,LOW_RISK,0.0,
BioSpread,UNSEEN::AC920,0.21216779947280884,medium,0,0.6039798557758331,0,LOW_RISK,0.0,
BioSpread,UNSEEN::AD883,0.21194633841514587,medium,0,0.6044329106807709,0,LOW_RISK,0.0,
BioSpread,UNSEEN::AE194,0.21185167133808136,medium,0,0.6046304404735565,0,LOW_RISK,0.0,
BioSpread,UNSEEN::AC031,0.2113654762506485,medium,0,0.6056641340255737,0,LOW_RISK,0.0,
BioSpread,UNSEEN::AG198,0.21199969947338104,medium,0,0.6043218672275543,0,LOW_RISK,0.0,
BioSpread,UNSEEN::AD913,0.2121446430683136,medium,0,0.6039995849132538,0,LOW_RISK,0.0,
BioSpread,UNSEEN::AG295,0.21208910644054413,medium,0,0.6041972041130066,0,LOW_RISK,0.0,
BioSpread,UNSEEN::AE954,0.21230868995189667,medium,0,0.6036950349807739,0,LOW_RISK,0.0,
BioSpread,AE154,0.639538586139679,review,0,0.5274559259414673,0,MODERATE_RISK,0.0,
BioSpread,AC053,0.7092790007591248,review,0,0.5470353066921234,0,MODERATE_RISK,0.0,
BioSpread,UNSEEN::AE513,0.21216821670532227,medium,0,0.6039789617061615,0,LOW_RISK,0.0,
BioSpread,UNSEEN::AH457,0.21216779947280884,medium,0,0.6039798557758331,0,LOW_RISK,0.0,
BioSpread,AF120,0.6609855890274048,review,0,0.5361087918281555,0,MODERATE_RISK,0.0,
BioSpread,UNSEEN::AB335,0.2120712697505951,medium,0,0.6042420566082001,0,LOW_RISK,0.0,
BioSpread,UNSEEN::AA685,0.2121686190366745,medium,0,0.6039780676364899,0,LOW_RISK,0.0,
BioSpread,AE768,0.6201732754707336,review,0,0.5467457175254822,0,MODERATE_RISK,0.0,
BioSpread,UNSEEN::AF837,0.2118518203496933,medium,0,0.6046216785907745,0,LOW_RISK,0.0,
BioSpread,AG572,0.5880587100982666,review,0,0.5002040565013885,0,MODERATE_RISK,0.0,
BioSpread,UNSEEN::AH048,0.21216779947280884,medium,0,0.6039798557758331,0,LOW_RISK,0.0,
BioSpread,AF389,0.5104106664657593,review,0,0.5322904288768768,0,MODERATE_RISK,0.0,
BioSpread,AE481,0.2618187665939331,review,0,0.5957734882831573,0,LOW_RISK,0.0,
BioSpread,AF104,0.7128977179527283,review,0,0.5538990199565887,0,MODERATE_RISK,0.0,
BioSpread,UNSEEN::AG570,0.21224573254585266,medium,0,0.6038789451122284,0,LOW_RISK,0.0,
BioSpread,AD045,0.45261213183403015,review,0,0.5344575345516205,0,LOW_RISK,0.0,
BioSpread,AC830,0.26227399706840515,review,0,0.5955643057823181,0,LOW_RISK,0.0,
BioSpread,UNSEEN::AH427,0.21230708062648773,medium,0,0.6036985814571381,0,LOW_RISK,0.0,
BioSpread,AE311,0.7455055117607117,review,0,0.5646278262138367,0,MODERATE_RISK,0.0,
BioSpread,AC072,0.6939011216163635,review,0,0.5483310520648956,0,MODERATE_RISK,0.0,
BioSpread,UNSEEN::AD334,0.21159949898719788,medium,0,0.6051855087280273,0,LOW_RISK,0.0,
BioSpread,AE814,0.7431882619857788,review,0,0.5652683973312378,0,MODERATE_RISK,0.0,
BioSpread,AH186,0.6324613690376282,review,0,0.5257779955863953,0,MODERATE_RISK,0.0,
BioSpread,UNSEEN::AH415,0.21195848286151886,medium,0,0.6044077277183533,0,LOW_RISK,0.0,
BioSpread,UNSEEN::AC401,0.21230868995189667,medium,0,0.6036950349807739,0,LOW_RISK,0.0,
BioSpread,AE467,0.5770899057388306,review,0,0.5370088517665863,0,MODERATE_RISK,0.0,
BioSpread,AG533,0.7453492283821106,review,0,0.5734660029411316,0,MODERATE_RISK,0.0,
BioSpread,AB729,0.7401370406150818,review,0,0.5635143518447876,0,MODERATE_RISK,0.0,
BioSpread,UNSEEN::AG705,0.21183350682258606,medium,0,0.6046318113803864,0,LOW_RISK,0.0,
BioSpread,AD501,0.6830313801765442,review,0,0.5324053466320038,0,MODERATE_RISK,0.0,
BioSpread,AE789,0.7216397523880005,review,0,0.5498622953891754,0,MODERATE_RISK,0.0,
BioSpread,UNSEEN::AD868,0.21170541644096375,medium,0,0.6050233244895935,0,LOW_RISK,0.0,
BioSpread,UNSEEN::AE727,0.21169905364513397,medium,0,0.6050116717815399,0,LOW_RISK,0.0,
BioSpread,AD171,0.5229193568229675,review,0,0.5080142915248871,0,MODERATE_RISK,0.0,
BioSpread,UNSEEN::AC045,0.2121553122997284,medium,0,0.6040101051330566,0,LOW_RISK,0.0,
BioSpread,UNSEEN::AH419,0.21175813674926758,medium,0,0.6048580408096313,0,LOW_RISK,0.0,
BioSpread,UNSEEN::AE096,0.21218906342983246,medium,0,0.6039562225341797,0,LOW_RISK,0.0,
BioSpread,AE304,0.1842741221189499,medium,0,0.6559976935386658,0,LOW_RISK,0.0,
BioSpread,UNSEEN::AA621,0.21018949151039124,medium,0,0.6081305146217346,0,LOW_RISK,0.0,
BioSpread,UNSEEN::AD744,0.21144479513168335,medium,0,0.605562835931778,0,LOW_RISK,0.0,
BioSpread,UNSEEN::AG483,0.21214906871318817,medium,0,0.6040475368499756,0,LOW_RISK,0.0,
BioSpread,AF456,0.7424947619438171,review,0,0.5733155012130737,0,MODERATE_RISK,0.0,
BioSpread,UNSEEN::AD409,0.21216779947280884,medium,0,0.6039798557758331,0,LOW_RISK,0.0,
BioSpread,AH442,0.3078632354736328,review,0,0.5727539956569672,0,LOW_RISK,0.0,
BioSpread,UNSEEN::AF526,0.21230868995189667,medium,0,0.6036950349807739,0,LOW_RISK,0.0,
BioSpread,UNSEEN::AF611,0.2121686190366745,medium,0,0.6039780676364899,0,LOW_RISK,0.0,
BioSpread,AE107,0.7433373332023621,review,1,0.5631108582019806,0,MODERATE_RISK,0.0,
BioSpread,UNSEEN::AC312,0.2121686190366745,medium,0,0.6039780676364899,0,LOW_RISK,0.0,
BioSpread,AD661,0.2258421927690506,medium,0,0.6403720080852509,0,LOW_RISK,0.0,
BioSpread,UNSEEN::AE410,0.21159078180789948,medium,0,0.6051737368106842,0,LOW_RISK,0.0,
BioSpread,UNSEEN::AH161,0.21214379370212555,medium,0,0.6040014624595642,0,LOW_RISK,0.0,
BioSpread,UNSEEN::AH280,0.212307870388031,medium,0,0.6036968231201172,0,LOW_RISK,0.0,
BioSpread,AG404,0.6986927390098572,review,0,0.5435994267463684,0,MODERATE_RISK,0.0,
BioSpread,AE947,0.6949033141136169,review,0,0.5467737019062042,0,MODERATE_RISK,0.0,
BioSpread,UNSEEN::AA361,0.21187202632427216,medium,0,0.6046777367591858,0,LOW_RISK,0.0,
BioSpread,UNSEEN::AC488,0.2121420055627823,medium,0,0.6040333807468414,0,LOW_RISK,0.0,
BioSpread,AD350,0.7233903408050537,review,1,0.5597576200962067,0,MODERATE_RISK,0.0,
BioSpread,UNSEEN::AA658,0.2121894657611847,medium,0,0.6039553284645081,0,LOW_RISK,0.0,
BioSpread,AF536,0.6088718771934509,review,0,0.5284519791603088,0,MODERATE_RISK,0.0,
BioSpread,UNSEEN::AD508,0.21229515969753265,medium,0,0.6037232279777527,0,LOW_RISK,0.0,
BioSpread,AE830,0.4734207093715668,review,0,0.5157266557216644,0,LOW_RISK,0.0,
BioSpread,UNSEEN::AF572,0.21159620583057404,medium,0,0.6052584052085876,0,LOW_RISK,0.0,
BioSpread,UNSEEN::AH086,0.21216779947280884,medium,0,0.6039798557758331,0,LOW_RISK,0.0,
BioSpread,UNSEEN::AB868,0.21226805448532104,medium,0,0.6038531959056854,0,LOW_RISK,0.0,
BioSpread,UNSEEN::AB911,0.2121274620294571,medium,0,0.6040681302547455,0,LOW_RISK,0.0,
BioSpread,UNSEEN::AB618,0.2118435800075531,medium,0,0.6046398878097534,0,LOW_RISK,0.0,
BioSpread,UNSEEN::AH196,0.21190522611141205,medium,0,0.6045186817646027,0,LOW_RISK,0.0,
BioSpread,UNSEEN::AG624,0.2121536284685135,medium,0,0.6040093898773193,0,LOW_RISK,0.0,
BioSpread,UNSEEN::AA584,0.21216166019439697,medium,0,0.6039916276931763,0,LOW_RISK,0.0,
BioSpread,AA782,0.7454058527946472,review,0,0.5677018165588379,0,MODERATE_RISK,0.0,
BioSpread,UNSEEN::AB243,0.21144965291023254,medium,0,0.6055181324481964,0,LOW_RISK,0.0,
BioSpread,UNSEEN::AC128,0.2121686190366745,medium,0,0.6039780676364899,0,LOW_RISK,0.0,
BioSpread,AD199,0.2874468266963959,review,0,0.5807828605175018,0,LOW_RISK,0.0,
BioSpread,UNSEEN::AD639,0.21230708062648773,medium,0,0.6036985814571381,0,LOW_RISK,0.0,
BioSpread,UNSEEN::AB252,0.21215449273586273,medium,0,0.6040075123310089,0,LOW_RISK,0.0,
BioSpread,UNSEEN::AH340,0.2121535837650299,medium,0,0.6040090918540955,0,LOW_RISK,0.0,
BioSpread,UNSEEN::AG171,0.21216779947280884,medium,0,0.6039798557758331,0,LOW_RISK,0.0,
BioSpread,AC597,0.5859984755516052,review,0,0.5175357460975647,0,MODERATE_RISK,0.0,
BioSpread,AB661,0.5538206100463867,review,0,0.5182723999023438,0,MODERATE_RISK,0.0,
BioSpread,AE853,0.697143018245697,review,0,0.5483430027961731,0,MODERATE_RISK,0.0,
BioSpread,AD152,0.5104106664657593,review,0,0.5322904288768768,0,MODERATE_RISK,0.0,
BioSpread,UNSEEN::AF486,0.21200013160705566,medium,0,0.6043209433555603,0,LOW_RISK,0.0,
BioSpread,UNSEEN::AD159,0.21182817220687866,medium,0,0.6047479510307312,0,LOW_RISK,0.0,
BioSpread,UNSEEN::AF588,0.21216779947280884,medium,0,0.6039798557758331,0,LOW_RISK,0.0,
BioSpread,UNSEEN::AH103,0.21216779947280884,medium,0,0.6039798557758331,0,LOW_RISK,0.0,
BioSpread,UNSEEN::AF362,0.2121669501066208,medium,0,0.6039817333221436,0,LOW_RISK,0.0,
BioSpread,AG362,0.7093319892883301,review,0,0.550144374370575,0,MODERATE_RISK,0.0,
BioSpread,UNSEEN::AC749,0.2121536284685135,medium,0,0.6040093898773193,0,LOW_RISK,0.0,
BioSpread,AB677,0.6264446377754211,review,0,0.5382599830627441,0,MODERATE_RISK,0.0,
BioSpread,AD529,0.7459185719490051,review,1,0.5671096444129944,0,MODERATE_RISK,0.0,
BioSpread,UNSEEN::AG901,0.21216779947280884,medium,0,0.6039798557758331,0,LOW_RISK,0.0,
BioSpread,AG023,0.6843735575675964,review,0,0.5430964231491089,0,MODERATE_RISK,0.0,
BioSpread,UNSEEN::AH480,0.2121686190366745,medium,0,0.6039780676364899,0,LOW_RISK,0.0,
BioSpread,UNSEEN::AD119,0.21230323612689972,medium,0,0.6037963926792145,0,LOW_RISK,0.0,
BioSpread,AG196,0.6920257210731506,review,0,0.5397733747959137,0,MODERATE_RISK,0.0,
BioSpread,UNSEEN::AC560,0.212307870388031,medium,0,0.6036968231201172,0,LOW_RISK,0.0,
BioSpread,AE537,0.6940955519676208,review,0,0.5457851588726044,0,MODERATE_RISK,0.0,
BioSpread,UNSEEN::AF215,0.21230708062648773,medium,0,0.6036985814571381,0,LOW_RISK,0.0,
BioSpread,AA728,0.5793755054473877,review,0,0.5128311514854431,0,MODERATE_RISK,0.0,
BioSpread,UNSEEN::AF579,0.21686658263206482,review,0,0.5984931886196136,0,LOW_RISK,0.0,
BioSpread,UNSEEN::AD417,0.21216821670532227,medium,0,0.6039789617061615,0,LOW_RISK,0.0,
BioSpread,AF754,0.630459189414978,review,0,0.5206985175609589,0,MODERATE_RISK,0.0,
BioSpread,AC320,0.7486069798469543,review,1,0.5727647840976715,0,MODERATE_RISK,0.0,
BioSpread,UNSEEN::AB799,0.21216779947280884,medium,0,0.6039798557758331,0,LOW_RISK,0.0,
BioSpread,AF793,0.6335342526435852,review,0,0.5171237587928772,0,MODERATE_RISK,0.0,
BioSpread,UNSEEN::AB492,0.21202954649925232,medium,0,0.6043052673339844,0,LOW_RISK,0.0,
BioSpread,AC217,0.7428446412086487,review,0,0.5635333061218262,0,MODERATE_RISK,0.0,
BioSpread,UNSEEN::AC300,0.21181738376617432,medium,0,0.6046964526176453,0,LOW_RISK,0.0,
BioSpread,UNSEEN::AE041,0.2119988650083542,medium,0,0.6043237149715424,0,LOW_RISK,0.0,
BioSpread,UNSEEN::AE828,0.2122461199760437,medium,0,0.6038780808448792,0,LOW_RISK,0.0,
BioSpread,AA174,0.7452259063720703,review,1,0.5657682120800018,0,MODERATE_RISK,0.0,
BioSpread,AA180,0.7215632200241089,review,0,0.5509283542633057,0,MODERATE_RISK,0.0,
BioSpread,AA606,0.5229067206382751,review,0,0.5080134868621826,0,MODERATE_RISK,0.0,
BioSpread,AB283,0.7418830394744873,review,0,0.5635880827903748,0,MODERATE_RISK,0.0,
BioSpread,AC720,0.742058277130127,review,0,0.5623165369033813,0,MODERATE_RISK,0.0,
BioSpread,UNSEEN::AB482,0.21184401214122772,medium,0,0.604638934135437,0,LOW_RISK,0.0,
BioSpread,UNSEEN::AA498,0.21201317012310028,medium,0,0.6042939126491547,0,LOW_RISK,0.0,
BioSpread,AA586,0.746677577495575,review,0,0.5675889253616333,0,MODERATE_RISK,0.0,
BioSpread,UNSEEN::AF889,0.21230702102184296,medium,0,0.6036983132362366,0,LOW_RISK,0.0,
BioSpread,UNSEEN::AD867,0.21216779947280884,medium,0,0.6039798557758331,0,LOW_RISK,0.0,
BioSpread,AA217,0.6539208889007568,review,0,0.5161721110343933,0,MODERATE_RISK,0.0,
BioSpread,UNSEEN::AH320,0.2121669501066208,medium,0,0.6039817333221436,0,LOW_RISK,0.0,
BioSpread,UNSEEN::AD287,0.21177060902118683,medium,0,0.6047951579093933,0,LOW_RISK,0.0,
BioSpread,AD120,0.7429909110069275,review,0,0.5640225112438202,0,MODERATE_RISK,0.0,
BioSpread,AE356,0.41529524326324463,review,0,0.5225646495819092,0,LOW_RISK,0.0,
BioSpread,AB692,0.7160466313362122,review,0,0.5505679547786713,0,MODERATE_RISK,0.0,
BioSpread,UNSEEN::AC596,0.21190997958183289,medium,0,0.6046091318130493,0,LOW_RISK,0.0,
BioSpread,AG613,0.7064098119735718,review,0,0.5442135035991669,0,MODERATE_RISK,0.0,
BioSpread,AE493,0.5745342969894409,review,0,0.4896894693374634,0,MODERATE_RISK,0.0,
BioSpread,AD449,0.7217851281166077,review,0,0.5523887574672699,0,MODERATE_RISK,0.0,
BioSpread,UNSEEN::AE444,0.21199393272399902,medium,0,0.6044352948665619,0,LOW_RISK,0.0,
BioSpread,UNSEEN::AC667,0.21216735243797302,medium,0,0.6039808392524719,0,LOW_RISK,0.0,
BioSpread,AE639,0.7394242882728577,review,0,0.5612351298332214,0,MODERATE_RISK,0.0,
BioSpread,AD569,0.705754280090332,review,0,0.5477651059627533,0,MODERATE_RISK,0.0,
BioSpread,AG536,0.6793871521949768,review,0,0.5455034077167511,0,MODERATE_RISK,0.0,
BioSpread,UNSEEN::AE429,0.21216735243797302,medium,0,0.6039808392524719,0,LOW_RISK,0.0,
BioSpread,UNSEEN::AD438,0.21230746805667877,medium,0,0.6036976873874664,0,LOW_RISK,0.0,
BioSpread,AE652,0.6190106868743896,review,0,0.5072336494922638,0,MODERATE_RISK,0.0,
BioSpread,UNSEEN::AD096,0.21216735243797302,medium,0,0.6039808392524719,0,LOW_RISK,0.0,
BioSpread,AE015,0.7262882590293884,review,1,0.5627506375312805,0,MODERATE_RISK,0.0,
BioSpread,UNSEEN::AC392,0.21216730773448944,medium,0,0.603980541229248,0,LOW_RISK,0.0,
BioSpread,UNSEEN::AG805,0.21216735243797302,medium,0,0.6039808392524719,0,LOW_RISK,0.0,
BioSpread,UNSEEN::AF014,0.21176661550998688,medium,0,0.604872465133667,0,LOW_RISK,0.0,
BioSpread,UNSEEN::AE010,0.21216779947280884,medium,0,0.6039798557758331,0,LOW_RISK,0.0,
BioSpread,UNSEEN::AD725,0.21201276779174805,medium,0,0.6042947769165039,0,LOW_RISK,0.0,
BioSpread,UNSEEN::AC015,0.2121364176273346,medium,0,0.6041368246078491,0,LOW_RISK,0.0,
BioSpread,AB772,0.6884039640426636,review,0,0.5521813333034515,0,MODERATE_RISK,0.0,
BioSpread,AB786,0.5042615532875061,review,0,0.46826988458633423,0,MODERATE_RISK,0.0,
BioSpread,UNSEEN::AD054,0.21159139275550842,medium,0,0.6051762402057648,0,LOW_RISK,0.0,
BioSpread,UNSEEN::AC460,0.2121981978416443,medium,0,0.6039614677429199,0,LOW_RISK,0.0,
BioSpread,AE119,0.5569077134132385,review,0,0.5350012481212616,0,MODERATE_RISK,0.0,
BioSpread,AG476,0.6782757639884949,review,0,0.5341204404830933,0,MODERATE_RISK,0.0,
BioSpread,UNSEEN::AH231,0.21216821670532227,medium,0,0.6039789617061615,0,LOW_RISK,0.0,
BioSpread,AF309,0.5107761025428772,review,0,0.5323244631290436,0,MODERATE_RISK,0.0,
BioSpread,UNSEEN::AD832,0.21230708062648773,medium,0,0.6036985814571381,0,LOW_RISK,0.0,
BioSpread,UNSEEN::AD336,0.2115248143672943,medium,0,0.6053564846515656,0,LOW_RISK,0.0,
BioSpread,UNSEEN::AD853,0.21170133352279663,medium,0,0.6051052808761597,0,LOW_RISK,0.0,
BioSpread,AB580,0.2625768184661865,review,0,0.5944505929946899,0,LOW_RISK,0.0,
BioSpread,UNSEEN::AF638,0.21199969947338104,medium,0,0.6043262779712677,0,LOW_RISK,0.0,
BioSpread,UNSEEN::AE309,0.21090014278888702,medium,0,0.6065699756145477,0,LOW_RISK,0.0,
BioSpread,UNSEEN::AF871,0.21190983057022095,medium,0,0.6045773327350616,0,LOW_RISK,0.0,
BioSpread,AH397,0.6181020736694336,review,0,0.5174529850482941,0,MODERATE_RISK,0.0,
BioSpread,AE921,0.5102888345718384,review,0,0.5322916805744171,0,MODERATE_RISK,0.0,
BioSpread,AF694,0.4724222719669342,review,0,0.5011982619762421,0,LOW_RISK,0.0,
BioSpread,AC604,0.5641544461250305,review,0,0.5355821847915649,0,MODERATE_RISK,0.0,
BioSpread,AA302,0.7399227023124695,review,1,0.5595806539058685,0,MODERATE_RISK,0.0,
BioSpread,UNSEEN::AD151,0.21201317012310028,medium,0,0.6042939126491547,0,LOW_RISK,0.0,
BioSpread,AG153,0.2619047462940216,review,0,0.5957272946834564,0,LOW_RISK,0.0,
BioSpread,AF388,0.32784199714660645,review,0,0.5700075626373291,0,LOW_RISK,0.0,
BioSpread,UNSEEN::AF668,0.21210217475891113,medium,0,0.6041250228881836,0,LOW_RISK,0.0,
BioSpread,UNSEEN::AB019,0.21216779947280884,medium,0,0.6039798557758331,0,LOW_RISK,0.0,
BioSpread,AE525,0.6991147994995117,review,0,0.548443615436554,0,MODERATE_RISK,0.0,
BioSpread,AC491,0.6981461644172668,review,0,0.5415937602519989,0,MODERATE_RISK,0.0,
BioSpread,AF808,0.6780006885528564,review,0,0.5319180488586426,0,MODERATE_RISK,0.0,
BioSpread,UNSEEN::AE374,0.21201276779174805,medium,0,0.6042947769165039,0,LOW_RISK,0.0,
BioSpread,UNSEEN::AF657,0.21196019649505615,medium,0,0.6044039726257324,0,LOW_RISK,0.0,
BioSpread,UNSEEN::AB614,0.21146877110004425,medium,0,0.605610728263855,0,LOW_RISK,0.0,
BioSpread,UNSEEN::AD662,0.21190562844276428,medium,0,0.6045177578926086,0,LOW_RISK,0.0,
BioSpread,UNSEEN::AE526,0.21199561655521393,medium,0,0.6043335497379303,0,LOW_RISK,0.0,
BioSpread,UNSEEN::AC147,0.21201711893081665,medium,0,0.6044040620326996,0,LOW_RISK,0.0,
BioSpread,AD593,0.704770028591156,review,1,0.5522736608982086,0,MODERATE_RISK,0.0,
BioSpread,AE765,0.5564139485359192,review,0,0.5349906980991364,0,MODERATE_RISK,0.0,
BioSpread,UNSEEN::AC730,0.21211880445480347,medium,0,0.6040787696838379,0,LOW_RISK,0.0,
BioSpread,AG823,0.45285794138908386,review,0,0.5344316363334656,0,LOW_RISK,0.0,
BioSpread,UNSEEN::AF182,0.2121686190366745,medium,0,0.6039780676364899,0,LOW_RISK,0.0,
BioSpread,AF854,0.6784701347351074,review,0,0.5356212556362152,0,MODERATE_RISK,0.0,
BioSpread,UNSEEN::AF489,0.21203848719596863,medium,0,0.6043157875537872,0,LOW_RISK,0.0,
BioSpread,UNSEEN::AF025,0.21182909607887268,medium,0,0.6046701371669769,0,LOW_RISK,0.0,
BioSpread,UNSEEN::AC372,0.21189579367637634,medium,0,0.6045938432216644,0,LOW_RISK,0.0,
BioSpread,AC911,0.5006029605865479,review,0,0.5004797279834747,0,MODERATE_RISK,0.0,
BioSpread,AG262,0.5731879472732544,review,0,0.5151975750923157,0,MODERATE_RISK,0.0,
BioSpread,UNSEEN::AG036,0.21147873997688293,medium,0,0.6054377257823944,0,LOW_RISK,0.0,
BioSpread,UNSEEN::AG959,0.21216779947280884,medium,0,0.6039798557758331,0,LOW_RISK,0.0,
BioSpread,UNSEEN::AG438,0.2116585522890091,medium,0,0.6050188839435577,0,LOW_RISK,0.0,
BioSpread,UNSEEN::AD540,0.21216735243797302,medium,0,0.6039808392524719,0,LOW_RISK,0.0,
BioSpread,UNSEEN::AC933,0.21216294169425964,medium,0,0.6040105223655701,0,LOW_RISK,0.0,
BioSpread,UNSEEN::AE505,0.21170784533023834,medium,0,0.6049376130104065,0,LOW_RISK,0.0,
BioSpread,UNSEEN::AE580,0.21206282079219818,medium,0,0.6042535901069641,0,LOW_RISK,0.0,
BioSpread,AA941,0.747134804725647,review,1,0.5711441934108734,0,MODERATE_RISK,0.0,
BioSpread,AB666,0.5228564143180847,review,0,0.5080100297927856,0,MODERATE_RISK,0.0,
BioSpread,AG719,0.7473646998405457,review,0,0.5697838962078094,0,MODERATE_RISK,0.0,
BioSpread,UNSEEN::AG228,0.21215449273586273,medium,0,0.6040075123310089,0,LOW_RISK,0.0,
BioSpread,AD467,0.6094386577606201,review,0,0.5320817530155182,0,MODERATE_RISK,0.0,
BioSpread,UNSEEN::AH058,0.21216821670532227,medium,0,0.6039789617061615,0,LOW_RISK,0.0,
BioSpread,UNSEEN::AF770,0.21222415566444397,medium,0,0.6038995087146759,0,LOW_RISK,0.0,
BioSpread,UNSEEN::AG903,0.21230868995189667,medium,0,0.6036950349807739,0,LOW_RISK,0.0,
BioSpread,UNSEEN::AB307,0.2119097262620926,medium,0,0.6046329736709595,0,LOW_RISK,0.0,
BioSpread,UNSEEN::AC893,0.2121540606021881,medium,0,0.6040084660053253,0,LOW_RISK,0.0,
BioSpread,AD597,0.6631484031677246,review,0,0.5370661318302155,0,MODERATE_RISK,0.0,
BioSpread,AG187,0.5227808952331543,review,0,0.508004903793335,0,MODERATE_RISK,0.0,
BioSpread,AE465,0.7474391460418701,review,0,0.5834406912326813,0,MODERATE_RISK,0.0,
BioSpread,UNSEEN::AE760,0.21216821670532227,medium,0,0.6039789617061615,0,LOW_RISK,0.0,
BioSpread,AG530,0.680045485496521,review,0,0.5433687567710876,0,MODERATE_RISK,0.0,
BioSpread,AB862,0.6843489408493042,review,0,0.5430673062801361,0,MODERATE_RISK,0.0,
BioSpread,UNSEEN::AH513,0.2124335914850235,medium,0,0.6035042703151703,0,LOW_RISK,0.0,
BioSpread,UNSEEN::AA239,0.21216821670532227,medium,0,0.6039789617061615,0,LOW_RISK,0.0,
BioSpread,UNSEEN::AG618,0.2121553122997284,medium,0,0.6040057241916656,0,LOW_RISK,0.0,
BioSpread,UNSEEN::AC723,0.21230576932430267,medium,0,0.6037010550498962,0,LOW_RISK,0.0,
BioSpread,AH395,0.5894535183906555,review,0,0.5202862918376923,0,MODERATE_RISK,0.0,
BioSpread,UNSEEN::AC617,0.21216735243797302,medium,0,0.6039808392524719,0,LOW_RISK,0.0,
BioSpread,UNSEEN::AD697,0.2123056948184967,medium,0,0.6037007868289948,0,LOW_RISK,0.0,
BioSpread,UNSEEN::AH298,0.21216821670532227,medium,0,0.6039789617061615,0,LOW_RISK,0.0,
BioSpread,UNSEEN::AE462,0.21216779947280884,medium,0,0.6039798557758331,0,LOW_RISK,0.0,
BioSpread,AG152,0.6928704380989075,review,0,0.5474767684936523,0,MODERATE_RISK,0.0,
BioSpread,UNSEEN::AG752,0.21226763725280762,medium,0,0.6038497686386108,0,LOW_RISK,0.0,
BioSpread,UNSEEN::AF018,0.2118876576423645,medium,0,0.6045940220355988,0,LOW_RISK,0.0,
BioSpread,AC696,0.5542132258415222,review,0,0.5182359218597412,0,MODERATE_RISK,0.0,
BioSpread,UNSEEN::AD630,0.21193291246891022,medium,0,0.6044608354568481,0,LOW_RISK,0.0,
BioSpread,UNSEEN::AA221,0.21224655210971832,medium,0,0.6038771569728851,0,LOW_RISK,0.0,
BioSpread,AB775,0.6213734745979309,review,0,0.5335188806056976,0,MODERATE_RISK,0.0,
BioSpread,UNSEEN::AE517,0.21215488016605377,medium,0,0.6040066182613373,0,LOW_RISK,0.0,
BioSpread,UNSEEN::AB497,0.2121540606021881,medium,0,0.6040084660053253,0,LOW_RISK,0.0,
BioSpread,AB871,0.7072338461875916,review,0,0.542471319437027,0,MODERATE_RISK,0.0,
BioSpread,AE949,0.6294325590133667,review,0,0.5206468105316162,0,MODERATE_RISK,0.0,
BioSpread,UNSEEN::AC725,0.2123430073261261,medium,0,0.6036441028118134,0,LOW_RISK,0.0,
BioSpread,UNSEEN::AC599,0.212008535861969,medium,0,0.6043413579463959,0,LOW_RISK,0.0,
BioSpread,AE466,0.5630941987037659,review,0,0.5354749858379364,0,MODERATE_RISK,0.0,
BioSpread,AA668,0.7285781502723694,review,1,0.5542698204517365,0,MODERATE_RISK,0.0,
BioSpread,UNSEEN::AD314,0.21187178790569305,medium,0,0.6045650541782379,0,LOW_RISK,0.0,
BioSpread,UNSEEN::AD771,0.21190756559371948,medium,0,0.6045814752578735,0,LOW_RISK,0.0,
BioSpread,AD592,0.6830320954322815,review,0,0.5376770198345184,0,MODERATE_RISK,0.0,
BioSpread,AE641,0.6572037935256958,review,0,0.5286559462547302,0,MODERATE_RISK,0.0,
BioSpread,AC944,0.6856487393379211,review,0,0.5379292368888855,0,MODERATE_RISK,0.0,
BioSpread,UNSEEN::AG863,0.21216779947280884,medium,0,0.6039798557758331,0,LOW_RISK,0.0,
BioSpread,UNSEEN::AB359,0.21178695559501648,medium,0,0.6047575771808624,0,LOW_RISK,0.0,
BioSpread,AC050,0.673391580581665,review,0,0.5302918553352356,0,MODERATE_RISK,0.0,
BioSpread,UNSEEN::AH284,0.21216735243797302,medium,0,0.6039808392524719,0,LOW_RISK,0.0,
BioSpread,AD660,0.65995192527771,review,0,0.5359017252922058,0,MODERATE_RISK,0.0,
BioSpread,UNSEEN::AC715,0.21165631711483002,medium,0,0.6051633358001709,0,LOW_RISK,0.0,
BioSpread,UNSEEN::AH278,0.2121669501066208,medium,0,0.6039817333221436,0,LOW_RISK,0.0,
BioSpread,UNSEEN::AA182,0.2122742384672165,medium,0,0.6038819253444672,0,LOW_RISK,0.0,
BioSpread,UNSEEN::AB254,0.2120136022567749,medium,0,0.6042929589748383,0,LOW_RISK,0.0,
BioSpread,AD925,0.5104241967201233,review,0,0.5322903096675873,0,MODERATE_RISK,0.0,
BioSpread,UNSEEN::AH319,0.2121446430683136,medium,0,0.6039995849132538,0,LOW_RISK,0.0,
BioSpread,AA763,0.7142517566680908,review,0,0.5506190955638885,0,MODERATE_RISK,0.0,
BioSpread,AA195,0.6027410626411438,review,0,0.5221423208713531,0,MODERATE_RISK,0.0,
BioSpread,AD839,0.7230042815208435,review,0,0.5566739737987518,0,MODERATE_RISK,0.0,
BioSpread,AG934,0.18514640629291534,medium,0,0.6540361940860748,0,LOW_RISK,0.0,
BioSpread,AD355,0.4289211928844452,review,0,0.531675398349762,0,LOW_RISK,0.0,
BioSpread,AD505,0.6799460649490356,review,0,0.5457781553268433,0,MODERATE_RISK,0.0,
BioSpread,UNSEEN::AC606,0.21195848286151886,medium,0,0.6044077277183533,0,LOW_RISK,0.0,
BioSpread,AC289,0.7469207644462585,review,0,0.5677950084209442,0,MODERATE_RISK,0.0,
BioSpread,AD300,0.7099989652633667,review,0,0.5518079996109009,0,MODERATE_RISK,0.0,
BioSpread,AB190,0.7490590810775757,review,0,0.5704129636287689,0,MODERATE_RISK,0.0,
BioSpread,UNSEEN::AB489,0.21193377673625946,medium,0,0.6045529842376709,0,LOW_RISK,0.0,
BioSpread,AA667,0.7461748719215393,review,1,0.5686264038085938,0,MODERATE_RISK,0.0,
BioSpread,UNSEEN::AD628,0.2121145874261856,medium,0,0.6040904521942139,0,LOW_RISK,0.0,
BioSpread,UNSEEN::AA310,0.211769700050354,medium,0,0.6048146784305573,0,LOW_RISK,0.0,
BioSpread,UNSEEN::AD375,0.21120265126228333,medium,0,0.6061184108257294,0,LOW_RISK,0.0,
BioSpread,UNSEEN::AA350,0.21226364374160767,medium,0,0.6038917303085327,0,LOW_RISK,0.0,
BioSpread,AF747,0.7433602809906006,review,1,0.5648939907550812,0,MODERATE_RISK,0.0,
BioSpread,UNSEEN::AE668,0.21207842230796814,medium,0,0.604220062494278,0,LOW_RISK,0.0,
BioSpread,AD422,0.5346361994743347,review,0,0.5054946839809418,0,MODERATE_RISK,0.0,
BioSpread,AD625,0.5104647874832153,review,0,0.5322898924350739,0,MODERATE_RISK,0.0,
BioSpread,UNSEEN::AH004,0.21197237074375153,medium,0,0.6043787896633148,0,LOW_RISK,0.0,
BioSpread,UNSEEN::AA020,0.21216076612472534,medium,0,0.6039931774139404,0,LOW_RISK,0.0,
BioSpread,UNSEEN::AG230,0.21216821670532227,medium,0,0.6039789617061615,0,LOW_RISK,0.0,
BioSpread,UNSEEN::AE887,0.21137239038944244,medium,0,0.6057461798191071,0,LOW_RISK,0.0,
BioSpread,AB951,0.7462506890296936,review,1,0.5690257251262665,0,MODERATE_RISK,0.0,
BioSpread,UNSEEN::AH259,0.21216434240341187,medium,0,0.6039866209030151,0,LOW_RISK,0.0,
BioSpread,AG629,0.5233089327812195,review,0,0.5080873668193817,0,MODERATE_RISK,0.0,
BioSpread,UNSEEN::AA312,0.212055966258049,medium,0,0.6042499244213104,0,LOW_RISK,0.0,
BioSpread,AB555,0.7156386971473694,review,0,0.551129162311554,0,MODERATE_RISK,0.0,
BioSpread,AE482,0.32792115211486816,review,0,0.569927841424942,0,LOW_RISK,0.0,
BioSpread,AF352,0.6369943022727966,review,0,0.5176705121994019,0,MODERATE_RISK,0.0,
BioSpread,UNSEEN::AF031,0.21123673021793365,medium,0,0.6060045957565308,0,LOW_RISK,0.0,
BioSpread,UNSEEN::AE981,0.21214857697486877,medium,0,0.6040569543838501,0,LOW_RISK,0.0,
BioSpread,UNSEEN::AE069,0.21179337799549103,medium,0,0.6048782765865326,0,LOW_RISK,0.0,
BioSpread,UNSEEN::AF236,0.21211418509483337,medium,0,0.6040914058685303,0,LOW_RISK,0.0,
BioSpread,AD297,0.718332827091217,review,0,0.5539522469043732,0,MODERATE_RISK,0.0,
BioSpread,UNSEEN::AG875,0.21216821670532227,medium,0,0.6039789617061615,0,LOW_RISK,0.0,
BioSpread,AH199,0.5229445099830627,review,0,0.5080160796642303,0,MODERATE_RISK,0.0,
BioSpread,AF273,0.5857594609260559,review,0,0.5177697241306305,0,MODERATE_RISK,0.0,
BioSpread,AG636,0.2619170546531677,review,0,0.5957206189632416,0,LOW_RISK,0.0,
BioSpread,AB429,0.6147575378417969,review,0,0.5310591161251068,0,MODERATE_RISK,0.0,
BioSpread,UNSEEN::AF447,0.21216821670532227,medium,0,0.6039789617061615,0,LOW_RISK,0.0,
BioSpread,AG105,0.18405286967754364,medium,0,0.6567856073379517,0,LOW_RISK,0.0,
BioSpread,AG241,0.6978217363357544,review,0,0.5406965911388397,0,MODERATE_RISK,0.0,
BioSpread,AG450,0.6616157293319702,review,0,0.5402579009532928,0,MODERATE_RISK,0.0,
BioSpread,UNSEEN::AF062,0.21216779947280884,medium,0,0.6039798557758331,0,LOW_RISK,0.0,
BioSpread,UNSEEN::AD938,0.21229390799999237,medium,0,0.6037259101867676,0,LOW_RISK,0.0,
BioSpread,UNSEEN::AF028,0.21212735772132874,medium,0,0.6040346920490265,0,LOW_RISK,0.0,
BioSpread,AF621,0.6838980317115784,review,0,0.5396327376365662,0,MODERATE_RISK,0.0,
BioSpread,AE742,0.6949183344841003,review,0,0.5527586936950684,0,MODERATE_RISK,0.0,
BioSpread,UNSEEN::AG659,0.21214419603347778,medium,0,0.6040005683898926,0,LOW_RISK,0.0,
BioSpread,UNSEEN::AG173,0.21140211820602417,medium,0,0.6057155132293701,0,LOW_RISK,0.0,
BioSpread,UNSEEN::AA516,0.21050792932510376,medium,0,0.6076392829418182,0,LOW_RISK,0.0,
BioSpread,UNSEEN::AD566,0.21199673414230347,medium,0,0.6043900549411774,0,LOW_RISK,0.0,
BioSpread,AC824,0.5545631051063538,review,0,0.5183195769786835,0,MODERATE_RISK,0.0,
BioSpread,AF246,0.6840207576751709,review,0,0.5367290675640106,0,MODERATE_RISK,0.0,
BioSpread,AC345,0.7439534664154053,review,0,0.565652459859848,0,MODERATE_RISK,0.0,
BioSpread,AF809,0.7433012127876282,review,1,0.5638732314109802,0,MODERATE_RISK,0.0,
BioSpread,UNSEEN::AB828,0.21218083798885345,medium,0,0.6039932072162628,0,LOW_RISK,0.0,
BioSpread,UNSEEN::AE460,0.21216821670532227,medium,0,0.6039789617061615,0,LOW_RISK,0.0,
BioSpread,AB130,0.7463876605033875,review,1,0.5676728188991547,0,MODERATE_RISK,0.0,
BioSpread,UNSEEN::AG515,0.21198095381259918,medium,0,0.6044499576091766,0,LOW_RISK,0.0,
BioSpread,AD776,0.6856288909912109,review,0,0.5437434911727905,0,MODERATE_RISK,0.0,
BioSpread,AB337,0.7082483172416687,review,1,0.5458705723285675,0,MODERATE_RISK,0.0,
BioSpread,UNSEEN::AE398,0.21230868995189667,medium,0,0.6036950349807739,0,LOW_RISK,0.0,
BioSpread,UNSEEN::AE292,0.21197271347045898,medium,0,0.604454755783081,0,LOW_RISK,0.0,
BioSpread,UNSEEN::AG200,0.21219803392887115,medium,0,0.6039582192897797,0,LOW_RISK,0.0,
BioSpread,UNSEEN::AE567,0.21216779947280884,medium,0,0.6039798557758331,0,LOW_RISK,0.0,
BioSpread,UNSEEN::AF528,0.212127223610878,medium,0,0.6041349470615387,0,LOW_RISK,0.0,
BioSpread,AE836,0.1908426582813263,medium,0,0.6419269144535065,0,LOW_RISK,0.0,
BioSpread,UNSEEN::AC616,0.2121393233537674,medium,0,0.604109525680542,0,LOW_RISK,0.0,
BioSpread,AA615,0.7425697445869446,review,0,0.5683538019657135,0,MODERATE_RISK,0.0,
BioSpread,UNSEEN::AC789,0.21201711893081665,medium,0,0.6044040620326996,0,LOW_RISK,0.0,
BioSpread,AB910,0.6865185499191284,review,0,0.5393125414848328,0,MODERATE_RISK,0.0,
BioSpread,UNSEEN::AE351,0.21183806657791138,medium,0,0.6047677099704742,0,LOW_RISK,0.0,
BioSpread,UNSEEN::AF419,0.21212980151176453,medium,0,0.6041037738323212,0,LOW_RISK,0.0,
BioSpread,AF852,0.6787359118461609,review,0,0.5356136560440063,0,MODERATE_RISK,0.0,
BioSpread,UNSEEN::AF336,0.212224543094635,medium,0,0.6038986146450043,0,LOW_RISK,0.0,
BioSpread,UNSEEN::AH180,0.2121686190366745,medium,0,0.6039780676364899,0,LOW_RISK,0.0,
BioSpread,AE744,0.7258964776992798,review,0,0.5540958642959595,0,MODERATE_RISK,0.0,
BioSpread,UNSEEN::AG993,0.21216735243797302,medium,0,0.6039808392524719,0,LOW_RISK,0.0,
BioSpread,UNSEEN::AE422,0.21215488016605377,medium,0,0.6040066182613373,0,LOW_RISK,0.0,
BioSpread,AB251,0.7063031792640686,review,0,0.5478213429450989,0,MODERATE_RISK,0.0,
BioSpread,UNSEEN::AG576,0.2121553122997284,medium,0,0.6040057241916656,0,LOW_RISK,0.0,
BioSpread,UNSEEN::AG718,0.21230444312095642,medium,0,0.6037035286426544,0,LOW_RISK,0.0,
BioSpread,AB323,0.6614519357681274,review,0,0.5289607048034668,0,MODERATE_RISK,0.0,
BioSpread,UNSEEN::AH416,0.21216779947280884,medium,0,0.6039798557758331,0,LOW_RISK,0.0,
BioSpread,UNSEEN::AF835,0.2121625393629074,medium,0,0.6039897203445435,0,LOW_RISK,0.0,
BioSpread,UNSEEN::AF385,0.21216735243797302,medium,0,0.6039808392524719,0,LOW_RISK,0.0,
BioSpread,UNSEEN::AE302,0.2119722217321396,medium,0,0.6044513285160065,0,LOW_RISK,0.0,
BioSpread,UNSEEN::AF729,0.21147097647190094,medium,0,0.605518251657486,0,LOW_RISK,0.0,
BioSpread,AE616,0.5103971362113953,review,0,0.5322905778884888,0,MODERATE_RISK,0.0,
BioSpread,UNSEEN::AG940,0.21216735243797302,medium,0,0.6039808392524719,0,LOW_RISK,0.0,
BioSpread,AC152,0.5714913010597229,review,0,0.5151579082012177,0,MODERATE_RISK,0.0,
BioSpread,UNSEEN::AG284,0.21230708062648773,medium,0,0.6036985814571381,0,LOW_RISK,0.0,
BioSpread,AA031,0.7408483028411865,review,0,0.5606227517127991,0,MODERATE_RISK,0.0,
BioSpread,AF681,0.5711787939071655,review,0,0.5150685012340546,0,MODERATE_RISK,0.0,
BioSpread,UNSEEN::AF163,0.21216735243797302,medium,0,0.6039808392524719,0,LOW_RISK,0.0,
BioSpread,UNSEEN::AG127,0.21216779947280884,medium,0,0.6039798557758331,0,LOW_RISK,0.0,
BioSpread,UNSEEN::AC580,0.2107810527086258,medium,0,0.6069565117359161,0,LOW_RISK,0.0,
BioSpread,UNSEEN::AF311,0.2119593322277069,medium,0,0.6044058501720428,0,LOW_RISK,0.0,
BioSpread,AD775,0.6844712495803833,review,0,0.5431800186634064,0,MODERATE_RISK,0.0,
BioSpread,UNSEEN::AC109,0.21137243509292603,medium,0,0.6056658029556274,0,LOW_RISK,0.0,
BioSpread,UNSEEN::AH222,0.21201276779174805,medium,0,0.6042947769165039,0,LOW_RISK,0.0,
BioSpread,AG633,0.32787373661994934,review,0,0.5699415802955627,0,LOW_RISK,0.0,
BioSpread,UNSEEN::AF485,0.21209631860256195,medium,0,0.6041808128356934,0,LOW_RISK,0.0,
BioSpread,UNSEEN::AF171,0.21156056225299835,medium,0,0.6052230596542358,0,LOW_RISK,0.0,
BioSpread,UNSEEN::AE615,0.21128416061401367,medium,0,0.6058953106403351,0,LOW_RISK,0.0,
BioSpread,AB743,0.7370597720146179,review,0,0.5666277408599854,0,MODERATE_RISK,0.0,
BioSpread,UNSEEN::AC646,0.212197408080101,medium,0,0.6039632558822632,0,LOW_RISK,0.0,
BioSpread,AE851,0.6655603647232056,review,0,0.5337393581867218,0,MODERATE_RISK,0.0,
BioSpread,AC799,0.7009059190750122,review,0,0.5488817095756531,0,MODERATE_RISK,0.0,
BioSpread,UNSEEN::AA507,0.21216821670532227,medium,0,0.6039789617061615,0,LOW_RISK,0.0,
BioSpread,UNSEEN::AD671,0.21210125088691711,medium,0,0.6041717231273651,0,LOW_RISK,0.0,
BioSpread,UNSEEN::AD044,0.21200013160705566,medium,0,0.6043209433555603,0,LOW_RISK,0.0,
BioSpread,UNSEEN::AC925,0.2121420055627823,medium,0,0.6040333807468414,0,LOW_RISK,0.0,
BioSpread,AG107,0.39774903655052185,review,0,0.5649227499961853,0,LOW_RISK,0.0,
BioSpread,AA334,0.7469862103462219,review,0,0.567054033279419,0,MODERATE_RISK,0.0,
BioSpread,UNSEEN::AE234,0.2111080288887024,medium,0,0.606392115354538,0,LOW_RISK,0.0,
BioSpread,UNSEEN::AF834,0.21184661984443665,medium,0,0.6046713590621948,0,LOW_RISK,0.0,
BioSpread,UNSEEN::AG344,0.21216735243797302,medium,0,0.6039808392524719,0,LOW_RISK,0.0,
BioSpread,AD058,0.7455087304115295,review,1,0.568794846534729,0,MODERATE_RISK,0.0,
BioSpread,UNSEEN::AB958,0.21216300129890442,medium,0,0.6039891242980957,0,LOW_RISK,0.0,
BioSpread,AF605,0.6651641726493835,review,0,0.5343979895114899,0,MODERATE_RISK,0.0,
BioSpread,AB640,0.7483750581741333,review,1,0.5701635181903839,0,MODERATE_RISK,0.0,
BioSpread,AE250,0.5236349105834961,review,0,0.5081561207771301,0,MODERATE_RISK,0.0,
BioSpread,AG394,0.639552891254425,review,0,0.5274608135223389,0,MODERATE_RISK,0.0,
BioSpread,UNSEEN::AC085,0.21198797225952148,medium,0,0.6043173670768738,0,LOW_RISK,0.0,
BioSpread,UNSEEN::AH093,0.21230827271938324,medium,0,0.6036959290504456,0,LOW_RISK,0.0,
BioSpread,AF051,0.3279082775115967,review,0,0.5699301362037659,0,LOW_RISK,0.0,
BioSpread,AB849,0.4542010724544525,review,0,0.5473223328590393,0,LOW_RISK,0.0,
BioSpread,UNSEEN::AB093,0.21210427582263947,medium,0,0.6040835082530975,0,LOW_RISK,0.0,
BioSpread,UNSEEN::AF523,0.21174390614032745,medium,0,0.6048876941204071,0,LOW_RISK,0.0,
BioSpread,UNSEEN::AH188,0.21215447783470154,medium,0,0.6040162742137909,0,LOW_RISK,0.0,
BioSpread,UNSEEN::AD865,0.2114993780851364,medium,0,0.6053451001644135,0,LOW_RISK,0.0,
BioSpread,UNSEEN::AE344,0.21216779947280884,medium,0,0.6039798557758331,0,LOW_RISK,0.0,
BioSpread,UNSEEN::AC042,0.21214431524276733,medium,0,0.6040264368057251,0,LOW_RISK,0.0,
BioSpread,AF841,0.2618924677371979,review,0,0.5957338511943817,0,LOW_RISK,0.0,
BioSpread,UNSEEN::AG906,0.2121756225824356,medium,0,0.6039922833442688,0,LOW_RISK,0.0,
BioSpread,AC351,0.7096607685089111,review,0,0.5446520745754242,0,MODERATE_RISK,0.0,
BioSpread,UNSEEN::AA101,0.2119198441505432,medium,0,0.6045866012573242,0,LOW_RISK,0.0,
BioSpread,UNSEEN::AG128,0.21199969947338104,medium,0,0.6043218672275543,0,LOW_RISK,0.0,
BioSpread,UNSEEN::AH370,0.21216735243797302,medium,0,0.6039808392524719,0,LOW_RISK,0.0,
BioSpread,UNSEEN::AC004,0.21174435317516327,medium,0,0.6048867404460907,0,LOW_RISK,0.0,
BioSpread,AD247,0.5840842723846436,review,0,0.5175557136535645,0,MODERATE_RISK,0.0,
BioSpread,UNSEEN::AF061,0.2120429426431656,medium,0,0.6042858064174652,0,LOW_RISK,0.0,
BioSpread,AD478,0.26188015937805176,review,0,0.5957404971122742,0,LOW_RISK,0.0,
BioSpread,AC364,0.706832766532898,review,0,0.5479844212532043,0,MODERATE_RISK,0.0,
BioSpread,AD946,0.44125330448150635,review,0,0.5182841122150421,0,LOW_RISK,0.0,
BioSpread,UNSEEN::AB407,0.21202155947685242,medium,0,0.6043653190135956,0,LOW_RISK,0.0,
BioSpread,UNSEEN::AD948,0.21167145669460297,medium,0,0.604992151260376,0,LOW_RISK,0.0,
BioSpread,AB968,0.7442790865898132,review,0,0.5653652846813202,0,MODERATE_RISK,0.0,
BioSpread,UNSEEN::AF538,0.21228085458278656,medium,0,0.6038222312927246,0,LOW_RISK,0.0,
BioSpread,AD941,0.6742884516716003,review,0,0.5374709665775299,0,MODERATE_RISK,0.0,
BioSpread,UNSEEN::AF000,0.21201276779174805,medium,0,0.6042947769165039,0,LOW_RISK,0.0,
BioSpread,AA985,0.6968504786491394,review,0,0.545201301574707,0,MODERATE_RISK,0.0,
BioSpread,AF500,0.26188015937805176,review,0,0.5957404971122742,0,LOW_RISK,0.0,
BioSpread,AF084,0.7136123776435852,review,0,0.5547237992286682,0,MODERATE_RISK,0.0,
BioSpread,UNSEEN::AC533,0.21216779947280884,medium,0,0.6039798557758331,0,LOW_RISK,0.0,
BioSpread,AH268,0.5876991748809814,review,0,0.5298439860343933,0,MODERATE_RISK,0.0,
BioSpread,UNSEEN::AA676,0.21205644309520721,medium,0,0.6042492985725403,0,LOW_RISK,0.0,
BioSpread,UNSEEN::AB419,0.2122807651758194,medium,0,0.6037532687187195,0,LOW_RISK,0.0,
BioSpread,UNSEEN::AE449,0.21230827271938324,medium,0,0.6036959290504456,0,LOW_RISK,0.0,
BioSpread,UNSEEN::AE997,0.21201403439044952,medium,0,0.6042920649051666,0,LOW_RISK,0.0,
BioSpread,AF317,0.2618924677371979,review,0,0.5957338511943817,0,LOW_RISK,0.0,
BioSpread,AF772,0.7485554814338684,review,0,0.5788576006889343,0,MODERATE_RISK,0.0,
BioSpread,AG027,0.6583816409111023,review,0,0.5286604166030884,0,MODERATE_RISK,0.0,
BioSpread,AE965,0.6891888380050659,review,0,0.5455986857414246,0,MODERATE_RISK,0.0,
BioSpread,AA628,0.742803156375885,review,0,0.5622145235538483,0,MODERATE_RISK,0.0,
BioSpread,UNSEEN::AF097,0.21216735243797302,medium,0,0.6039808392524719,0,LOW_RISK,0.0,
BioSpread,UNSEEN::AC565,0.21172721683979034,medium,0,0.6050350069999695,0,LOW_RISK,0.0,
BioSpread,AC628,0.7476841807365417,review,1,0.5671742558479309,0,MODERATE_RISK,0.0,
BioSpread,UNSEEN::AA944,0.21050438284873962,medium,0,0.6075462102890015,0,LOW_RISK,0.0,
BioSpread,AC510,0.7195020318031311,review,0,0.5521550476551056,0,MODERATE_RISK,0.0,
BioSpread,UNSEEN::AF782,0.21216735243797302,medium,0,0.6039808392524719,0,LOW_RISK,0.0,
BioSpread,UNSEEN::AB058,0.21041302382946014,medium,0,0.6078436374664307,0,LOW_RISK,0.0,
BioSpread,AD456,0.5821835398674011,review,0,0.5164298713207245,0,MODERATE_RISK,0.0,
BioSpread,AC663,0.6488901972770691,review,1,0.5387994945049286,0,MODERATE_RISK,0.0,
BioSpread,UNSEEN::AG441,0.211918443441391,medium,0,0.6045761406421661,0,LOW_RISK,0.0,
BioSpread,AG507,0.7120447754859924,review,0,0.5467319190502167,0,MODERATE_RISK,0.0,
BioSpread,AC324,0.6462149620056152,review,0,0.5168174803256989,0,MODERATE_RISK,0.0,
BioSpread,AG491,0.6843371987342834,review,0,0.543060839176178,0,MODERATE_RISK,0.0,
BioSpread,UNSEEN::AB239,0.2110840231180191,medium,0,0.6064317524433136,0,LOW_RISK,0.0,
BioSpread,UNSEEN::AD544,0.21230868995189667,medium,0,0.6036950349807739,0,LOW_RISK,0.0,
BioSpread,AH062,0.6369022130966187,review,0,0.5225132703781128,0,MODERATE_RISK,0.0,
BioSpread,UNSEEN::AF029,0.21216562390327454,medium,0,0.6039842069149017,0,LOW_RISK,0.0,
BioSpread,UNSEEN::AA060,0.21189123392105103,medium,0,0.6046873033046722,0,LOW_RISK,0.0,
BioSpread,AA953,0.718283474445343,review,0,0.5546858608722687,0,MODERATE_RISK,0.0,
BioSpread,UNSEEN::AF810,0.212307870388031,medium,0,0.6036968231201172,0,LOW_RISK,0.0,
BioSpread,UNSEEN::AG332,0.21230827271938324,medium,0,0.6036959290504456,0,LOW_RISK,0.0,
BioSpread,UNSEEN::AF730,0.21216821670532227,medium,0,0.6039789617061615,0,LOW_RISK,0.0,
BioSpread,UNSEEN::AF872,0.2119889110326767,medium,0,0.6043157577514648,0,LOW_RISK,0.0,
BioSpread,AD363,0.2618924677371979,review,0,0.5957338511943817,0,LOW_RISK,0.0,
BioSpread,UNSEEN::AG384,0.2116532176733017,medium,0,0.605187177658081,0,LOW_RISK,0.0,
BioSpread,UNSEEN::AA877,0.21216735243797302,medium,0,0.6039808392524719,0,LOW_RISK,0.0,
BioSpread,UNSEEN::AH074,0.21216735243797302,medium,0,0.6039808392524719,0,LOW_RISK,0.0,
BioSpread,AC947,0.18583214282989502,medium,0,0.6575320065021515,0,LOW_RISK,0.0,
BioSpread,UNSEEN::AG540,0.21181721985340118,medium,0,0.6046946048736572,0,LOW_RISK,0.0,
BioSpread,AF157,0.5229319334030151,review,0,0.5080152153968811,0,MODERATE_RISK,0.0,
BioSpread,AE434,0.3680065870285034,review,0,0.5594668388366699,0,LOW_RISK,0.0,
BioSpread,UNSEEN::AE676,0.2121669501066208,medium,0,0.6039817333221436,0,LOW_RISK,0.0,
BioSpread,AF072,0.5319377183914185,review,0,0.5368511378765106,0,MODERATE_RISK,0.0,
BioSpread,AC759,0.5722711086273193,review,0,0.5153459906578064,0,MODERATE_RISK,0.0,
BioSpread,UNSEEN::AA749,0.21111999452114105,medium,0,0.6063365936279297,0,LOW_RISK,0.0,
BioSpread,AA253,0.6150059103965759,review,0,0.5443936884403229,0,MODERATE_RISK,0.0,
BioSpread,UNSEEN::AD091,0.21173040568828583,medium,0,0.604883998632431,0,LOW_RISK,0.0,
BioSpread,UNSEEN::AH425,0.21216821670532227,medium,0,0.6039789617061615,0,LOW_RISK,0.0,
BioSpread,AA205,0.65389084815979,review,0,0.5161565840244293,0,MODERATE_RISK,0.0,
BioSpread,UNSEEN::AA313,0.21142138540744781,medium,0,0.6057024300098419,0,LOW_RISK,0.0,
BioSpread,UNSEEN::AC662,0.2114875316619873,medium,0,0.605553388595581,0,LOW_RISK,0.0,
BioSpread,UNSEEN::AC952,0.21230708062648773,medium,0,0.6036985814571381,0,LOW_RISK,0.0,
BioSpread,UNSEEN::AA722,0.21216779947280884,medium,0,0.6039798557758331,0,LOW_RISK,0.0,
BioSpread,UNSEEN::AF922,0.21213798224925995,medium,0,0.6041120290756226,0,LOW_RISK,0.0,
BioSpread,AB657,0.5228689908981323,review,0,0.5080108940601349,0,MODERATE_RISK,0.0,
BioSpread,UNSEEN::AE833,0.21216821670532227,medium,0,0.6039789617061615,0,LOW_RISK,0.0,
BioSpread,UNSEEN::AB189,0.2113104611635208,medium,0,0.6058867871761322,0,LOW_RISK,0.0,
BioSpread,AC943,0.7213106751441956,review,0,0.5563906729221344,0,MODERATE_RISK,0.0,
BioSpread,UNSEEN::AE902,0.21214242279529572,medium,0,0.6040368378162384,0,LOW_RISK,0.0,
BioSpread,UNSEEN::AE385,0.2119862288236618,medium,0,0.6044221222400665,0,LOW_RISK,0.0,
BioSpread,UNSEEN::AG539,0.21212787926197052,medium,0,0.6040628552436829,0,LOW_RISK,0.0,
BioSpread,UNSEEN::AH315,0.21216821670532227,medium,0,0.6039789617061615,0,LOW_RISK,0.0,
BioSpread,AC229,0.5189661383628845,review,0,0.5007696151733398,0,MODERATE_RISK,0.0,
BioSpread,UNSEEN::AC179,0.21200847625732422,medium,0,0.6043969988822937,0,LOW_RISK,0.0,
BioSpread,UNSEEN::AF359,0.21200013160705566,medium,0,0.6043209433555603,0,LOW_RISK,0.0,
BioSpread,UNSEEN::AH176,0.2120136022567749,medium,0,0.6042929589748383,0,LOW_RISK,0.0,
BioSpread,UNSEEN::AF286,0.211986243724823,medium,0,0.6043498814105988,0,LOW_RISK,0.0,
BioSpread,AB002,0.7153774499893188,review,1,0.5504802763462067,0,MODERATE_RISK,0.0,
BioSpread,UNSEEN::AC740,0.2121553122997284,medium,0,0.6040057241916656,0,LOW_RISK,0.0,
BioSpread,AE365,0.639552891254425,review,0,0.5274608135223389,0,MODERATE_RISK,0.0,
BioSpread,UNSEEN::AC883,0.21229557693004608,medium,0,0.603722333908081,0,LOW_RISK,0.0,
BioSpread,UNSEEN::AD232,0.21210522949695587,medium,0,0.6041642129421234,0,LOW_RISK,0.0,
BioSpread,AF398,0.5103700160980225,review,0,0.5322908759117126,0,MODERATE_RISK,0.0,
BioSpread,UNSEEN::AC791,0.2121141105890274,medium,0,0.6040911376476288,0,LOW_RISK,0.0,
BioSpread,AD706,0.26188015937805176,review,0,0.5957404971122742,0,LOW_RISK,0.0,
BioSpread,AE834,0.1822846233844757,medium,1,0.6630056202411652,0,LOW_RISK,0.0,
BioSpread,AA111,0.7020827531814575,review,0,0.5412410199642181,0,MODERATE_RISK,0.0,
BioSpread,UNSEEN::AA633,0.2115342915058136,medium,0,0.6055043637752533,0,LOW_RISK,0.0,
BioSpread,AA155,0.7173347473144531,review,0,0.5500272512435913,0,MODERATE_RISK,0.0,
BioSpread,AA406,0.7449654340744019,review,0,0.5710002481937408,0,MODERATE_RISK,0.0,
BioSpread,UNSEEN::AE013,0.2120136022567749,medium,0,0.6042929589748383,0,LOW_RISK,0.0,
BioSpread,UNSEEN::AH432,0.21216735243797302,medium,0,0.6039808392524719,0,LOW_RISK,0.0,
BioSpread,AB777,0.5500038862228394,review,0,0.5305507183074951,0,MODERATE_RISK,0.0,
BioSpread,UNSEEN::AA177,0.21201175451278687,medium,0,0.604414165019989,0,LOW_RISK,0.0,
BioSpread,UNSEEN::AG801,0.21192432940006256,medium,0,0.6045425236225128,0,LOW_RISK,0.0,
BioSpread,AD652,0.5793944001197815,review,0,0.5163342356681824,0,MODERATE_RISK,0.0,
BioSpread,UNSEEN::AD483,0.21212705969810486,medium,0,0.6040646433830261,0,LOW_RISK,0.0,
BioSpread,AB781,0.35878580808639526,review,0,0.5731837153434753,0,LOW_RISK,0.0,
BioSpread,UNSEEN::AB479,0.2120211124420166,medium,0,0.6043063998222351,0,LOW_RISK,0.0,
BioSpread,UNSEEN::AB382,0.21217608451843262,medium,0,0.6040497720241547,0,LOW_RISK,0.0,
BioSpread,AD767,0.6440627574920654,review,0,0.508184939622879,0,MODERATE_RISK,0.0,
BioSpread,AC794,0.2621139585971832,review,0,0.5956501364707947,0,LOW_RISK,0.0,
BioSpread,UNSEEN::AA146,0.21224510669708252,medium,0,0.6038487553596497,0,LOW_RISK,0.0,
BioSpread,AB401,0.7083866000175476,review,0,0.5526706576347351,0,MODERATE_RISK,0.0,
BioSpread,UNSEEN::AC340,0.21201661229133606,medium,0,0.6043366193771362,0,LOW_RISK,0.0,
BioSpread,AA303,0.7473177313804626,review,0,0.5664705336093903,0,MODERATE_RISK,0.0,
BioSpread,AH456,0.4768078327178955,review,0,0.5213854014873505,0,LOW_RISK,0.0,
BioSpread,AC987,0.586534857749939,review,0,0.5174975991249084,0,MODERATE_RISK,0.0,
BioSpread,UNSEEN::AA157,0.21109811961650848,medium,0,0.6062506139278412,0,LOW_RISK,0.0,
BioSpread,AH363,0.5894535183906555,review,0,0.5202862918376923,0,MODERATE_RISK,0.0,
BioSpread,AA440,0.7453386783599854,review,1,0.5652653276920319,0,MODERATE_RISK,0.0,
BioSpread,AA010,0.7456046938896179,review,0,0.5681747794151306,0,MODERATE_RISK,0.0,
BioSpread,UNSEEN::AF327,0.2120005488395691,medium,0,0.6043200492858887,0,LOW_RISK,0.0,
BioSpread,AA753,0.7056282162666321,review,0,0.5447785556316376,0,MODERATE_RISK,0.0,
BioSpread,UNSEEN::AE631,0.21230868995189667,medium,0,0.6036950349807739,0,LOW_RISK,0.0,
BioSpread,UNSEEN::AC776,0.21075378358364105,medium,0,0.6069550216197968,0,LOW_RISK,0.0,
BioSpread,AF249,0.6746659874916077,review,0,0.5388260185718536,0,MODERATE_RISK,0.0,
BioSpread,AF036,0.6601496338844299,review,0,0.5360231399536133,0,MODERATE_RISK,0.0,
BioSpread,AD871,0.70065838098526,review,0,0.5400799512863159,0,MODERATE_RISK,0.0,
BioSpread,UNSEEN::AE388,0.21102012693881989,medium,0,0.6064833700656891,0,LOW_RISK,0.0,
BioSpread,AE624,0.6734018921852112,review,0,0.5302974283695221,0,MODERATE_RISK,0.0,
BioSpread,UNSEEN::AE999,0.2121686190366745,medium,0,0.6039780676364899,0,LOW_RISK,0.0,
BioSpread,UNSEEN::AF869,0.21185678243637085,medium,0,0.6046125292778015,0,LOW_RISK,0.0,
BioSpread,AB085,0.6509068012237549,review,0,0.5291677713394165,0,MODERATE_RISK,0.0,
BioSpread,AA069,0.7431577444076538,review,0,0.5609045922756195,0,MODERATE_RISK,0.0,
BioSpread,AB257,0.6757265329360962,review,0,0.5442233383655548,0,MODERATE_RISK,0.0,
BioSpread,UNSEEN::AA374,0.2083035260438919,medium,0,0.6323061883449554,0,LOW_RISK,0.0,
BioSpread,AA116,0.6983630061149597,review,0,0.5386370122432709,0,MODERATE_RISK,0.0,
BioSpread,UNSEEN::AE455,0.21170076727867126,medium,0,0.604930967092514,0,LOW_RISK,0.0,
BioSpread,AD647,0.6776064038276672,review,0,0.5372311472892761,0,MODERATE_RISK,0.0,
BioSpread,UNSEEN::AH289,0.21201233565807343,medium,0,0.6042957603931427,0,LOW_RISK,0.0,
BioSpread,AC825,0.3395189940929413,review,0,0.5664936602115631,0,LOW_RISK,0.0,
BioSpread,AA604,0.5540683269500732,review,0,0.5182599425315857,0,MODERATE_RISK,0.0,
BioSpread,AD525,0.48046234250068665,review,0,0.5147341787815094,0,LOW_RISK,0.0,
BioSpread,AA007,0.7349382638931274,review,0,0.5587542355060577,0,MODERATE_RISK,0.0,
BioSpread,UNSEEN::AD964,0.21201403439044952,medium,0,0.6042920649051666,0,LOW_RISK,0.0,
BioSpread,UNSEEN::AA447,0.21197621524333954,medium,0,0.6044501960277557,0,LOW_RISK,0.0,
BioSpread,AF092,0.6617603898048401,review,0,0.5205942094326019,0,MODERATE_RISK,0.0,
BioSpread,UNSEEN::AF777,0.2120354324579239,medium,0,0.6042683124542236,0,LOW_RISK,0.0,
BioSpread,UNSEEN::AB425,0.21216821670532227,medium,0,0.6039789617061615,0,LOW_RISK,0.0,
BioSpread,UNSEEN::AD974,0.21199657022953033,medium,0,0.604327529668808,0,LOW_RISK,0.0,
BioSpread,UNSEEN::AB749,0.21179057657718658,medium,0,0.6047477424144745,0,LOW_RISK,0.0,
BioSpread,UNSEEN::AC823,0.21207842230796814,medium,0,0.604220062494278,0,LOW_RISK,0.0,
BioSpread,UNSEEN::AF369,0.21168652176856995,medium,0,0.6049606204032898,0,LOW_RISK,0.0,
BioSpread,AB434,0.7456256151199341,review,1,0.5667318403720856,0,MODERATE_RISK,0.0,
BioSpread,UNSEEN::AC314,0.2169346660375595,review,0,0.5980425775051117,0,LOW_RISK,0.0,
BioSpread,UNSEEN::AA847,0.21200847625732422,medium,0,0.6043969988822937,0,LOW_RISK,0.0,
BioSpread,AC311,0.701264500617981,review,0,0.5453895628452301,0,MODERATE_RISK,0.0,
BioSpread,AB520,0.6854034662246704,review,0,0.5292147994041443,0,MODERATE_RISK,0.0,
BioSpread,UNSEEN::AA906,0.21201711893081665,medium,0,0.6044040620326996,0,LOW_RISK,0.0,
BioSpread,AB936,0.3412942588329315,review,0,0.5659584701061249,0,LOW_RISK,0.0,
BioSpread,AF214,0.35124272108078003,review,0,0.5629963874816895,0,LOW_RISK,0.0,
BioSpread,UNSEEN::AE001,0.2120187133550644,medium,0,0.6043491363525391,0,LOW_RISK,0.0,
BioSpread,AG242,0.3528103828430176,review,0,0.551128089427948,0,LOW_RISK,0.0,
BioSpread,AD130,0.2618187665939331,review,0,0.5957734882831573,0,LOW_RISK,0.0,
BioSpread,UNSEEN::AB603,0.21214285492897034,medium,0,0.604040265083313,0,LOW_RISK,0.0,
BioSpread,UNSEEN::AC048,0.2131204456090927,medium,0,0.6019262671470642,0,LOW_RISK,0.0,
BioSpread,AG872,0.26188015937805176,review,0,0.5957404971122742,0,LOW_RISK,0.0,
BioSpread,UNSEEN::AE984,0.21206112205982208,medium,0,0.6042019128799438,0,LOW_RISK,0.0,
BioSpread,UNSEEN::AB529,0.21154241263866425,medium,0,0.6052691340446472,0,LOW_RISK,0.0,
BioSpread,AA769,0.7450505495071411,review,0,0.5634236335754395,0,MODERATE_RISK,0.0,
BioSpread,AE692,0.5349118709564209,review,0,0.5322422683238983,0,MODERATE_RISK,0.0,
BioSpread,AE474,0.7143939733505249,review,0,0.5504432320594788,0,MODERATE_RISK,0.0,
BioSpread,AG091,0.7420688271522522,review,0,0.5640178918838501,0,MODERATE_RISK,0.0,
BioSpread,UNSEEN::AG140,0.21200013160705566,medium,0,0.6043209433555603,0,LOW_RISK,0.0,
BioSpread,UNSEEN::AC687,0.21197274327278137,medium,0,0.6044537425041199,0,LOW_RISK,0.0,
BioSpread,UNSEEN::AE293,0.21200402081012726,medium,0,0.6044441163539886,0,LOW_RISK,0.0,
BioSpread,UNSEEN::AH504,0.212140753865242,medium,0,0.6040361225605011,0,LOW_RISK,0.0,
BioSpread,UNSEEN::AD479,0.2111661285161972,medium,0,0.6061652600765228,0,LOW_RISK,0.0,
BioSpread,UNSEEN::AD252,0.2122955471277237,medium,0,0.603726714849472,0,LOW_RISK,0.0,
BioSpread,AD489,0.49416613578796387,review,0,0.5004014074802399,0,LOW_RISK,0.0,
BioSpread,AD717,0.7431352734565735,review,0,0.5690882503986359,0,MODERATE_RISK,0.0,
BioSpread,UNSEEN::AE350,0.21199969947338104,medium,0,0.6043218672275543,0,LOW_RISK,0.0,
BioSpread,AG966,0.6138244867324829,review,0,0.5334261953830719,0,MODERATE_RISK,0.0,
BioSpread,UNSEEN::AD076,0.21153950691223145,medium,0,0.6054090261459351,0,LOW_RISK,0.0,
BioSpread,UNSEEN::AD043,0.21216735243797302,medium,0,0.6039808392524719,0,LOW_RISK,0.0,
BioSpread,UNSEEN::AD749,0.2118515968322754,medium,0,0.6046525835990906,0,LOW_RISK,0.0,
BioSpread,UNSEEN::AG913,0.2121686190366745,medium,0,0.6039780676364899,0,LOW_RISK,0.0,
BioSpread,UNSEEN::AC464,0.21216602623462677,medium,0,0.6039832830429077,0,LOW_RISK,0.0,
BioSpread,UNSEEN::AF897,0.21213191747665405,medium,0,0.6040525436401367,0,LOW_RISK,0.0,
BioSpread,UNSEEN::AC703,0.2117704600095749,medium,0,0.604887843132019,0,LOW_RISK,0.0,
BioSpread,AE749,0.626850426197052,review,0,0.5382769107818604,0,MODERATE_RISK,0.0,
BioSpread,UNSEEN::AA625,0.2121453434228897,medium,0,0.6040219664573669,0,LOW_RISK,0.0,
BioSpread,UNSEEN::AC866,0.2121686190366745,medium,0,0.6039780676364899,0,LOW_RISK,0.0,
BioSpread,UNSEEN::AA988,0.21216821670532227,medium,0,0.6039789617061615,0,LOW_RISK,0.0,
BioSpread,UNSEEN::AC784,0.21209140121936798,medium,0,0.6041102409362793,0,LOW_RISK,0.0,
BioSpread,UNSEEN::AF466,0.2121686190366745,medium,0,0.6039780676364899,0,LOW_RISK,0.0,
BioSpread,UNSEEN::AC210,0.2121686190366745,medium,0,0.6039780676364899,0,LOW_RISK,0.0,
BioSpread,UNSEEN::AB200,0.21199928224086761,medium,0,0.6043228209018707,0,LOW_RISK,0.0,
BioSpread,UNSEEN::AE382,0.21164731681346893,medium,0,0.6051652431488037,0,LOW_RISK,0.0,
BioSpread,UNSEEN::AE732,0.21217621862888336,medium,0,0.6039829254150391,0,LOW_RISK,0.0,
BioSpread,AC417,0.6855530142784119,review,0,0.5435069799423218,0,MODERATE_RISK,0.0,
BioSpread,UNSEEN::AD643,0.21216602623462677,medium,0,0.6039832830429077,0,LOW_RISK,0.0,
BioSpread,AF026,0.5577343702316284,review,0,0.5077286064624786,0,MODERATE_RISK,0.0,
BioSpread,UNSEEN::AC613,0.21215449273586273,medium,0,0.6040075123310089,0,LOW_RISK,0.0,
BioSpread,UNSEEN::AE658,0.21230868995189667,medium,0,0.6036950349807739,0,LOW_RISK,0.0,
BioSpread,AA613,0.7477627396583557,review,0,0.5726687610149384,0,MODERATE_RISK,0.0,
BioSpread,UNSEEN::AH448,0.21216821670532227,medium,0,0.6039789617061615,0,LOW_RISK,0.0,
BioSpread,UNSEEN::AH082,0.21216821670532227,medium,0,0.6039789617061615,0,LOW_RISK,0.0,
BioSpread,UNSEEN::AF550,0.21228113770484924,medium,0,0.6038136184215546,0,LOW_RISK,0.0,
BioSpread,UNSEEN::AF798,0.21216821670532227,medium,0,0.6039789617061615,0,LOW_RISK,0.0,
BioSpread,AA673,0.727863073348999,review,1,0.5534990429878235,0,MODERATE_RISK,0.0,
BioSpread,AF307,0.5228815674781799,review,0,0.5080117583274841,0,MODERATE_RISK,0.0,
BioSpread,UNSEEN::AA846,0.21130865812301636,medium,0,0.6057653725147247,0,LOW_RISK,0.0,
BioSpread,AC484,0.6902586817741394,review,0,0.5397684276103973,0,MODERATE_RISK,0.0,
BioSpread,AG609,0.2619416117668152,review,0,0.5957074463367462,0,LOW_RISK,0.0,
BioSpread,AB687,0.7313538789749146,review,1,0.561280369758606,0,MODERATE_RISK,0.0,
BioSpread,AF085,0.7437744736671448,review,1,0.5691502690315247,0,MODERATE_RISK,0.0,
BioSpread,AC021,0.6970528960227966,review,0,0.5479177832603455,0,MODERATE_RISK,0.0,
BioSpread,UNSEEN::AD169,0.2115946263074875,medium,0,0.605210691690445,0,LOW_RISK,0.0,
BioSpread,UNSEEN::AE837,0.21190741658210754,medium,0,0.6045272350311279,0,LOW_RISK,0.0,
BioSpread,UNSEEN::AH424,0.2121686190366745,medium,0,0.6039780676364899,0,LOW_RISK,0.0,
BioSpread,UNSEEN::AG835,0.21215488016605377,medium,0,0.6040066182613373,0,LOW_RISK,0.0,
BioSpread,AF628,0.6355242133140564,review,0,0.5092750191688538,0,MODERATE_RISK,0.0,
BioSpread,AB650,0.6165351271629333,review,0,0.5126005709171295,0,MODERATE_RISK,0.0,
BioSpread,UNSEEN::AC091,0.21200013160705566,medium,0,0.6043209433555603,0,LOW_RISK,0.0,
BioSpread,AA203,0.6975605487823486,review,0,0.5415120124816895,0,MODERATE_RISK,0.0,
BioSpread,AG724,0.7153390645980835,review,0,0.5559471845626831,0,MODERATE_RISK,0.0,
BioSpread,UNSEEN::AF240,0.2120654284954071,medium,0,0.6042514741420746,0,LOW_RISK,0.0,
BioSpread,AA545,0.6533927321434021,review,0,0.5443892776966095,0,MODERATE_RISK,0.0,
BioSpread,AC821,0.6890689730644226,review,1,0.5275783538818359,0,MODERATE_RISK,0.0,
BioSpread,UNSEEN::AA835,0.21196873486042023,medium,0,0.6043774485588074,0,LOW_RISK,0.0,
BioSpread,AA539,0.7338722348213196,review,1,0.5568088293075562,0,MODERATE_RISK,0.0,
BioSpread,AC997,0.5229067206382751,review,0,0.5080134868621826,0,MODERATE_RISK,0.0,
BioSpread,UNSEEN::AD627,0.21180273592472076,medium,0,0.6047248542308807,0,LOW_RISK,0.0,
BioSpread,UNSEEN::AG211,0.21216779947280884,medium,0,0.6039798557758331,0,LOW_RISK,0.0,
BioSpread,AG356,0.26175740361213684,review,0,0.5958065688610077,0,LOW_RISK,0.0,
BioSpread,UNSEEN::AG259,0.21216779947280884,medium,0,0.6039798557758331,0,LOW_RISK,0.0,
BioSpread,AF750,0.6406283378601074,review,0,0.5239678621292114,0,MODERATE_RISK,0.0,
BioSpread,UNSEEN::AF190,0.3090774714946747,review,0,0.5834280252456665,0,LOW_RISK,0.0,
BioSpread,UNSEEN::AA168,0.2119787484407425,medium,0,0.6044584512710571,0,LOW_RISK,0.0,
BioSpread,UNSEEN::AF091,0.21176284551620483,medium,0,0.6048078835010529,0,LOW_RISK,0.0,
BioSpread,AE689,0.7150781154632568,review,0,0.5566750168800354,0,MODERATE_RISK,0.0,
BioSpread,UNSEEN::AB717,0.21150755882263184,medium,0,0.6053242981433868,0,LOW_RISK,0.0,
BioSpread,UNSEEN::AE888,0.21162718534469604,medium,0,0.6052078604698181,0,LOW_RISK,0.0,
BioSpread,UNSEEN::AD354,0.21199004352092743,medium,0,0.6044387817382812,0,LOW_RISK,0.0,
BioSpread,AD009,0.685734748840332,review,0,0.5383262038230896,0,MODERATE_RISK,0.0,
BioSpread,AF683,0.6742755174636841,review,0,0.5374647378921509,0,MODERATE_RISK,0.0,
BioSpread,UNSEEN::AA185,0.21179866790771484,medium,0,0.6047325134277344,0,LOW_RISK,0.0,
BioSpread,UNSEEN::AF534,0.2121669501066208,medium,0,0.6039817333221436,0,LOW_RISK,0.0,
BioSpread,AD890,0.7303503751754761,review,0,0.5604741275310516,0,MODERATE_RISK,0.0,
BioSpread,AA580,0.7182841897010803,review,0,0.5473870933055878,0,MODERATE_RISK,0.0,
BioSpread,AD891,0.6695276498794556,review,1,0.5398752391338348,0,MODERATE_RISK,0.0,
BioSpread,UNSEEN::AH392,0.21230868995189667,medium,0,0.6036950349807739,0,LOW_RISK,0.0,
BioSpread,UNSEEN::AD451,0.2109936624765396,medium,0,0.606436014175415,0,LOW_RISK,0.0,
BioSpread,UNSEEN::AA929,0.21216730773448944,medium,0,0.603980541229248,0,LOW_RISK,0.0,
BioSpread,UNSEEN::AE750,0.21216821670532227,medium,0,0.6039789617061615,0,LOW_RISK,0.0,
BioSpread,UNSEEN::AC973,0.21126627922058105,medium,0,0.6059158742427826,0,LOW_RISK,0.0,
BioSpread,UNSEEN::AH173,0.2121669501066208,medium,0,0.6039817333221436,0,LOW_RISK,0.0,
BioSpread,UNSEEN::AE204,0.21114879846572876,medium,0,0.605987936258316,0,LOW_RISK,0.0,
BioSpread,UNSEEN::AF193,0.21216821670532227,medium,0,0.6039789617061615,0,LOW_RISK,0.0,
BioSpread,AF187,0.683539092540741,review,0,0.537919282913208,0,MODERATE_RISK,0.0,
BioSpread,AF857,0.19885215163230896,medium,0,0.6285547018051147,0,LOW_RISK,0.0,
BioSpread,UNSEEN::AA874,0.2119591385126114,medium,0,0.604483038187027,0,LOW_RISK,0.0,
BioSpread,UNSEEN::AA899,0.2121686190366745,medium,0,0.6039780676364899,0,LOW_RISK,0.0,
BioSpread,UNSEEN::AB539,0.2117968499660492,medium,0,0.6047444045543671,0,LOW_RISK,0.0,
BioSpread,UNSEEN::AD196,0.21149982511997223,medium,0,0.6053440868854523,0,LOW_RISK,0.0,
BioSpread,UNSEEN::AB473,0.2121686190366745,medium,0,0.6039780676364899,0,LOW_RISK,0.0,
BioSpread,AE202,0.4317190945148468,review,0,0.507729172706604,0,LOW_RISK,0.0,
BioSpread,UNSEEN::AB134,0.21117179095745087,medium,0,0.605974555015564,0,LOW_RISK,0.0,
BioSpread,AD497,0.5887491703033447,review,0,0.5183686912059784,0,MODERATE_RISK,0.0,
BioSpread,AF417,0.31942400336265564,review,0,0.5669082701206207,0,LOW_RISK,0.0,
BioSpread,UNSEEN::AE244,0.21201317012310028,medium,0,0.6042939126491547,0,LOW_RISK,0.0,
BioSpread,AC347,0.7240197658538818,review,1,0.5585781335830688,0,MODERATE_RISK,0.0,
BioSpread,UNSEEN::AF340,0.21205244958400726,medium,0,0.6042829155921936,0,LOW_RISK,0.0,
BioSpread,UNSEEN::AE612,0.2121536284685135,medium,0,0.6040093898773193,0,LOW_RISK,0.0,
BioSpread,UNSEEN::AF846,0.2120136022567749,medium,0,0.6042929589748383,0,LOW_RISK,0.0,
BioSpread,AA251,0.4975605607032776,review,0,0.5186433494091034,0,LOW_RISK,0.0,
BioSpread,UNSEEN::AF762,0.21210522949695587,medium,0,0.6041642129421234,0,LOW_RISK,0.0,
BioSpread,UNSEEN::AE842,0.21205644309520721,medium,0,0.6042492985725403,0,LOW_RISK,0.0,
BioSpread,UNSEEN::AG818,0.21230746805667877,medium,0,0.6036976873874664,0,LOW_RISK,0.0,
BioSpread,UNSEEN::AC316,0.21230609714984894,medium,0,0.6036998927593231,0,LOW_RISK,0.0,
BioSpread,UNSEEN::AE063,0.2121276706457138,medium,0,0.6041384041309357,0,LOW_RISK,0.0,
BioSpread,UNSEEN::AC650,0.2119866907596588,medium,0,0.6043533384799957,0,LOW_RISK,0.0,
BioSpread,UNSEEN::AB086,0.2120136022567749,medium,0,0.6042929589748383,0,LOW_RISK,0.0,
BioSpread,AG008,0.6598196029663086,review,0,0.5358061790466309,0,MODERATE_RISK,0.0,
BioSpread,UNSEEN::AB360,0.21212705969810486,medium,0,0.6040646433830261,0,LOW_RISK,0.0,
BioSpread,UNSEEN::AB064,0.21187449991703033,medium,0,0.6046858429908752,0,LOW_RISK,0.0,
BioSpread,UNSEEN::AD882,0.21215488016605377,medium,0,0.6040066182613373,0,LOW_RISK,0.0,
BioSpread,AA216,0.6682990193367004,review,0,0.5247653722763062,0,MODERATE_RISK,0.0,
BioSpread,UNSEEN::AD403,0.2119298130273819,medium,0,0.6044667959213257,0,LOW_RISK,0.0,
BioSpread,UNSEEN::AE376,0.21215449273586273,medium,0,0.6040075123310089,0,LOW_RISK,0.0,
BioSpread,AA963,0.5103700160980225,review,0,0.5322908759117126,0,MODERATE_RISK,0.0,
BioSpread,UNSEEN::AF748,0.21196703612804413,medium,0,0.6043856143951416,0,LOW_RISK,0.0,
BioSpread,UNSEEN::AE469,0.21200013160705566,medium,0,0.6043209433555603,0,LOW_RISK,0.0,
BioSpread,UNSEEN::AF459,0.21216735243797302,medium,0,0.6039808392524719,0,LOW_RISK,0.0,
BioSpread,AE045,0.7437693476676941,review,0,0.565613180398941,0,MODERATE_RISK,0.0,
BioSpread,AD988,0.6576567888259888,review,0,0.5349599719047546,0,MODERATE_RISK,0.0,
BioSpread,UNSEEN::AH374,0.21216779947280884,medium,0,0.6039798557758331,0,LOW_RISK,0.0,
BioSpread,AA558,0.7240491509437561,review,0,0.5561509728431702,0,MODERATE_RISK,0.0,
BioSpread,AC976,0.5911900401115417,review,0,0.508045107126236,0,MODERATE_RISK,0.0,
BioSpread,AC731,0.7181115746498108,review,0,0.5523434281349182,0,MODERATE_RISK,0.0,
BioSpread,AF252,0.5731412172317505,review,0,0.515474796295166,0,MODERATE_RISK,0.0,
BioSpread,AE780,0.2812356650829315,review,0,0.5959736406803131,0,LOW_RISK,0.0,
BioSpread,UNSEEN::AF715,0.2119455486536026,medium,0,0.6044937968254089,0,LOW_RISK,0.0,
BioSpread,UNSEEN::AA475,0.21092647314071655,medium,0,0.6066062152385712,0,LOW_RISK,0.0,
BioSpread,UNSEEN::AA873,0.21198707818984985,medium,0,0.6043480336666107,0,LOW_RISK,0.0,
BioSpread,UNSEEN::AA966,0.21172502636909485,medium,0,0.6099430620670319,0,LOW_RISK,0.0,
